Sep 08 09:38:23 yoga7 niri[3355]: 2026-09-08T01:38:23.388873Z DEBUG niri::backend::tty: connecting connector: eDP-1
Sep 08 09:38:23 yoga7 niri[3355]: 2026-09-08T01:38:23.388920Z DEBUG niri::backend::tty: picking mode: Mode { name: "2880x1800", clock: 500840, size: (2880, 1800), hsync: (2888, 2920, 2960), vsync: (1808, 1816, 1880), hskew: 0, vscan: 0, vrefresh: 90, mode_type: ModeTypeFlags(DRIVER) }
Sep 08 09:38:23 yoga7 niri[3355]: 2026-09-08T01:38:23.469198Z DEBUG niri::niri: putting output eDP-1 at x=0 y=0
Sep 08 09:38:23 yoga7 niri[3355]: 2026-09-08T01:38:23.472023Z  INFO niri: listening on Wayland socket: wayland-1
Sep 08 09:38:23 yoga7 niri[3355]: 2026-09-08T01:38:23.472043Z  INFO niri: IPC listening on: /run/user/1003/niri.wayland-1.3355.sock
Sep 08 09:38:23 yoga7 niri[3355]: 2026-09-08T01:38:23.550855Z  INFO niri: listening on X11 socket: :0
Sep 08 09:38:23 yoga7 systemd[3217]: Started A scrollable-tiling Wayland compositor.
Sep 08 09:38:24 yoga7 niri[3355]: 2026-09-08T01:38:24.978710Z DEBUG niri::utils::xwayland::satellite: connection to X11 abstract socket; spawning xwayland-satellite
Sep 08 09:38:26 yoga7 niri[3355]: 2026-09-08T01:38:26.637564Z DEBUG niri_config: loaded config from "/home/media/.config/niri/config.kdl"
Sep 08 09:38:27 yoga7 niri[3355]: 2026-09-08T01:38:27.142043Z DEBUG niri_config: loaded config from "/home/media/.config/niri/config.kdl"
Sep 08 09:38:41 yoga7 niri[3355]: 2026-09-08T01:38:41.879180Z  INFO niri::input::touch_swipe_tracker: gesture-debug: down slot=0 pos=(754,605) t=45.945056s fingers=1 phase=Idle
Sep 08 09:38:41 yoga7 niri[3355]: 2026-09-08T01:38:41.886728Z  INFO niri::input::touch_swipe_tracker: gesture-debug: down slot=1 pos=(910,521) t=45.95268s fingers=2 phase=Idle
Sep 08 09:38:41 yoga7 niri[3355]: 2026-09-08T01:38:41.895941Z  INFO niri::input::touch_swipe_tracker: gesture-debug: down slot=2 pos=(1064,557) t=45.961903s fingers=3 phase=Idle
Sep 08 09:38:41 yoga7 niri[3355]: 2026-09-08T01:38:41.895959Z DEBUG niri::input::touch_swipe_tracker: touch_swipe: entering recognizing phase with 3 slots
Sep 08 09:38:41 yoga7 niri[3355]: 2026-09-08T01:38:41.895980Z  INFO niri::input::touch_swipe_tracker: gesture-debug: recognizing: tracking 3 of 3 slots (min 3)
Sep 08 09:38:41 yoga7 niri[3355]: 2026-09-08T01:38:41.895987Z DEBUG niri::input: touch: multi-finger gesture owns the touch stream
Sep 08 09:38:41 yoga7 niri[3355]: 2026-09-08T01:38:41.895993Z  INFO niri::input: gesture-debug: gesture owns the touch stream (client touches cancelled)
Sep 08 09:38:41 yoga7 niri[3355]: 2026-09-08T01:38:41.969658Z  INFO niri::input::touch_swipe_tracker: gesture-debug: up slot=0 t=46.035591s fingers=2 phase=Recognizing
Sep 08 09:38:41 yoga7 niri[3355]: 2026-09-08T01:38:41.969682Z  INFO niri::input::touch_swipe_tracker: gesture-debug: up slot=1 t=46.035591s fingers=1 phase=Recognizing
Sep 08 09:38:41 yoga7 niri[3355]: 2026-09-08T01:38:41.980836Z  INFO niri::input::touch_swipe_tracker: gesture-debug: motion slot=2 pos=(1064,558) t=46.046771s fingers=1
Sep 08 09:38:41 yoga7 niri[3355]: 2026-09-08T01:38:41.989112Z  INFO niri::input::touch_swipe_tracker: gesture-debug: up slot=2 t=46.055054s fingers=0 phase=Recognizing
Sep 08 09:38:41 yoga7 niri[3355]: 2026-09-08T01:38:41.989135Z DEBUG niri::input::touch_swipe_tracker: touch_swipe: tap detected (3 fingers)
Sep 08 09:38:41 yoga7 niri[3355]: 2026-09-08T01:38:41.989146Z  INFO niri::input::touch_swipe_tracker: gesture-debug: tap: 3 fingers (max simultaneous)
Sep 08 09:38:41 yoga7 niri[3355]: 2026-09-08T01:38:41.989155Z  INFO niri::input: gesture-debug: tap dispatch: fingers=3 action=Some(MaximizeColumn)
Sep 08 09:38:41 yoga7 niri[3355]: 2026-09-08T01:38:41.989176Z DEBUG niri::input: touch: multi-finger gesture ended, resuming client input
Sep 08 09:38:42 yoga7 niri[3355]: 2026-09-08T01:38:42.993603Z  INFO niri::input::touch_swipe_tracker: gesture-debug: down slot=0 pos=(690,590) t=47.059484s fingers=1 phase=Idle
Sep 08 09:38:42 yoga7 niri[3355]: 2026-09-08T01:38:42.993719Z  INFO niri::input::touch_swipe_tracker: gesture-debug: down slot=1 pos=(797,504) t=47.059484s fingers=2 phase=Idle
Sep 08 09:38:42 yoga7 niri[3355]: 2026-09-08T01:38:42.993753Z  INFO niri::input::touch_swipe_tracker: gesture-debug: down slot=2 pos=(940,517) t=47.059484s fingers=3 phase=Idle
Sep 08 09:38:42 yoga7 niri[3355]: 2026-09-08T01:38:42.993764Z DEBUG niri::input::touch_swipe_tracker: touch_swipe: entering recognizing phase with 3 slots
Sep 08 09:38:42 yoga7 niri[3355]: 2026-09-08T01:38:42.993774Z  INFO niri::input::touch_swipe_tracker: gesture-debug: recognizing: tracking 3 of 3 slots (min 3)
Sep 08 09:38:42 yoga7 niri[3355]: 2026-09-08T01:38:42.993782Z DEBUG niri::input: touch: multi-finger gesture owns the touch stream
Sep 08 09:38:42 yoga7 niri[3355]: 2026-09-08T01:38:42.993790Z  INFO niri::input: gesture-debug: gesture owns the touch stream (client touches cancelled)
Sep 08 09:38:43 yoga7 niri[3355]: 2026-09-08T01:38:43.059438Z  INFO niri::input::touch_swipe_tracker: gesture-debug: motion slot=1 pos=(797,505) t=47.125362s fingers=3
Sep 08 09:38:43 yoga7 niri[3355]: 2026-09-08T01:38:43.070763Z  INFO niri::input::touch_swipe_tracker: gesture-debug: up slot=0 t=47.136705s fingers=2 phase=Recognizing
Sep 08 09:38:43 yoga7 niri[3355]: 2026-09-08T01:38:43.070792Z  INFO niri::input::touch_swipe_tracker: gesture-debug: motion slot=1 pos=(797,505) t=47.136705s fingers=2
Sep 08 09:38:43 yoga7 niri[3355]: 2026-09-08T01:38:43.078323Z  INFO niri::input::touch_swipe_tracker: gesture-debug: up slot=1 t=47.144264s fingers=1 phase=Recognizing
Sep 08 09:38:43 yoga7 niri[3355]: 2026-09-08T01:38:43.078346Z  INFO niri::input::touch_swipe_tracker: gesture-debug: up slot=2 t=47.144264s fingers=0 phase=Recognizing
Sep 08 09:38:43 yoga7 niri[3355]: 2026-09-08T01:38:43.078358Z DEBUG niri::input::touch_swipe_tracker: touch_swipe: tap detected (3 fingers)
Sep 08 09:38:43 yoga7 niri[3355]: 2026-09-08T01:38:43.078365Z  INFO niri::input::touch_swipe_tracker: gesture-debug: tap: 3 fingers (max simultaneous)
Sep 08 09:38:43 yoga7 niri[3355]: 2026-09-08T01:38:43.078374Z  INFO niri::input: gesture-debug: tap dispatch: fingers=3 action=Some(MaximizeColumn)
Sep 08 09:38:43 yoga7 niri[3355]: 2026-09-08T01:38:43.078394Z DEBUG niri::input: touch: multi-finger gesture ended, resuming client input
Sep 08 09:38:46 yoga7 niri[3355]: 2026-09-08T01:38:46.626029Z  INFO niri::input::touch_swipe_tracker: gesture-debug: down slot=0 pos=(1135,435) t=50.691911s fingers=1 phase=Idle
Sep 08 09:38:46 yoga7 niri[3355]: 2026-09-08T01:38:46.642649Z  INFO niri::input::touch_swipe_tracker: gesture-debug: down slot=1 pos=(633,479) t=50.70847s fingers=2 phase=Idle
Sep 08 09:38:46 yoga7 niri[3355]: 2026-09-08T01:38:46.652003Z  INFO niri::input::touch_swipe_tracker: gesture-debug: down slot=2 pos=(970,365) t=50.71779s fingers=3 phase=Idle
Sep 08 09:38:46 yoga7 niri[3355]: 2026-09-08T01:38:46.652059Z DEBUG niri::input::touch_swipe_tracker: touch_swipe: entering recognizing phase with 3 slots
Sep 08 09:38:46 yoga7 niri[3355]: 2026-09-08T01:38:46.652079Z  INFO niri::input::touch_swipe_tracker: gesture-debug: recognizing: tracking 3 of 3 slots (min 3)
Sep 08 09:38:46 yoga7 niri[3355]: 2026-09-08T01:38:46.652091Z DEBUG niri::input: touch: multi-finger gesture owns the touch stream
Sep 08 09:38:46 yoga7 niri[3355]: 2026-09-08T01:38:46.652099Z  INFO niri::input: gesture-debug: gesture owns the touch stream (client touches cancelled)
Sep 08 09:38:46 yoga7 niri[3355]: 2026-09-08T01:38:46.660153Z  INFO niri::input::touch_swipe_tracker: gesture-debug: motion slot=0 pos=(1135,437) t=50.726088s fingers=3
Sep 08 09:38:46 yoga7 niri[3355]: 2026-09-08T01:38:46.660187Z  INFO niri::input::touch_swipe_tracker: gesture-debug: down slot=3 pos=(811,359) t=50.726088s fingers=4 phase=Recognizing
Sep 08 09:38:46 yoga7 niri[3355]: 2026-09-08T01:38:46.660204Z  INFO niri::input::touch_swipe_tracker: gesture-debug: late join: slot=3 now tracking 4 fingers
Sep 08 09:38:46 yoga7 niri[3355]: 2026-09-08T01:38:46.668675Z  INFO niri::input::touch_swipe_tracker: gesture-debug: motion slot=0 pos=(1135,438) t=50.734634s fingers=4
Sep 08 09:38:46 yoga7 niri[3355]: 2026-09-08T01:38:46.676863Z  INFO niri::input::touch_swipe_tracker: gesture-debug: motion slot=0 pos=(1135,441) t=50.742807s fingers=4
Sep 08 09:38:46 yoga7 niri[3355]: 2026-09-08T01:38:46.676889Z  INFO niri::input::touch_swipe_tracker: gesture-debug: motion slot=1 pos=(633,480) t=50.742807s fingers=4
Sep 08 09:38:46 yoga7 niri[3355]: 2026-09-08T01:38:46.685137Z  INFO niri::input::touch_swipe_tracker: gesture-debug: motion slot=0 pos=(1135,445) t=50.751077s fingers=4
Sep 08 09:38:46 yoga7 niri[3355]: 2026-09-08T01:38:46.685164Z  INFO niri::input::touch_swipe_tracker: gesture-debug: motion slot=1 pos=(634,481) t=50.751077s fingers=4
Sep 08 09:38:46 yoga7 niri[3355]: 2026-09-08T01:38:46.685178Z  INFO niri::input::touch_swipe_tracker: gesture-debug: motion slot=2 pos=(970,366) t=50.751077s fingers=4
Sep 08 09:38:46 yoga7 niri[3355]: 2026-09-08T01:38:46.685189Z  INFO niri::input::touch_swipe_tracker: gesture-debug: motion slot=3 pos=(811,360) t=50.751077s fingers=4
Sep 08 09:38:46 yoga7 niri[3355]: 2026-09-08T01:38:46.693493Z  INFO niri::input::touch_swipe_tracker: gesture-debug: motion slot=0 pos=(1136,449) t=50.759433s fingers=4
Sep 08 09:38:46 yoga7 niri[3355]: 2026-09-08T01:38:46.693519Z  INFO niri::input::touch_swipe_tracker: gesture-debug: motion slot=1 pos=(634,482) t=50.759433s fingers=4
Sep 08 09:38:46 yoga7 niri[3355]: 2026-09-08T01:38:46.693533Z  INFO niri::input::touch_swipe_tracker: gesture-debug: motion slot=2 pos=(970,367) t=50.759433s fingers=4
Sep 08 09:38:46 yoga7 niri[3355]: 2026-09-08T01:38:46.693543Z  INFO niri::input::touch_swipe_tracker: gesture-debug: motion slot=3 pos=(811,362) t=50.759433s fingers=4
Sep 08 09:38:46 yoga7 niri[3355]: 2026-09-08T01:38:46.701719Z  INFO niri::input::touch_swipe_tracker: gesture-debug: motion slot=0 pos=(1136,455) t=50.767685s fingers=4
Sep 08 09:38:46 yoga7 niri[3355]: 2026-09-08T01:38:46.701739Z  INFO niri::input::touch_swipe_tracker: gesture-debug: motion slot=1 pos=(634,484) t=50.767685s fingers=4
Sep 08 09:38:46 yoga7 niri[3355]: 2026-09-08T01:38:46.701749Z  INFO niri::input::touch_swipe_tracker: gesture-debug: motion slot=2 pos=(970,370) t=50.767685s fingers=4
Sep 08 09:38:46 yoga7 niri[3355]: 2026-09-08T01:38:46.701757Z  INFO niri::input::touch_swipe_tracker: gesture-debug: motion slot=3 pos=(811,364) t=50.767685s fingers=4
Sep 08 09:38:46 yoga7 niri[3355]: 2026-09-08T01:38:46.710323Z  INFO niri::input::touch_swipe_tracker: gesture-debug: motion slot=0 pos=(1136,461) t=50.776263s fingers=4
Sep 08 09:38:46 yoga7 niri[3355]: 2026-09-08T01:38:46.710357Z  INFO niri::input::touch_swipe_tracker: gesture-debug: motion slot=1 pos=(635,486) t=50.776263s fingers=4
Sep 08 09:38:46 yoga7 niri[3355]: 2026-09-08T01:38:46.710370Z  INFO niri::input::touch_swipe_tracker: gesture-debug: motion slot=2 pos=(970,374) t=50.776263s fingers=4
Sep 08 09:38:46 yoga7 niri[3355]: 2026-09-08T01:38:46.710381Z  INFO niri::input::touch_swipe_tracker: gesture-debug: motion slot=3 pos=(811,368) t=50.776263s fingers=4
Sep 08 09:38:46 yoga7 niri[3355]: 2026-09-08T01:38:46.719148Z  INFO niri::input::touch_swipe_tracker: gesture-debug: motion slot=0 pos=(1137,467) t=50.78508s fingers=4
Sep 08 09:38:46 yoga7 niri[3355]: 2026-09-08T01:38:46.719175Z  INFO niri::input::touch_swipe_tracker: gesture-debug: motion slot=1 pos=(635,488) t=50.78508s fingers=4
Sep 08 09:38:46 yoga7 niri[3355]: 2026-09-08T01:38:46.719188Z  INFO niri::input::touch_swipe_tracker: gesture-debug: motion slot=2 pos=(970,378) t=50.78508s fingers=4
Sep 08 09:38:46 yoga7 niri[3355]: 2026-09-08T01:38:46.719199Z  INFO niri::input::touch_swipe_tracker: gesture-debug: motion slot=3 pos=(811,372) t=50.78508s fingers=4
Sep 08 09:38:46 yoga7 niri[3355]: 2026-09-08T01:38:46.719209Z  INFO niri::input::touch_swipe_tracker: gesture-debug: recognized: swipe fingers=4 direction=Vertical delta=(0.9,16.9) t=50.78508s
Sep 08 09:38:46 yoga7 niri[3355]: 2026-09-08T01:38:46.719221Z  INFO niri::input: gesture-debug: swipe dispatch: fingers=4 hold=false direction=Vertical discrete=None
Sep 08 09:38:46 yoga7 niri[3355]: 2026-09-08T01:38:46.726686Z  INFO niri::input::touch_swipe_tracker: gesture-debug: motion slot=0 pos=(1137,473) t=50.792s fingers=4
Sep 08 09:38:46 yoga7 niri[3355]: 2026-09-08T01:38:46.726725Z  INFO niri::input::touch_swipe_tracker: gesture-debug: motion slot=1 pos=(636,490) t=50.792s fingers=4
Sep 08 09:38:46 yoga7 niri[3355]: 2026-09-08T01:38:46.726746Z  INFO niri::input::touch_swipe_tracker: gesture-debug: motion slot=2 pos=(970,383) t=50.792s fingers=4
Sep 08 09:38:46 yoga7 niri[3355]: 2026-09-08T01:38:46.726764Z  INFO niri::input::touch_swipe_tracker: gesture-debug: motion slot=3 pos=(811,377) t=50.792s fingers=4
Sep 08 09:38:46 yoga7 niri[3355]: 2026-09-08T01:38:46.735019Z  INFO niri::input::touch_swipe_tracker: gesture-debug: motion slot=0 pos=(1138,478) t=50.8s fingers=4
Sep 08 09:38:46 yoga7 niri[3355]: 2026-09-08T01:38:46.735050Z  INFO niri::input::touch_swipe_tracker: gesture-debug: motion slot=1 pos=(636,493) t=50.8s fingers=4
Sep 08 09:38:46 yoga7 niri[3355]: 2026-09-08T01:38:46.735065Z  INFO niri::input::touch_swipe_tracker: gesture-debug: motion slot=2 pos=(970,387) t=50.8s fingers=4
Sep 08 09:38:46 yoga7 niri[3355]: 2026-09-08T01:38:46.735077Z  INFO niri::input::touch_swipe_tracker: gesture-debug: motion slot=3 pos=(811,382) t=50.8s fingers=4
Sep 08 09:38:46 yoga7 niri[3355]: 2026-09-08T01:38:46.743379Z  INFO niri::input::touch_swipe_tracker: gesture-debug: motion slot=0 pos=(1139,483) t=50.809s fingers=4
Sep 08 09:38:46 yoga7 niri[3355]: 2026-09-08T01:38:46.743419Z  INFO niri::input::touch_swipe_tracker: gesture-debug: motion slot=1 pos=(637,496) t=50.809s fingers=4
Sep 08 09:38:46 yoga7 niri[3355]: 2026-09-08T01:38:46.743444Z  INFO niri::input::touch_swipe_tracker: gesture-debug: motion slot=2 pos=(970,392) t=50.809s fingers=4
Sep 08 09:38:46 yoga7 niri[3355]: 2026-09-08T01:38:46.743465Z  INFO niri::input::touch_swipe_tracker: gesture-debug: motion slot=3 pos=(811,386) t=50.809s fingers=4
Sep 08 09:38:46 yoga7 niri[3355]: 2026-09-08T01:38:46.751844Z  INFO niri::input::touch_swipe_tracker: gesture-debug: motion slot=0 pos=(1140,488) t=50.817s fingers=4
Sep 08 09:38:46 yoga7 niri[3355]: 2026-09-08T01:38:46.751882Z  INFO niri::input::touch_swipe_tracker: gesture-debug: motion slot=1 pos=(638,500) t=50.817s fingers=4
Sep 08 09:38:46 yoga7 niri[3355]: 2026-09-08T01:38:46.751905Z  INFO niri::input::touch_swipe_tracker: gesture-debug: motion slot=2 pos=(970,398) t=50.817s fingers=4
Sep 08 09:38:46 yoga7 niri[3355]: 2026-09-08T01:38:46.751924Z  INFO niri::input::touch_swipe_tracker: gesture-debug: motion slot=3 pos=(811,390) t=50.817s fingers=4
Sep 08 09:38:46 yoga7 niri[3355]: 2026-09-08T01:38:46.759957Z  INFO niri::input::touch_swipe_tracker: gesture-debug: motion slot=0 pos=(1140,493) t=50.825s fingers=4
Sep 08 09:38:46 yoga7 niri[3355]: 2026-09-08T01:38:46.760016Z  INFO niri::input::touch_swipe_tracker: gesture-debug: motion slot=1 pos=(638,504) t=50.825s fingers=4
Sep 08 09:38:46 yoga7 niri[3355]: 2026-09-08T01:38:46.760039Z  INFO niri::input::touch_swipe_tracker: gesture-debug: motion slot=2 pos=(970,403) t=50.825s fingers=4
Sep 08 09:38:46 yoga7 niri[3355]: 2026-09-08T01:38:46.760057Z  INFO niri::input::touch_swipe_tracker: gesture-debug: motion slot=3 pos=(811,395) t=50.825s fingers=4
Sep 08 09:38:46 yoga7 niri[3355]: 2026-09-08T01:38:46.768189Z  INFO niri::input::touch_swipe_tracker: gesture-debug: motion slot=0 pos=(1141,497) t=50.834s fingers=4
Sep 08 09:38:46 yoga7 niri[3355]: 2026-09-08T01:38:46.768214Z  INFO niri::input::touch_swipe_tracker: gesture-debug: motion slot=1 pos=(639,508) t=50.834s fingers=4
Sep 08 09:38:46 yoga7 niri[3355]: 2026-09-08T01:38:46.768228Z  INFO niri::input::touch_swipe_tracker: gesture-debug: motion slot=2 pos=(970,408) t=50.834s fingers=4
Sep 08 09:38:46 yoga7 niri[3355]: 2026-09-08T01:38:46.768241Z  INFO niri::input::touch_swipe_tracker: gesture-debug: motion slot=3 pos=(811,401) t=50.834s fingers=4
Sep 08 09:38:46 yoga7 niri[3355]: 2026-09-08T01:38:46.776621Z  INFO niri::input::touch_swipe_tracker: gesture-debug: motion slot=0 pos=(1141,502) t=50.842s fingers=4
Sep 08 09:38:46 yoga7 niri[3355]: 2026-09-08T01:38:46.776660Z  INFO niri::input::touch_swipe_tracker: gesture-debug: motion slot=1 pos=(640,512) t=50.842s fingers=4
Sep 08 09:38:46 yoga7 niri[3355]: 2026-09-08T01:38:46.776682Z  INFO niri::input::touch_swipe_tracker: gesture-debug: motion slot=2 pos=(970,413) t=50.842s fingers=4
Sep 08 09:38:46 yoga7 niri[3355]: 2026-09-08T01:38:46.776701Z  INFO niri::input::touch_swipe_tracker: gesture-debug: motion slot=3 pos=(812,406) t=50.842s fingers=4
Sep 08 09:38:46 yoga7 niri[3355]: 2026-09-08T01:38:46.784916Z  INFO niri::input::touch_swipe_tracker: gesture-debug: motion slot=0 pos=(1141,507) t=50.85s fingers=4
Sep 08 09:38:46 yoga7 niri[3355]: 2026-09-08T01:38:46.784957Z  INFO niri::input::touch_swipe_tracker: gesture-debug: motion slot=1 pos=(641,517) t=50.85s fingers=4
Sep 08 09:38:46 yoga7 niri[3355]: 2026-09-08T01:38:46.785002Z  INFO niri::input::touch_swipe_tracker: gesture-debug: motion slot=2 pos=(971,418) t=50.85s fingers=4
Sep 08 09:38:46 yoga7 niri[3355]: 2026-09-08T01:38:46.785022Z  INFO niri::input::touch_swipe_tracker: gesture-debug: motion slot=3 pos=(812,410) t=50.85s fingers=4
Sep 08 09:38:46 yoga7 niri[3355]: 2026-09-08T01:38:46.793402Z  INFO niri::input::touch_swipe_tracker: gesture-debug: motion slot=0 pos=(1142,512) t=50.859s fingers=4
Sep 08 09:38:46 yoga7 niri[3355]: 2026-09-08T01:38:46.793440Z  INFO niri::input::touch_swipe_tracker: gesture-debug: motion slot=1 pos=(641,521) t=50.859s fingers=4
Sep 08 09:38:46 yoga7 niri[3355]: 2026-09-08T01:38:46.793463Z  INFO niri::input::touch_swipe_tracker: gesture-debug: motion slot=2 pos=(971,424) t=50.859s fingers=4
Sep 08 09:38:46 yoga7 niri[3355]: 2026-09-08T01:38:46.793481Z  INFO niri::input::touch_swipe_tracker: gesture-debug: motion slot=3 pos=(812,415) t=50.859s fingers=4
Sep 08 09:38:46 yoga7 niri[3355]: 2026-09-08T01:38:46.801505Z  INFO niri::input::touch_swipe_tracker: gesture-debug: motion slot=0 pos=(1142,517) t=50.867s fingers=4
Sep 08 09:38:46 yoga7 niri[3355]: 2026-09-08T01:38:46.801533Z  INFO niri::input::touch_swipe_tracker: gesture-debug: motion slot=1 pos=(642,525) t=50.867s fingers=4
Sep 08 09:38:46 yoga7 niri[3355]: 2026-09-08T01:38:46.801549Z  INFO niri::input::touch_swipe_tracker: gesture-debug: motion slot=2 pos=(972,429) t=50.867s fingers=4
Sep 08 09:38:46 yoga7 niri[3355]: 2026-09-08T01:38:46.801563Z  INFO niri::input::touch_swipe_tracker: gesture-debug: motion slot=3 pos=(813,419) t=50.867s fingers=4
Sep 08 09:38:46 yoga7 niri[3355]: 2026-09-08T01:38:46.809883Z  INFO niri::input::touch_swipe_tracker: gesture-debug: motion slot=0 pos=(1142,521) t=50.875s fingers=4
Sep 08 09:38:46 yoga7 niri[3355]: 2026-09-08T01:38:46.809920Z  INFO niri::input::touch_swipe_tracker: gesture-debug: motion slot=1 pos=(643,529) t=50.875s fingers=4
Sep 08 09:38:46 yoga7 niri[3355]: 2026-09-08T01:38:46.809943Z  INFO niri::input::touch_swipe_tracker: gesture-debug: motion slot=2 pos=(971,433) t=50.875s fingers=4
Sep 08 09:38:46 yoga7 niri[3355]: 2026-09-08T01:38:46.809962Z  INFO niri::input::touch_swipe_tracker: gesture-debug: motion slot=3 pos=(813,424) t=50.875s fingers=4
Sep 08 09:38:46 yoga7 niri[3355]: 2026-09-08T01:38:46.818201Z  INFO niri::input::touch_swipe_tracker: gesture-debug: motion slot=0 pos=(1142,525) t=50.884s fingers=4
Sep 08 09:38:46 yoga7 niri[3355]: 2026-09-08T01:38:46.818238Z  INFO niri::input::touch_swipe_tracker: gesture-debug: motion slot=1 pos=(643,533) t=50.884s fingers=4
Sep 08 09:38:46 yoga7 niri[3355]: 2026-09-08T01:38:46.818261Z  INFO niri::input::touch_swipe_tracker: gesture-debug: motion slot=2 pos=(972,437) t=50.884s fingers=4
Sep 08 09:38:46 yoga7 niri[3355]: 2026-09-08T01:38:46.818279Z  INFO niri::input::touch_swipe_tracker: gesture-debug: motion slot=3 pos=(813,429) t=50.884s fingers=4
Sep 08 09:38:46 yoga7 niri[3355]: 2026-09-08T01:38:46.826474Z  INFO niri::input::touch_swipe_tracker: gesture-debug: motion slot=0 pos=(1142,530) t=50.892s fingers=4
Sep 08 09:38:46 yoga7 niri[3355]: 2026-09-08T01:38:46.826513Z  INFO niri::input::touch_swipe_tracker: gesture-debug: motion slot=1 pos=(644,537) t=50.892s fingers=4
Sep 08 09:38:46 yoga7 niri[3355]: 2026-09-08T01:38:46.826535Z  INFO niri::input::touch_swipe_tracker: gesture-debug: motion slot=2 pos=(972,441) t=50.892s fingers=4
Sep 08 09:38:46 yoga7 niri[3355]: 2026-09-08T01:38:46.826553Z  INFO niri::input::touch_swipe_tracker: gesture-debug: motion slot=3 pos=(814,434) t=50.892s fingers=4
Sep 08 09:38:46 yoga7 niri[3355]: 2026-09-08T01:38:46.834857Z  INFO niri::input::touch_swipe_tracker: gesture-debug: motion slot=0 pos=(1142,535) t=50.9s fingers=4
Sep 08 09:38:46 yoga7 niri[3355]: 2026-09-08T01:38:46.834885Z  INFO niri::input::touch_swipe_tracker: gesture-debug: motion slot=1 pos=(644,541) t=50.9s fingers=4
Sep 08 09:38:46 yoga7 niri[3355]: 2026-09-08T01:38:46.834901Z  INFO niri::input::touch_swipe_tracker: gesture-debug: motion slot=2 pos=(972,445) t=50.9s fingers=4
Sep 08 09:38:46 yoga7 niri[3355]: 2026-09-08T01:38:46.834916Z  INFO niri::input::touch_swipe_tracker: gesture-debug: motion slot=3 pos=(814,437) t=50.9s fingers=4
Sep 08 09:38:46 yoga7 niri[3355]: 2026-09-08T01:38:46.843073Z  INFO niri::input::touch_swipe_tracker: gesture-debug: motion slot=0 pos=(1143,539) t=50.908s fingers=4
Sep 08 09:38:46 yoga7 niri[3355]: 2026-09-08T01:38:46.843110Z  INFO niri::input::touch_swipe_tracker: gesture-debug: motion slot=1 pos=(644,544) t=50.908s fingers=4
Sep 08 09:38:46 yoga7 niri[3355]: 2026-09-08T01:38:46.843132Z  INFO niri::input::touch_swipe_tracker: gesture-debug: motion slot=2 pos=(972,449) t=50.908s fingers=4
Sep 08 09:38:46 yoga7 niri[3355]: 2026-09-08T01:38:46.843150Z  INFO niri::input::touch_swipe_tracker: gesture-debug: motion slot=3 pos=(814,441) t=50.908s fingers=4
Sep 08 09:38:46 yoga7 niri[3355]: 2026-09-08T01:38:46.851424Z  INFO niri::input::touch_swipe_tracker: gesture-debug: motion slot=0 pos=(1142,544) t=50.917s fingers=4
Sep 08 09:38:46 yoga7 niri[3355]: 2026-09-08T01:38:46.851463Z  INFO niri::input::touch_swipe_tracker: gesture-debug: motion slot=1 pos=(645,548) t=50.917s fingers=4
Sep 08 09:38:46 yoga7 niri[3355]: 2026-09-08T01:38:46.851487Z  INFO niri::input::touch_swipe_tracker: gesture-debug: motion slot=2 pos=(972,454) t=50.917s fingers=4
Sep 08 09:38:46 yoga7 niri[3355]: 2026-09-08T01:38:46.851504Z  INFO niri::input::touch_swipe_tracker: gesture-debug: motion slot=3 pos=(814,444) t=50.917s fingers=4
Sep 08 09:38:46 yoga7 niri[3355]: 2026-09-08T01:38:46.859627Z  INFO niri::input::touch_swipe_tracker: gesture-debug: motion slot=0 pos=(1142,548) t=50.925s fingers=4
Sep 08 09:38:46 yoga7 niri[3355]: 2026-09-08T01:38:46.859668Z  INFO niri::input::touch_swipe_tracker: gesture-debug: motion slot=1 pos=(645,551) t=50.925s fingers=4
Sep 08 09:38:46 yoga7 niri[3355]: 2026-09-08T01:38:46.859690Z  INFO niri::input::touch_swipe_tracker: gesture-debug: motion slot=2 pos=(972,458) t=50.925s fingers=4
Sep 08 09:38:46 yoga7 niri[3355]: 2026-09-08T01:38:46.859707Z  INFO niri::input::touch_swipe_tracker: gesture-debug: motion slot=3 pos=(814,449) t=50.925s fingers=4
Sep 08 09:38:46 yoga7 niri[3355]: 2026-09-08T01:38:46.868119Z  INFO niri::input::touch_swipe_tracker: gesture-debug: motion slot=0 pos=(1142,552) t=50.933s fingers=4
Sep 08 09:38:46 yoga7 niri[3355]: 2026-09-08T01:38:46.868154Z  INFO niri::input::touch_swipe_tracker: gesture-debug: motion slot=1 pos=(645,554) t=50.933s fingers=4
Sep 08 09:38:46 yoga7 niri[3355]: 2026-09-08T01:38:46.868169Z  INFO niri::input::touch_swipe_tracker: gesture-debug: motion slot=2 pos=(972,462) t=50.933s fingers=4
Sep 08 09:38:46 yoga7 niri[3355]: 2026-09-08T01:38:46.868185Z  INFO niri::input::touch_swipe_tracker: gesture-debug: motion slot=3 pos=(814,453) t=50.933s fingers=4
Sep 08 09:38:46 yoga7 niri[3355]: 2026-09-08T01:38:46.876549Z  INFO niri::input::touch_swipe_tracker: gesture-debug: motion slot=0 pos=(1142,557) t=50.942s fingers=4
Sep 08 09:38:46 yoga7 niri[3355]: 2026-09-08T01:38:46.876588Z  INFO niri::input::touch_swipe_tracker: gesture-debug: motion slot=1 pos=(645,558) t=50.942s fingers=4
Sep 08 09:38:46 yoga7 niri[3355]: 2026-09-08T01:38:46.876610Z  INFO niri::input::touch_swipe_tracker: gesture-debug: motion slot=2 pos=(971,465) t=50.942s fingers=4
Sep 08 09:38:46 yoga7 niri[3355]: 2026-09-08T01:38:46.876630Z  INFO niri::input::touch_swipe_tracker: gesture-debug: motion slot=3 pos=(814,457) t=50.942s fingers=4
Sep 08 09:38:46 yoga7 niri[3355]: 2026-09-08T01:38:46.884645Z  INFO niri::input::touch_swipe_tracker: gesture-debug: motion slot=0 pos=(1142,561) t=50.95s fingers=4
Sep 08 09:38:46 yoga7 niri[3355]: 2026-09-08T01:38:46.884685Z  INFO niri::input::touch_swipe_tracker: gesture-debug: motion slot=1 pos=(646,562) t=50.95s fingers=4
Sep 08 09:38:46 yoga7 niri[3355]: 2026-09-08T01:38:46.884706Z  INFO niri::input::touch_swipe_tracker: gesture-debug: motion slot=2 pos=(971,469) t=50.95s fingers=4
Sep 08 09:38:46 yoga7 niri[3355]: 2026-09-08T01:38:46.884725Z  INFO niri::input::touch_swipe_tracker: gesture-debug: motion slot=3 pos=(814,460) t=50.95s fingers=4
Sep 08 09:38:46 yoga7 niri[3355]: 2026-09-08T01:38:46.892956Z  INFO niri::input::touch_swipe_tracker: gesture-debug: motion slot=0 pos=(1142,565) t=50.958s fingers=4
Sep 08 09:38:46 yoga7 niri[3355]: 2026-09-08T01:38:46.893022Z  INFO niri::input::touch_swipe_tracker: gesture-debug: motion slot=1 pos=(646,565) t=50.958s fingers=4
Sep 08 09:38:46 yoga7 niri[3355]: 2026-09-08T01:38:46.893055Z  INFO niri::input::touch_swipe_tracker: gesture-debug: motion slot=2 pos=(971,473) t=50.958s fingers=4
Sep 08 09:38:46 yoga7 niri[3355]: 2026-09-08T01:38:46.893076Z  INFO niri::input::touch_swipe_tracker: gesture-debug: motion slot=3 pos=(814,464) t=50.958s fingers=4
Sep 08 09:38:46 yoga7 niri[3355]: 2026-09-08T01:38:46.901268Z  INFO niri::input::touch_swipe_tracker: gesture-debug: motion slot=0 pos=(1142,569) t=50.967s fingers=4
Sep 08 09:38:46 yoga7 niri[3355]: 2026-09-08T01:38:46.901306Z  INFO niri::input::touch_swipe_tracker: gesture-debug: motion slot=1 pos=(646,568) t=50.967s fingers=4
Sep 08 09:38:46 yoga7 niri[3355]: 2026-09-08T01:38:46.901329Z  INFO niri::input::touch_swipe_tracker: gesture-debug: motion slot=2 pos=(971,477) t=50.967s fingers=4
Sep 08 09:38:46 yoga7 niri[3355]: 2026-09-08T01:38:46.901349Z  INFO niri::input::touch_swipe_tracker: gesture-debug: motion slot=3 pos=(814,467) t=50.967s fingers=4
Sep 08 09:38:46 yoga7 niri[3355]: 2026-09-08T01:38:46.909509Z  INFO niri::input::touch_swipe_tracker: gesture-debug: motion slot=0 pos=(1141,572) t=50.975s fingers=4
Sep 08 09:38:46 yoga7 niri[3355]: 2026-09-08T01:38:46.909562Z  INFO niri::input::touch_swipe_tracker: gesture-debug: motion slot=1 pos=(647,572) t=50.975s fingers=4
Sep 08 09:38:46 yoga7 niri[3355]: 2026-09-08T01:38:46.909585Z  INFO niri::input::touch_swipe_tracker: gesture-debug: motion slot=2 pos=(971,481) t=50.975s fingers=4
Sep 08 09:38:46 yoga7 niri[3355]: 2026-09-08T01:38:46.909604Z  INFO niri::input::touch_swipe_tracker: gesture-debug: motion slot=3 pos=(814,471) t=50.975s fingers=4
Sep 08 09:38:46 yoga7 niri[3355]: 2026-09-08T01:38:46.918064Z  INFO niri::input::touch_swipe_tracker: gesture-debug: motion slot=0 pos=(1141,576) t=50.983s fingers=4
Sep 08 09:38:46 yoga7 niri[3355]: 2026-09-08T01:38:46.918109Z  INFO niri::input::touch_swipe_tracker: gesture-debug: motion slot=1 pos=(647,575) t=50.983s fingers=4
Sep 08 09:38:46 yoga7 niri[3355]: 2026-09-08T01:38:46.918133Z  INFO niri::input::touch_swipe_tracker: gesture-debug: motion slot=2 pos=(971,485) t=50.983s fingers=4
Sep 08 09:38:46 yoga7 niri[3355]: 2026-09-08T01:38:46.918151Z  INFO niri::input::touch_swipe_tracker: gesture-debug: motion slot=3 pos=(814,474) t=50.983s fingers=4
Sep 08 09:38:46 yoga7 niri[3355]: 2026-09-08T01:38:46.926174Z  INFO niri::input::touch_swipe_tracker: gesture-debug: motion slot=0 pos=(1141,579) t=50.992s fingers=4
Sep 08 09:38:46 yoga7 niri[3355]: 2026-09-08T01:38:46.926213Z  INFO niri::input::touch_swipe_tracker: gesture-debug: motion slot=1 pos=(647,578) t=50.992s fingers=4
Sep 08 09:38:46 yoga7 niri[3355]: 2026-09-08T01:38:46.926236Z  INFO niri::input::touch_swipe_tracker: gesture-debug: motion slot=2 pos=(971,488) t=50.992s fingers=4
Sep 08 09:38:46 yoga7 niri[3355]: 2026-09-08T01:38:46.926255Z  INFO niri::input::touch_swipe_tracker: gesture-debug: motion slot=3 pos=(814,478) t=50.992s fingers=4
Sep 08 09:38:46 yoga7 niri[3355]: 2026-09-08T01:38:46.934518Z  INFO niri::input::touch_swipe_tracker: gesture-debug: motion slot=0 pos=(1141,583) t=51s fingers=4
Sep 08 09:38:46 yoga7 niri[3355]: 2026-09-08T01:38:46.934560Z  INFO niri::input::touch_swipe_tracker: gesture-debug: motion slot=1 pos=(648,581) t=51s fingers=4
Sep 08 09:38:46 yoga7 niri[3355]: 2026-09-08T01:38:46.934580Z  INFO niri::input::touch_swipe_tracker: gesture-debug: motion slot=2 pos=(971,491) t=51s fingers=4
Sep 08 09:38:46 yoga7 niri[3355]: 2026-09-08T01:38:46.934595Z  INFO niri::input::touch_swipe_tracker: gesture-debug: motion slot=3 pos=(814,482) t=51s fingers=4
Sep 08 09:38:46 yoga7 niri[3355]: 2026-09-08T01:38:46.942823Z  INFO niri::input::touch_swipe_tracker: gesture-debug: motion slot=0 pos=(1141,587) t=51.008s fingers=4
Sep 08 09:38:46 yoga7 niri[3355]: 2026-09-08T01:38:46.942863Z  INFO niri::input::touch_swipe_tracker: gesture-debug: motion slot=1 pos=(648,585) t=51.008s fingers=4
Sep 08 09:38:46 yoga7 niri[3355]: 2026-09-08T01:38:46.942886Z  INFO niri::input::touch_swipe_tracker: gesture-debug: motion slot=2 pos=(971,494) t=51.008s fingers=4
Sep 08 09:38:46 yoga7 niri[3355]: 2026-09-08T01:38:46.942906Z  INFO niri::input::touch_swipe_tracker: gesture-debug: motion slot=3 pos=(814,485) t=51.008s fingers=4
Sep 08 09:38:48 yoga7 niri[3355]: 2026-09-08T01:38:48.168950Z  INFO niri::input::touch_swipe_tracker: gesture-debug: motion slot=0 pos=(1141,591) t=51.016s fingers=4
Sep 08 09:38:48 yoga7 niri[3355]: 2026-09-08T01:38:48.168974Z  INFO niri::input::touch_swipe_tracker: gesture-debug: motion slot=1 pos=(648,588) t=51.016s fingers=4
Sep 08 09:38:48 yoga7 niri[3355]: 2026-09-08T01:38:48.168991Z  INFO niri::input::touch_swipe_tracker: gesture-debug: motion slot=2 pos=(971,497) t=51.016s fingers=4
Sep 08 09:38:48 yoga7 niri[3355]: 2026-09-08T01:38:48.169002Z  INFO niri::input::touch_swipe_tracker: gesture-debug: motion slot=3 pos=(814,489) t=51.016s fingers=4
Sep 08 09:38:48 yoga7 niri[3355]: 2026-09-08T01:38:48.177453Z  INFO niri::input::touch_swipe_tracker: gesture-debug: motion slot=0 pos=(1141,594) t=51.025s fingers=4
Sep 08 09:38:48 yoga7 niri[3355]: 2026-09-08T01:38:48.177473Z  INFO niri::input::touch_swipe_tracker: gesture-debug: motion slot=1 pos=(649,591) t=51.025s fingers=4
Sep 08 09:38:48 yoga7 niri[3355]: 2026-09-08T01:38:48.177485Z  INFO niri::input::touch_swipe_tracker: gesture-debug: motion slot=2 pos=(971,500) t=51.025s fingers=4
Sep 08 09:38:48 yoga7 niri[3355]: 2026-09-08T01:38:48.177495Z  INFO niri::input::touch_swipe_tracker: gesture-debug: motion slot=3 pos=(814,492) t=51.025s fingers=4
Sep 08 09:38:48 yoga7 niri[3355]: 2026-09-08T01:38:48.185972Z  INFO niri::input::touch_swipe_tracker: gesture-debug: motion slot=0 pos=(1141,598) t=51.033s fingers=4
Sep 08 09:38:48 yoga7 niri[3355]: 2026-09-08T01:38:48.185999Z  INFO niri::input::touch_swipe_tracker: gesture-debug: motion slot=1 pos=(649,595) t=51.033s fingers=4
Sep 08 09:38:48 yoga7 niri[3355]: 2026-09-08T01:38:48.186017Z  INFO niri::input::touch_swipe_tracker: gesture-debug: motion slot=2 pos=(971,504) t=51.033s fingers=4
Sep 08 09:38:48 yoga7 niri[3355]: 2026-09-08T01:38:48.186028Z  INFO niri::input::touch_swipe_tracker: gesture-debug: motion slot=3 pos=(814,495) t=51.033s fingers=4
Sep 08 09:38:48 yoga7 niri[3355]: 2026-09-08T01:38:48.194050Z  INFO niri::input::touch_swipe_tracker: gesture-debug: motion slot=0 pos=(1141,602) t=51.041s fingers=4
Sep 08 09:38:48 yoga7 niri[3355]: 2026-09-08T01:38:48.194091Z  INFO niri::input::touch_swipe_tracker: gesture-debug: motion slot=1 pos=(649,598) t=51.041s fingers=4
Sep 08 09:38:48 yoga7 niri[3355]: 2026-09-08T01:38:48.194113Z  INFO niri::input::touch_swipe_tracker: gesture-debug: motion slot=2 pos=(971,507) t=51.041s fingers=4
Sep 08 09:38:48 yoga7 niri[3355]: 2026-09-08T01:38:48.194130Z  INFO niri::input::touch_swipe_tracker: gesture-debug: motion slot=3 pos=(814,499) t=51.041s fingers=4
Sep 08 09:38:48 yoga7 niri[3355]: 2026-09-08T01:38:48.202295Z  INFO niri::input::touch_swipe_tracker: gesture-debug: motion slot=0 pos=(1141,606) t=51.05s fingers=4
Sep 08 09:38:48 yoga7 niri[3355]: 2026-09-08T01:38:48.202324Z  INFO niri::input::touch_swipe_tracker: gesture-debug: motion slot=1 pos=(650,601) t=51.05s fingers=4
Sep 08 09:38:48 yoga7 niri[3355]: 2026-09-08T01:38:48.202343Z  INFO niri::input::touch_swipe_tracker: gesture-debug: motion slot=2 pos=(971,510) t=51.05s fingers=4
Sep 08 09:38:48 yoga7 niri[3355]: 2026-09-08T01:38:48.202359Z  INFO niri::input::touch_swipe_tracker: gesture-debug: motion slot=3 pos=(814,502) t=51.05s fingers=4
Sep 08 09:38:48 yoga7 niri[3355]: 2026-09-08T01:38:48.210618Z  INFO niri::input::touch_swipe_tracker: gesture-debug: motion slot=0 pos=(1140,610) t=51.058s fingers=4
Sep 08 09:38:48 yoga7 niri[3355]: 2026-09-08T01:38:48.210658Z  INFO niri::input::touch_swipe_tracker: gesture-debug: motion slot=1 pos=(650,604) t=51.058s fingers=4
Sep 08 09:38:48 yoga7 niri[3355]: 2026-09-08T01:38:48.210680Z  INFO niri::input::touch_swipe_tracker: gesture-debug: motion slot=2 pos=(971,513) t=51.058s fingers=4
Sep 08 09:38:48 yoga7 niri[3355]: 2026-09-08T01:38:48.210698Z  INFO niri::input::touch_swipe_tracker: gesture-debug: motion slot=3 pos=(814,506) t=51.058s fingers=4
Sep 08 09:38:48 yoga7 niri[3355]: 2026-09-08T01:38:48.219138Z  INFO niri::input::touch_swipe_tracker: gesture-debug: motion slot=0 pos=(1140,613) t=51.067s fingers=4
Sep 08 09:38:48 yoga7 niri[3355]: 2026-09-08T01:38:48.219180Z  INFO niri::input::touch_swipe_tracker: gesture-debug: motion slot=1 pos=(650,607) t=51.067s fingers=4
Sep 08 09:38:48 yoga7 niri[3355]: 2026-09-08T01:38:48.219207Z  INFO niri::input::touch_swipe_tracker: gesture-debug: motion slot=2 pos=(971,516) t=51.067s fingers=4
Sep 08 09:38:48 yoga7 niri[3355]: 2026-09-08T01:38:48.219229Z  INFO niri::input::touch_swipe_tracker: gesture-debug: motion slot=3 pos=(814,510) t=51.067s fingers=4
Sep 08 09:38:48 yoga7 niri[3355]: 2026-09-08T01:38:48.227284Z  INFO niri::input::touch_swipe_tracker: gesture-debug: motion slot=0 pos=(1140,617) t=51.075s fingers=4
Sep 08 09:38:48 yoga7 niri[3355]: 2026-09-08T01:38:48.227322Z  INFO niri::input::touch_swipe_tracker: gesture-debug: motion slot=1 pos=(650,611) t=51.075s fingers=4
Sep 08 09:38:48 yoga7 niri[3355]: 2026-09-08T01:38:48.227345Z  INFO niri::input::touch_swipe_tracker: gesture-debug: motion slot=2 pos=(971,519) t=51.075s fingers=4
Sep 08 09:38:48 yoga7 niri[3355]: 2026-09-08T01:38:48.227363Z  INFO niri::input::touch_swipe_tracker: gesture-debug: motion slot=3 pos=(814,513) t=51.075s fingers=4
Sep 08 09:38:48 yoga7 niri[3355]: 2026-09-08T01:38:48.235665Z  INFO niri::input::touch_swipe_tracker: gesture-debug: motion slot=0 pos=(1140,620) t=51.083s fingers=4
Sep 08 09:38:48 yoga7 niri[3355]: 2026-09-08T01:38:48.235703Z  INFO niri::input::touch_swipe_tracker: gesture-debug: motion slot=1 pos=(651,614) t=51.083s fingers=4
Sep 08 09:38:48 yoga7 niri[3355]: 2026-09-08T01:38:48.235726Z  INFO niri::input::touch_swipe_tracker: gesture-debug: motion slot=2 pos=(971,522) t=51.083s fingers=4
Sep 08 09:38:48 yoga7 niri[3355]: 2026-09-08T01:38:48.235745Z  INFO niri::input::touch_swipe_tracker: gesture-debug: motion slot=3 pos=(814,516) t=51.083s fingers=4
Sep 08 09:38:48 yoga7 niri[3355]: 2026-09-08T01:38:48.243923Z  INFO niri::input::touch_swipe_tracker: gesture-debug: motion slot=0 pos=(1140,624) t=51.091s fingers=4
Sep 08 09:38:48 yoga7 niri[3355]: 2026-09-08T01:38:48.243981Z  INFO niri::input::touch_swipe_tracker: gesture-debug: motion slot=1 pos=(651,618) t=51.091s fingers=4
Sep 08 09:38:48 yoga7 niri[3355]: 2026-09-08T01:38:48.244007Z  INFO niri::input::touch_swipe_tracker: gesture-debug: motion slot=2 pos=(971,525) t=51.091s fingers=4
Sep 08 09:38:48 yoga7 niri[3355]: 2026-09-08T01:38:48.244026Z  INFO niri::input::touch_swipe_tracker: gesture-debug: motion slot=3 pos=(814,519) t=51.091s fingers=4
Sep 08 09:38:48 yoga7 niri[3355]: 2026-09-08T01:38:48.252230Z  INFO niri::input::touch_swipe_tracker: gesture-debug: motion slot=0 pos=(1140,627) t=51.1s fingers=4
Sep 08 09:38:48 yoga7 niri[3355]: 2026-09-08T01:38:48.252258Z  INFO niri::input::touch_swipe_tracker: gesture-debug: motion slot=1 pos=(651,621) t=51.1s fingers=4
Sep 08 09:38:48 yoga7 niri[3355]: 2026-09-08T01:38:48.252274Z  INFO niri::input::touch_swipe_tracker: gesture-debug: motion slot=2 pos=(972,529) t=51.1s fingers=4
Sep 08 09:38:48 yoga7 niri[3355]: 2026-09-08T01:38:48.252288Z  INFO niri::input::touch_swipe_tracker: gesture-debug: motion slot=3 pos=(814,522) t=51.1s fingers=4
Sep 08 09:38:48 yoga7 niri[3355]: 2026-09-08T01:38:48.260761Z  INFO niri::input::touch_swipe_tracker: gesture-debug: motion slot=0 pos=(1139,630) t=51.108s fingers=4
Sep 08 09:38:48 yoga7 niri[3355]: 2026-09-08T01:38:48.260800Z  INFO niri::input::touch_swipe_tracker: gesture-debug: motion slot=1 pos=(652,624) t=51.108s fingers=4
Sep 08 09:38:48 yoga7 niri[3355]: 2026-09-08T01:38:48.260823Z  INFO niri::input::touch_swipe_tracker: gesture-debug: motion slot=2 pos=(972,532) t=51.108s fingers=4
Sep 08 09:38:48 yoga7 niri[3355]: 2026-09-08T01:38:48.260841Z  INFO niri::input::touch_swipe_tracker: gesture-debug: motion slot=3 pos=(814,525) t=51.108s fingers=4
Sep 08 09:38:48 yoga7 niri[3355]: 2026-09-08T01:38:48.268927Z  INFO niri::input::touch_swipe_tracker: gesture-debug: motion slot=0 pos=(1139,634) t=51.116s fingers=4
Sep 08 09:38:48 yoga7 niri[3355]: 2026-09-08T01:38:48.268982Z  INFO niri::input::touch_swipe_tracker: gesture-debug: motion slot=1 pos=(652,627) t=51.116s fingers=4
Sep 08 09:38:48 yoga7 niri[3355]: 2026-09-08T01:38:48.269005Z  INFO niri::input::touch_swipe_tracker: gesture-debug: motion slot=2 pos=(972,535) t=51.116s fingers=4
Sep 08 09:38:48 yoga7 niri[3355]: 2026-09-08T01:38:48.269027Z  INFO niri::input::touch_swipe_tracker: gesture-debug: motion slot=3 pos=(814,528) t=51.116s fingers=4
Sep 08 09:38:48 yoga7 niri[3355]: 2026-09-08T01:38:48.277158Z  INFO niri::input::touch_swipe_tracker: gesture-debug: motion slot=0 pos=(1139,637) t=51.125s fingers=4
Sep 08 09:38:48 yoga7 niri[3355]: 2026-09-08T01:38:48.277197Z  INFO niri::input::touch_swipe_tracker: gesture-debug: motion slot=1 pos=(652,630) t=51.125s fingers=4
Sep 08 09:38:48 yoga7 niri[3355]: 2026-09-08T01:38:48.277219Z  INFO niri::input::touch_swipe_tracker: gesture-debug: motion slot=2 pos=(972,538) t=51.125s fingers=4
Sep 08 09:38:48 yoga7 niri[3355]: 2026-09-08T01:38:48.277238Z  INFO niri::input::touch_swipe_tracker: gesture-debug: motion slot=3 pos=(815,532) t=51.125s fingers=4
Sep 08 09:38:48 yoga7 niri[3355]: 2026-09-08T01:38:48.285428Z  INFO niri::input::touch_swipe_tracker: gesture-debug: motion slot=0 pos=(1138,639) t=51.133s fingers=4
Sep 08 09:38:48 yoga7 niri[3355]: 2026-09-08T01:38:48.285455Z  INFO niri::input::touch_swipe_tracker: gesture-debug: motion slot=1 pos=(652,633) t=51.133s fingers=4
Sep 08 09:38:48 yoga7 niri[3355]: 2026-09-08T01:38:48.285472Z  INFO niri::input::touch_swipe_tracker: gesture-debug: motion slot=2 pos=(972,540) t=51.133s fingers=4
Sep 08 09:38:48 yoga7 niri[3355]: 2026-09-08T01:38:48.285485Z  INFO niri::input::touch_swipe_tracker: gesture-debug: motion slot=3 pos=(815,535) t=51.133s fingers=4
Sep 08 09:38:48 yoga7 niri[3355]: 2026-09-08T01:38:48.293791Z  INFO niri::input::touch_swipe_tracker: gesture-debug: motion slot=0 pos=(1138,642) t=51.141s fingers=4
Sep 08 09:38:48 yoga7 niri[3355]: 2026-09-08T01:38:48.293832Z  INFO niri::input::touch_swipe_tracker: gesture-debug: motion slot=1 pos=(652,636) t=51.141s fingers=4
Sep 08 09:38:48 yoga7 niri[3355]: 2026-09-08T01:38:48.293854Z  INFO niri::input::touch_swipe_tracker: gesture-debug: motion slot=2 pos=(972,543) t=51.141s fingers=4
Sep 08 09:38:48 yoga7 niri[3355]: 2026-09-08T01:38:48.293872Z  INFO niri::input::touch_swipe_tracker: gesture-debug: motion slot=3 pos=(815,538) t=51.141s fingers=4
Sep 08 09:38:48 yoga7 niri[3355]: 2026-09-08T01:38:48.302299Z  INFO niri::input::touch_swipe_tracker: gesture-debug: motion slot=0 pos=(1138,645) t=51.15s fingers=4
Sep 08 09:38:48 yoga7 niri[3355]: 2026-09-08T01:38:48.302336Z  INFO niri::input::touch_swipe_tracker: gesture-debug: motion slot=1 pos=(653,639) t=51.15s fingers=4
Sep 08 09:38:48 yoga7 niri[3355]: 2026-09-08T01:38:48.302358Z  INFO niri::input::touch_swipe_tracker: gesture-debug: motion slot=2 pos=(972,546) t=51.15s fingers=4
Sep 08 09:38:48 yoga7 niri[3355]: 2026-09-08T01:38:48.302376Z  INFO niri::input::touch_swipe_tracker: gesture-debug: motion slot=3 pos=(815,541) t=51.15s fingers=4
Sep 08 09:38:48 yoga7 niri[3355]: 2026-09-08T01:38:48.310470Z  INFO niri::input::touch_swipe_tracker: gesture-debug: motion slot=0 pos=(1138,648) t=51.158s fingers=4
Sep 08 09:38:48 yoga7 niri[3355]: 2026-09-08T01:38:48.310495Z  INFO niri::input::touch_swipe_tracker: gesture-debug: motion slot=1 pos=(653,642) t=51.158s fingers=4
Sep 08 09:38:48 yoga7 niri[3355]: 2026-09-08T01:38:48.310509Z  INFO niri::input::touch_swipe_tracker: gesture-debug: motion slot=2 pos=(972,549) t=51.158s fingers=4
Sep 08 09:38:48 yoga7 niri[3355]: 2026-09-08T01:38:48.310521Z  INFO niri::input::touch_swipe_tracker: gesture-debug: motion slot=3 pos=(815,543) t=51.158s fingers=4
Sep 08 09:38:48 yoga7 niri[3355]: 2026-09-08T01:38:48.319238Z  INFO niri::input::touch_swipe_tracker: gesture-debug: motion slot=0 pos=(1137,651) t=51.166s fingers=4
Sep 08 09:38:48 yoga7 niri[3355]: 2026-09-08T01:38:48.319274Z  INFO niri::input::touch_swipe_tracker: gesture-debug: motion slot=1 pos=(653,645) t=51.166s fingers=4
Sep 08 09:38:48 yoga7 niri[3355]: 2026-09-08T01:38:48.319299Z  INFO niri::input::touch_swipe_tracker: gesture-debug: motion slot=2 pos=(972,553) t=51.166s fingers=4
Sep 08 09:38:48 yoga7 niri[3355]: 2026-09-08T01:38:48.319320Z  INFO niri::input::touch_swipe_tracker: gesture-debug: motion slot=3 pos=(815,546) t=51.166s fingers=4
Sep 08 09:38:48 yoga7 niri[3355]: 2026-09-08T01:38:48.327380Z  INFO niri::input::touch_swipe_tracker: gesture-debug: motion slot=0 pos=(1137,654) t=51.175s fingers=4
Sep 08 09:38:48 yoga7 niri[3355]: 2026-09-08T01:38:48.327420Z  INFO niri::input::touch_swipe_tracker: gesture-debug: motion slot=1 pos=(653,648) t=51.175s fingers=4
Sep 08 09:38:48 yoga7 niri[3355]: 2026-09-08T01:38:48.327445Z  INFO niri::input::touch_swipe_tracker: gesture-debug: motion slot=2 pos=(972,556) t=51.175s fingers=4
Sep 08 09:38:48 yoga7 niri[3355]: 2026-09-08T01:38:48.327464Z  INFO niri::input::touch_swipe_tracker: gesture-debug: motion slot=3 pos=(815,549) t=51.175s fingers=4
Sep 08 09:38:48 yoga7 niri[3355]: 2026-09-08T01:38:48.335391Z  INFO niri::input::touch_swipe_tracker: gesture-debug: motion slot=0 pos=(1137,657) t=51.183s fingers=4
Sep 08 09:38:48 yoga7 niri[3355]: 2026-09-08T01:38:48.335429Z  INFO niri::input::touch_swipe_tracker: gesture-debug: motion slot=1 pos=(654,651) t=51.183s fingers=4
Sep 08 09:38:48 yoga7 niri[3355]: 2026-09-08T01:38:48.335451Z  INFO niri::input::touch_swipe_tracker: gesture-debug: motion slot=2 pos=(972,559) t=51.183s fingers=4
Sep 08 09:38:48 yoga7 niri[3355]: 2026-09-08T01:38:48.335470Z  INFO niri::input::touch_swipe_tracker: gesture-debug: motion slot=3 pos=(816,553) t=51.183s fingers=4
Sep 08 09:38:48 yoga7 niri[3355]: 2026-09-08T01:38:48.343890Z  INFO niri::input::touch_swipe_tracker: gesture-debug: motion slot=0 pos=(1137,660) t=51.191s fingers=4
Sep 08 09:38:48 yoga7 niri[3355]: 2026-09-08T01:38:48.343932Z  INFO niri::input::touch_swipe_tracker: gesture-debug: motion slot=1 pos=(654,654) t=51.191s fingers=4
Sep 08 09:38:48 yoga7 niri[3355]: 2026-09-08T01:38:48.343976Z  INFO niri::input::touch_swipe_tracker: gesture-debug: motion slot=2 pos=(972,561) t=51.191s fingers=4
Sep 08 09:38:48 yoga7 niri[3355]: 2026-09-08T01:38:48.343998Z  INFO niri::input::touch_swipe_tracker: gesture-debug: motion slot=3 pos=(816,556) t=51.191s fingers=4
Sep 08 09:38:48 yoga7 niri[3355]: 2026-09-08T01:38:48.352318Z  INFO niri::input::touch_swipe_tracker: gesture-debug: motion slot=0 pos=(1137,663) t=51.2s fingers=4
Sep 08 09:38:48 yoga7 niri[3355]: 2026-09-08T01:38:48.352353Z  INFO niri::input::touch_swipe_tracker: gesture-debug: motion slot=1 pos=(654,657) t=51.2s fingers=4
Sep 08 09:38:48 yoga7 niri[3355]: 2026-09-08T01:38:48.352377Z  INFO niri::input::touch_swipe_tracker: gesture-debug: motion slot=2 pos=(972,564) t=51.2s fingers=4
Sep 08 09:38:48 yoga7 niri[3355]: 2026-09-08T01:38:48.352395Z  INFO niri::input::touch_swipe_tracker: gesture-debug: motion slot=3 pos=(816,559) t=51.2s fingers=4
Sep 08 09:38:48 yoga7 niri[3355]: 2026-09-08T01:38:48.360197Z  INFO niri::input::touch_swipe_tracker: gesture-debug: motion slot=0 pos=(1136,666) t=51.208s fingers=4
Sep 08 09:38:48 yoga7 niri[3355]: 2026-09-08T01:38:48.360236Z  INFO niri::input::touch_swipe_tracker: gesture-debug: motion slot=1 pos=(654,661) t=51.208s fingers=4
Sep 08 09:38:48 yoga7 niri[3355]: 2026-09-08T01:38:48.360258Z  INFO niri::input::touch_swipe_tracker: gesture-debug: motion slot=2 pos=(972,567) t=51.208s fingers=4
Sep 08 09:38:48 yoga7 niri[3355]: 2026-09-08T01:38:48.360276Z  INFO niri::input::touch_swipe_tracker: gesture-debug: motion slot=3 pos=(817,562) t=51.208s fingers=4
Sep 08 09:38:48 yoga7 niri[3355]: 2026-09-08T01:38:48.368546Z  INFO niri::input::touch_swipe_tracker: gesture-debug: motion slot=0 pos=(1136,669) t=51.216s fingers=4
Sep 08 09:38:48 yoga7 niri[3355]: 2026-09-08T01:38:48.368576Z  INFO niri::input::touch_swipe_tracker: gesture-debug: motion slot=1 pos=(655,664) t=51.216s fingers=4
Sep 08 09:38:48 yoga7 niri[3355]: 2026-09-08T01:38:48.368592Z  INFO niri::input::touch_swipe_tracker: gesture-debug: motion slot=2 pos=(972,569) t=51.216s fingers=4
Sep 08 09:38:48 yoga7 niri[3355]: 2026-09-08T01:38:48.368605Z  INFO niri::input::touch_swipe_tracker: gesture-debug: motion slot=3 pos=(817,565) t=51.216s fingers=4
Sep 08 09:38:48 yoga7 niri[3355]: 2026-09-08T01:38:48.376872Z  INFO niri::input::touch_swipe_tracker: gesture-debug: motion slot=0 pos=(1136,672) t=51.224s fingers=4
Sep 08 09:38:48 yoga7 niri[3355]: 2026-09-08T01:38:48.376918Z  INFO niri::input::touch_swipe_tracker: gesture-debug: motion slot=1 pos=(655,668) t=51.224s fingers=4
Sep 08 09:38:48 yoga7 niri[3355]: 2026-09-08T01:38:48.376961Z  INFO niri::input::touch_swipe_tracker: gesture-debug: motion slot=2 pos=(972,572) t=51.224s fingers=4
Sep 08 09:38:48 yoga7 niri[3355]: 2026-09-08T01:38:48.376990Z  INFO niri::input::touch_swipe_tracker: gesture-debug: motion slot=3 pos=(817,568) t=51.224s fingers=4
Sep 08 09:38:48 yoga7 niri[3355]: 2026-09-08T01:38:48.385390Z  INFO niri::input::touch_swipe_tracker: gesture-debug: motion slot=0 pos=(1135,675) t=51.233s fingers=4
Sep 08 09:38:48 yoga7 niri[3355]: 2026-09-08T01:38:48.385417Z  INFO niri::input::touch_swipe_tracker: gesture-debug: motion slot=1 pos=(655,671) t=51.233s fingers=4
Sep 08 09:38:48 yoga7 niri[3355]: 2026-09-08T01:38:48.385432Z  INFO niri::input::touch_swipe_tracker: gesture-debug: motion slot=2 pos=(972,575) t=51.233s fingers=4
Sep 08 09:38:48 yoga7 niri[3355]: 2026-09-08T01:38:48.385448Z  INFO niri::input::touch_swipe_tracker: gesture-debug: motion slot=3 pos=(817,571) t=51.233s fingers=4
Sep 08 09:38:48 yoga7 niri[3355]: 2026-09-08T01:38:48.393583Z  INFO niri::input::touch_swipe_tracker: gesture-debug: motion slot=0 pos=(1135,678) t=51.241s fingers=4
Sep 08 09:38:48 yoga7 niri[3355]: 2026-09-08T01:38:48.393622Z  INFO niri::input::touch_swipe_tracker: gesture-debug: motion slot=1 pos=(655,674) t=51.241s fingers=4
Sep 08 09:38:48 yoga7 niri[3355]: 2026-09-08T01:38:48.393645Z  INFO niri::input::touch_swipe_tracker: gesture-debug: motion slot=2 pos=(972,579) t=51.241s fingers=4
Sep 08 09:38:48 yoga7 niri[3355]: 2026-09-08T01:38:48.393663Z  INFO niri::input::touch_swipe_tracker: gesture-debug: motion slot=3 pos=(817,575) t=51.241s fingers=4
Sep 08 09:38:48 yoga7 niri[3355]: 2026-09-08T01:38:48.401892Z  INFO niri::input::touch_swipe_tracker: gesture-debug: motion slot=0 pos=(1134,682) t=51.249s fingers=4
Sep 08 09:38:48 yoga7 niri[3355]: 2026-09-08T01:38:48.401932Z  INFO niri::input::touch_swipe_tracker: gesture-debug: motion slot=1 pos=(656,677) t=51.249s fingers=4
Sep 08 09:38:48 yoga7 niri[3355]: 2026-09-08T01:38:48.401976Z  INFO niri::input::touch_swipe_tracker: gesture-debug: motion slot=2 pos=(972,582) t=51.249s fingers=4
Sep 08 09:38:48 yoga7 niri[3355]: 2026-09-08T01:38:48.401994Z  INFO niri::input::touch_swipe_tracker: gesture-debug: motion slot=3 pos=(817,579) t=51.249s fingers=4
Sep 08 09:38:48 yoga7 niri[3355]: 2026-09-08T01:38:48.410119Z  INFO niri::input::touch_swipe_tracker: gesture-debug: motion slot=0 pos=(1134,685) t=51.258s fingers=4
Sep 08 09:38:48 yoga7 niri[3355]: 2026-09-08T01:38:48.410144Z  INFO niri::input::touch_swipe_tracker: gesture-debug: motion slot=1 pos=(656,681) t=51.258s fingers=4
Sep 08 09:38:48 yoga7 niri[3355]: 2026-09-08T01:38:48.410157Z  INFO niri::input::touch_swipe_tracker: gesture-debug: motion slot=2 pos=(972,585) t=51.258s fingers=4
Sep 08 09:38:48 yoga7 niri[3355]: 2026-09-08T01:38:48.410169Z  INFO niri::input::touch_swipe_tracker: gesture-debug: motion slot=3 pos=(817,582) t=51.258s fingers=4
Sep 08 09:38:48 yoga7 niri[3355]: 2026-09-08T01:38:48.418814Z  INFO niri::input::touch_swipe_tracker: gesture-debug: motion slot=0 pos=(1133,688) t=51.266s fingers=4
Sep 08 09:38:48 yoga7 niri[3355]: 2026-09-08T01:38:48.418851Z  INFO niri::input::touch_swipe_tracker: gesture-debug: motion slot=1 pos=(656,684) t=51.266s fingers=4
Sep 08 09:38:48 yoga7 niri[3355]: 2026-09-08T01:38:48.418868Z  INFO niri::input::touch_swipe_tracker: gesture-debug: motion slot=2 pos=(972,588) t=51.266s fingers=4
Sep 08 09:38:48 yoga7 niri[3355]: 2026-09-08T01:38:48.418881Z  INFO niri::input::touch_swipe_tracker: gesture-debug: motion slot=3 pos=(817,586) t=51.266s fingers=4
Sep 08 09:38:48 yoga7 niri[3355]: 2026-09-08T01:38:48.426954Z  INFO niri::input::touch_swipe_tracker: gesture-debug: motion slot=0 pos=(1133,691) t=51.274s fingers=4
Sep 08 09:38:48 yoga7 niri[3355]: 2026-09-08T01:38:48.426997Z  INFO niri::input::touch_swipe_tracker: gesture-debug: motion slot=1 pos=(656,688) t=51.274s fingers=4
Sep 08 09:38:48 yoga7 niri[3355]: 2026-09-08T01:38:48.427020Z  INFO niri::input::touch_swipe_tracker: gesture-debug: motion slot=2 pos=(972,590) t=51.274s fingers=4
Sep 08 09:38:48 yoga7 niri[3355]: 2026-09-08T01:38:48.427042Z  INFO niri::input::touch_swipe_tracker: gesture-debug: motion slot=3 pos=(817,589) t=51.274s fingers=4
Sep 08 09:38:48 yoga7 niri[3355]: 2026-09-08T01:38:48.435018Z  INFO niri::input::touch_swipe_tracker: gesture-debug: motion slot=0 pos=(1132,694) t=51.283s fingers=4
Sep 08 09:38:48 yoga7 niri[3355]: 2026-09-08T01:38:48.435046Z  INFO niri::input::touch_swipe_tracker: gesture-debug: motion slot=1 pos=(656,692) t=51.283s fingers=4
Sep 08 09:38:48 yoga7 niri[3355]: 2026-09-08T01:38:48.435059Z  INFO niri::input::touch_swipe_tracker: gesture-debug: motion slot=2 pos=(972,593) t=51.283s fingers=4
Sep 08 09:38:48 yoga7 niri[3355]: 2026-09-08T01:38:48.435071Z  INFO niri::input::touch_swipe_tracker: gesture-debug: motion slot=3 pos=(817,592) t=51.283s fingers=4
Sep 08 09:38:48 yoga7 niri[3355]: 2026-09-08T01:38:48.443306Z  INFO niri::input::touch_swipe_tracker: gesture-debug: motion slot=0 pos=(1132,697) t=51.291s fingers=4
Sep 08 09:38:48 yoga7 niri[3355]: 2026-09-08T01:38:48.443331Z  INFO niri::input::touch_swipe_tracker: gesture-debug: motion slot=1 pos=(657,695) t=51.291s fingers=4
Sep 08 09:38:48 yoga7 niri[3355]: 2026-09-08T01:38:48.443344Z  INFO niri::input::touch_swipe_tracker: gesture-debug: motion slot=2 pos=(972,596) t=51.291s fingers=4
Sep 08 09:38:48 yoga7 niri[3355]: 2026-09-08T01:38:48.443354Z  INFO niri::input::touch_swipe_tracker: gesture-debug: motion slot=3 pos=(817,595) t=51.291s fingers=4
Sep 08 09:38:48 yoga7 niri[3355]: 2026-09-08T01:38:48.452096Z  INFO niri::input::touch_swipe_tracker: gesture-debug: motion slot=0 pos=(1131,700) t=51.299s fingers=4
Sep 08 09:38:48 yoga7 niri[3355]: 2026-09-08T01:38:48.452128Z  INFO niri::input::touch_swipe_tracker: gesture-debug: motion slot=1 pos=(657,698) t=51.299s fingers=4
Sep 08 09:38:48 yoga7 niri[3355]: 2026-09-08T01:38:48.452141Z  INFO niri::input::touch_swipe_tracker: gesture-debug: motion slot=2 pos=(972,599) t=51.299s fingers=4
Sep 08 09:38:48 yoga7 niri[3355]: 2026-09-08T01:38:48.452152Z  INFO niri::input::touch_swipe_tracker: gesture-debug: motion slot=3 pos=(817,598) t=51.299s fingers=4
Sep 08 09:38:48 yoga7 niri[3355]: 2026-09-08T01:38:48.460011Z  INFO niri::input::touch_swipe_tracker: gesture-debug: motion slot=0 pos=(1131,703) t=51.307s fingers=4
Sep 08 09:38:48 yoga7 niri[3355]: 2026-09-08T01:38:48.460041Z  INFO niri::input::touch_swipe_tracker: gesture-debug: motion slot=1 pos=(657,700) t=51.307s fingers=4
Sep 08 09:38:48 yoga7 niri[3355]: 2026-09-08T01:38:48.460056Z  INFO niri::input::touch_swipe_tracker: gesture-debug: motion slot=2 pos=(972,603) t=51.307s fingers=4
Sep 08 09:38:48 yoga7 niri[3355]: 2026-09-08T01:38:48.460067Z  INFO niri::input::touch_swipe_tracker: gesture-debug: motion slot=3 pos=(817,601) t=51.307s fingers=4
Sep 08 09:38:48 yoga7 niri[3355]: 2026-09-08T01:38:48.468500Z  INFO niri::input::touch_swipe_tracker: gesture-debug: motion slot=0 pos=(1130,706) t=51.316s fingers=4
Sep 08 09:38:48 yoga7 niri[3355]: 2026-09-08T01:38:48.468525Z  INFO niri::input::touch_swipe_tracker: gesture-debug: motion slot=1 pos=(657,703) t=51.316s fingers=4
Sep 08 09:38:48 yoga7 niri[3355]: 2026-09-08T01:38:48.468538Z  INFO niri::input::touch_swipe_tracker: gesture-debug: motion slot=2 pos=(972,606) t=51.316s fingers=4
Sep 08 09:38:48 yoga7 niri[3355]: 2026-09-08T01:38:48.468549Z  INFO niri::input::touch_swipe_tracker: gesture-debug: motion slot=3 pos=(818,604) t=51.316s fingers=4
Sep 08 09:38:48 yoga7 niri[3355]: 2026-09-08T01:38:48.476554Z  INFO niri::input::touch_swipe_tracker: gesture-debug: motion slot=0 pos=(1130,709) t=51.324s fingers=4
Sep 08 09:38:48 yoga7 niri[3355]: 2026-09-08T01:38:48.476576Z  INFO niri::input::touch_swipe_tracker: gesture-debug: motion slot=1 pos=(657,706) t=51.324s fingers=4
Sep 08 09:38:48 yoga7 niri[3355]: 2026-09-08T01:38:48.476588Z  INFO niri::input::touch_swipe_tracker: gesture-debug: motion slot=2 pos=(972,609) t=51.324s fingers=4
Sep 08 09:38:48 yoga7 niri[3355]: 2026-09-08T01:38:48.476599Z  INFO niri::input::touch_swipe_tracker: gesture-debug: motion slot=3 pos=(818,608) t=51.324s fingers=4
Sep 08 09:38:48 yoga7 niri[3355]: 2026-09-08T01:38:48.485289Z  INFO niri::input::touch_swipe_tracker: gesture-debug: motion slot=0 pos=(1130,712) t=51.332s fingers=4
Sep 08 09:38:48 yoga7 niri[3355]: 2026-09-08T01:38:48.485313Z  INFO niri::input::touch_swipe_tracker: gesture-debug: motion slot=1 pos=(658,709) t=51.332s fingers=4
Sep 08 09:38:48 yoga7 niri[3355]: 2026-09-08T01:38:48.485326Z  INFO niri::input::touch_swipe_tracker: gesture-debug: motion slot=2 pos=(972,612) t=51.332s fingers=4
Sep 08 09:38:48 yoga7 niri[3355]: 2026-09-08T01:38:48.485338Z  INFO niri::input::touch_swipe_tracker: gesture-debug: motion slot=3 pos=(818,610) t=51.332s fingers=4
Sep 08 09:38:48 yoga7 niri[3355]: 2026-09-08T01:38:48.493242Z  INFO niri::input::touch_swipe_tracker: gesture-debug: motion slot=0 pos=(1129,715) t=51.341s fingers=4
Sep 08 09:38:48 yoga7 niri[3355]: 2026-09-08T01:38:48.493266Z  INFO niri::input::touch_swipe_tracker: gesture-debug: motion slot=1 pos=(658,712) t=51.341s fingers=4
Sep 08 09:38:48 yoga7 niri[3355]: 2026-09-08T01:38:48.493278Z  INFO niri::input::touch_swipe_tracker: gesture-debug: motion slot=2 pos=(972,614) t=51.341s fingers=4
Sep 08 09:38:48 yoga7 niri[3355]: 2026-09-08T01:38:48.493289Z  INFO niri::input::touch_swipe_tracker: gesture-debug: motion slot=3 pos=(818,613) t=51.341s fingers=4
Sep 08 09:38:48 yoga7 niri[3355]: 2026-09-08T01:38:48.501457Z  INFO niri::input::touch_swipe_tracker: gesture-debug: motion slot=0 pos=(1129,718) t=51.349s fingers=4
Sep 08 09:38:48 yoga7 niri[3355]: 2026-09-08T01:38:48.501482Z  INFO niri::input::touch_swipe_tracker: gesture-debug: motion slot=1 pos=(658,715) t=51.349s fingers=4
Sep 08 09:38:48 yoga7 niri[3355]: 2026-09-08T01:38:48.501498Z  INFO niri::input::touch_swipe_tracker: gesture-debug: motion slot=2 pos=(972,616) t=51.349s fingers=4
Sep 08 09:38:48 yoga7 niri[3355]: 2026-09-08T01:38:48.501521Z  INFO niri::input::touch_swipe_tracker: gesture-debug: motion slot=3 pos=(819,615) t=51.349s fingers=4
Sep 08 09:38:48 yoga7 niri[3355]: 2026-09-08T01:38:48.510021Z  INFO niri::input::touch_swipe_tracker: gesture-debug: motion slot=0 pos=(1129,721) t=51.358s fingers=4
Sep 08 09:38:48 yoga7 niri[3355]: 2026-09-08T01:38:48.510043Z  INFO niri::input::touch_swipe_tracker: gesture-debug: motion slot=1 pos=(658,718) t=51.358s fingers=4
Sep 08 09:38:48 yoga7 niri[3355]: 2026-09-08T01:38:48.510055Z  INFO niri::input::touch_swipe_tracker: gesture-debug: motion slot=2 pos=(972,618) t=51.358s fingers=4
Sep 08 09:38:48 yoga7 niri[3355]: 2026-09-08T01:38:48.510066Z  INFO niri::input::touch_swipe_tracker: gesture-debug: motion slot=3 pos=(818,618) t=51.358s fingers=4
Sep 08 09:38:48 yoga7 niri[3355]: 2026-09-08T01:38:48.518648Z  INFO niri::input::touch_swipe_tracker: gesture-debug: motion slot=0 pos=(1128,724) t=51.366s fingers=4
Sep 08 09:38:48 yoga7 niri[3355]: 2026-09-08T01:38:48.518672Z  INFO niri::input::touch_swipe_tracker: gesture-debug: motion slot=1 pos=(658,720) t=51.366s fingers=4
Sep 08 09:38:48 yoga7 niri[3355]: 2026-09-08T01:38:48.518685Z  INFO niri::input::touch_swipe_tracker: gesture-debug: motion slot=2 pos=(972,621) t=51.366s fingers=4
Sep 08 09:38:48 yoga7 niri[3355]: 2026-09-08T01:38:48.518695Z  INFO niri::input::touch_swipe_tracker: gesture-debug: motion slot=3 pos=(819,620) t=51.366s fingers=4
Sep 08 09:38:48 yoga7 niri[3355]: 2026-09-08T01:38:48.526375Z  INFO niri::input::touch_swipe_tracker: gesture-debug: motion slot=0 pos=(1128,726) t=51.374s fingers=4
Sep 08 09:38:48 yoga7 niri[3355]: 2026-09-08T01:38:48.526396Z  INFO niri::input::touch_swipe_tracker: gesture-debug: motion slot=1 pos=(659,723) t=51.374s fingers=4
Sep 08 09:38:48 yoga7 niri[3355]: 2026-09-08T01:38:48.526409Z  INFO niri::input::touch_swipe_tracker: gesture-debug: motion slot=2 pos=(972,623) t=51.374s fingers=4
Sep 08 09:38:48 yoga7 niri[3355]: 2026-09-08T01:38:48.526420Z  INFO niri::input::touch_swipe_tracker: gesture-debug: motion slot=3 pos=(819,622) t=51.374s fingers=4
Sep 08 09:38:48 yoga7 niri[3355]: 2026-09-08T01:38:48.534827Z  INFO niri::input::touch_swipe_tracker: gesture-debug: motion slot=0 pos=(1128,729) t=51.382s fingers=4
Sep 08 09:38:48 yoga7 niri[3355]: 2026-09-08T01:38:48.534867Z  INFO niri::input::touch_swipe_tracker: gesture-debug: motion slot=1 pos=(659,725) t=51.382s fingers=4
Sep 08 09:38:48 yoga7 niri[3355]: 2026-09-08T01:38:48.534889Z  INFO niri::input::touch_swipe_tracker: gesture-debug: motion slot=2 pos=(972,626) t=51.382s fingers=4
Sep 08 09:38:48 yoga7 niri[3355]: 2026-09-08T01:38:48.534907Z  INFO niri::input::touch_swipe_tracker: gesture-debug: motion slot=3 pos=(819,625) t=51.382s fingers=4
Sep 08 09:38:48 yoga7 niri[3355]: 2026-09-08T01:38:48.543060Z  INFO niri::input::touch_swipe_tracker: gesture-debug: motion slot=0 pos=(1128,731) t=51.391s fingers=4
Sep 08 09:38:48 yoga7 niri[3355]: 2026-09-08T01:38:48.543081Z  INFO niri::input::touch_swipe_tracker: gesture-debug: motion slot=1 pos=(659,727) t=51.391s fingers=4
Sep 08 09:38:48 yoga7 niri[3355]: 2026-09-08T01:38:48.543094Z  INFO niri::input::touch_swipe_tracker: gesture-debug: motion slot=2 pos=(972,628) t=51.391s fingers=4
Sep 08 09:38:48 yoga7 niri[3355]: 2026-09-08T01:38:48.543104Z  INFO niri::input::touch_swipe_tracker: gesture-debug: motion slot=3 pos=(819,628) t=51.391s fingers=4
Sep 08 09:38:48 yoga7 niri[3355]: 2026-09-08T01:38:48.551969Z  INFO niri::input::touch_swipe_tracker: gesture-debug: motion slot=0 pos=(1127,734) t=51.399s fingers=4
Sep 08 09:38:48 yoga7 niri[3355]: 2026-09-08T01:38:48.551990Z  INFO niri::input::touch_swipe_tracker: gesture-debug: motion slot=1 pos=(659,730) t=51.399s fingers=4
Sep 08 09:38:48 yoga7 niri[3355]: 2026-09-08T01:38:48.552003Z  INFO niri::input::touch_swipe_tracker: gesture-debug: motion slot=2 pos=(972,631) t=51.399s fingers=4
Sep 08 09:38:48 yoga7 niri[3355]: 2026-09-08T01:38:48.552013Z  INFO niri::input::touch_swipe_tracker: gesture-debug: motion slot=3 pos=(819,631) t=51.399s fingers=4
Sep 08 09:38:48 yoga7 niri[3355]: 2026-09-08T01:38:48.559787Z  INFO niri::input::touch_swipe_tracker: gesture-debug: motion slot=0 pos=(1127,736) t=51.407s fingers=4
Sep 08 09:38:48 yoga7 niri[3355]: 2026-09-08T01:38:48.559828Z  INFO niri::input::touch_swipe_tracker: gesture-debug: motion slot=1 pos=(659,733) t=51.407s fingers=4
Sep 08 09:38:48 yoga7 niri[3355]: 2026-09-08T01:38:48.559850Z  INFO niri::input::touch_swipe_tracker: gesture-debug: motion slot=2 pos=(972,634) t=51.407s fingers=4
Sep 08 09:38:48 yoga7 niri[3355]: 2026-09-08T01:38:48.559870Z  INFO niri::input::touch_swipe_tracker: gesture-debug: motion slot=3 pos=(820,635) t=51.407s fingers=4
Sep 08 09:38:48 yoga7 niri[3355]: 2026-09-08T01:38:48.568166Z  INFO niri::input::touch_swipe_tracker: gesture-debug: motion slot=0 pos=(1127,739) t=51.416s fingers=4
Sep 08 09:38:48 yoga7 niri[3355]: 2026-09-08T01:38:48.568211Z  INFO niri::input::touch_swipe_tracker: gesture-debug: motion slot=1 pos=(659,736) t=51.416s fingers=4
Sep 08 09:38:48 yoga7 niri[3355]: 2026-09-08T01:38:48.568237Z  INFO niri::input::touch_swipe_tracker: gesture-debug: motion slot=2 pos=(972,637) t=51.416s fingers=4
Sep 08 09:38:48 yoga7 niri[3355]: 2026-09-08T01:38:48.568256Z  INFO niri::input::touch_swipe_tracker: gesture-debug: motion slot=3 pos=(820,638) t=51.416s fingers=4
Sep 08 09:38:48 yoga7 niri[3355]: 2026-09-08T01:38:48.576417Z  INFO niri::input::touch_swipe_tracker: gesture-debug: motion slot=0 pos=(1127,742) t=51.424s fingers=4
Sep 08 09:38:48 yoga7 niri[3355]: 2026-09-08T01:38:48.576442Z  INFO niri::input::touch_swipe_tracker: gesture-debug: motion slot=1 pos=(660,739) t=51.424s fingers=4
Sep 08 09:38:48 yoga7 niri[3355]: 2026-09-08T01:38:48.576455Z  INFO niri::input::touch_swipe_tracker: gesture-debug: motion slot=2 pos=(972,640) t=51.424s fingers=4
Sep 08 09:38:48 yoga7 niri[3355]: 2026-09-08T01:38:48.576468Z  INFO niri::input::touch_swipe_tracker: gesture-debug: motion slot=3 pos=(820,640) t=51.424s fingers=4
Sep 08 09:38:48 yoga7 niri[3355]: 2026-09-08T01:38:48.584561Z  INFO niri::input::touch_swipe_tracker: gesture-debug: motion slot=0 pos=(1126,745) t=51.432s fingers=4
Sep 08 09:38:48 yoga7 niri[3355]: 2026-09-08T01:38:48.584581Z  INFO niri::input::touch_swipe_tracker: gesture-debug: motion slot=1 pos=(660,742) t=51.432s fingers=4
Sep 08 09:38:48 yoga7 niri[3355]: 2026-09-08T01:38:48.584592Z  INFO niri::input::touch_swipe_tracker: gesture-debug: motion slot=2 pos=(972,642) t=51.432s fingers=4
Sep 08 09:38:48 yoga7 niri[3355]: 2026-09-08T01:38:48.584602Z  INFO niri::input::touch_swipe_tracker: gesture-debug: motion slot=3 pos=(820,643) t=51.432s fingers=4
Sep 08 09:38:48 yoga7 niri[3355]: 2026-09-08T01:38:48.593330Z  INFO niri::input::touch_swipe_tracker: gesture-debug: motion slot=0 pos=(1126,747) t=51.441s fingers=4
Sep 08 09:38:48 yoga7 niri[3355]: 2026-09-08T01:38:48.593370Z  INFO niri::input::touch_swipe_tracker: gesture-debug: motion slot=1 pos=(660,744) t=51.441s fingers=4
Sep 08 09:38:48 yoga7 niri[3355]: 2026-09-08T01:38:48.593393Z  INFO niri::input::touch_swipe_tracker: gesture-debug: motion slot=2 pos=(972,645) t=51.441s fingers=4
Sep 08 09:38:48 yoga7 niri[3355]: 2026-09-08T01:38:48.593411Z  INFO niri::input::touch_swipe_tracker: gesture-debug: motion slot=3 pos=(820,645) t=51.441s fingers=4
Sep 08 09:38:48 yoga7 niri[3355]: 2026-09-08T01:38:48.601328Z  INFO niri::input::touch_swipe_tracker: gesture-debug: motion slot=0 pos=(1125,750) t=51.449s fingers=4
Sep 08 09:38:48 yoga7 niri[3355]: 2026-09-08T01:38:48.601366Z  INFO niri::input::touch_swipe_tracker: gesture-debug: motion slot=1 pos=(660,747) t=51.449s fingers=4
Sep 08 09:38:48 yoga7 niri[3355]: 2026-09-08T01:38:48.601388Z  INFO niri::input::touch_swipe_tracker: gesture-debug: motion slot=2 pos=(972,647) t=51.449s fingers=4
Sep 08 09:38:48 yoga7 niri[3355]: 2026-09-08T01:38:48.601406Z  INFO niri::input::touch_swipe_tracker: gesture-debug: motion slot=3 pos=(820,648) t=51.449s fingers=4
Sep 08 09:38:48 yoga7 niri[3355]: 2026-09-08T01:38:48.609762Z  INFO niri::input::touch_swipe_tracker: gesture-debug: motion slot=0 pos=(1125,752) t=51.457s fingers=4
Sep 08 09:38:48 yoga7 niri[3355]: 2026-09-08T01:38:48.609789Z  INFO niri::input::touch_swipe_tracker: gesture-debug: motion slot=1 pos=(660,749) t=51.457s fingers=4
Sep 08 09:38:48 yoga7 niri[3355]: 2026-09-08T01:38:48.609806Z  INFO niri::input::touch_swipe_tracker: gesture-debug: motion slot=2 pos=(971,649) t=51.457s fingers=4
Sep 08 09:38:48 yoga7 niri[3355]: 2026-09-08T01:38:48.609819Z  INFO niri::input::touch_swipe_tracker: gesture-debug: motion slot=3 pos=(820,651) t=51.457s fingers=4
Sep 08 09:38:48 yoga7 niri[3355]: 2026-09-08T01:38:48.618069Z  INFO niri::input::touch_swipe_tracker: gesture-debug: motion slot=0 pos=(1125,754) t=51.465s fingers=4
Sep 08 09:38:48 yoga7 niri[3355]: 2026-09-08T01:38:48.618107Z  INFO niri::input::touch_swipe_tracker: gesture-debug: motion slot=1 pos=(660,751) t=51.465s fingers=4
Sep 08 09:38:48 yoga7 niri[3355]: 2026-09-08T01:38:48.618129Z  INFO niri::input::touch_swipe_tracker: gesture-debug: motion slot=2 pos=(971,652) t=51.465s fingers=4
Sep 08 09:38:48 yoga7 niri[3355]: 2026-09-08T01:38:48.618149Z  INFO niri::input::touch_swipe_tracker: gesture-debug: motion slot=3 pos=(820,653) t=51.465s fingers=4
Sep 08 09:38:48 yoga7 niri[3355]: 2026-09-08T01:38:48.627110Z  INFO niri::input::touch_swipe_tracker: gesture-debug: motion slot=0 pos=(1125,756) t=51.475s fingers=4
Sep 08 09:38:48 yoga7 niri[3355]: 2026-09-08T01:38:48.627151Z  INFO niri::input::touch_swipe_tracker: gesture-debug: motion slot=1 pos=(661,753) t=51.475s fingers=4
Sep 08 09:38:48 yoga7 niri[3355]: 2026-09-08T01:38:48.627173Z  INFO niri::input::touch_swipe_tracker: gesture-debug: motion slot=2 pos=(971,654) t=51.475s fingers=4
Sep 08 09:38:48 yoga7 niri[3355]: 2026-09-08T01:38:48.627191Z  INFO niri::input::touch_swipe_tracker: gesture-debug: motion slot=3 pos=(820,656) t=51.475s fingers=4
Sep 08 09:38:48 yoga7 niri[3355]: 2026-09-08T01:38:48.634850Z  INFO niri::input::touch_swipe_tracker: gesture-debug: motion slot=0 pos=(1124,757) t=51.482s fingers=4
Sep 08 09:38:48 yoga7 niri[3355]: 2026-09-08T01:38:48.634880Z  INFO niri::input::touch_swipe_tracker: gesture-debug: motion slot=1 pos=(661,755) t=51.482s fingers=4
Sep 08 09:38:48 yoga7 niri[3355]: 2026-09-08T01:38:48.634897Z  INFO niri::input::touch_swipe_tracker: gesture-debug: motion slot=2 pos=(971,656) t=51.482s fingers=4
Sep 08 09:38:48 yoga7 niri[3355]: 2026-09-08T01:38:48.634911Z  INFO niri::input::touch_swipe_tracker: gesture-debug: motion slot=3 pos=(820,659) t=51.482s fingers=4
Sep 08 09:38:48 yoga7 niri[3355]: 2026-09-08T01:38:48.642956Z  INFO niri::input::touch_swipe_tracker: gesture-debug: motion slot=0 pos=(1124,759) t=51.49s fingers=4
Sep 08 09:38:48 yoga7 niri[3355]: 2026-09-08T01:38:48.642982Z  INFO niri::input::touch_swipe_tracker: gesture-debug: motion slot=1 pos=(661,757) t=51.49s fingers=4
Sep 08 09:38:48 yoga7 niri[3355]: 2026-09-08T01:38:48.642996Z  INFO niri::input::touch_swipe_tracker: gesture-debug: motion slot=2 pos=(971,659) t=51.49s fingers=4
Sep 08 09:38:48 yoga7 niri[3355]: 2026-09-08T01:38:48.643008Z  INFO niri::input::touch_swipe_tracker: gesture-debug: motion slot=3 pos=(820,661) t=51.49s fingers=4
Sep 08 09:38:48 yoga7 niri[3355]: 2026-09-08T01:38:48.651243Z  INFO niri::input::touch_swipe_tracker: gesture-debug: motion slot=0 pos=(1124,761) t=51.499s fingers=4
Sep 08 09:38:48 yoga7 niri[3355]: 2026-09-08T01:38:48.651282Z  INFO niri::input::touch_swipe_tracker: gesture-debug: motion slot=1 pos=(661,759) t=51.499s fingers=4
Sep 08 09:38:48 yoga7 niri[3355]: 2026-09-08T01:38:48.651305Z  INFO niri::input::touch_swipe_tracker: gesture-debug: motion slot=2 pos=(971,661) t=51.499s fingers=4
Sep 08 09:38:48 yoga7 niri[3355]: 2026-09-08T01:38:48.651322Z  INFO niri::input::touch_swipe_tracker: gesture-debug: motion slot=3 pos=(821,663) t=51.499s fingers=4
Sep 08 09:38:48 yoga7 niri[3355]: 2026-09-08T01:38:48.659539Z  INFO niri::input::touch_swipe_tracker: gesture-debug: motion slot=0 pos=(1124,763) t=51.507s fingers=4
Sep 08 09:38:48 yoga7 niri[3355]: 2026-09-08T01:38:48.659579Z  INFO niri::input::touch_swipe_tracker: gesture-debug: motion slot=1 pos=(662,761) t=51.507s fingers=4
Sep 08 09:38:48 yoga7 niri[3355]: 2026-09-08T01:38:48.659601Z  INFO niri::input::touch_swipe_tracker: gesture-debug: motion slot=2 pos=(971,663) t=51.507s fingers=4
Sep 08 09:38:48 yoga7 niri[3355]: 2026-09-08T01:38:48.659619Z  INFO niri::input::touch_swipe_tracker: gesture-debug: motion slot=3 pos=(821,665) t=51.507s fingers=4
Sep 08 09:38:48 yoga7 niri[3355]: 2026-09-08T01:38:48.667811Z  INFO niri::input::touch_swipe_tracker: gesture-debug: motion slot=0 pos=(1124,765) t=51.515s fingers=4
Sep 08 09:38:48 yoga7 niri[3355]: 2026-09-08T01:38:48.667835Z  INFO niri::input::touch_swipe_tracker: gesture-debug: motion slot=1 pos=(662,763) t=51.515s fingers=4
Sep 08 09:38:48 yoga7 niri[3355]: 2026-09-08T01:38:48.667849Z  INFO niri::input::touch_swipe_tracker: gesture-debug: motion slot=2 pos=(971,664) t=51.515s fingers=4
Sep 08 09:38:48 yoga7 niri[3355]: 2026-09-08T01:38:48.667862Z  INFO niri::input::touch_swipe_tracker: gesture-debug: motion slot=3 pos=(821,667) t=51.515s fingers=4
Sep 08 09:38:48 yoga7 niri[3355]: 2026-09-08T01:38:48.676260Z  INFO niri::input::touch_swipe_tracker: gesture-debug: motion slot=0 pos=(1123,766) t=51.524s fingers=4
Sep 08 09:38:48 yoga7 niri[3355]: 2026-09-08T01:38:48.676286Z  INFO niri::input::touch_swipe_tracker: gesture-debug: motion slot=1 pos=(662,765) t=51.524s fingers=4
Sep 08 09:38:48 yoga7 niri[3355]: 2026-09-08T01:38:48.676302Z  INFO niri::input::touch_swipe_tracker: gesture-debug: motion slot=2 pos=(971,666) t=51.524s fingers=4
Sep 08 09:38:48 yoga7 niri[3355]: 2026-09-08T01:38:48.676314Z  INFO niri::input::touch_swipe_tracker: gesture-debug: motion slot=3 pos=(821,668) t=51.524s fingers=4
Sep 08 09:38:48 yoga7 niri[3355]: 2026-09-08T01:38:48.684462Z  INFO niri::input::touch_swipe_tracker: gesture-debug: motion slot=0 pos=(1123,769) t=51.532s fingers=4
Sep 08 09:38:48 yoga7 niri[3355]: 2026-09-08T01:38:48.684500Z  INFO niri::input::touch_swipe_tracker: gesture-debug: motion slot=1 pos=(662,766) t=51.532s fingers=4
Sep 08 09:38:48 yoga7 niri[3355]: 2026-09-08T01:38:48.684522Z  INFO niri::input::touch_swipe_tracker: gesture-debug: motion slot=2 pos=(971,667) t=51.532s fingers=4
Sep 08 09:38:48 yoga7 niri[3355]: 2026-09-08T01:38:48.684541Z  INFO niri::input::touch_swipe_tracker: gesture-debug: motion slot=3 pos=(821,669) t=51.532s fingers=4
Sep 08 09:38:48 yoga7 niri[3355]: 2026-09-08T01:38:48.692749Z  INFO niri::input::touch_swipe_tracker: gesture-debug: motion slot=0 pos=(1123,771) t=51.54s fingers=4
Sep 08 09:38:48 yoga7 niri[3355]: 2026-09-08T01:38:48.692787Z  INFO niri::input::touch_swipe_tracker: gesture-debug: motion slot=1 pos=(662,768) t=51.54s fingers=4
Sep 08 09:38:48 yoga7 niri[3355]: 2026-09-08T01:38:48.692809Z  INFO niri::input::touch_swipe_tracker: gesture-debug: motion slot=2 pos=(971,669) t=51.54s fingers=4
Sep 08 09:38:48 yoga7 niri[3355]: 2026-09-08T01:38:48.692828Z  INFO niri::input::touch_swipe_tracker: gesture-debug: motion slot=3 pos=(821,671) t=51.54s fingers=4
Sep 08 09:38:48 yoga7 niri[3355]: 2026-09-08T01:38:48.701094Z  INFO niri::input::touch_swipe_tracker: gesture-debug: motion slot=0 pos=(1123,773) t=51.549s fingers=4
Sep 08 09:38:48 yoga7 niri[3355]: 2026-09-08T01:38:48.701133Z  INFO niri::input::touch_swipe_tracker: gesture-debug: motion slot=1 pos=(663,769) t=51.549s fingers=4
Sep 08 09:38:48 yoga7 niri[3355]: 2026-09-08T01:38:48.701157Z  INFO niri::input::touch_swipe_tracker: gesture-debug: motion slot=2 pos=(971,670) t=51.549s fingers=4
Sep 08 09:38:48 yoga7 niri[3355]: 2026-09-08T01:38:48.701175Z  INFO niri::input::touch_swipe_tracker: gesture-debug: motion slot=3 pos=(821,672) t=51.549s fingers=4
Sep 08 09:38:48 yoga7 niri[3355]: 2026-09-08T01:38:48.709384Z  INFO niri::input::touch_swipe_tracker: gesture-debug: motion slot=0 pos=(1123,775) t=51.557s fingers=4
Sep 08 09:38:48 yoga7 niri[3355]: 2026-09-08T01:38:48.709412Z  INFO niri::input::touch_swipe_tracker: gesture-debug: motion slot=1 pos=(662,771) t=51.557s fingers=4
Sep 08 09:38:48 yoga7 niri[3355]: 2026-09-08T01:38:48.709429Z  INFO niri::input::touch_swipe_tracker: gesture-debug: motion slot=2 pos=(970,671) t=51.557s fingers=4
Sep 08 09:38:48 yoga7 niri[3355]: 2026-09-08T01:38:48.709442Z  INFO niri::input::touch_swipe_tracker: gesture-debug: motion slot=3 pos=(821,673) t=51.557s fingers=4
Sep 08 09:38:48 yoga7 niri[3355]: 2026-09-08T01:38:48.717987Z  INFO niri::input::touch_swipe_tracker: gesture-debug: motion slot=0 pos=(1122,776) t=51.565s fingers=4
Sep 08 09:38:48 yoga7 niri[3355]: 2026-09-08T01:38:48.718033Z  INFO niri::input::touch_swipe_tracker: gesture-debug: motion slot=1 pos=(662,772) t=51.565s fingers=4
Sep 08 09:38:48 yoga7 niri[3355]: 2026-09-08T01:38:48.718057Z  INFO niri::input::touch_swipe_tracker: gesture-debug: motion slot=2 pos=(970,673) t=51.565s fingers=4
Sep 08 09:38:48 yoga7 niri[3355]: 2026-09-08T01:38:48.718077Z  INFO niri::input::touch_swipe_tracker: gesture-debug: motion slot=3 pos=(821,674) t=51.565s fingers=4
Sep 08 09:38:48 yoga7 niri[3355]: 2026-09-08T01:38:48.726355Z  INFO niri::input::touch_swipe_tracker: gesture-debug: motion slot=0 pos=(1122,778) t=51.574s fingers=4
Sep 08 09:38:48 yoga7 niri[3355]: 2026-09-08T01:38:48.726400Z  INFO niri::input::touch_swipe_tracker: gesture-debug: motion slot=1 pos=(662,773) t=51.574s fingers=4
Sep 08 09:38:48 yoga7 niri[3355]: 2026-09-08T01:38:48.726422Z  INFO niri::input::touch_swipe_tracker: gesture-debug: motion slot=2 pos=(970,674) t=51.574s fingers=4
Sep 08 09:38:48 yoga7 niri[3355]: 2026-09-08T01:38:48.726439Z  INFO niri::input::touch_swipe_tracker: gesture-debug: motion slot=3 pos=(821,675) t=51.574s fingers=4
Sep 08 09:38:48 yoga7 niri[3355]: 2026-09-08T01:38:48.734427Z  INFO niri::input::touch_swipe_tracker: gesture-debug: motion slot=0 pos=(1122,779) t=51.582s fingers=4
Sep 08 09:38:48 yoga7 niri[3355]: 2026-09-08T01:38:48.734464Z  INFO niri::input::touch_swipe_tracker: gesture-debug: motion slot=1 pos=(662,774) t=51.582s fingers=4
Sep 08 09:38:48 yoga7 niri[3355]: 2026-09-08T01:38:48.734490Z  INFO niri::input::touch_swipe_tracker: gesture-debug: motion slot=2 pos=(970,675) t=51.582s fingers=4
Sep 08 09:38:48 yoga7 niri[3355]: 2026-09-08T01:38:48.734508Z  INFO niri::input::touch_swipe_tracker: gesture-debug: motion slot=3 pos=(821,676) t=51.582s fingers=4
Sep 08 09:38:48 yoga7 niri[3355]: 2026-09-08T01:38:48.742784Z  INFO niri::input::touch_swipe_tracker: gesture-debug: motion slot=0 pos=(1122,780) t=51.59s fingers=4
Sep 08 09:38:48 yoga7 niri[3355]: 2026-09-08T01:38:48.742824Z  INFO niri::input::touch_swipe_tracker: gesture-debug: motion slot=1 pos=(662,774) t=51.59s fingers=4
Sep 08 09:38:48 yoga7 niri[3355]: 2026-09-08T01:38:48.742842Z  INFO niri::input::touch_swipe_tracker: gesture-debug: motion slot=2 pos=(970,677) t=51.59s fingers=4
Sep 08 09:38:48 yoga7 niri[3355]: 2026-09-08T01:38:48.742856Z  INFO niri::input::touch_swipe_tracker: gesture-debug: motion slot=3 pos=(821,678) t=51.59s fingers=4
Sep 08 09:38:48 yoga7 niri[3355]: 2026-09-08T01:38:48.751105Z  INFO niri::input::touch_swipe_tracker: gesture-debug: motion slot=0 pos=(1122,781) t=51.599s fingers=4
Sep 08 09:38:48 yoga7 niri[3355]: 2026-09-08T01:38:48.751144Z  INFO niri::input::touch_swipe_tracker: gesture-debug: motion slot=1 pos=(662,775) t=51.599s fingers=4
Sep 08 09:38:48 yoga7 niri[3355]: 2026-09-08T01:38:48.751166Z  INFO niri::input::touch_swipe_tracker: gesture-debug: motion slot=2 pos=(970,678) t=51.599s fingers=4
Sep 08 09:38:48 yoga7 niri[3355]: 2026-09-08T01:38:48.751185Z  INFO niri::input::touch_swipe_tracker: gesture-debug: motion slot=3 pos=(821,679) t=51.599s fingers=4
Sep 08 09:38:48 yoga7 niri[3355]: 2026-09-08T01:38:48.759649Z  INFO niri::input::touch_swipe_tracker: gesture-debug: motion slot=0 pos=(1121,783) t=51.607s fingers=4
Sep 08 09:38:48 yoga7 niri[3355]: 2026-09-08T01:38:48.759686Z  INFO niri::input::touch_swipe_tracker: gesture-debug: motion slot=1 pos=(662,776) t=51.607s fingers=4
Sep 08 09:38:48 yoga7 niri[3355]: 2026-09-08T01:38:48.759708Z  INFO niri::input::touch_swipe_tracker: gesture-debug: motion slot=2 pos=(970,679) t=51.607s fingers=4
Sep 08 09:38:48 yoga7 niri[3355]: 2026-09-08T01:38:48.759727Z  INFO niri::input::touch_swipe_tracker: gesture-debug: motion slot=3 pos=(821,680) t=51.607s fingers=4
Sep 08 09:38:48 yoga7 niri[3355]: 2026-09-08T01:38:48.767710Z  INFO niri::input::touch_swipe_tracker: gesture-debug: motion slot=0 pos=(1121,784) t=51.615s fingers=4
Sep 08 09:38:48 yoga7 niri[3355]: 2026-09-08T01:38:48.767735Z  INFO niri::input::touch_swipe_tracker: gesture-debug: motion slot=1 pos=(663,777) t=51.615s fingers=4
Sep 08 09:38:48 yoga7 niri[3355]: 2026-09-08T01:38:48.767749Z  INFO niri::input::touch_swipe_tracker: gesture-debug: motion slot=2 pos=(970,680) t=51.615s fingers=4
Sep 08 09:38:48 yoga7 niri[3355]: 2026-09-08T01:38:48.767762Z  INFO niri::input::touch_swipe_tracker: gesture-debug: motion slot=3 pos=(821,681) t=51.615s fingers=4
Sep 08 09:38:48 yoga7 niri[3355]: 2026-09-08T01:38:48.776109Z  INFO niri::input::touch_swipe_tracker: gesture-debug: motion slot=0 pos=(1121,785) t=51.623s fingers=4
Sep 08 09:38:48 yoga7 niri[3355]: 2026-09-08T01:38:48.776147Z  INFO niri::input::touch_swipe_tracker: gesture-debug: motion slot=1 pos=(663,779) t=51.623s fingers=4
Sep 08 09:38:48 yoga7 niri[3355]: 2026-09-08T01:38:48.776168Z  INFO niri::input::touch_swipe_tracker: gesture-debug: motion slot=2 pos=(970,682) t=51.623s fingers=4
Sep 08 09:38:48 yoga7 niri[3355]: 2026-09-08T01:38:48.776187Z  INFO niri::input::touch_swipe_tracker: gesture-debug: motion slot=3 pos=(821,683) t=51.623s fingers=4
Sep 08 09:38:48 yoga7 niri[3355]: 2026-09-08T01:38:48.783703Z  INFO niri::input::touch_swipe_tracker: gesture-debug: motion slot=0 pos=(1121,786) t=51.631s fingers=4
Sep 08 09:38:48 yoga7 niri[3355]: 2026-09-08T01:38:48.783742Z  INFO niri::input::touch_swipe_tracker: gesture-debug: motion slot=1 pos=(663,782) t=51.631s fingers=4
Sep 08 09:38:48 yoga7 niri[3355]: 2026-09-08T01:38:48.783764Z  INFO niri::input::touch_swipe_tracker: gesture-debug: motion slot=2 pos=(970,684) t=51.631s fingers=4
Sep 08 09:38:48 yoga7 niri[3355]: 2026-09-08T01:38:48.783784Z  INFO niri::input::touch_swipe_tracker: gesture-debug: motion slot=3 pos=(822,686) t=51.631s fingers=4
Sep 08 09:38:48 yoga7 niri[3355]: 2026-09-08T01:38:48.792013Z  INFO niri::input::touch_swipe_tracker: gesture-debug: motion slot=0 pos=(1120,788) t=51.639s fingers=4
Sep 08 09:38:48 yoga7 niri[3355]: 2026-09-08T01:38:48.792081Z  INFO niri::input::touch_swipe_tracker: gesture-debug: up slot=1 t=51.639s fingers=3: tracked finger lifted, ending gesture
Sep 08 09:38:57 yoga7 niri[3355]: 2026-09-08T01:38:57.167821Z  INFO niri::input::touch_swipe_tracker: gesture-debug: down slot=0 pos=(824,305) t=60.015734s fingers=1 phase=Idle
Sep 08 09:38:57 yoga7 niri[3355]: 2026-09-08T01:38:57.167950Z  INFO niri::input::touch_swipe_tracker: gesture-debug: down slot=1 pos=(1146,406) t=60.015734s fingers=2 phase=Idle
Sep 08 09:38:57 yoga7 niri[3355]: 2026-09-08T01:38:57.176013Z  INFO niri::input::touch_swipe_tracker: gesture-debug: down slot=2 pos=(991,317) t=60.023973s fingers=3 phase=Idle
Sep 08 09:38:57 yoga7 niri[3355]: 2026-09-08T01:38:57.176036Z DEBUG niri::input::touch_swipe_tracker: touch_swipe: entering recognizing phase with 3 slots
Sep 08 09:38:57 yoga7 niri[3355]: 2026-09-08T01:38:57.176049Z  INFO niri::input::touch_swipe_tracker: gesture-debug: recognizing: tracking 3 of 3 slots (min 3)
Sep 08 09:38:57 yoga7 niri[3355]: 2026-09-08T01:38:57.176058Z DEBUG niri::input: touch: multi-finger gesture owns the touch stream
Sep 08 09:38:57 yoga7 niri[3355]: 2026-09-08T01:38:57.176066Z  INFO niri::input: gesture-debug: gesture owns the touch stream (client touches cancelled)
Sep 08 09:38:57 yoga7 niri[3355]: 2026-09-08T01:38:57.185062Z  INFO niri::input::touch_swipe_tracker: gesture-debug: down slot=3 pos=(628,423) t=60.033033s fingers=4 phase=Recognizing
Sep 08 09:38:57 yoga7 niri[3355]: 2026-09-08T01:38:57.185091Z  INFO niri::input::touch_swipe_tracker: gesture-debug: late join: slot=3 now tracking 4 fingers
Sep 08 09:38:57 yoga7 niri[3355]: 2026-09-08T01:38:57.217599Z  INFO niri::input::touch_swipe_tracker: gesture-debug: motion slot=0 pos=(823,306) t=60.065566s fingers=4
Sep 08 09:38:57 yoga7 niri[3355]: 2026-09-08T01:38:57.217640Z  INFO niri::input::touch_swipe_tracker: gesture-debug: motion slot=1 pos=(1146,408) t=60.065566s fingers=4
Sep 08 09:38:57 yoga7 niri[3355]: 2026-09-08T01:38:57.226097Z  INFO niri::input::touch_swipe_tracker: gesture-debug: motion slot=0 pos=(823,307) t=60.074056s fingers=4
Sep 08 09:38:57 yoga7 niri[3355]: 2026-09-08T01:38:57.226125Z  INFO niri::input::touch_swipe_tracker: gesture-debug: motion slot=1 pos=(1145,410) t=60.074056s fingers=4
Sep 08 09:38:57 yoga7 niri[3355]: 2026-09-08T01:38:57.234146Z  INFO niri::input::touch_swipe_tracker: gesture-debug: motion slot=0 pos=(823,307) t=60.082116s fingers=4
Sep 08 09:38:57 yoga7 niri[3355]: 2026-09-08T01:38:57.234171Z  INFO niri::input::touch_swipe_tracker: gesture-debug: motion slot=1 pos=(1144,413) t=60.082116s fingers=4
Sep 08 09:38:57 yoga7 niri[3355]: 2026-09-08T01:38:57.234186Z  INFO niri::input::touch_swipe_tracker: gesture-debug: motion slot=2 pos=(990,318) t=60.082116s fingers=4
Sep 08 09:38:57 yoga7 niri[3355]: 2026-09-08T01:38:57.242516Z  INFO niri::input::touch_swipe_tracker: gesture-debug: motion slot=0 pos=(823,308) t=60.090447s fingers=4
Sep 08 09:38:57 yoga7 niri[3355]: 2026-09-08T01:38:57.242541Z  INFO niri::input::touch_swipe_tracker: gesture-debug: motion slot=1 pos=(1144,416) t=60.090447s fingers=4
Sep 08 09:38:57 yoga7 niri[3355]: 2026-09-08T01:38:57.242554Z  INFO niri::input::touch_swipe_tracker: gesture-debug: motion slot=2 pos=(990,319) t=60.090447s fingers=4
Sep 08 09:38:57 yoga7 niri[3355]: 2026-09-08T01:38:57.242564Z  INFO niri::input::touch_swipe_tracker: gesture-debug: motion slot=3 pos=(628,423) t=60.090447s fingers=4
Sep 08 09:38:57 yoga7 niri[3355]: 2026-09-08T01:38:57.250734Z  INFO niri::input::touch_swipe_tracker: gesture-debug: motion slot=0 pos=(823,308) t=60.098702s fingers=4
Sep 08 09:38:57 yoga7 niri[3355]: 2026-09-08T01:38:57.250761Z  INFO niri::input::touch_swipe_tracker: gesture-debug: motion slot=1 pos=(1143,420) t=60.098702s fingers=4
Sep 08 09:38:57 yoga7 niri[3355]: 2026-09-08T01:38:57.250774Z  INFO niri::input::touch_swipe_tracker: gesture-debug: motion slot=2 pos=(990,320) t=60.098702s fingers=4
Sep 08 09:38:57 yoga7 niri[3355]: 2026-09-08T01:38:57.250784Z  INFO niri::input::touch_swipe_tracker: gesture-debug: motion slot=3 pos=(628,424) t=60.098702s fingers=4
Sep 08 09:38:57 yoga7 niri[3355]: 2026-09-08T01:38:57.259342Z  INFO niri::input::touch_swipe_tracker: gesture-debug: motion slot=0 pos=(823,309) t=60.107012s fingers=4
Sep 08 09:38:57 yoga7 niri[3355]: 2026-09-08T01:38:57.259374Z  INFO niri::input::touch_swipe_tracker: gesture-debug: motion slot=1 pos=(1142,425) t=60.107012s fingers=4
Sep 08 09:38:57 yoga7 niri[3355]: 2026-09-08T01:38:57.259388Z  INFO niri::input::touch_swipe_tracker: gesture-debug: motion slot=2 pos=(990,323) t=60.107012s fingers=4
Sep 08 09:38:57 yoga7 niri[3355]: 2026-09-08T01:38:57.259399Z  INFO niri::input::touch_swipe_tracker: gesture-debug: motion slot=3 pos=(628,424) t=60.107012s fingers=4
Sep 08 09:38:57 yoga7 niri[3355]: 2026-09-08T01:38:57.267567Z  INFO niri::input::touch_swipe_tracker: gesture-debug: motion slot=0 pos=(823,311) t=60.115536s fingers=4
Sep 08 09:38:57 yoga7 niri[3355]: 2026-09-08T01:38:57.267593Z  INFO niri::input::touch_swipe_tracker: gesture-debug: motion slot=1 pos=(1141,429) t=60.115536s fingers=4
Sep 08 09:38:57 yoga7 niri[3355]: 2026-09-08T01:38:57.267608Z  INFO niri::input::touch_swipe_tracker: gesture-debug: motion slot=2 pos=(990,326) t=60.115536s fingers=4
Sep 08 09:38:57 yoga7 niri[3355]: 2026-09-08T01:38:57.267618Z  INFO niri::input::touch_swipe_tracker: gesture-debug: motion slot=3 pos=(628,425) t=60.115536s fingers=4
Sep 08 09:38:57 yoga7 niri[3355]: 2026-09-08T01:38:57.276091Z  INFO niri::input::touch_swipe_tracker: gesture-debug: motion slot=0 pos=(823,313) t=60.123638s fingers=4
Sep 08 09:38:57 yoga7 niri[3355]: 2026-09-08T01:38:57.276115Z  INFO niri::input::touch_swipe_tracker: gesture-debug: motion slot=1 pos=(1140,433) t=60.123638s fingers=4
Sep 08 09:38:57 yoga7 niri[3355]: 2026-09-08T01:38:57.276128Z  INFO niri::input::touch_swipe_tracker: gesture-debug: motion slot=2 pos=(990,329) t=60.123638s fingers=4
Sep 08 09:38:57 yoga7 niri[3355]: 2026-09-08T01:38:57.276139Z  INFO niri::input::touch_swipe_tracker: gesture-debug: motion slot=3 pos=(629,426) t=60.123638s fingers=4
Sep 08 09:38:57 yoga7 niri[3355]: 2026-09-08T01:38:57.284002Z  INFO niri::input::touch_swipe_tracker: gesture-debug: motion slot=0 pos=(823,316) t=60.131966s fingers=4
Sep 08 09:38:57 yoga7 niri[3355]: 2026-09-08T01:38:57.284029Z  INFO niri::input::touch_swipe_tracker: gesture-debug: motion slot=1 pos=(1139,437) t=60.131966s fingers=4
Sep 08 09:38:57 yoga7 niri[3355]: 2026-09-08T01:38:57.284042Z  INFO niri::input::touch_swipe_tracker: gesture-debug: motion slot=2 pos=(990,333) t=60.131966s fingers=4
Sep 08 09:38:57 yoga7 niri[3355]: 2026-09-08T01:38:57.284052Z  INFO niri::input::touch_swipe_tracker: gesture-debug: motion slot=3 pos=(629,428) t=60.131966s fingers=4
Sep 08 09:38:57 yoga7 niri[3355]: 2026-09-08T01:38:57.292383Z  INFO niri::input::touch_swipe_tracker: gesture-debug: motion slot=0 pos=(823,320) t=60.140346s fingers=4
Sep 08 09:38:57 yoga7 niri[3355]: 2026-09-08T01:38:57.292407Z  INFO niri::input::touch_swipe_tracker: gesture-debug: recognized: swipe fingers=4 direction=Vertical delta=(-2.0,16.7) t=60.140346s
Sep 08 09:38:57 yoga7 niri[3355]: 2026-09-08T01:38:57.292422Z  INFO niri::input: gesture-debug: swipe dispatch: fingers=4 hold=false direction=Vertical discrete=None
Sep 08 09:38:57 yoga7 niri[3355]: 2026-09-08T01:38:57.292464Z  INFO niri::input::touch_swipe_tracker: gesture-debug: motion slot=1 pos=(1138,441) t=60.14s fingers=4
Sep 08 09:38:57 yoga7 niri[3355]: 2026-09-08T01:38:57.292487Z  INFO niri::input::touch_swipe_tracker: gesture-debug: motion slot=2 pos=(990,336) t=60.14s fingers=4
Sep 08 09:38:57 yoga7 niri[3355]: 2026-09-08T01:38:57.292506Z  INFO niri::input::touch_swipe_tracker: gesture-debug: motion slot=3 pos=(629,431) t=60.14s fingers=4
Sep 08 09:38:57 yoga7 niri[3355]: 2026-09-08T01:38:57.300596Z  INFO niri::input::touch_swipe_tracker: gesture-debug: motion slot=0 pos=(823,324) t=60.148s fingers=4
Sep 08 09:38:57 yoga7 niri[3355]: 2026-09-08T01:38:57.300620Z  INFO niri::input::touch_swipe_tracker: gesture-debug: motion slot=1 pos=(1137,445) t=60.148s fingers=4
Sep 08 09:38:57 yoga7 niri[3355]: 2026-09-08T01:38:57.300635Z  INFO niri::input::touch_swipe_tracker: gesture-debug: motion slot=2 pos=(990,341) t=60.148s fingers=4
Sep 08 09:38:57 yoga7 niri[3355]: 2026-09-08T01:38:57.300647Z  INFO niri::input::touch_swipe_tracker: gesture-debug: motion slot=3 pos=(630,435) t=60.148s fingers=4
Sep 08 09:38:57 yoga7 niri[3355]: 2026-09-08T01:38:57.309240Z  INFO niri::input::touch_swipe_tracker: gesture-debug: motion slot=0 pos=(824,327) t=60.157s fingers=4
Sep 08 09:38:57 yoga7 niri[3355]: 2026-09-08T01:38:57.309278Z  INFO niri::input::touch_swipe_tracker: gesture-debug: motion slot=1 pos=(1137,449) t=60.157s fingers=4
Sep 08 09:38:57 yoga7 niri[3355]: 2026-09-08T01:38:57.309301Z  INFO niri::input::touch_swipe_tracker: gesture-debug: motion slot=2 pos=(990,346) t=60.157s fingers=4
Sep 08 09:38:57 yoga7 niri[3355]: 2026-09-08T01:38:57.309319Z  INFO niri::input::touch_swipe_tracker: gesture-debug: motion slot=3 pos=(630,438) t=60.157s fingers=4
Sep 08 09:38:57 yoga7 niri[3355]: 2026-09-08T01:38:57.317332Z  INFO niri::input::touch_swipe_tracker: gesture-debug: motion slot=0 pos=(824,331) t=60.165s fingers=4
Sep 08 09:38:57 yoga7 niri[3355]: 2026-09-08T01:38:57.317372Z  INFO niri::input::touch_swipe_tracker: gesture-debug: motion slot=1 pos=(1136,452) t=60.165s fingers=4
Sep 08 09:38:57 yoga7 niri[3355]: 2026-09-08T01:38:57.317394Z  INFO niri::input::touch_swipe_tracker: gesture-debug: motion slot=2 pos=(989,351) t=60.165s fingers=4
Sep 08 09:38:57 yoga7 niri[3355]: 2026-09-08T01:38:57.317414Z  INFO niri::input::touch_swipe_tracker: gesture-debug: motion slot=3 pos=(630,441) t=60.165s fingers=4
Sep 08 09:38:57 yoga7 niri[3355]: 2026-09-08T01:38:57.325559Z  INFO niri::input::touch_swipe_tracker: gesture-debug: motion slot=0 pos=(824,335) t=60.173s fingers=4
Sep 08 09:38:57 yoga7 niri[3355]: 2026-09-08T01:38:57.325597Z  INFO niri::input::touch_swipe_tracker: gesture-debug: motion slot=1 pos=(1135,456) t=60.173s fingers=4
Sep 08 09:38:57 yoga7 niri[3355]: 2026-09-08T01:38:57.325619Z  INFO niri::input::touch_swipe_tracker: gesture-debug: motion slot=2 pos=(989,355) t=60.173s fingers=4
Sep 08 09:38:57 yoga7 niri[3355]: 2026-09-08T01:38:57.325637Z  INFO niri::input::touch_swipe_tracker: gesture-debug: motion slot=3 pos=(630,444) t=60.173s fingers=4
Sep 08 09:38:57 yoga7 niri[3355]: 2026-09-08T01:38:57.333849Z  INFO niri::input::touch_swipe_tracker: gesture-debug: motion slot=0 pos=(824,339) t=60.181s fingers=4
Sep 08 09:38:57 yoga7 niri[3355]: 2026-09-08T01:38:57.333874Z  INFO niri::input::touch_swipe_tracker: gesture-debug: motion slot=1 pos=(1134,461) t=60.181s fingers=4
Sep 08 09:38:57 yoga7 niri[3355]: 2026-09-08T01:38:57.333889Z  INFO niri::input::touch_swipe_tracker: gesture-debug: motion slot=2 pos=(989,358) t=60.181s fingers=4
Sep 08 09:38:57 yoga7 niri[3355]: 2026-09-08T01:38:57.333901Z  INFO niri::input::touch_swipe_tracker: gesture-debug: motion slot=3 pos=(631,448) t=60.181s fingers=4
Sep 08 09:38:57 yoga7 niri[3355]: 2026-09-08T01:38:57.342565Z  INFO niri::input::touch_swipe_tracker: gesture-debug: motion slot=0 pos=(825,343) t=60.19s fingers=4
Sep 08 09:38:57 yoga7 niri[3355]: 2026-09-08T01:38:57.342613Z  INFO niri::input::touch_swipe_tracker: gesture-debug: motion slot=1 pos=(1133,465) t=60.19s fingers=4
Sep 08 09:38:57 yoga7 niri[3355]: 2026-09-08T01:38:57.342637Z  INFO niri::input::touch_swipe_tracker: gesture-debug: motion slot=2 pos=(989,362) t=60.19s fingers=4
Sep 08 09:38:57 yoga7 niri[3355]: 2026-09-08T01:38:57.342657Z  INFO niri::input::touch_swipe_tracker: gesture-debug: motion slot=3 pos=(631,451) t=60.19s fingers=4
Sep 08 09:38:57 yoga7 niri[3355]: 2026-09-08T01:38:57.350677Z  INFO niri::input::touch_swipe_tracker: gesture-debug: motion slot=0 pos=(824,347) t=60.198s fingers=4
Sep 08 09:38:57 yoga7 niri[3355]: 2026-09-08T01:38:57.350718Z  INFO niri::input::touch_swipe_tracker: gesture-debug: motion slot=1 pos=(1132,469) t=60.198s fingers=4
Sep 08 09:38:57 yoga7 niri[3355]: 2026-09-08T01:38:57.350743Z  INFO niri::input::touch_swipe_tracker: gesture-debug: motion slot=2 pos=(989,366) t=60.198s fingers=4
Sep 08 09:38:57 yoga7 niri[3355]: 2026-09-08T01:38:57.350764Z  INFO niri::input::touch_swipe_tracker: gesture-debug: motion slot=3 pos=(631,455) t=60.198s fingers=4
Sep 08 09:38:57 yoga7 niri[3355]: 2026-09-08T01:38:57.358906Z  INFO niri::input::touch_swipe_tracker: gesture-debug: motion slot=0 pos=(825,351) t=60.206s fingers=4
Sep 08 09:38:57 yoga7 niri[3355]: 2026-09-08T01:38:57.358957Z  INFO niri::input::touch_swipe_tracker: gesture-debug: motion slot=1 pos=(1132,473) t=60.206s fingers=4
Sep 08 09:38:57 yoga7 niri[3355]: 2026-09-08T01:38:57.358980Z  INFO niri::input::touch_swipe_tracker: gesture-debug: motion slot=2 pos=(989,371) t=60.206s fingers=4
Sep 08 09:38:57 yoga7 niri[3355]: 2026-09-08T01:38:57.358999Z  INFO niri::input::touch_swipe_tracker: gesture-debug: motion slot=3 pos=(632,459) t=60.206s fingers=4
Sep 08 09:38:57 yoga7 niri[3355]: 2026-09-08T01:38:57.367066Z  INFO niri::input::touch_swipe_tracker: gesture-debug: motion slot=0 pos=(825,355) t=60.215s fingers=4
Sep 08 09:38:57 yoga7 niri[3355]: 2026-09-08T01:38:57.367095Z  INFO niri::input::touch_swipe_tracker: gesture-debug: motion slot=1 pos=(1131,477) t=60.215s fingers=4
Sep 08 09:38:57 yoga7 niri[3355]: 2026-09-08T01:38:57.367111Z  INFO niri::input::touch_swipe_tracker: gesture-debug: motion slot=2 pos=(988,376) t=60.215s fingers=4
Sep 08 09:38:57 yoga7 niri[3355]: 2026-09-08T01:38:57.367124Z  INFO niri::input::touch_swipe_tracker: gesture-debug: motion slot=3 pos=(632,463) t=60.215s fingers=4
Sep 08 09:38:57 yoga7 niri[3355]: 2026-09-08T01:38:57.375444Z  INFO niri::input::touch_swipe_tracker: gesture-debug: motion slot=0 pos=(825,359) t=60.223s fingers=4
Sep 08 09:38:57 yoga7 niri[3355]: 2026-09-08T01:38:57.375484Z  INFO niri::input::touch_swipe_tracker: gesture-debug: motion slot=1 pos=(1130,481) t=60.223s fingers=4
Sep 08 09:38:57 yoga7 niri[3355]: 2026-09-08T01:38:57.375507Z  INFO niri::input::touch_swipe_tracker: gesture-debug: motion slot=2 pos=(988,380) t=60.223s fingers=4
Sep 08 09:38:57 yoga7 niri[3355]: 2026-09-08T01:38:57.375525Z  INFO niri::input::touch_swipe_tracker: gesture-debug: motion slot=3 pos=(632,467) t=60.223s fingers=4
Sep 08 09:38:57 yoga7 niri[3355]: 2026-09-08T01:38:57.383777Z  INFO niri::input::touch_swipe_tracker: gesture-debug: motion slot=0 pos=(825,363) t=60.231s fingers=4
Sep 08 09:38:57 yoga7 niri[3355]: 2026-09-08T01:38:57.383817Z  INFO niri::input::touch_swipe_tracker: gesture-debug: motion slot=1 pos=(1130,485) t=60.231s fingers=4
Sep 08 09:38:57 yoga7 niri[3355]: 2026-09-08T01:38:57.383840Z  INFO niri::input::touch_swipe_tracker: gesture-debug: motion slot=2 pos=(988,384) t=60.231s fingers=4
Sep 08 09:38:57 yoga7 niri[3355]: 2026-09-08T01:38:57.383859Z  INFO niri::input::touch_swipe_tracker: gesture-debug: motion slot=3 pos=(632,471) t=60.231s fingers=4
Sep 08 09:38:57 yoga7 niri[3355]: 2026-09-08T01:38:57.392259Z  INFO niri::input::touch_swipe_tracker: gesture-debug: motion slot=0 pos=(825,368) t=60.24s fingers=4
Sep 08 09:38:57 yoga7 niri[3355]: 2026-09-08T01:38:57.392296Z  INFO niri::input::touch_swipe_tracker: gesture-debug: motion slot=1 pos=(1129,489) t=60.24s fingers=4
Sep 08 09:38:57 yoga7 niri[3355]: 2026-09-08T01:38:57.392318Z  INFO niri::input::touch_swipe_tracker: gesture-debug: motion slot=2 pos=(988,388) t=60.24s fingers=4
Sep 08 09:38:57 yoga7 niri[3355]: 2026-09-08T01:38:57.392338Z  INFO niri::input::touch_swipe_tracker: gesture-debug: motion slot=3 pos=(633,476) t=60.24s fingers=4
Sep 08 09:38:57 yoga7 niri[3355]: 2026-09-08T01:38:57.400290Z  INFO niri::input::touch_swipe_tracker: gesture-debug: motion slot=0 pos=(825,373) t=60.248s fingers=4
Sep 08 09:38:57 yoga7 niri[3355]: 2026-09-08T01:38:57.400315Z  INFO niri::input::touch_swipe_tracker: gesture-debug: motion slot=1 pos=(1128,493) t=60.248s fingers=4
Sep 08 09:38:57 yoga7 niri[3355]: 2026-09-08T01:38:57.400328Z  INFO niri::input::touch_swipe_tracker: gesture-debug: motion slot=2 pos=(988,392) t=60.248s fingers=4
Sep 08 09:38:57 yoga7 niri[3355]: 2026-09-08T01:38:57.400340Z  INFO niri::input::touch_swipe_tracker: gesture-debug: motion slot=3 pos=(633,481) t=60.248s fingers=4
Sep 08 09:38:57 yoga7 niri[3355]: 2026-09-08T01:38:57.408709Z  INFO niri::input::touch_swipe_tracker: gesture-debug: motion slot=0 pos=(825,377) t=60.256s fingers=4
Sep 08 09:38:57 yoga7 niri[3355]: 2026-09-08T01:38:57.408750Z  INFO niri::input::touch_swipe_tracker: gesture-debug: motion slot=1 pos=(1127,497) t=60.256s fingers=4
Sep 08 09:38:57 yoga7 niri[3355]: 2026-09-08T01:38:57.408774Z  INFO niri::input::touch_swipe_tracker: gesture-debug: motion slot=2 pos=(988,396) t=60.256s fingers=4
Sep 08 09:38:57 yoga7 niri[3355]: 2026-09-08T01:38:57.408792Z  INFO niri::input::touch_swipe_tracker: gesture-debug: motion slot=3 pos=(634,486) t=60.256s fingers=4
Sep 08 09:38:57 yoga7 niri[3355]: 2026-09-08T01:38:57.417025Z  INFO niri::input::touch_swipe_tracker: gesture-debug: motion slot=0 pos=(825,382) t=60.264s fingers=4
Sep 08 09:38:57 yoga7 niri[3355]: 2026-09-08T01:38:57.417064Z  INFO niri::input::touch_swipe_tracker: gesture-debug: motion slot=1 pos=(1127,501) t=60.264s fingers=4
Sep 08 09:38:57 yoga7 niri[3355]: 2026-09-08T01:38:57.417087Z  INFO niri::input::touch_swipe_tracker: gesture-debug: motion slot=2 pos=(988,401) t=60.264s fingers=4
Sep 08 09:38:57 yoga7 niri[3355]: 2026-09-08T01:38:57.417105Z  INFO niri::input::touch_swipe_tracker: gesture-debug: motion slot=3 pos=(634,491) t=60.264s fingers=4
Sep 08 09:38:57 yoga7 niri[3355]: 2026-09-08T01:38:57.425330Z  INFO niri::input::touch_swipe_tracker: gesture-debug: motion slot=0 pos=(825,386) t=60.273s fingers=4
Sep 08 09:38:57 yoga7 niri[3355]: 2026-09-08T01:38:57.425369Z  INFO niri::input::touch_swipe_tracker: gesture-debug: motion slot=1 pos=(1126,506) t=60.273s fingers=4
Sep 08 09:38:57 yoga7 niri[3355]: 2026-09-08T01:38:57.425393Z  INFO niri::input::touch_swipe_tracker: gesture-debug: motion slot=2 pos=(988,406) t=60.273s fingers=4
Sep 08 09:38:57 yoga7 niri[3355]: 2026-09-08T01:38:57.425412Z  INFO niri::input::touch_swipe_tracker: gesture-debug: motion slot=3 pos=(635,496) t=60.273s fingers=4
Sep 08 09:38:57 yoga7 niri[3355]: 2026-09-08T01:38:57.433756Z  INFO niri::input::touch_swipe_tracker: gesture-debug: motion slot=0 pos=(825,391) t=60.281s fingers=4
Sep 08 09:38:57 yoga7 niri[3355]: 2026-09-08T01:38:57.433799Z  INFO niri::input::touch_swipe_tracker: gesture-debug: motion slot=1 pos=(1125,510) t=60.281s fingers=4
Sep 08 09:38:57 yoga7 niri[3355]: 2026-09-08T01:38:57.433825Z  INFO niri::input::touch_swipe_tracker: gesture-debug: motion slot=2 pos=(988,410) t=60.281s fingers=4
Sep 08 09:38:57 yoga7 niri[3355]: 2026-09-08T01:38:57.433846Z  INFO niri::input::touch_swipe_tracker: gesture-debug: motion slot=3 pos=(635,501) t=60.281s fingers=4
Sep 08 09:38:57 yoga7 niri[3355]: 2026-09-08T01:38:57.441978Z  INFO niri::input::touch_swipe_tracker: gesture-debug: motion slot=0 pos=(825,396) t=60.289s fingers=4
Sep 08 09:38:57 yoga7 niri[3355]: 2026-09-08T01:38:57.442028Z  INFO niri::input::touch_swipe_tracker: gesture-debug: motion slot=1 pos=(1125,515) t=60.289s fingers=4
Sep 08 09:38:57 yoga7 niri[3355]: 2026-09-08T01:38:57.442053Z  INFO niri::input::touch_swipe_tracker: gesture-debug: motion slot=2 pos=(988,414) t=60.289s fingers=4
Sep 08 09:38:57 yoga7 niri[3355]: 2026-09-08T01:38:57.442075Z  INFO niri::input::touch_swipe_tracker: gesture-debug: motion slot=3 pos=(635,506) t=60.289s fingers=4
Sep 08 09:38:57 yoga7 niri[3355]: 2026-09-08T01:38:57.450265Z  INFO niri::input::touch_swipe_tracker: gesture-debug: motion slot=0 pos=(825,401) t=60.298s fingers=4
Sep 08 09:38:57 yoga7 niri[3355]: 2026-09-08T01:38:57.450303Z  INFO niri::input::touch_swipe_tracker: gesture-debug: motion slot=1 pos=(1124,519) t=60.298s fingers=4
Sep 08 09:38:57 yoga7 niri[3355]: 2026-09-08T01:38:57.450325Z  INFO niri::input::touch_swipe_tracker: gesture-debug: motion slot=2 pos=(987,418) t=60.298s fingers=4
Sep 08 09:38:57 yoga7 niri[3355]: 2026-09-08T01:38:57.450344Z  INFO niri::input::touch_swipe_tracker: gesture-debug: motion slot=3 pos=(636,511) t=60.298s fingers=4
Sep 08 09:38:57 yoga7 niri[3355]: 2026-09-08T01:38:57.458549Z  INFO niri::input::touch_swipe_tracker: gesture-debug: motion slot=0 pos=(825,405) t=60.306s fingers=4
Sep 08 09:38:57 yoga7 niri[3355]: 2026-09-08T01:38:57.458578Z  INFO niri::input::touch_swipe_tracker: gesture-debug: motion slot=1 pos=(1124,523) t=60.306s fingers=4
Sep 08 09:38:57 yoga7 niri[3355]: 2026-09-08T01:38:57.458594Z  INFO niri::input::touch_swipe_tracker: gesture-debug: motion slot=2 pos=(987,424) t=60.306s fingers=4
Sep 08 09:38:57 yoga7 niri[3355]: 2026-09-08T01:38:57.458607Z  INFO niri::input::touch_swipe_tracker: gesture-debug: motion slot=3 pos=(636,516) t=60.306s fingers=4
Sep 08 09:38:57 yoga7 niri[3355]: 2026-09-08T01:38:57.466793Z  INFO niri::input::touch_swipe_tracker: gesture-debug: motion slot=0 pos=(825,410) t=60.314s fingers=4
Sep 08 09:38:57 yoga7 niri[3355]: 2026-09-08T01:38:57.466819Z  INFO niri::input::touch_swipe_tracker: gesture-debug: motion slot=1 pos=(1123,528) t=60.314s fingers=4
Sep 08 09:38:57 yoga7 niri[3355]: 2026-09-08T01:38:57.466835Z  INFO niri::input::touch_swipe_tracker: gesture-debug: motion slot=2 pos=(987,429) t=60.314s fingers=4
Sep 08 09:38:57 yoga7 niri[3355]: 2026-09-08T01:38:57.466850Z  INFO niri::input::touch_swipe_tracker: gesture-debug: motion slot=3 pos=(636,522) t=60.314s fingers=4
Sep 08 09:38:57 yoga7 niri[3355]: 2026-09-08T01:38:57.475380Z  INFO niri::input::touch_swipe_tracker: gesture-debug: motion slot=0 pos=(825,415) t=60.323s fingers=4
Sep 08 09:38:57 yoga7 niri[3355]: 2026-09-08T01:38:57.475421Z  INFO niri::input::touch_swipe_tracker: gesture-debug: motion slot=1 pos=(1122,533) t=60.323s fingers=4
Sep 08 09:38:57 yoga7 niri[3355]: 2026-09-08T01:38:57.475444Z  INFO niri::input::touch_swipe_tracker: gesture-debug: motion slot=2 pos=(987,433) t=60.323s fingers=4
Sep 08 09:38:57 yoga7 niri[3355]: 2026-09-08T01:38:57.475464Z  INFO niri::input::touch_swipe_tracker: gesture-debug: motion slot=3 pos=(637,527) t=60.323s fingers=4
Sep 08 09:38:57 yoga7 niri[3355]: 2026-09-08T01:38:57.483533Z  INFO niri::input::touch_swipe_tracker: gesture-debug: motion slot=0 pos=(825,420) t=60.331s fingers=4
Sep 08 09:38:57 yoga7 niri[3355]: 2026-09-08T01:38:57.483571Z  INFO niri::input::touch_swipe_tracker: gesture-debug: motion slot=1 pos=(1122,537) t=60.331s fingers=4
Sep 08 09:38:57 yoga7 niri[3355]: 2026-09-08T01:38:57.483593Z  INFO niri::input::touch_swipe_tracker: gesture-debug: motion slot=2 pos=(987,437) t=60.331s fingers=4
Sep 08 09:38:57 yoga7 niri[3355]: 2026-09-08T01:38:57.483611Z  INFO niri::input::touch_swipe_tracker: gesture-debug: motion slot=3 pos=(637,532) t=60.331s fingers=4
Sep 08 09:38:57 yoga7 niri[3355]: 2026-09-08T01:38:57.491875Z  INFO niri::input::touch_swipe_tracker: gesture-debug: motion slot=0 pos=(825,425) t=60.339s fingers=4
Sep 08 09:38:57 yoga7 niri[3355]: 2026-09-08T01:38:57.491914Z  INFO niri::input::touch_swipe_tracker: gesture-debug: motion slot=1 pos=(1121,542) t=60.339s fingers=4
Sep 08 09:38:57 yoga7 niri[3355]: 2026-09-08T01:38:57.491952Z  INFO niri::input::touch_swipe_tracker: gesture-debug: motion slot=2 pos=(987,441) t=60.339s fingers=4
Sep 08 09:38:57 yoga7 niri[3355]: 2026-09-08T01:38:57.491972Z  INFO niri::input::touch_swipe_tracker: gesture-debug: motion slot=3 pos=(638,537) t=60.339s fingers=4
Sep 08 09:38:57 yoga7 niri[3355]: 2026-09-08T01:38:57.500108Z  INFO niri::input::touch_swipe_tracker: gesture-debug: motion slot=0 pos=(825,429) t=60.348s fingers=4
Sep 08 09:38:57 yoga7 niri[3355]: 2026-09-08T01:38:57.500136Z  INFO niri::input::touch_swipe_tracker: gesture-debug: motion slot=1 pos=(1121,546) t=60.348s fingers=4
Sep 08 09:38:57 yoga7 niri[3355]: 2026-09-08T01:38:57.500157Z  INFO niri::input::touch_swipe_tracker: gesture-debug: motion slot=2 pos=(987,446) t=60.348s fingers=4
Sep 08 09:38:57 yoga7 niri[3355]: 2026-09-08T01:38:57.500170Z  INFO niri::input::touch_swipe_tracker: gesture-debug: motion slot=3 pos=(638,542) t=60.348s fingers=4
Sep 08 09:38:57 yoga7 niri[3355]: 2026-09-08T01:38:57.508441Z  INFO niri::input::touch_swipe_tracker: gesture-debug: motion slot=0 pos=(825,434) t=60.356s fingers=4
Sep 08 09:38:57 yoga7 niri[3355]: 2026-09-08T01:38:57.508478Z  INFO niri::input::touch_swipe_tracker: gesture-debug: motion slot=1 pos=(1120,550) t=60.356s fingers=4
Sep 08 09:38:57 yoga7 niri[3355]: 2026-09-08T01:38:57.508500Z  INFO niri::input::touch_swipe_tracker: gesture-debug: motion slot=2 pos=(986,451) t=60.356s fingers=4
Sep 08 09:38:57 yoga7 niri[3355]: 2026-09-08T01:38:57.508520Z  INFO niri::input::touch_swipe_tracker: gesture-debug: motion slot=3 pos=(638,546) t=60.356s fingers=4
Sep 08 09:38:57 yoga7 niri[3355]: 2026-09-08T01:38:57.516935Z  INFO niri::input::touch_swipe_tracker: gesture-debug: motion slot=0 pos=(825,438) t=60.364s fingers=4
Sep 08 09:38:57 yoga7 niri[3355]: 2026-09-08T01:38:57.517000Z  INFO niri::input::touch_swipe_tracker: gesture-debug: motion slot=1 pos=(1120,554) t=60.364s fingers=4
Sep 08 09:38:57 yoga7 niri[3355]: 2026-09-08T01:38:57.517028Z  INFO niri::input::touch_swipe_tracker: gesture-debug: motion slot=2 pos=(986,456) t=60.364s fingers=4
Sep 08 09:38:57 yoga7 niri[3355]: 2026-09-08T01:38:57.517051Z  INFO niri::input::touch_swipe_tracker: gesture-debug: motion slot=3 pos=(639,551) t=60.364s fingers=4
Sep 08 09:38:57 yoga7 niri[3355]: 2026-09-08T01:38:57.525106Z  INFO niri::input::touch_swipe_tracker: gesture-debug: motion slot=0 pos=(826,443) t=60.373s fingers=4
Sep 08 09:38:57 yoga7 niri[3355]: 2026-09-08T01:38:57.525145Z  INFO niri::input::touch_swipe_tracker: gesture-debug: motion slot=1 pos=(1120,558) t=60.373s fingers=4
Sep 08 09:38:57 yoga7 niri[3355]: 2026-09-08T01:38:57.525167Z  INFO niri::input::touch_swipe_tracker: gesture-debug: motion slot=2 pos=(986,459) t=60.373s fingers=4
Sep 08 09:38:57 yoga7 niri[3355]: 2026-09-08T01:38:57.525187Z  INFO niri::input::touch_swipe_tracker: gesture-debug: motion slot=3 pos=(639,556) t=60.373s fingers=4
Sep 08 09:38:57 yoga7 niri[3355]: 2026-09-08T01:38:57.533365Z  INFO niri::input::touch_swipe_tracker: gesture-debug: motion slot=0 pos=(825,447) t=60.381s fingers=4
Sep 08 09:38:57 yoga7 niri[3355]: 2026-09-08T01:38:57.533395Z  INFO niri::input::touch_swipe_tracker: gesture-debug: motion slot=1 pos=(1119,563) t=60.381s fingers=4
Sep 08 09:38:57 yoga7 niri[3355]: 2026-09-08T01:38:57.533410Z  INFO niri::input::touch_swipe_tracker: gesture-debug: motion slot=2 pos=(986,463) t=60.381s fingers=4
Sep 08 09:38:57 yoga7 niri[3355]: 2026-09-08T01:38:57.533427Z  INFO niri::input::touch_swipe_tracker: gesture-debug: motion slot=3 pos=(639,560) t=60.381s fingers=4
Sep 08 09:38:57 yoga7 niri[3355]: 2026-09-08T01:38:57.541769Z  INFO niri::input::touch_swipe_tracker: gesture-debug: motion slot=0 pos=(825,452) t=60.389s fingers=4
Sep 08 09:38:57 yoga7 niri[3355]: 2026-09-08T01:38:57.541808Z  INFO niri::input::touch_swipe_tracker: gesture-debug: motion slot=1 pos=(1119,567) t=60.389s fingers=4
Sep 08 09:38:57 yoga7 niri[3355]: 2026-09-08T01:38:57.541832Z  INFO niri::input::touch_swipe_tracker: gesture-debug: motion slot=2 pos=(986,468) t=60.389s fingers=4
Sep 08 09:38:57 yoga7 niri[3355]: 2026-09-08T01:38:57.541850Z  INFO niri::input::touch_swipe_tracker: gesture-debug: motion slot=3 pos=(640,564) t=60.389s fingers=4
Sep 08 09:38:57 yoga7 niri[3355]: 2026-09-08T01:38:57.550036Z  INFO niri::input::touch_swipe_tracker: gesture-debug: motion slot=0 pos=(825,456) t=60.397s fingers=4
Sep 08 09:38:57 yoga7 niri[3355]: 2026-09-08T01:38:57.550076Z  INFO niri::input::touch_swipe_tracker: gesture-debug: motion slot=1 pos=(1119,571) t=60.397s fingers=4
Sep 08 09:38:57 yoga7 niri[3355]: 2026-09-08T01:38:57.550098Z  INFO niri::input::touch_swipe_tracker: gesture-debug: motion slot=2 pos=(986,472) t=60.397s fingers=4
Sep 08 09:38:57 yoga7 niri[3355]: 2026-09-08T01:38:57.550116Z  INFO niri::input::touch_swipe_tracker: gesture-debug: motion slot=3 pos=(640,568) t=60.397s fingers=4
Sep 08 09:38:57 yoga7 niri[3355]: 2026-09-08T01:38:57.558540Z  INFO niri::input::touch_swipe_tracker: gesture-debug: motion slot=0 pos=(825,460) t=60.406s fingers=4
Sep 08 09:38:57 yoga7 niri[3355]: 2026-09-08T01:38:57.558579Z  INFO niri::input::touch_swipe_tracker: gesture-debug: motion slot=1 pos=(1119,575) t=60.406s fingers=4
Sep 08 09:38:57 yoga7 niri[3355]: 2026-09-08T01:38:57.558602Z  INFO niri::input::touch_swipe_tracker: gesture-debug: motion slot=2 pos=(985,477) t=60.406s fingers=4
Sep 08 09:38:57 yoga7 niri[3355]: 2026-09-08T01:38:57.558621Z  INFO niri::input::touch_swipe_tracker: gesture-debug: motion slot=3 pos=(640,572) t=60.406s fingers=4
Sep 08 09:38:57 yoga7 niri[3355]: 2026-09-08T01:38:57.566813Z  INFO niri::input::touch_swipe_tracker: gesture-debug: motion slot=0 pos=(825,463) t=60.414s fingers=4
Sep 08 09:38:57 yoga7 niri[3355]: 2026-09-08T01:38:57.566852Z  INFO niri::input::touch_swipe_tracker: gesture-debug: motion slot=1 pos=(1118,578) t=60.414s fingers=4
Sep 08 09:38:57 yoga7 niri[3355]: 2026-09-08T01:38:57.566885Z  INFO niri::input::touch_swipe_tracker: gesture-debug: motion slot=2 pos=(985,481) t=60.414s fingers=4
Sep 08 09:38:57 yoga7 niri[3355]: 2026-09-08T01:38:57.566905Z  INFO niri::input::touch_swipe_tracker: gesture-debug: motion slot=3 pos=(640,576) t=60.414s fingers=4
Sep 08 09:38:57 yoga7 niri[3355]: 2026-09-08T01:38:57.575637Z  INFO niri::input::touch_swipe_tracker: gesture-debug: motion slot=0 pos=(825,467) t=60.423s fingers=4
Sep 08 09:38:57 yoga7 niri[3355]: 2026-09-08T01:38:57.575675Z  INFO niri::input::touch_swipe_tracker: gesture-debug: motion slot=1 pos=(1118,582) t=60.423s fingers=4
Sep 08 09:38:57 yoga7 niri[3355]: 2026-09-08T01:38:57.575698Z  INFO niri::input::touch_swipe_tracker: gesture-debug: motion slot=2 pos=(985,484) t=60.423s fingers=4
Sep 08 09:38:57 yoga7 niri[3355]: 2026-09-08T01:38:57.575718Z  INFO niri::input::touch_swipe_tracker: gesture-debug: motion slot=3 pos=(641,580) t=60.423s fingers=4
Sep 08 09:38:57 yoga7 niri[3355]: 2026-09-08T01:38:57.583264Z  INFO niri::input::touch_swipe_tracker: gesture-debug: motion slot=0 pos=(825,471) t=60.431s fingers=4
Sep 08 09:38:57 yoga7 niri[3355]: 2026-09-08T01:38:57.583302Z  INFO niri::input::touch_swipe_tracker: gesture-debug: motion slot=1 pos=(1118,585) t=60.431s fingers=4
Sep 08 09:38:57 yoga7 niri[3355]: 2026-09-08T01:38:57.583325Z  INFO niri::input::touch_swipe_tracker: gesture-debug: motion slot=2 pos=(985,487) t=60.431s fingers=4
Sep 08 09:38:57 yoga7 niri[3355]: 2026-09-08T01:38:57.583343Z  INFO niri::input::touch_swipe_tracker: gesture-debug: motion slot=3 pos=(641,584) t=60.431s fingers=4
Sep 08 09:38:57 yoga7 niri[3355]: 2026-09-08T01:38:57.591559Z  INFO niri::input::touch_swipe_tracker: gesture-debug: motion slot=0 pos=(825,475) t=60.439s fingers=4
Sep 08 09:38:57 yoga7 niri[3355]: 2026-09-08T01:38:57.591598Z  INFO niri::input::touch_swipe_tracker: gesture-debug: motion slot=1 pos=(1118,589) t=60.439s fingers=4
Sep 08 09:38:57 yoga7 niri[3355]: 2026-09-08T01:38:57.591620Z  INFO niri::input::touch_swipe_tracker: gesture-debug: motion slot=2 pos=(985,490) t=60.439s fingers=4
Sep 08 09:38:57 yoga7 niri[3355]: 2026-09-08T01:38:57.591639Z  INFO niri::input::touch_swipe_tracker: gesture-debug: motion slot=3 pos=(641,587) t=60.439s fingers=4
Sep 08 09:38:57 yoga7 niri[3355]: 2026-09-08T01:38:57.600051Z  INFO niri::input::touch_swipe_tracker: gesture-debug: motion slot=0 pos=(825,478) t=60.447s fingers=4
Sep 08 09:38:57 yoga7 niri[3355]: 2026-09-08T01:38:57.600080Z  INFO niri::input::touch_swipe_tracker: gesture-debug: motion slot=1 pos=(1118,592) t=60.447s fingers=4
Sep 08 09:38:57 yoga7 niri[3355]: 2026-09-08T01:38:57.600096Z  INFO niri::input::touch_swipe_tracker: gesture-debug: motion slot=2 pos=(985,493) t=60.447s fingers=4
Sep 08 09:38:57 yoga7 niri[3355]: 2026-09-08T01:38:57.600110Z  INFO niri::input::touch_swipe_tracker: gesture-debug: motion slot=3 pos=(642,590) t=60.447s fingers=4
Sep 08 09:38:57 yoga7 niri[3355]: 2026-09-08T01:38:57.608178Z  INFO niri::input::touch_swipe_tracker: gesture-debug: motion slot=0 pos=(825,481) t=60.456s fingers=4
Sep 08 09:38:57 yoga7 niri[3355]: 2026-09-08T01:38:57.608215Z  INFO niri::input::touch_swipe_tracker: gesture-debug: motion slot=1 pos=(1118,595) t=60.456s fingers=4
Sep 08 09:38:57 yoga7 niri[3355]: 2026-09-08T01:38:57.608237Z  INFO niri::input::touch_swipe_tracker: gesture-debug: motion slot=2 pos=(985,497) t=60.456s fingers=4
Sep 08 09:38:57 yoga7 niri[3355]: 2026-09-08T01:38:57.608256Z  INFO niri::input::touch_swipe_tracker: gesture-debug: motion slot=3 pos=(642,593) t=60.456s fingers=4
Sep 08 09:38:57 yoga7 niri[3355]: 2026-09-08T01:38:57.616535Z  INFO niri::input::touch_swipe_tracker: gesture-debug: motion slot=0 pos=(825,484) t=60.464s fingers=4
Sep 08 09:38:57 yoga7 niri[3355]: 2026-09-08T01:38:57.616573Z  INFO niri::input::touch_swipe_tracker: gesture-debug: motion slot=1 pos=(1118,598) t=60.464s fingers=4
Sep 08 09:38:57 yoga7 niri[3355]: 2026-09-08T01:38:57.616595Z  INFO niri::input::touch_swipe_tracker: gesture-debug: motion slot=2 pos=(984,501) t=60.464s fingers=4
Sep 08 09:38:57 yoga7 niri[3355]: 2026-09-08T01:38:57.616614Z  INFO niri::input::touch_swipe_tracker: gesture-debug: motion slot=3 pos=(643,596) t=60.464s fingers=4
Sep 08 09:38:57 yoga7 niri[3355]: 2026-09-08T01:38:57.624798Z  INFO niri::input::touch_swipe_tracker: gesture-debug: motion slot=0 pos=(825,487) t=60.472s fingers=4
Sep 08 09:38:57 yoga7 niri[3355]: 2026-09-08T01:38:57.624824Z  INFO niri::input::touch_swipe_tracker: gesture-debug: motion slot=1 pos=(1118,601) t=60.472s fingers=4
Sep 08 09:38:57 yoga7 niri[3355]: 2026-09-08T01:38:57.624838Z  INFO niri::input::touch_swipe_tracker: gesture-debug: motion slot=2 pos=(984,504) t=60.472s fingers=4
Sep 08 09:38:57 yoga7 niri[3355]: 2026-09-08T01:38:57.624852Z  INFO niri::input::touch_swipe_tracker: gesture-debug: motion slot=3 pos=(643,599) t=60.472s fingers=4
Sep 08 09:38:57 yoga7 niri[3355]: 2026-09-08T01:38:57.633398Z  INFO niri::input::touch_swipe_tracker: gesture-debug: motion slot=0 pos=(826,489) t=60.481s fingers=4
Sep 08 09:38:57 yoga7 niri[3355]: 2026-09-08T01:38:57.633438Z  INFO niri::input::touch_swipe_tracker: gesture-debug: motion slot=1 pos=(1118,604) t=60.481s fingers=4
Sep 08 09:38:57 yoga7 niri[3355]: 2026-09-08T01:38:57.633455Z  INFO niri::input::touch_swipe_tracker: gesture-debug: motion slot=2 pos=(984,507) t=60.481s fingers=4
Sep 08 09:38:57 yoga7 niri[3355]: 2026-09-08T01:38:57.633471Z  INFO niri::input::touch_swipe_tracker: gesture-debug: motion slot=3 pos=(643,602) t=60.481s fingers=4
Sep 08 09:38:57 yoga7 niri[3355]: 2026-09-08T01:38:57.641657Z  INFO niri::input::touch_swipe_tracker: gesture-debug: motion slot=0 pos=(826,492) t=60.489s fingers=4
Sep 08 09:38:57 yoga7 niri[3355]: 2026-09-08T01:38:57.641697Z  INFO niri::input::touch_swipe_tracker: gesture-debug: motion slot=1 pos=(1118,607) t=60.489s fingers=4
Sep 08 09:38:57 yoga7 niri[3355]: 2026-09-08T01:38:57.641720Z  INFO niri::input::touch_swipe_tracker: gesture-debug: motion slot=2 pos=(984,510) t=60.489s fingers=4
Sep 08 09:38:57 yoga7 niri[3355]: 2026-09-08T01:38:57.641739Z  INFO niri::input::touch_swipe_tracker: gesture-debug: motion slot=3 pos=(643,605) t=60.489s fingers=4
Sep 08 09:38:57 yoga7 niri[3355]: 2026-09-08T01:38:57.649772Z  INFO niri::input::touch_swipe_tracker: gesture-debug: motion slot=0 pos=(826,495) t=60.497s fingers=4
Sep 08 09:38:57 yoga7 niri[3355]: 2026-09-08T01:38:57.649812Z  INFO niri::input::touch_swipe_tracker: gesture-debug: motion slot=1 pos=(1118,610) t=60.497s fingers=4
Sep 08 09:38:57 yoga7 niri[3355]: 2026-09-08T01:38:57.649834Z  INFO niri::input::touch_swipe_tracker: gesture-debug: motion slot=2 pos=(984,512) t=60.497s fingers=4
Sep 08 09:38:57 yoga7 niri[3355]: 2026-09-08T01:38:57.649852Z  INFO niri::input::touch_swipe_tracker: gesture-debug: motion slot=3 pos=(644,608) t=60.497s fingers=4
Sep 08 09:38:57 yoga7 niri[3355]: 2026-09-08T01:38:57.658022Z  INFO niri::input::touch_swipe_tracker: gesture-debug: motion slot=0 pos=(826,498) t=60.506s fingers=4
Sep 08 09:38:57 yoga7 niri[3355]: 2026-09-08T01:38:57.658054Z  INFO niri::input::touch_swipe_tracker: gesture-debug: motion slot=1 pos=(1118,613) t=60.506s fingers=4
Sep 08 09:38:57 yoga7 niri[3355]: 2026-09-08T01:38:57.658067Z  INFO niri::input::touch_swipe_tracker: gesture-debug: motion slot=2 pos=(984,514) t=60.506s fingers=4
Sep 08 09:38:57 yoga7 niri[3355]: 2026-09-08T01:38:57.658078Z  INFO niri::input::touch_swipe_tracker: gesture-debug: motion slot=3 pos=(644,610) t=60.506s fingers=4
Sep 08 09:38:57 yoga7 niri[3355]: 2026-09-08T01:38:57.666346Z  INFO niri::input::touch_swipe_tracker: gesture-debug: motion slot=0 pos=(826,501) t=60.514s fingers=4
Sep 08 09:38:57 yoga7 niri[3355]: 2026-09-08T01:38:57.666385Z  INFO niri::input::touch_swipe_tracker: gesture-debug: motion slot=1 pos=(1118,616) t=60.514s fingers=4
Sep 08 09:38:57 yoga7 niri[3355]: 2026-09-08T01:38:57.666407Z  INFO niri::input::touch_swipe_tracker: gesture-debug: motion slot=2 pos=(984,516) t=60.514s fingers=4
Sep 08 09:38:57 yoga7 niri[3355]: 2026-09-08T01:38:57.666425Z  INFO niri::input::touch_swipe_tracker: gesture-debug: motion slot=3 pos=(644,613) t=60.514s fingers=4
Sep 08 09:38:57 yoga7 niri[3355]: 2026-09-08T01:38:57.674685Z  INFO niri::input::touch_swipe_tracker: gesture-debug: motion slot=0 pos=(826,504) t=60.522s fingers=4
Sep 08 09:38:57 yoga7 niri[3355]: 2026-09-08T01:38:57.674726Z  INFO niri::input::touch_swipe_tracker: gesture-debug: motion slot=1 pos=(1118,619) t=60.522s fingers=4
Sep 08 09:38:57 yoga7 niri[3355]: 2026-09-08T01:38:57.674750Z  INFO niri::input::touch_swipe_tracker: gesture-debug: motion slot=2 pos=(984,519) t=60.522s fingers=4
Sep 08 09:38:57 yoga7 niri[3355]: 2026-09-08T01:38:57.674770Z  INFO niri::input::touch_swipe_tracker: gesture-debug: motion slot=3 pos=(644,615) t=60.522s fingers=4
Sep 08 09:38:57 yoga7 niri[3355]: 2026-09-08T01:38:57.683233Z  INFO niri::input::touch_swipe_tracker: gesture-debug: motion slot=0 pos=(826,506) t=60.531s fingers=4
Sep 08 09:38:57 yoga7 niri[3355]: 2026-09-08T01:38:57.683271Z  INFO niri::input::touch_swipe_tracker: gesture-debug: motion slot=1 pos=(1118,621) t=60.531s fingers=4
Sep 08 09:38:57 yoga7 niri[3355]: 2026-09-08T01:38:57.683293Z  INFO niri::input::touch_swipe_tracker: gesture-debug: motion slot=2 pos=(984,522) t=60.531s fingers=4
Sep 08 09:38:57 yoga7 niri[3355]: 2026-09-08T01:38:57.683310Z  INFO niri::input::touch_swipe_tracker: gesture-debug: motion slot=3 pos=(645,618) t=60.531s fingers=4
Sep 08 09:38:57 yoga7 niri[3355]: 2026-09-08T01:38:57.691190Z  INFO niri::input::touch_swipe_tracker: gesture-debug: motion slot=0 pos=(826,508) t=60.539s fingers=4
Sep 08 09:38:57 yoga7 niri[3355]: 2026-09-08T01:38:57.691231Z  INFO niri::input::touch_swipe_tracker: gesture-debug: motion slot=1 pos=(1118,624) t=60.539s fingers=4
Sep 08 09:38:57 yoga7 niri[3355]: 2026-09-08T01:38:57.691253Z  INFO niri::input::touch_swipe_tracker: gesture-debug: motion slot=2 pos=(984,525) t=60.539s fingers=4
Sep 08 09:38:57 yoga7 niri[3355]: 2026-09-08T01:38:57.691272Z  INFO niri::input::touch_swipe_tracker: gesture-debug: motion slot=3 pos=(645,620) t=60.539s fingers=4
Sep 08 09:38:57 yoga7 niri[3355]: 2026-09-08T01:38:57.699643Z  INFO niri::input::touch_swipe_tracker: gesture-debug: motion slot=0 pos=(826,510) t=60.547s fingers=4
Sep 08 09:38:57 yoga7 niri[3355]: 2026-09-08T01:38:57.699672Z  INFO niri::input::touch_swipe_tracker: gesture-debug: motion slot=1 pos=(1117,626) t=60.547s fingers=4
Sep 08 09:38:57 yoga7 niri[3355]: 2026-09-08T01:38:57.699688Z  INFO niri::input::touch_swipe_tracker: gesture-debug: motion slot=2 pos=(983,528) t=60.547s fingers=4
Sep 08 09:38:57 yoga7 niri[3355]: 2026-09-08T01:38:57.699701Z  INFO niri::input::touch_swipe_tracker: gesture-debug: motion slot=3 pos=(645,622) t=60.547s fingers=4
Sep 08 09:38:57 yoga7 niri[3355]: 2026-09-08T01:38:57.707934Z  INFO niri::input::touch_swipe_tracker: gesture-debug: motion slot=0 pos=(826,512) t=60.555s fingers=4
Sep 08 09:38:57 yoga7 niri[3355]: 2026-09-08T01:38:57.707994Z  INFO niri::input::touch_swipe_tracker: gesture-debug: motion slot=1 pos=(1117,629) t=60.555s fingers=4
Sep 08 09:38:57 yoga7 niri[3355]: 2026-09-08T01:38:57.708016Z  INFO niri::input::touch_swipe_tracker: gesture-debug: motion slot=2 pos=(983,531) t=60.555s fingers=4
Sep 08 09:38:57 yoga7 niri[3355]: 2026-09-08T01:38:57.708034Z  INFO niri::input::touch_swipe_tracker: gesture-debug: motion slot=3 pos=(645,624) t=60.555s fingers=4
Sep 08 09:38:57 yoga7 niri[3355]: 2026-09-08T01:38:57.716226Z  INFO niri::input::touch_swipe_tracker: gesture-debug: motion slot=0 pos=(826,514) t=60.564s fingers=4
Sep 08 09:38:57 yoga7 niri[3355]: 2026-09-08T01:38:57.716264Z  INFO niri::input::touch_swipe_tracker: gesture-debug: motion slot=1 pos=(1117,632) t=60.564s fingers=4
Sep 08 09:38:57 yoga7 niri[3355]: 2026-09-08T01:38:57.716285Z  INFO niri::input::touch_swipe_tracker: gesture-debug: motion slot=2 pos=(983,534) t=60.564s fingers=4
Sep 08 09:38:57 yoga7 niri[3355]: 2026-09-08T01:38:57.716303Z  INFO niri::input::touch_swipe_tracker: gesture-debug: motion slot=3 pos=(645,626) t=60.564s fingers=4
Sep 08 09:38:57 yoga7 niri[3355]: 2026-09-08T01:38:57.724742Z  INFO niri::input::touch_swipe_tracker: gesture-debug: motion slot=0 pos=(826,517) t=60.572s fingers=4
Sep 08 09:38:57 yoga7 niri[3355]: 2026-09-08T01:38:57.724780Z  INFO niri::input::touch_swipe_tracker: gesture-debug: motion slot=1 pos=(1117,634) t=60.572s fingers=4
Sep 08 09:38:57 yoga7 niri[3355]: 2026-09-08T01:38:57.724802Z  INFO niri::input::touch_swipe_tracker: gesture-debug: motion slot=2 pos=(982,536) t=60.572s fingers=4
Sep 08 09:38:57 yoga7 niri[3355]: 2026-09-08T01:38:57.724821Z  INFO niri::input::touch_swipe_tracker: gesture-debug: motion slot=3 pos=(646,628) t=60.572s fingers=4
Sep 08 09:38:57 yoga7 niri[3355]: 2026-09-08T01:38:57.732927Z  INFO niri::input::touch_swipe_tracker: gesture-debug: motion slot=0 pos=(826,519) t=60.58s fingers=4
Sep 08 09:38:57 yoga7 niri[3355]: 2026-09-08T01:38:57.732980Z  INFO niri::input::touch_swipe_tracker: gesture-debug: motion slot=1 pos=(1117,637) t=60.58s fingers=4
Sep 08 09:38:57 yoga7 niri[3355]: 2026-09-08T01:38:57.732995Z  INFO niri::input::touch_swipe_tracker: gesture-debug: motion slot=2 pos=(982,538) t=60.58s fingers=4
Sep 08 09:38:57 yoga7 niri[3355]: 2026-09-08T01:38:57.733008Z  INFO niri::input::touch_swipe_tracker: gesture-debug: motion slot=3 pos=(646,630) t=60.58s fingers=4
Sep 08 09:38:57 yoga7 niri[3355]: 2026-09-08T01:38:57.741711Z  INFO niri::input::touch_swipe_tracker: gesture-debug: motion slot=0 pos=(826,522) t=60.589s fingers=4
Sep 08 09:38:57 yoga7 niri[3355]: 2026-09-08T01:38:57.741751Z  INFO niri::input::touch_swipe_tracker: gesture-debug: motion slot=1 pos=(1117,639) t=60.589s fingers=4
Sep 08 09:38:57 yoga7 niri[3355]: 2026-09-08T01:38:57.741773Z  INFO niri::input::touch_swipe_tracker: gesture-debug: motion slot=2 pos=(982,541) t=60.589s fingers=4
Sep 08 09:38:57 yoga7 niri[3355]: 2026-09-08T01:38:57.741792Z  INFO niri::input::touch_swipe_tracker: gesture-debug: motion slot=3 pos=(646,632) t=60.589s fingers=4
Sep 08 09:38:57 yoga7 niri[3355]: 2026-09-08T01:38:57.749513Z  INFO niri::input::touch_swipe_tracker: gesture-debug: motion slot=0 pos=(826,524) t=60.597s fingers=4
Sep 08 09:38:57 yoga7 niri[3355]: 2026-09-08T01:38:57.749551Z  INFO niri::input::touch_swipe_tracker: gesture-debug: motion slot=1 pos=(1117,642) t=60.597s fingers=4
Sep 08 09:38:57 yoga7 niri[3355]: 2026-09-08T01:38:57.749575Z  INFO niri::input::touch_swipe_tracker: gesture-debug: motion slot=2 pos=(982,543) t=60.597s fingers=4
Sep 08 09:38:57 yoga7 niri[3355]: 2026-09-08T01:38:57.749593Z  INFO niri::input::touch_swipe_tracker: gesture-debug: motion slot=3 pos=(646,634) t=60.597s fingers=4
Sep 08 09:38:57 yoga7 niri[3355]: 2026-09-08T01:38:57.757791Z  INFO niri::input::touch_swipe_tracker: gesture-debug: motion slot=0 pos=(826,527) t=60.605s fingers=4
Sep 08 09:38:57 yoga7 niri[3355]: 2026-09-08T01:38:57.757816Z  INFO niri::input::touch_swipe_tracker: gesture-debug: motion slot=1 pos=(1116,644) t=60.605s fingers=4
Sep 08 09:38:57 yoga7 niri[3355]: 2026-09-08T01:38:57.757830Z  INFO niri::input::touch_swipe_tracker: gesture-debug: motion slot=2 pos=(981,546) t=60.605s fingers=4
Sep 08 09:38:57 yoga7 niri[3355]: 2026-09-08T01:38:57.757841Z  INFO niri::input::touch_swipe_tracker: gesture-debug: motion slot=3 pos=(646,637) t=60.605s fingers=4
Sep 08 09:38:57 yoga7 niri[3355]: 2026-09-08T01:38:57.766277Z  INFO niri::input::touch_swipe_tracker: gesture-debug: motion slot=0 pos=(826,529) t=60.614s fingers=4
Sep 08 09:38:57 yoga7 niri[3355]: 2026-09-08T01:38:57.766315Z  INFO niri::input::touch_swipe_tracker: gesture-debug: motion slot=1 pos=(1116,646) t=60.614s fingers=4
Sep 08 09:38:57 yoga7 niri[3355]: 2026-09-08T01:38:57.766337Z  INFO niri::input::touch_swipe_tracker: gesture-debug: motion slot=2 pos=(981,549) t=60.614s fingers=4
Sep 08 09:38:57 yoga7 niri[3355]: 2026-09-08T01:38:57.766357Z  INFO niri::input::touch_swipe_tracker: gesture-debug: motion slot=3 pos=(646,639) t=60.614s fingers=4
Sep 08 09:38:57 yoga7 niri[3355]: 2026-09-08T01:38:57.774464Z  INFO niri::input::touch_swipe_tracker: gesture-debug: motion slot=0 pos=(825,531) t=60.622s fingers=4
Sep 08 09:38:57 yoga7 niri[3355]: 2026-09-08T01:38:57.774501Z  INFO niri::input::touch_swipe_tracker: gesture-debug: motion slot=1 pos=(1116,648) t=60.622s fingers=4
Sep 08 09:38:57 yoga7 niri[3355]: 2026-09-08T01:38:57.774525Z  INFO niri::input::touch_swipe_tracker: gesture-debug: motion slot=2 pos=(980,552) t=60.622s fingers=4
Sep 08 09:38:57 yoga7 niri[3355]: 2026-09-08T01:38:57.774543Z  INFO niri::input::touch_swipe_tracker: gesture-debug: motion slot=3 pos=(646,640) t=60.622s fingers=4
Sep 08 09:38:57 yoga7 niri[3355]: 2026-09-08T01:38:57.782784Z  INFO niri::input::touch_swipe_tracker: gesture-debug: motion slot=0 pos=(825,533) t=60.63s fingers=4
Sep 08 09:38:57 yoga7 niri[3355]: 2026-09-08T01:38:57.782823Z  INFO niri::input::touch_swipe_tracker: gesture-debug: motion slot=1 pos=(1116,650) t=60.63s fingers=4
Sep 08 09:38:57 yoga7 niri[3355]: 2026-09-08T01:38:57.782846Z  INFO niri::input::touch_swipe_tracker: gesture-debug: motion slot=2 pos=(980,555) t=60.63s fingers=4
Sep 08 09:38:57 yoga7 niri[3355]: 2026-09-08T01:38:57.782865Z  INFO niri::input::touch_swipe_tracker: gesture-debug: motion slot=3 pos=(646,642) t=60.63s fingers=4
Sep 08 09:38:57 yoga7 niri[3355]: 2026-09-08T01:38:57.791045Z  INFO niri::input::touch_swipe_tracker: gesture-debug: motion slot=0 pos=(825,535) t=60.639s fingers=4
Sep 08 09:38:57 yoga7 niri[3355]: 2026-09-08T01:38:57.791070Z  INFO niri::input::touch_swipe_tracker: gesture-debug: motion slot=1 pos=(1116,652) t=60.639s fingers=4
Sep 08 09:38:57 yoga7 niri[3355]: 2026-09-08T01:38:57.791084Z  INFO niri::input::touch_swipe_tracker: gesture-debug: motion slot=2 pos=(980,558) t=60.639s fingers=4
Sep 08 09:38:57 yoga7 niri[3355]: 2026-09-08T01:38:57.791096Z  INFO niri::input::touch_swipe_tracker: gesture-debug: motion slot=3 pos=(646,644) t=60.639s fingers=4
Sep 08 09:38:57 yoga7 niri[3355]: 2026-09-08T01:38:57.799521Z  INFO niri::input::touch_swipe_tracker: gesture-debug: motion slot=0 pos=(825,537) t=60.647s fingers=4
Sep 08 09:38:57 yoga7 niri[3355]: 2026-09-08T01:38:57.799555Z  INFO niri::input::touch_swipe_tracker: gesture-debug: motion slot=1 pos=(1116,654) t=60.647s fingers=4
Sep 08 09:38:57 yoga7 niri[3355]: 2026-09-08T01:38:57.799577Z  INFO niri::input::touch_swipe_tracker: gesture-debug: motion slot=2 pos=(979,560) t=60.647s fingers=4
Sep 08 09:38:57 yoga7 niri[3355]: 2026-09-08T01:38:57.799596Z  INFO niri::input::touch_swipe_tracker: gesture-debug: motion slot=3 pos=(646,646) t=60.647s fingers=4
Sep 08 09:38:57 yoga7 niri[3355]: 2026-09-08T01:38:57.807879Z  INFO niri::input::touch_swipe_tracker: gesture-debug: motion slot=0 pos=(825,538) t=60.655s fingers=4
Sep 08 09:38:57 yoga7 niri[3355]: 2026-09-08T01:38:57.807920Z  INFO niri::input::touch_swipe_tracker: gesture-debug: motion slot=1 pos=(1116,656) t=60.655s fingers=4
Sep 08 09:38:57 yoga7 niri[3355]: 2026-09-08T01:38:57.807967Z  INFO niri::input::touch_swipe_tracker: gesture-debug: motion slot=2 pos=(979,561) t=60.655s fingers=4
Sep 08 09:38:57 yoga7 niri[3355]: 2026-09-08T01:38:57.807989Z  INFO niri::input::touch_swipe_tracker: gesture-debug: motion slot=3 pos=(646,647) t=60.655s fingers=4
Sep 08 09:38:57 yoga7 niri[3355]: 2026-09-08T01:38:57.816018Z  INFO niri::input::touch_swipe_tracker: gesture-debug: motion slot=0 pos=(825,540) t=60.663s fingers=4
Sep 08 09:38:57 yoga7 niri[3355]: 2026-09-08T01:38:57.816055Z  INFO niri::input::touch_swipe_tracker: gesture-debug: motion slot=1 pos=(1115,658) t=60.663s fingers=4
Sep 08 09:38:57 yoga7 niri[3355]: 2026-09-08T01:38:57.816077Z  INFO niri::input::touch_swipe_tracker: gesture-debug: motion slot=2 pos=(979,563) t=60.663s fingers=4
Sep 08 09:38:57 yoga7 niri[3355]: 2026-09-08T01:38:57.816097Z  INFO niri::input::touch_swipe_tracker: gesture-debug: motion slot=3 pos=(646,649) t=60.663s fingers=4
Sep 08 09:38:57 yoga7 niri[3355]: 2026-09-08T01:38:57.824270Z  INFO niri::input::touch_swipe_tracker: gesture-debug: motion slot=0 pos=(824,541) t=60.672s fingers=4
Sep 08 09:38:57 yoga7 niri[3355]: 2026-09-08T01:38:57.824298Z  INFO niri::input::touch_swipe_tracker: gesture-debug: motion slot=1 pos=(1115,660) t=60.672s fingers=4
Sep 08 09:38:57 yoga7 niri[3355]: 2026-09-08T01:38:57.824315Z  INFO niri::input::touch_swipe_tracker: gesture-debug: motion slot=2 pos=(979,564) t=60.672s fingers=4
Sep 08 09:38:57 yoga7 niri[3355]: 2026-09-08T01:38:57.824329Z  INFO niri::input::touch_swipe_tracker: gesture-debug: motion slot=3 pos=(646,651) t=60.672s fingers=4
Sep 08 09:38:57 yoga7 niri[3355]: 2026-09-08T01:38:57.832837Z  INFO niri::input::touch_swipe_tracker: gesture-debug: motion slot=0 pos=(824,543) t=60.68s fingers=4
Sep 08 09:38:57 yoga7 niri[3355]: 2026-09-08T01:38:57.832873Z  INFO niri::input::touch_swipe_tracker: gesture-debug: motion slot=1 pos=(1115,662) t=60.68s fingers=4
Sep 08 09:38:57 yoga7 niri[3355]: 2026-09-08T01:38:57.832895Z  INFO niri::input::touch_swipe_tracker: gesture-debug: motion slot=2 pos=(979,565) t=60.68s fingers=4
Sep 08 09:38:57 yoga7 niri[3355]: 2026-09-08T01:38:57.832917Z  INFO niri::input::touch_swipe_tracker: gesture-debug: motion slot=3 pos=(647,652) t=60.68s fingers=4
Sep 08 09:38:57 yoga7 niri[3355]: 2026-09-08T01:38:57.841169Z  INFO niri::input::touch_swipe_tracker: gesture-debug: motion slot=0 pos=(824,545) t=60.688s fingers=4
Sep 08 09:38:57 yoga7 niri[3355]: 2026-09-08T01:38:57.841270Z  INFO niri::input::touch_swipe_tracker: gesture-debug: motion slot=1 pos=(1115,663) t=60.688s fingers=4
Sep 08 09:38:57 yoga7 niri[3355]: 2026-09-08T01:38:57.841297Z  INFO niri::input::touch_swipe_tracker: gesture-debug: motion slot=2 pos=(978,567) t=60.688s fingers=4
Sep 08 09:38:57 yoga7 niri[3355]: 2026-09-08T01:38:57.841319Z  INFO niri::input::touch_swipe_tracker: gesture-debug: motion slot=3 pos=(646,654) t=60.688s fingers=4
Sep 08 09:38:57 yoga7 niri[3355]: 2026-09-08T01:38:57.849447Z  INFO niri::input::touch_swipe_tracker: gesture-debug: motion slot=0 pos=(824,546) t=60.697s fingers=4
Sep 08 09:38:57 yoga7 niri[3355]: 2026-09-08T01:38:57.849485Z  INFO niri::input::touch_swipe_tracker: gesture-debug: motion slot=1 pos=(1115,665) t=60.697s fingers=4
Sep 08 09:38:57 yoga7 niri[3355]: 2026-09-08T01:38:57.849507Z  INFO niri::input::touch_swipe_tracker: gesture-debug: motion slot=2 pos=(978,568) t=60.697s fingers=4
Sep 08 09:38:57 yoga7 niri[3355]: 2026-09-08T01:38:57.849526Z  INFO niri::input::touch_swipe_tracker: gesture-debug: motion slot=3 pos=(646,656) t=60.697s fingers=4
Sep 08 09:38:57 yoga7 niri[3355]: 2026-09-08T01:38:57.857485Z  INFO niri::input::touch_swipe_tracker: gesture-debug: motion slot=0 pos=(824,548) t=60.705s fingers=4
Sep 08 09:38:57 yoga7 niri[3355]: 2026-09-08T01:38:57.857510Z  INFO niri::input::touch_swipe_tracker: gesture-debug: motion slot=1 pos=(1115,666) t=60.705s fingers=4
Sep 08 09:38:57 yoga7 niri[3355]: 2026-09-08T01:38:57.857525Z  INFO niri::input::touch_swipe_tracker: gesture-debug: motion slot=2 pos=(978,570) t=60.705s fingers=4
Sep 08 09:38:57 yoga7 niri[3355]: 2026-09-08T01:38:57.857537Z  INFO niri::input::touch_swipe_tracker: gesture-debug: motion slot=3 pos=(646,657) t=60.705s fingers=4
Sep 08 09:38:57 yoga7 niri[3355]: 2026-09-08T01:38:57.866179Z  INFO niri::input::touch_swipe_tracker: gesture-debug: motion slot=0 pos=(824,550) t=60.713s fingers=4
Sep 08 09:38:57 yoga7 niri[3355]: 2026-09-08T01:38:57.866216Z  INFO niri::input::touch_swipe_tracker: gesture-debug: motion slot=1 pos=(1115,668) t=60.713s fingers=4
Sep 08 09:38:57 yoga7 niri[3355]: 2026-09-08T01:38:57.866232Z  INFO niri::input::touch_swipe_tracker: gesture-debug: motion slot=2 pos=(978,571) t=60.713s fingers=4
Sep 08 09:38:57 yoga7 niri[3355]: 2026-09-08T01:38:57.866246Z  INFO niri::input::touch_swipe_tracker: gesture-debug: motion slot=3 pos=(646,659) t=60.713s fingers=4
Sep 08 09:38:57 yoga7 niri[3355]: 2026-09-08T01:38:57.874288Z  INFO niri::input::touch_swipe_tracker: gesture-debug: motion slot=0 pos=(824,552) t=60.722s fingers=4
Sep 08 09:38:57 yoga7 niri[3355]: 2026-09-08T01:38:57.874328Z  INFO niri::input::touch_swipe_tracker: gesture-debug: motion slot=1 pos=(1115,669) t=60.722s fingers=4
Sep 08 09:38:57 yoga7 niri[3355]: 2026-09-08T01:38:57.874350Z  INFO niri::input::touch_swipe_tracker: gesture-debug: motion slot=2 pos=(978,573) t=60.722s fingers=4
Sep 08 09:38:57 yoga7 niri[3355]: 2026-09-08T01:38:57.874369Z  INFO niri::input::touch_swipe_tracker: gesture-debug: motion slot=3 pos=(646,660) t=60.722s fingers=4
Sep 08 09:38:57 yoga7 niri[3355]: 2026-09-08T01:38:57.882612Z  INFO niri::input::touch_swipe_tracker: gesture-debug: motion slot=0 pos=(823,553) t=60.73s fingers=4
Sep 08 09:38:57 yoga7 niri[3355]: 2026-09-08T01:38:57.882651Z  INFO niri::input::touch_swipe_tracker: gesture-debug: motion slot=1 pos=(1115,671) t=60.73s fingers=4
Sep 08 09:38:57 yoga7 niri[3355]: 2026-09-08T01:38:57.882674Z  INFO niri::input::touch_swipe_tracker: gesture-debug: motion slot=2 pos=(978,574) t=60.73s fingers=4
Sep 08 09:38:57 yoga7 niri[3355]: 2026-09-08T01:38:57.882692Z  INFO niri::input::touch_swipe_tracker: gesture-debug: motion slot=3 pos=(646,662) t=60.73s fingers=4
Sep 08 09:38:57 yoga7 niri[3355]: 2026-09-08T01:38:57.891008Z  INFO niri::input::touch_swipe_tracker: gesture-debug: motion slot=0 pos=(823,555) t=60.738s fingers=4
Sep 08 09:38:57 yoga7 niri[3355]: 2026-09-08T01:38:57.891040Z  INFO niri::input::touch_swipe_tracker: gesture-debug: motion slot=1 pos=(1115,673) t=60.738s fingers=4
Sep 08 09:38:57 yoga7 niri[3355]: 2026-09-08T01:38:57.891054Z  INFO niri::input::touch_swipe_tracker: gesture-debug: motion slot=2 pos=(977,576) t=60.738s fingers=4
Sep 08 09:38:57 yoga7 niri[3355]: 2026-09-08T01:38:57.891066Z  INFO niri::input::touch_swipe_tracker: gesture-debug: motion slot=3 pos=(646,663) t=60.738s fingers=4
Sep 08 09:38:57 yoga7 niri[3355]: 2026-09-08T01:38:57.899603Z  INFO niri::input::touch_swipe_tracker: gesture-debug: motion slot=0 pos=(823,556) t=60.747s fingers=4
Sep 08 09:38:57 yoga7 niri[3355]: 2026-09-08T01:38:57.899632Z  INFO niri::input::touch_swipe_tracker: gesture-debug: motion slot=1 pos=(1115,674) t=60.747s fingers=4
Sep 08 09:38:57 yoga7 niri[3355]: 2026-09-08T01:38:57.899647Z  INFO niri::input::touch_swipe_tracker: gesture-debug: motion slot=2 pos=(977,577) t=60.747s fingers=4
Sep 08 09:38:57 yoga7 niri[3355]: 2026-09-08T01:38:57.899662Z  INFO niri::input::touch_swipe_tracker: gesture-debug: motion slot=3 pos=(646,665) t=60.747s fingers=4
Sep 08 09:38:57 yoga7 niri[3355]: 2026-09-08T01:38:57.907509Z  INFO niri::input::touch_swipe_tracker: gesture-debug: motion slot=0 pos=(823,558) t=60.755s fingers=4
Sep 08 09:38:57 yoga7 niri[3355]: 2026-09-08T01:38:57.907547Z  INFO niri::input::touch_swipe_tracker: gesture-debug: motion slot=1 pos=(1115,676) t=60.755s fingers=4
Sep 08 09:38:57 yoga7 niri[3355]: 2026-09-08T01:38:57.907570Z  INFO niri::input::touch_swipe_tracker: gesture-debug: motion slot=2 pos=(977,579) t=60.755s fingers=4
Sep 08 09:38:57 yoga7 niri[3355]: 2026-09-08T01:38:57.907589Z  INFO niri::input::touch_swipe_tracker: gesture-debug: motion slot=3 pos=(646,666) t=60.755s fingers=4
Sep 08 09:38:57 yoga7 niri[3355]: 2026-09-08T01:38:57.916081Z  INFO niri::input::touch_swipe_tracker: gesture-debug: motion slot=0 pos=(823,560) t=60.764s fingers=4
Sep 08 09:38:57 yoga7 niri[3355]: 2026-09-08T01:38:57.916119Z  INFO niri::input::touch_swipe_tracker: gesture-debug: motion slot=1 pos=(1115,678) t=60.764s fingers=4
Sep 08 09:38:57 yoga7 niri[3355]: 2026-09-08T01:38:57.916144Z  INFO niri::input::touch_swipe_tracker: gesture-debug: motion slot=2 pos=(977,581) t=60.764s fingers=4
Sep 08 09:38:57 yoga7 niri[3355]: 2026-09-08T01:38:57.916163Z  INFO niri::input::touch_swipe_tracker: gesture-debug: motion slot=3 pos=(646,668) t=60.764s fingers=4
Sep 08 09:38:57 yoga7 niri[3355]: 2026-09-08T01:38:57.924005Z  INFO niri::input::touch_swipe_tracker: gesture-debug: motion slot=0 pos=(823,561) t=60.771s fingers=4
Sep 08 09:38:57 yoga7 niri[3355]: 2026-09-08T01:38:57.924042Z  INFO niri::input::touch_swipe_tracker: gesture-debug: motion slot=1 pos=(1115,680) t=60.771s fingers=4
Sep 08 09:38:57 yoga7 niri[3355]: 2026-09-08T01:38:57.924060Z  INFO niri::input::touch_swipe_tracker: gesture-debug: motion slot=2 pos=(977,582) t=60.771s fingers=4
Sep 08 09:38:57 yoga7 niri[3355]: 2026-09-08T01:38:57.924073Z  INFO niri::input::touch_swipe_tracker: gesture-debug: motion slot=3 pos=(647,669) t=60.771s fingers=4
Sep 08 09:38:57 yoga7 niri[3355]: 2026-09-08T01:38:57.932850Z  INFO niri::input::touch_swipe_tracker: gesture-debug: motion slot=0 pos=(823,563) t=60.78s fingers=4
Sep 08 09:38:57 yoga7 niri[3355]: 2026-09-08T01:38:57.932887Z  INFO niri::input::touch_swipe_tracker: gesture-debug: motion slot=1 pos=(1114,682) t=60.78s fingers=4
Sep 08 09:38:57 yoga7 niri[3355]: 2026-09-08T01:38:57.932910Z  INFO niri::input::touch_swipe_tracker: gesture-debug: motion slot=2 pos=(977,584) t=60.78s fingers=4
Sep 08 09:38:57 yoga7 niri[3355]: 2026-09-08T01:38:57.932929Z  INFO niri::input::touch_swipe_tracker: gesture-debug: motion slot=3 pos=(647,670) t=60.78s fingers=4
Sep 08 09:38:57 yoga7 niri[3355]: 2026-09-08T01:38:57.940720Z  INFO niri::input::touch_swipe_tracker: gesture-debug: motion slot=0 pos=(823,564) t=60.788s fingers=4
Sep 08 09:38:57 yoga7 niri[3355]: 2026-09-08T01:38:57.940759Z  INFO niri::input::touch_swipe_tracker: gesture-debug: motion slot=1 pos=(1114,684) t=60.788s fingers=4
Sep 08 09:38:57 yoga7 niri[3355]: 2026-09-08T01:38:57.940781Z  INFO niri::input::touch_swipe_tracker: gesture-debug: motion slot=2 pos=(977,586) t=60.788s fingers=4
Sep 08 09:38:57 yoga7 niri[3355]: 2026-09-08T01:38:57.940799Z  INFO niri::input::touch_swipe_tracker: gesture-debug: motion slot=3 pos=(647,672) t=60.788s fingers=4
Sep 08 09:38:57 yoga7 niri[3355]: 2026-09-08T01:38:57.949006Z  INFO niri::input::touch_swipe_tracker: gesture-debug: motion slot=0 pos=(823,566) t=60.796s fingers=4
Sep 08 09:38:57 yoga7 niri[3355]: 2026-09-08T01:38:57.949036Z  INFO niri::input::touch_swipe_tracker: gesture-debug: motion slot=1 pos=(1114,687) t=60.796s fingers=4
Sep 08 09:38:57 yoga7 niri[3355]: 2026-09-08T01:38:57.949052Z  INFO niri::input::touch_swipe_tracker: gesture-debug: motion slot=2 pos=(976,588) t=60.796s fingers=4
Sep 08 09:38:57 yoga7 niri[3355]: 2026-09-08T01:38:57.949067Z  INFO niri::input::touch_swipe_tracker: gesture-debug: motion slot=3 pos=(647,673) t=60.796s fingers=4
Sep 08 09:38:57 yoga7 niri[3355]: 2026-09-08T01:38:57.957310Z  INFO niri::input::touch_swipe_tracker: gesture-debug: motion slot=0 pos=(822,568) t=60.805s fingers=4
Sep 08 09:38:57 yoga7 niri[3355]: 2026-09-08T01:38:57.957342Z  INFO niri::input::touch_swipe_tracker: gesture-debug: motion slot=1 pos=(1114,689) t=60.805s fingers=4
Sep 08 09:38:57 yoga7 niri[3355]: 2026-09-08T01:38:57.957358Z  INFO niri::input::touch_swipe_tracker: gesture-debug: motion slot=2 pos=(976,589) t=60.805s fingers=4
Sep 08 09:38:57 yoga7 niri[3355]: 2026-09-08T01:38:57.957371Z  INFO niri::input::touch_swipe_tracker: gesture-debug: motion slot=3 pos=(647,675) t=60.805s fingers=4
Sep 08 09:38:57 yoga7 niri[3355]: 2026-09-08T01:38:57.966253Z  INFO niri::input::touch_swipe_tracker: gesture-debug: motion slot=0 pos=(822,570) t=60.813s fingers=4
Sep 08 09:38:57 yoga7 niri[3355]: 2026-09-08T01:38:57.966287Z  INFO niri::input::touch_swipe_tracker: gesture-debug: motion slot=1 pos=(1114,692) t=60.813s fingers=4
Sep 08 09:38:57 yoga7 niri[3355]: 2026-09-08T01:38:57.966310Z  INFO niri::input::touch_swipe_tracker: gesture-debug: motion slot=2 pos=(976,591) t=60.813s fingers=4
Sep 08 09:38:57 yoga7 niri[3355]: 2026-09-08T01:38:57.966329Z  INFO niri::input::touch_swipe_tracker: gesture-debug: motion slot=3 pos=(647,676) t=60.813s fingers=4
Sep 08 09:38:57 yoga7 niri[3355]: 2026-09-08T01:38:57.974183Z  INFO niri::input::touch_swipe_tracker: gesture-debug: motion slot=0 pos=(822,573) t=60.822s fingers=4
Sep 08 09:38:57 yoga7 niri[3355]: 2026-09-08T01:38:57.974221Z  INFO niri::input::touch_swipe_tracker: gesture-debug: motion slot=1 pos=(1114,694) t=60.822s fingers=4
Sep 08 09:38:57 yoga7 niri[3355]: 2026-09-08T01:38:57.974243Z  INFO niri::input::touch_swipe_tracker: gesture-debug: motion slot=2 pos=(976,593) t=60.822s fingers=4
Sep 08 09:38:57 yoga7 niri[3355]: 2026-09-08T01:38:57.974263Z  INFO niri::input::touch_swipe_tracker: gesture-debug: motion slot=3 pos=(647,678) t=60.822s fingers=4
Sep 08 09:38:57 yoga7 niri[3355]: 2026-09-08T01:38:57.982270Z  INFO niri::input::touch_swipe_tracker: gesture-debug: motion slot=0 pos=(822,575) t=60.83s fingers=4
Sep 08 09:38:57 yoga7 niri[3355]: 2026-09-08T01:38:57.982310Z  INFO niri::input::touch_swipe_tracker: gesture-debug: motion slot=1 pos=(1114,697) t=60.83s fingers=4
Sep 08 09:38:57 yoga7 niri[3355]: 2026-09-08T01:38:57.982332Z  INFO niri::input::touch_swipe_tracker: gesture-debug: motion slot=2 pos=(975,595) t=60.83s fingers=4
Sep 08 09:38:57 yoga7 niri[3355]: 2026-09-08T01:38:57.982350Z  INFO niri::input::touch_swipe_tracker: gesture-debug: motion slot=3 pos=(647,681) t=60.83s fingers=4
Sep 08 09:38:57 yoga7 niri[3355]: 2026-09-08T01:38:57.990578Z  INFO niri::input::touch_swipe_tracker: gesture-debug: motion slot=0 pos=(821,578) t=60.838s fingers=4
Sep 08 09:38:57 yoga7 niri[3355]: 2026-09-08T01:38:57.990619Z  INFO niri::input::touch_swipe_tracker: gesture-debug: motion slot=1 pos=(1114,699) t=60.838s fingers=4
Sep 08 09:38:57 yoga7 niri[3355]: 2026-09-08T01:38:57.990644Z  INFO niri::input::touch_swipe_tracker: gesture-debug: motion slot=2 pos=(975,598) t=60.838s fingers=4
Sep 08 09:38:57 yoga7 niri[3355]: 2026-09-08T01:38:57.990664Z  INFO niri::input::touch_swipe_tracker: gesture-debug: motion slot=3 pos=(647,683) t=60.838s fingers=4
Sep 08 09:38:57 yoga7 niri[3355]: 2026-09-08T01:38:57.999627Z  INFO niri::input::touch_swipe_tracker: gesture-debug: motion slot=0 pos=(821,581) t=60.846s fingers=4
Sep 08 09:38:57 yoga7 niri[3355]: 2026-09-08T01:38:57.999664Z  INFO niri::input::touch_swipe_tracker: gesture-debug: motion slot=1 pos=(1114,702) t=60.846s fingers=4
Sep 08 09:38:57 yoga7 niri[3355]: 2026-09-08T01:38:57.999687Z  INFO niri::input::touch_swipe_tracker: gesture-debug: motion slot=2 pos=(975,600) t=60.846s fingers=4
Sep 08 09:38:57 yoga7 niri[3355]: 2026-09-08T01:38:57.999705Z  INFO niri::input::touch_swipe_tracker: gesture-debug: motion slot=3 pos=(646,686) t=60.846s fingers=4
Sep 08 09:38:58 yoga7 niri[3355]: 2026-09-08T01:38:58.007203Z  INFO niri::input::touch_swipe_tracker: gesture-debug: motion slot=0 pos=(821,583) t=60.855s fingers=4
Sep 08 09:38:58 yoga7 niri[3355]: 2026-09-08T01:38:58.007241Z  INFO niri::input::touch_swipe_tracker: gesture-debug: motion slot=1 pos=(1113,705) t=60.855s fingers=4
Sep 08 09:38:58 yoga7 niri[3355]: 2026-09-08T01:38:58.007265Z  INFO niri::input::touch_swipe_tracker: gesture-debug: motion slot=2 pos=(974,603) t=60.855s fingers=4
Sep 08 09:38:58 yoga7 niri[3355]: 2026-09-08T01:38:58.007284Z  INFO niri::input::touch_swipe_tracker: gesture-debug: motion slot=3 pos=(646,688) t=60.855s fingers=4
Sep 08 09:38:58 yoga7 niri[3355]: 2026-09-08T01:38:58.015695Z  INFO niri::input::touch_swipe_tracker: gesture-debug: motion slot=0 pos=(820,586) t=60.863s fingers=4
Sep 08 09:38:58 yoga7 niri[3355]: 2026-09-08T01:38:58.015739Z  INFO niri::input::touch_swipe_tracker: gesture-debug: motion slot=1 pos=(1113,708) t=60.863s fingers=4
Sep 08 09:38:58 yoga7 niri[3355]: 2026-09-08T01:38:58.015761Z  INFO niri::input::touch_swipe_tracker: gesture-debug: motion slot=2 pos=(974,606) t=60.863s fingers=4
Sep 08 09:38:58 yoga7 niri[3355]: 2026-09-08T01:38:58.015780Z  INFO niri::input::touch_swipe_tracker: gesture-debug: motion slot=3 pos=(646,691) t=60.863s fingers=4
Sep 08 09:38:58 yoga7 niri[3355]: 2026-09-08T01:38:58.023765Z  INFO niri::input::touch_swipe_tracker: gesture-debug: motion slot=0 pos=(820,588) t=60.871s fingers=4
Sep 08 09:38:58 yoga7 niri[3355]: 2026-09-08T01:38:58.023793Z  INFO niri::input::touch_swipe_tracker: gesture-debug: motion slot=1 pos=(1113,711) t=60.871s fingers=4
Sep 08 09:38:58 yoga7 niri[3355]: 2026-09-08T01:38:58.023809Z  INFO niri::input::touch_swipe_tracker: gesture-debug: motion slot=2 pos=(974,609) t=60.871s fingers=4
Sep 08 09:38:58 yoga7 niri[3355]: 2026-09-08T01:38:58.023822Z  INFO niri::input::touch_swipe_tracker: gesture-debug: motion slot=3 pos=(646,693) t=60.871s fingers=4
Sep 08 09:38:58 yoga7 niri[3355]: 2026-09-08T01:38:58.032116Z  INFO niri::input::touch_swipe_tracker: gesture-debug: motion slot=0 pos=(820,591) t=60.88s fingers=4
Sep 08 09:38:58 yoga7 niri[3355]: 2026-09-08T01:38:58.032155Z  INFO niri::input::touch_swipe_tracker: gesture-debug: motion slot=1 pos=(1112,714) t=60.88s fingers=4
Sep 08 09:38:58 yoga7 niri[3355]: 2026-09-08T01:38:58.032177Z  INFO niri::input::touch_swipe_tracker: gesture-debug: motion slot=2 pos=(973,612) t=60.88s fingers=4
Sep 08 09:38:58 yoga7 niri[3355]: 2026-09-08T01:38:58.032195Z  INFO niri::input::touch_swipe_tracker: gesture-debug: motion slot=3 pos=(646,695) t=60.88s fingers=4
Sep 08 09:38:58 yoga7 niri[3355]: 2026-09-08T01:38:58.040438Z  INFO niri::input::touch_swipe_tracker: gesture-debug: motion slot=0 pos=(820,593) t=60.888s fingers=4
Sep 08 09:38:58 yoga7 niri[3355]: 2026-09-08T01:38:58.040476Z  INFO niri::input::touch_swipe_tracker: gesture-debug: motion slot=1 pos=(1112,716) t=60.888s fingers=4
Sep 08 09:38:58 yoga7 niri[3355]: 2026-09-08T01:38:58.040497Z  INFO niri::input::touch_swipe_tracker: gesture-debug: motion slot=2 pos=(973,615) t=60.888s fingers=4
Sep 08 09:38:58 yoga7 niri[3355]: 2026-09-08T01:38:58.040516Z  INFO niri::input::touch_swipe_tracker: gesture-debug: motion slot=3 pos=(646,697) t=60.888s fingers=4
Sep 08 09:38:58 yoga7 niri[3355]: 2026-09-08T01:38:58.048787Z  INFO niri::input::touch_swipe_tracker: gesture-debug: motion slot=0 pos=(819,596) t=60.896s fingers=4
Sep 08 09:38:58 yoga7 niri[3355]: 2026-09-08T01:38:58.048840Z  INFO niri::input::touch_swipe_tracker: gesture-debug: motion slot=1 pos=(1112,719) t=60.896s fingers=4
Sep 08 09:38:58 yoga7 niri[3355]: 2026-09-08T01:38:58.048864Z  INFO niri::input::touch_swipe_tracker: gesture-debug: motion slot=2 pos=(973,617) t=60.896s fingers=4
Sep 08 09:38:58 yoga7 niri[3355]: 2026-09-08T01:38:58.048882Z  INFO niri::input::touch_swipe_tracker: gesture-debug: motion slot=3 pos=(646,700) t=60.896s fingers=4
Sep 08 09:38:58 yoga7 niri[3355]: 2026-09-08T01:38:58.057216Z  INFO niri::input::touch_swipe_tracker: gesture-debug: motion slot=0 pos=(819,599) t=60.905s fingers=4
Sep 08 09:38:58 yoga7 niri[3355]: 2026-09-08T01:38:58.057244Z  INFO niri::input::touch_swipe_tracker: gesture-debug: motion slot=1 pos=(1112,722) t=60.905s fingers=4
Sep 08 09:38:58 yoga7 niri[3355]: 2026-09-08T01:38:58.057260Z  INFO niri::input::touch_swipe_tracker: gesture-debug: motion slot=2 pos=(972,619) t=60.905s fingers=4
Sep 08 09:38:58 yoga7 niri[3355]: 2026-09-08T01:38:58.057274Z  INFO niri::input::touch_swipe_tracker: gesture-debug: motion slot=3 pos=(646,702) t=60.905s fingers=4
Sep 08 09:38:58 yoga7 niri[3355]: 2026-09-08T01:38:58.065379Z  INFO niri::input::touch_swipe_tracker: gesture-debug: motion slot=0 pos=(819,602) t=60.913s fingers=4
Sep 08 09:38:58 yoga7 niri[3355]: 2026-09-08T01:38:58.065417Z  INFO niri::input::touch_swipe_tracker: gesture-debug: motion slot=1 pos=(1111,725) t=60.913s fingers=4
Sep 08 09:38:58 yoga7 niri[3355]: 2026-09-08T01:38:58.065439Z  INFO niri::input::touch_swipe_tracker: gesture-debug: motion slot=2 pos=(972,622) t=60.913s fingers=4
Sep 08 09:38:58 yoga7 niri[3355]: 2026-09-08T01:38:58.065458Z  INFO niri::input::touch_swipe_tracker: gesture-debug: motion slot=3 pos=(646,705) t=60.913s fingers=4
Sep 08 09:38:58 yoga7 niri[3355]: 2026-09-08T01:38:58.073753Z  INFO niri::input::touch_swipe_tracker: gesture-debug: motion slot=0 pos=(819,604) t=60.921s fingers=4
Sep 08 09:38:58 yoga7 niri[3355]: 2026-09-08T01:38:58.073792Z  INFO niri::input::touch_swipe_tracker: gesture-debug: motion slot=1 pos=(1111,727) t=60.921s fingers=4
Sep 08 09:38:58 yoga7 niri[3355]: 2026-09-08T01:38:58.073814Z  INFO niri::input::touch_swipe_tracker: gesture-debug: motion slot=2 pos=(971,624) t=60.921s fingers=4
Sep 08 09:38:58 yoga7 niri[3355]: 2026-09-08T01:38:58.073831Z  INFO niri::input::touch_swipe_tracker: gesture-debug: motion slot=3 pos=(646,708) t=60.921s fingers=4
Sep 08 09:38:58 yoga7 niri[3355]: 2026-09-08T01:38:58.082026Z  INFO niri::input::touch_swipe_tracker: gesture-debug: motion slot=0 pos=(818,607) t=60.929s fingers=4
Sep 08 09:38:58 yoga7 niri[3355]: 2026-09-08T01:38:58.082063Z  INFO niri::input::touch_swipe_tracker: gesture-debug: motion slot=1 pos=(1111,730) t=60.929s fingers=4
Sep 08 09:38:58 yoga7 niri[3355]: 2026-09-08T01:38:58.082085Z  INFO niri::input::touch_swipe_tracker: gesture-debug: motion slot=2 pos=(971,627) t=60.929s fingers=4
Sep 08 09:38:58 yoga7 niri[3355]: 2026-09-08T01:38:58.082105Z  INFO niri::input::touch_swipe_tracker: gesture-debug: motion slot=3 pos=(646,711) t=60.929s fingers=4
Sep 08 09:38:58 yoga7 niri[3355]: 2026-09-08T01:38:58.090293Z  INFO niri::input::touch_swipe_tracker: gesture-debug: motion slot=0 pos=(818,609) t=60.938s fingers=4
Sep 08 09:38:58 yoga7 niri[3355]: 2026-09-08T01:38:58.090317Z  INFO niri::input::touch_swipe_tracker: gesture-debug: motion slot=1 pos=(1111,733) t=60.938s fingers=4
Sep 08 09:38:58 yoga7 niri[3355]: 2026-09-08T01:38:58.090332Z  INFO niri::input::touch_swipe_tracker: gesture-debug: motion slot=2 pos=(971,629) t=60.938s fingers=4
Sep 08 09:38:58 yoga7 niri[3355]: 2026-09-08T01:38:58.090344Z  INFO niri::input::touch_swipe_tracker: gesture-debug: motion slot=3 pos=(646,713) t=60.938s fingers=4
Sep 08 09:38:58 yoga7 niri[3355]: 2026-09-08T01:38:58.098903Z  INFO niri::input::touch_swipe_tracker: gesture-debug: motion slot=0 pos=(818,611) t=60.946s fingers=4
Sep 08 09:38:58 yoga7 niri[3355]: 2026-09-08T01:38:58.098966Z  INFO niri::input::touch_swipe_tracker: gesture-debug: motion slot=1 pos=(1110,735) t=60.946s fingers=4
Sep 08 09:38:58 yoga7 niri[3355]: 2026-09-08T01:38:58.098995Z  INFO niri::input::touch_swipe_tracker: gesture-debug: motion slot=2 pos=(971,632) t=60.946s fingers=4
Sep 08 09:38:58 yoga7 niri[3355]: 2026-09-08T01:38:58.099016Z  INFO niri::input::touch_swipe_tracker: gesture-debug: motion slot=3 pos=(646,715) t=60.946s fingers=4
Sep 08 09:38:58 yoga7 niri[3355]: 2026-09-08T01:38:58.106980Z  INFO niri::input::touch_swipe_tracker: gesture-debug: motion slot=0 pos=(818,613) t=60.954s fingers=4
Sep 08 09:38:58 yoga7 niri[3355]: 2026-09-08T01:38:58.107020Z  INFO niri::input::touch_swipe_tracker: gesture-debug: motion slot=1 pos=(1110,737) t=60.954s fingers=4
Sep 08 09:38:58 yoga7 niri[3355]: 2026-09-08T01:38:58.107043Z  INFO niri::input::touch_swipe_tracker: gesture-debug: motion slot=2 pos=(971,634) t=60.954s fingers=4
Sep 08 09:38:58 yoga7 niri[3355]: 2026-09-08T01:38:58.107061Z  INFO niri::input::touch_swipe_tracker: gesture-debug: motion slot=3 pos=(646,717) t=60.954s fingers=4
Sep 08 09:38:58 yoga7 niri[3355]: 2026-09-08T01:38:58.115241Z  INFO niri::input::touch_swipe_tracker: gesture-debug: motion slot=0 pos=(818,614) t=60.963s fingers=4
Sep 08 09:38:58 yoga7 niri[3355]: 2026-09-08T01:38:58.115278Z  INFO niri::input::touch_swipe_tracker: gesture-debug: motion slot=1 pos=(1110,739) t=60.963s fingers=4
Sep 08 09:38:58 yoga7 niri[3355]: 2026-09-08T01:38:58.115300Z  INFO niri::input::touch_swipe_tracker: gesture-debug: motion slot=2 pos=(970,636) t=60.963s fingers=4
Sep 08 09:38:58 yoga7 niri[3355]: 2026-09-08T01:38:58.115319Z  INFO niri::input::touch_swipe_tracker: gesture-debug: motion slot=3 pos=(646,719) t=60.963s fingers=4
Sep 08 09:38:58 yoga7 niri[3355]: 2026-09-08T01:38:58.123656Z  INFO niri::input::touch_swipe_tracker: gesture-debug: motion slot=0 pos=(818,615) t=60.971s fingers=4
Sep 08 09:38:58 yoga7 niri[3355]: 2026-09-08T01:38:58.123681Z  INFO niri::input::touch_swipe_tracker: gesture-debug: motion slot=1 pos=(1110,740) t=60.971s fingers=4
Sep 08 09:38:58 yoga7 niri[3355]: 2026-09-08T01:38:58.123696Z  INFO niri::input::touch_swipe_tracker: gesture-debug: motion slot=2 pos=(970,638) t=60.971s fingers=4
Sep 08 09:38:58 yoga7 niri[3355]: 2026-09-08T01:38:58.123708Z  INFO niri::input::touch_swipe_tracker: gesture-debug: motion slot=3 pos=(647,720) t=60.971s fingers=4
Sep 08 09:38:58 yoga7 niri[3355]: 2026-09-08T01:38:58.131883Z  INFO niri::input::touch_swipe_tracker: gesture-debug: motion slot=0 pos=(818,616) t=60.979s fingers=4
Sep 08 09:38:58 yoga7 niri[3355]: 2026-09-08T01:38:58.131924Z  INFO niri::input::touch_swipe_tracker: gesture-debug: motion slot=1 pos=(1110,741) t=60.979s fingers=4
Sep 08 09:38:58 yoga7 niri[3355]: 2026-09-08T01:38:58.131971Z  INFO niri::input::touch_swipe_tracker: gesture-debug: motion slot=2 pos=(970,639) t=60.979s fingers=4
Sep 08 09:38:58 yoga7 niri[3355]: 2026-09-08T01:38:58.131992Z  INFO niri::input::touch_swipe_tracker: gesture-debug: motion slot=3 pos=(647,721) t=60.979s fingers=4
Sep 08 09:38:58 yoga7 niri[3355]: 2026-09-08T01:38:58.140378Z  INFO niri::input::touch_swipe_tracker: gesture-debug: motion slot=0 pos=(818,617) t=60.988s fingers=4
Sep 08 09:38:58 yoga7 niri[3355]: 2026-09-08T01:38:58.140417Z  INFO niri::input::touch_swipe_tracker: gesture-debug: motion slot=1 pos=(1110,742) t=60.988s fingers=4
Sep 08 09:38:58 yoga7 niri[3355]: 2026-09-08T01:38:58.140439Z  INFO niri::input::touch_swipe_tracker: gesture-debug: motion slot=2 pos=(970,640) t=60.988s fingers=4
Sep 08 09:38:58 yoga7 niri[3355]: 2026-09-08T01:38:58.140457Z  INFO niri::input::touch_swipe_tracker: gesture-debug: motion slot=3 pos=(647,722) t=60.988s fingers=4
Sep 08 09:38:58 yoga7 niri[3355]: 2026-09-08T01:38:58.148504Z  INFO niri::input::touch_swipe_tracker: gesture-debug: motion slot=0 pos=(818,618) t=60.996s fingers=4
Sep 08 09:38:58 yoga7 niri[3355]: 2026-09-08T01:38:58.148542Z  INFO niri::input::touch_swipe_tracker: gesture-debug: motion slot=1 pos=(1110,743) t=60.996s fingers=4
Sep 08 09:38:58 yoga7 niri[3355]: 2026-09-08T01:38:58.148564Z  INFO niri::input::touch_swipe_tracker: gesture-debug: motion slot=2 pos=(970,641) t=60.996s fingers=4
Sep 08 09:38:58 yoga7 niri[3355]: 2026-09-08T01:38:58.148583Z  INFO niri::input::touch_swipe_tracker: gesture-debug: motion slot=3 pos=(647,723) t=60.996s fingers=4
Sep 08 09:38:58 yoga7 niri[3355]: 2026-09-08T01:38:58.156740Z  INFO niri::input::touch_swipe_tracker: gesture-debug: motion slot=0 pos=(818,618) t=61.004s fingers=4
Sep 08 09:38:58 yoga7 niri[3355]: 2026-09-08T01:38:58.156767Z  INFO niri::input::touch_swipe_tracker: gesture-debug: motion slot=1 pos=(1110,743) t=61.004s fingers=4
Sep 08 09:38:58 yoga7 niri[3355]: 2026-09-08T01:38:58.156782Z  INFO niri::input::touch_swipe_tracker: gesture-debug: motion slot=2 pos=(970,641) t=61.004s fingers=4
Sep 08 09:38:58 yoga7 niri[3355]: 2026-09-08T01:38:58.156796Z  INFO niri::input::touch_swipe_tracker: gesture-debug: motion slot=3 pos=(647,723) t=61.004s fingers=4
Sep 08 09:38:58 yoga7 niri[3355]: 2026-09-08T01:38:58.165165Z  INFO niri::input::touch_swipe_tracker: gesture-debug: motion slot=0 pos=(818,619) t=61.013s fingers=4
Sep 08 09:38:58 yoga7 niri[3355]: 2026-09-08T01:38:58.165203Z  INFO niri::input::touch_swipe_tracker: gesture-debug: motion slot=1 pos=(1110,744) t=61.013s fingers=4
Sep 08 09:38:58 yoga7 niri[3355]: 2026-09-08T01:38:58.165225Z  INFO niri::input::touch_swipe_tracker: gesture-debug: motion slot=2 pos=(970,642) t=61.013s fingers=4
Sep 08 09:38:58 yoga7 niri[3355]: 2026-09-08T01:38:58.165245Z  INFO niri::input::touch_swipe_tracker: gesture-debug: motion slot=3 pos=(647,724) t=61.013s fingers=4
Sep 08 09:38:58 yoga7 niri[3355]: 2026-09-08T01:38:58.173442Z  INFO niri::input::touch_swipe_tracker: gesture-debug: motion slot=0 pos=(818,619) t=61.021s fingers=4
Sep 08 09:38:58 yoga7 niri[3355]: 2026-09-08T01:38:58.173479Z  INFO niri::input::touch_swipe_tracker: gesture-debug: motion slot=1 pos=(1110,744) t=61.021s fingers=4
Sep 08 09:38:58 yoga7 niri[3355]: 2026-09-08T01:38:58.173502Z  INFO niri::input::touch_swipe_tracker: gesture-debug: motion slot=2 pos=(970,642) t=61.021s fingers=4
Sep 08 09:38:58 yoga7 niri[3355]: 2026-09-08T01:38:58.173521Z  INFO niri::input::touch_swipe_tracker: gesture-debug: motion slot=3 pos=(647,724) t=61.021s fingers=4
Sep 08 09:38:58 yoga7 niri[3355]: 2026-09-08T01:38:58.181961Z  INFO niri::input::touch_swipe_tracker: gesture-debug: motion slot=0 pos=(818,620) t=61.029s fingers=4
Sep 08 09:38:58 yoga7 niri[3355]: 2026-09-08T01:38:58.181999Z  INFO niri::input::touch_swipe_tracker: gesture-debug: motion slot=1 pos=(1110,744) t=61.029s fingers=4
Sep 08 09:38:58 yoga7 niri[3355]: 2026-09-08T01:38:58.182022Z  INFO niri::input::touch_swipe_tracker: gesture-debug: motion slot=2 pos=(970,642) t=61.029s fingers=4
Sep 08 09:38:58 yoga7 niri[3355]: 2026-09-08T01:38:58.182041Z  INFO niri::input::touch_swipe_tracker: gesture-debug: motion slot=3 pos=(647,724) t=61.029s fingers=4
Sep 08 09:38:58 yoga7 niri[3355]: 2026-09-08T01:38:58.190045Z  INFO niri::input::touch_swipe_tracker: gesture-debug: motion slot=0 pos=(818,620) t=61.038s fingers=4
Sep 08 09:38:58 yoga7 niri[3355]: 2026-09-08T01:38:58.190070Z  INFO niri::input::touch_swipe_tracker: gesture-debug: motion slot=1 pos=(1110,744) t=61.038s fingers=4
Sep 08 09:38:58 yoga7 niri[3355]: 2026-09-08T01:38:58.190085Z  INFO niri::input::touch_swipe_tracker: gesture-debug: motion slot=2 pos=(970,643) t=61.038s fingers=4
Sep 08 09:38:58 yoga7 niri[3355]: 2026-09-08T01:38:58.190096Z  INFO niri::input::touch_swipe_tracker: gesture-debug: motion slot=3 pos=(648,725) t=61.038s fingers=4
Sep 08 09:38:58 yoga7 niri[3355]: 2026-09-08T01:38:58.198408Z  INFO niri::input::touch_swipe_tracker: gesture-debug: motion slot=0 pos=(818,620) t=61.046s fingers=4
Sep 08 09:38:58 yoga7 niri[3355]: 2026-09-08T01:38:58.198447Z  INFO niri::input::touch_swipe_tracker: gesture-debug: motion slot=1 pos=(1110,744) t=61.046s fingers=4
Sep 08 09:38:58 yoga7 niri[3355]: 2026-09-08T01:38:58.198470Z  INFO niri::input::touch_swipe_tracker: gesture-debug: motion slot=2 pos=(970,643) t=61.046s fingers=4
Sep 08 09:38:58 yoga7 niri[3355]: 2026-09-08T01:38:58.198488Z  INFO niri::input::touch_swipe_tracker: gesture-debug: motion slot=3 pos=(648,725) t=61.046s fingers=4
Sep 08 09:38:58 yoga7 niri[3355]: 2026-09-08T01:38:58.206649Z  INFO niri::input::touch_swipe_tracker: gesture-debug: motion slot=0 pos=(818,620) t=61.054s fingers=4
Sep 08 09:38:58 yoga7 niri[3355]: 2026-09-08T01:38:58.206674Z  INFO niri::input::touch_swipe_tracker: gesture-debug: motion slot=2 pos=(970,643) t=61.054s fingers=4
Sep 08 09:38:58 yoga7 niri[3355]: 2026-09-08T01:38:58.206688Z  INFO niri::input::touch_swipe_tracker: gesture-debug: motion slot=3 pos=(648,725) t=61.054s fingers=4
Sep 08 09:38:58 yoga7 niri[3355]: 2026-09-08T01:38:58.214992Z  INFO niri::input::touch_swipe_tracker: gesture-debug: motion slot=0 pos=(818,620) t=61.062s fingers=4
Sep 08 09:38:58 yoga7 niri[3355]: 2026-09-08T01:38:58.215040Z  INFO niri::input::touch_swipe_tracker: gesture-debug: motion slot=2 pos=(970,643) t=61.062s fingers=4
Sep 08 09:38:58 yoga7 niri[3355]: 2026-09-08T01:38:58.215068Z  INFO niri::input::touch_swipe_tracker: gesture-debug: motion slot=3 pos=(648,725) t=61.062s fingers=4
Sep 08 09:38:58 yoga7 niri[3355]: 2026-09-08T01:38:58.223436Z  INFO niri::input::touch_swipe_tracker: gesture-debug: motion slot=0 pos=(818,620) t=61.071s fingers=4
Sep 08 09:38:58 yoga7 niri[3355]: 2026-09-08T01:38:58.223462Z  INFO niri::input::touch_swipe_tracker: gesture-debug: motion slot=2 pos=(970,643) t=61.071s fingers=4
Sep 08 09:38:58 yoga7 niri[3355]: 2026-09-08T01:38:58.223476Z  INFO niri::input::touch_swipe_tracker: gesture-debug: motion slot=3 pos=(648,725) t=61.071s fingers=4
Sep 08 09:38:58 yoga7 niri[3355]: 2026-09-08T01:38:58.231258Z  INFO niri::input::touch_swipe_tracker: gesture-debug: motion slot=0 pos=(818,621) t=61.079s fingers=4
Sep 08 09:38:58 yoga7 niri[3355]: 2026-09-08T01:38:58.231296Z  INFO niri::input::touch_swipe_tracker: gesture-debug: motion slot=2 pos=(970,643) t=61.079s fingers=4
Sep 08 09:38:58 yoga7 niri[3355]: 2026-09-08T01:38:58.231319Z  INFO niri::input::touch_swipe_tracker: gesture-debug: motion slot=3 pos=(648,725) t=61.079s fingers=4
Sep 08 09:38:58 yoga7 niri[3355]: 2026-09-08T01:38:58.239606Z  INFO niri::input::touch_swipe_tracker: gesture-debug: motion slot=0 pos=(818,621) t=61.087s fingers=4
Sep 08 09:38:58 yoga7 niri[3355]: 2026-09-08T01:38:58.239638Z  INFO niri::input::touch_swipe_tracker: gesture-debug: up slot=1 t=61.087s fingers=3: tracked finger lifted, ending gesture
Sep 08 09:38:58 yoga7 niri[3355]: 2026-09-08T01:38:58.571754Z  INFO niri::input::touch_swipe_tracker: gesture-debug: down slot=0 pos=(800,620) t=61.419672s fingers=1 phase=Idle
Sep 08 09:38:58 yoga7 niri[3355]: 2026-09-08T01:38:58.571861Z  INFO niri::input::touch_swipe_tracker: gesture-debug: down slot=1 pos=(1088,704) t=61.419672s fingers=2 phase=Idle
Sep 08 09:38:58 yoga7 niri[3355]: 2026-09-08T01:38:58.580837Z  INFO niri::input::touch_swipe_tracker: gesture-debug: down slot=2 pos=(639,715) t=61.428792s fingers=3 phase=Idle
Sep 08 09:38:58 yoga7 niri[3355]: 2026-09-08T01:38:58.580862Z DEBUG niri::input::touch_swipe_tracker: touch_swipe: entering recognizing phase with 3 slots
Sep 08 09:38:58 yoga7 niri[3355]: 2026-09-08T01:38:58.580874Z  INFO niri::input::touch_swipe_tracker: gesture-debug: recognizing: tracking 3 of 3 slots (min 3)
Sep 08 09:38:58 yoga7 niri[3355]: 2026-09-08T01:38:58.580883Z DEBUG niri::input: touch: multi-finger gesture owns the touch stream
Sep 08 09:38:58 yoga7 niri[3355]: 2026-09-08T01:38:58.580891Z  INFO niri::input: gesture-debug: gesture owns the touch stream (client touches cancelled)
Sep 08 09:38:58 yoga7 niri[3355]: 2026-09-08T01:38:58.580934Z  INFO niri::input::touch_swipe_tracker: gesture-debug: down slot=3 pos=(954,627) t=61.428792s fingers=4 phase=Recognizing
Sep 08 09:38:58 yoga7 niri[3355]: 2026-09-08T01:38:58.580966Z  INFO niri::input::touch_swipe_tracker: gesture-debug: late join: slot=3 now tracking 4 fingers
Sep 08 09:38:58 yoga7 niri[3355]: 2026-09-08T01:38:58.597560Z  INFO niri::input::touch_swipe_tracker: gesture-debug: motion slot=1 pos=(1088,702) t=61.445555s fingers=4
Sep 08 09:38:58 yoga7 niri[3355]: 2026-09-08T01:38:58.606454Z  INFO niri::input::touch_swipe_tracker: gesture-debug: motion slot=1 pos=(1088,701) t=61.454427s fingers=4
Sep 08 09:38:58 yoga7 niri[3355]: 2026-09-08T01:38:58.614042Z  INFO niri::input::touch_swipe_tracker: gesture-debug: motion slot=0 pos=(800,619) t=61.462029s fingers=4
Sep 08 09:38:58 yoga7 niri[3355]: 2026-09-08T01:38:58.614061Z  INFO niri::input::touch_swipe_tracker: gesture-debug: motion slot=1 pos=(1088,700) t=61.462029s fingers=4
Sep 08 09:38:58 yoga7 niri[3355]: 2026-09-08T01:38:58.622562Z  INFO niri::input::touch_swipe_tracker: gesture-debug: motion slot=0 pos=(800,619) t=61.470361s fingers=4
Sep 08 09:38:58 yoga7 niri[3355]: 2026-09-08T01:38:58.622588Z  INFO niri::input::touch_swipe_tracker: gesture-debug: motion slot=1 pos=(1088,697) t=61.470361s fingers=4
Sep 08 09:38:58 yoga7 niri[3355]: 2026-09-08T01:38:58.622602Z  INFO niri::input::touch_swipe_tracker: gesture-debug: motion slot=3 pos=(954,626) t=61.470361s fingers=4
Sep 08 09:38:58 yoga7 niri[3355]: 2026-09-08T01:38:58.630697Z  INFO niri::input::touch_swipe_tracker: gesture-debug: motion slot=0 pos=(800,618) t=61.478659s fingers=4
Sep 08 09:38:58 yoga7 niri[3355]: 2026-09-08T01:38:58.630726Z  INFO niri::input::touch_swipe_tracker: gesture-debug: motion slot=1 pos=(1088,694) t=61.478659s fingers=4
Sep 08 09:38:58 yoga7 niri[3355]: 2026-09-08T01:38:58.630739Z  INFO niri::input::touch_swipe_tracker: gesture-debug: motion slot=2 pos=(638,714) t=61.478659s fingers=4
Sep 08 09:38:58 yoga7 niri[3355]: 2026-09-08T01:38:58.630749Z  INFO niri::input::touch_swipe_tracker: gesture-debug: motion slot=3 pos=(954,625) t=61.478659s fingers=4
Sep 08 09:38:58 yoga7 niri[3355]: 2026-09-08T01:38:58.639195Z  INFO niri::input::touch_swipe_tracker: gesture-debug: motion slot=0 pos=(799,616) t=61.487157s fingers=4
Sep 08 09:38:58 yoga7 niri[3355]: 2026-09-08T01:38:58.639225Z  INFO niri::input::touch_swipe_tracker: gesture-debug: motion slot=1 pos=(1087,690) t=61.487157s fingers=4
Sep 08 09:38:58 yoga7 niri[3355]: 2026-09-08T01:38:58.639238Z  INFO niri::input::touch_swipe_tracker: gesture-debug: motion slot=2 pos=(638,712) t=61.487157s fingers=4
Sep 08 09:38:58 yoga7 niri[3355]: 2026-09-08T01:38:58.639249Z  INFO niri::input::touch_swipe_tracker: gesture-debug: motion slot=3 pos=(954,625) t=61.487157s fingers=4
Sep 08 09:38:58 yoga7 niri[3355]: 2026-09-08T01:38:58.647292Z  INFO niri::input::touch_swipe_tracker: gesture-debug: motion slot=0 pos=(799,613) t=61.495289s fingers=4
Sep 08 09:38:58 yoga7 niri[3355]: 2026-09-08T01:38:58.647310Z  INFO niri::input::touch_swipe_tracker: gesture-debug: motion slot=1 pos=(1086,684) t=61.495289s fingers=4
Sep 08 09:38:58 yoga7 niri[3355]: 2026-09-08T01:38:58.647319Z  INFO niri::input::touch_swipe_tracker: gesture-debug: motion slot=2 pos=(637,710) t=61.495289s fingers=4
Sep 08 09:38:58 yoga7 niri[3355]: 2026-09-08T01:38:58.647325Z  INFO niri::input::touch_swipe_tracker: gesture-debug: motion slot=3 pos=(953,624) t=61.495289s fingers=4
Sep 08 09:38:58 yoga7 niri[3355]: 2026-09-08T01:38:58.656187Z  INFO niri::input::touch_swipe_tracker: gesture-debug: motion slot=0 pos=(798,608) t=61.503582s fingers=4
Sep 08 09:38:58 yoga7 niri[3355]: 2026-09-08T01:38:58.656218Z  INFO niri::input::touch_swipe_tracker: gesture-debug: motion slot=1 pos=(1085,679) t=61.503582s fingers=4
Sep 08 09:38:58 yoga7 niri[3355]: 2026-09-08T01:38:58.656233Z  INFO niri::input::touch_swipe_tracker: gesture-debug: motion slot=2 pos=(635,707) t=61.503582s fingers=4
Sep 08 09:38:58 yoga7 niri[3355]: 2026-09-08T01:38:58.656244Z  INFO niri::input::touch_swipe_tracker: gesture-debug: motion slot=3 pos=(953,623) t=61.503582s fingers=4
Sep 08 09:38:58 yoga7 niri[3355]: 2026-09-08T01:38:58.663978Z  INFO niri::input::touch_swipe_tracker: gesture-debug: motion slot=0 pos=(797,603) t=61.51192s fingers=4
Sep 08 09:38:58 yoga7 niri[3355]: 2026-09-08T01:38:58.664005Z  INFO niri::input::touch_swipe_tracker: gesture-debug: motion slot=1 pos=(1084,675) t=61.51192s fingers=4
Sep 08 09:38:58 yoga7 niri[3355]: 2026-09-08T01:38:58.664021Z  INFO niri::input::touch_swipe_tracker: gesture-debug: motion slot=2 pos=(634,703) t=61.51192s fingers=4
Sep 08 09:38:58 yoga7 niri[3355]: 2026-09-08T01:38:58.664030Z  INFO niri::input::touch_swipe_tracker: gesture-debug: recognized: swipe fingers=4 direction=Vertical delta=(-3.3,-15.7) t=61.51192s
Sep 08 09:38:58 yoga7 niri[3355]: 2026-09-08T01:38:58.664041Z  INFO niri::input: gesture-debug: swipe dispatch: fingers=4 hold=false direction=Vertical discrete=None
Sep 08 09:38:58 yoga7 niri[3355]: 2026-09-08T01:38:58.664080Z  INFO niri::input::touch_swipe_tracker: gesture-debug: motion slot=3 pos=(953,621) t=61.511s fingers=4
Sep 08 09:38:58 yoga7 niri[3355]: 2026-09-08T01:38:58.672361Z  INFO niri::input::touch_swipe_tracker: gesture-debug: motion slot=0 pos=(797,599) t=61.52s fingers=4
Sep 08 09:38:58 yoga7 niri[3355]: 2026-09-08T01:38:58.672428Z  INFO niri::input::touch_swipe_tracker: gesture-debug: motion slot=1 pos=(1084,670) t=61.52s fingers=4
Sep 08 09:38:58 yoga7 niri[3355]: 2026-09-08T01:38:58.672452Z  INFO niri::input::touch_swipe_tracker: gesture-debug: motion slot=2 pos=(632,698) t=61.52s fingers=4
Sep 08 09:38:58 yoga7 niri[3355]: 2026-09-08T01:38:58.672471Z  INFO niri::input::touch_swipe_tracker: gesture-debug: motion slot=3 pos=(953,618) t=61.52s fingers=4
Sep 08 09:38:58 yoga7 niri[3355]: 2026-09-08T01:38:58.680766Z  INFO niri::input::touch_swipe_tracker: gesture-debug: motion slot=0 pos=(796,595) t=61.528s fingers=4
Sep 08 09:38:58 yoga7 niri[3355]: 2026-09-08T01:38:58.680791Z  INFO niri::input::touch_swipe_tracker: gesture-debug: motion slot=1 pos=(1083,665) t=61.528s fingers=4
Sep 08 09:38:58 yoga7 niri[3355]: 2026-09-08T01:38:58.680806Z  INFO niri::input::touch_swipe_tracker: gesture-debug: motion slot=2 pos=(631,692) t=61.528s fingers=4
Sep 08 09:38:58 yoga7 niri[3355]: 2026-09-08T01:38:58.680818Z  INFO niri::input::touch_swipe_tracker: gesture-debug: motion slot=3 pos=(953,613) t=61.528s fingers=4
Sep 08 09:38:58 yoga7 niri[3355]: 2026-09-08T01:38:58.689204Z  INFO niri::input::touch_swipe_tracker: gesture-debug: motion slot=0 pos=(796,590) t=61.536s fingers=4
Sep 08 09:38:58 yoga7 niri[3355]: 2026-09-08T01:38:58.689242Z  INFO niri::input::touch_swipe_tracker: gesture-debug: motion slot=1 pos=(1083,659) t=61.536s fingers=4
Sep 08 09:38:58 yoga7 niri[3355]: 2026-09-08T01:38:58.689264Z  INFO niri::input::touch_swipe_tracker: gesture-debug: motion slot=2 pos=(629,686) t=61.536s fingers=4
Sep 08 09:38:58 yoga7 niri[3355]: 2026-09-08T01:38:58.689283Z  INFO niri::input::touch_swipe_tracker: gesture-debug: motion slot=3 pos=(953,608) t=61.536s fingers=4
Sep 08 09:38:58 yoga7 niri[3355]: 2026-09-08T01:38:58.697170Z  INFO niri::input::touch_swipe_tracker: gesture-debug: motion slot=0 pos=(796,584) t=61.545s fingers=4
Sep 08 09:38:58 yoga7 niri[3355]: 2026-09-08T01:38:58.697208Z  INFO niri::input::touch_swipe_tracker: gesture-debug: motion slot=1 pos=(1083,654) t=61.545s fingers=4
Sep 08 09:38:58 yoga7 niri[3355]: 2026-09-08T01:38:58.697230Z  INFO niri::input::touch_swipe_tracker: gesture-debug: motion slot=2 pos=(628,681) t=61.545s fingers=4
Sep 08 09:38:58 yoga7 niri[3355]: 2026-09-08T01:38:58.697249Z  INFO niri::input::touch_swipe_tracker: gesture-debug: motion slot=3 pos=(953,603) t=61.545s fingers=4
Sep 08 09:38:58 yoga7 niri[3355]: 2026-09-08T01:38:58.705530Z  INFO niri::input::touch_swipe_tracker: gesture-debug: motion slot=0 pos=(795,577) t=61.553s fingers=4
Sep 08 09:38:58 yoga7 niri[3355]: 2026-09-08T01:38:58.705571Z  INFO niri::input::touch_swipe_tracker: gesture-debug: motion slot=1 pos=(1083,648) t=61.553s fingers=4
Sep 08 09:38:58 yoga7 niri[3355]: 2026-09-08T01:38:58.705595Z  INFO niri::input::touch_swipe_tracker: gesture-debug: motion slot=2 pos=(627,675) t=61.553s fingers=4
Sep 08 09:38:58 yoga7 niri[3355]: 2026-09-08T01:38:58.705613Z  INFO niri::input::touch_swipe_tracker: gesture-debug: motion slot=3 pos=(953,598) t=61.553s fingers=4
Sep 08 09:38:58 yoga7 niri[3355]: 2026-09-08T01:38:58.713843Z  INFO niri::input::touch_swipe_tracker: gesture-debug: motion slot=0 pos=(795,573) t=61.561s fingers=4
Sep 08 09:38:58 yoga7 niri[3355]: 2026-09-08T01:38:58.713870Z  INFO niri::input::touch_swipe_tracker: gesture-debug: motion slot=1 pos=(1083,643) t=61.561s fingers=4
Sep 08 09:38:58 yoga7 niri[3355]: 2026-09-08T01:38:58.713888Z  INFO niri::input::touch_swipe_tracker: gesture-debug: motion slot=2 pos=(626,668) t=61.561s fingers=4
Sep 08 09:38:58 yoga7 niri[3355]: 2026-09-08T01:38:58.713901Z  INFO niri::input::touch_swipe_tracker: gesture-debug: motion slot=3 pos=(953,592) t=61.561s fingers=4
Sep 08 09:38:58 yoga7 niri[3355]: 2026-09-08T01:38:58.722480Z  INFO niri::input::touch_swipe_tracker: gesture-debug: motion slot=0 pos=(795,567) t=61.57s fingers=4
Sep 08 09:38:58 yoga7 niri[3355]: 2026-09-08T01:38:58.722520Z  INFO niri::input::touch_swipe_tracker: gesture-debug: motion slot=1 pos=(1082,636) t=61.57s fingers=4
Sep 08 09:38:58 yoga7 niri[3355]: 2026-09-08T01:38:58.722543Z  INFO niri::input::touch_swipe_tracker: gesture-debug: motion slot=2 pos=(624,661) t=61.57s fingers=4
Sep 08 09:38:58 yoga7 niri[3355]: 2026-09-08T01:38:58.722563Z  INFO niri::input::touch_swipe_tracker: gesture-debug: motion slot=3 pos=(954,585) t=61.57s fingers=4
Sep 08 09:38:58 yoga7 niri[3355]: 2026-09-08T01:38:58.730420Z  INFO niri::input::touch_swipe_tracker: gesture-debug: motion slot=0 pos=(795,559) t=61.578s fingers=4
Sep 08 09:38:58 yoga7 niri[3355]: 2026-09-08T01:38:58.730458Z  INFO niri::input::touch_swipe_tracker: gesture-debug: motion slot=1 pos=(1082,629) t=61.578s fingers=4
Sep 08 09:38:58 yoga7 niri[3355]: 2026-09-08T01:38:58.730480Z  INFO niri::input::touch_swipe_tracker: gesture-debug: motion slot=2 pos=(623,654) t=61.578s fingers=4
Sep 08 09:38:58 yoga7 niri[3355]: 2026-09-08T01:38:58.730499Z  INFO niri::input::touch_swipe_tracker: gesture-debug: motion slot=3 pos=(954,579) t=61.578s fingers=4
Sep 08 09:38:58 yoga7 niri[3355]: 2026-09-08T01:38:58.738787Z  INFO niri::input::touch_swipe_tracker: gesture-debug: motion slot=0 pos=(796,551) t=61.586s fingers=4
Sep 08 09:38:58 yoga7 niri[3355]: 2026-09-08T01:38:58.738825Z  INFO niri::input::touch_swipe_tracker: gesture-debug: motion slot=1 pos=(1081,622) t=61.586s fingers=4
Sep 08 09:38:58 yoga7 niri[3355]: 2026-09-08T01:38:58.738848Z  INFO niri::input::touch_swipe_tracker: gesture-debug: motion slot=2 pos=(622,648) t=61.586s fingers=4
Sep 08 09:38:58 yoga7 niri[3355]: 2026-09-08T01:38:58.738867Z  INFO niri::input::touch_swipe_tracker: gesture-debug: motion slot=3 pos=(954,574) t=61.586s fingers=4
Sep 08 09:38:58 yoga7 niri[3355]: 2026-09-08T01:38:58.747074Z  INFO niri::input::touch_swipe_tracker: gesture-debug: motion slot=0 pos=(795,546) t=61.595s fingers=4
Sep 08 09:38:58 yoga7 niri[3355]: 2026-09-08T01:38:58.747102Z  INFO niri::input::touch_swipe_tracker: gesture-debug: motion slot=1 pos=(1081,616) t=61.595s fingers=4
Sep 08 09:38:58 yoga7 niri[3355]: 2026-09-08T01:38:58.747119Z  INFO niri::input::touch_swipe_tracker: gesture-debug: motion slot=2 pos=(621,640) t=61.595s fingers=4
Sep 08 09:38:58 yoga7 niri[3355]: 2026-09-08T01:38:58.747133Z  INFO niri::input::touch_swipe_tracker: gesture-debug: motion slot=3 pos=(954,567) t=61.595s fingers=4
Sep 08 09:38:58 yoga7 niri[3355]: 2026-09-08T01:38:58.755364Z  INFO niri::input::touch_swipe_tracker: gesture-debug: motion slot=0 pos=(795,539) t=61.603s fingers=4
Sep 08 09:38:58 yoga7 niri[3355]: 2026-09-08T01:38:58.755402Z  INFO niri::input::touch_swipe_tracker: gesture-debug: motion slot=1 pos=(1080,609) t=61.603s fingers=4
Sep 08 09:38:58 yoga7 niri[3355]: 2026-09-08T01:38:58.755423Z  INFO niri::input::touch_swipe_tracker: gesture-debug: motion slot=2 pos=(620,633) t=61.603s fingers=4
Sep 08 09:38:58 yoga7 niri[3355]: 2026-09-08T01:38:58.755444Z  INFO niri::input::touch_swipe_tracker: gesture-debug: motion slot=3 pos=(954,560) t=61.603s fingers=4
Sep 08 09:38:58 yoga7 niri[3355]: 2026-09-08T01:38:58.763838Z  INFO niri::input::touch_swipe_tracker: gesture-debug: motion slot=0 pos=(796,530) t=61.611s fingers=4
Sep 08 09:38:58 yoga7 niri[3355]: 2026-09-08T01:38:58.763876Z  INFO niri::input::touch_swipe_tracker: gesture-debug: motion slot=1 pos=(1079,602) t=61.611s fingers=4
Sep 08 09:38:58 yoga7 niri[3355]: 2026-09-08T01:38:58.763897Z  INFO niri::input::touch_swipe_tracker: gesture-debug: motion slot=2 pos=(619,626) t=61.611s fingers=4
Sep 08 09:38:58 yoga7 niri[3355]: 2026-09-08T01:38:58.763915Z  INFO niri::input::touch_swipe_tracker: gesture-debug: motion slot=3 pos=(954,553) t=61.611s fingers=4
Sep 08 09:38:58 yoga7 niri[3355]: 2026-09-08T01:38:58.772119Z  INFO niri::input::touch_swipe_tracker: gesture-debug: motion slot=0 pos=(796,523) t=61.62s fingers=4
Sep 08 09:38:58 yoga7 niri[3355]: 2026-09-08T01:38:58.772159Z  INFO niri::input::touch_swipe_tracker: gesture-debug: motion slot=1 pos=(1079,595) t=61.62s fingers=4
Sep 08 09:38:58 yoga7 niri[3355]: 2026-09-08T01:38:58.772181Z  INFO niri::input::touch_swipe_tracker: gesture-debug: motion slot=2 pos=(618,618) t=61.62s fingers=4
Sep 08 09:38:58 yoga7 niri[3355]: 2026-09-08T01:38:58.772200Z  INFO niri::input::touch_swipe_tracker: gesture-debug: motion slot=3 pos=(954,548) t=61.62s fingers=4
Sep 08 09:38:58 yoga7 niri[3355]: 2026-09-08T01:38:58.780316Z  INFO niri::input::touch_swipe_tracker: gesture-debug: motion slot=0 pos=(796,516) t=61.628s fingers=4
Sep 08 09:38:58 yoga7 niri[3355]: 2026-09-08T01:38:58.780341Z  INFO niri::input::touch_swipe_tracker: gesture-debug: motion slot=1 pos=(1078,589) t=61.628s fingers=4
Sep 08 09:38:58 yoga7 niri[3355]: 2026-09-08T01:38:58.780355Z  INFO niri::input::touch_swipe_tracker: gesture-debug: motion slot=2 pos=(617,610) t=61.628s fingers=4
Sep 08 09:38:58 yoga7 niri[3355]: 2026-09-08T01:38:58.780367Z  INFO niri::input::touch_swipe_tracker: gesture-debug: motion slot=3 pos=(955,540) t=61.628s fingers=4
Sep 08 09:38:58 yoga7 niri[3355]: 2026-09-08T01:38:58.788687Z  INFO niri::input::touch_swipe_tracker: gesture-debug: motion slot=0 pos=(796,507) t=61.636s fingers=4
Sep 08 09:38:58 yoga7 niri[3355]: 2026-09-08T01:38:58.788726Z  INFO niri::input::touch_swipe_tracker: gesture-debug: motion slot=1 pos=(1077,583) t=61.636s fingers=4
Sep 08 09:38:58 yoga7 niri[3355]: 2026-09-08T01:38:58.788750Z  INFO niri::input::touch_swipe_tracker: gesture-debug: motion slot=2 pos=(616,603) t=61.636s fingers=4
Sep 08 09:38:58 yoga7 niri[3355]: 2026-09-08T01:38:58.788768Z  INFO niri::input::touch_swipe_tracker: gesture-debug: motion slot=3 pos=(955,532) t=61.636s fingers=4
Sep 08 09:38:58 yoga7 niri[3355]: 2026-09-08T01:38:58.797019Z  INFO niri::input::touch_swipe_tracker: gesture-debug: motion slot=0 pos=(796,499) t=61.644s fingers=4
Sep 08 09:38:58 yoga7 niri[3355]: 2026-09-08T01:38:58.797057Z  INFO niri::input::touch_swipe_tracker: gesture-debug: motion slot=1 pos=(1077,576) t=61.644s fingers=4
Sep 08 09:38:58 yoga7 niri[3355]: 2026-09-08T01:38:58.797079Z  INFO niri::input::touch_swipe_tracker: gesture-debug: motion slot=2 pos=(616,595) t=61.644s fingers=4
Sep 08 09:38:58 yoga7 niri[3355]: 2026-09-08T01:38:58.797097Z  INFO niri::input::touch_swipe_tracker: gesture-debug: motion slot=3 pos=(955,525) t=61.644s fingers=4
Sep 08 09:38:58 yoga7 niri[3355]: 2026-09-08T01:38:58.805478Z  INFO niri::input::touch_swipe_tracker: gesture-debug: motion slot=0 pos=(796,493) t=61.653s fingers=4
Sep 08 09:38:58 yoga7 niri[3355]: 2026-09-08T01:38:58.805518Z  INFO niri::input::touch_swipe_tracker: gesture-debug: motion slot=1 pos=(1076,569) t=61.653s fingers=4
Sep 08 09:38:58 yoga7 niri[3355]: 2026-09-08T01:38:58.805540Z  INFO niri::input::touch_swipe_tracker: gesture-debug: motion slot=2 pos=(615,586) t=61.653s fingers=4
Sep 08 09:38:58 yoga7 niri[3355]: 2026-09-08T01:38:58.805558Z  INFO niri::input::touch_swipe_tracker: gesture-debug: motion slot=3 pos=(955,518) t=61.653s fingers=4
Sep 08 09:38:58 yoga7 niri[3355]: 2026-09-08T01:38:58.813536Z  INFO niri::input::touch_swipe_tracker: gesture-debug: motion slot=0 pos=(796,485) t=61.661s fingers=4
Sep 08 09:38:58 yoga7 niri[3355]: 2026-09-08T01:38:58.813562Z  INFO niri::input::touch_swipe_tracker: gesture-debug: motion slot=1 pos=(1075,562) t=61.661s fingers=4
Sep 08 09:38:58 yoga7 niri[3355]: 2026-09-08T01:38:58.813577Z  INFO niri::input::touch_swipe_tracker: gesture-debug: motion slot=2 pos=(614,579) t=61.661s fingers=4
Sep 08 09:38:58 yoga7 niri[3355]: 2026-09-08T01:38:58.813589Z  INFO niri::input::touch_swipe_tracker: gesture-debug: motion slot=3 pos=(954,510) t=61.661s fingers=4
Sep 08 09:38:58 yoga7 niri[3355]: 2026-09-08T01:38:58.821920Z  INFO niri::input::touch_swipe_tracker: gesture-debug: motion slot=0 pos=(795,476) t=61.669s fingers=4
Sep 08 09:38:58 yoga7 niri[3355]: 2026-09-08T01:38:58.821978Z  INFO niri::input::touch_swipe_tracker: gesture-debug: motion slot=1 pos=(1075,555) t=61.669s fingers=4
Sep 08 09:38:58 yoga7 niri[3355]: 2026-09-08T01:38:58.822002Z  INFO niri::input::touch_swipe_tracker: gesture-debug: motion slot=2 pos=(613,572) t=61.669s fingers=4
Sep 08 09:38:58 yoga7 niri[3355]: 2026-09-08T01:38:58.822021Z  INFO niri::input::touch_swipe_tracker: gesture-debug: motion slot=3 pos=(954,502) t=61.669s fingers=4
Sep 08 09:38:58 yoga7 niri[3355]: 2026-09-08T01:38:58.830206Z  INFO niri::input::touch_swipe_tracker: gesture-debug: motion slot=0 pos=(795,470) t=61.678s fingers=4
Sep 08 09:38:58 yoga7 niri[3355]: 2026-09-08T01:38:58.830243Z  INFO niri::input::touch_swipe_tracker: gesture-debug: motion slot=1 pos=(1074,548) t=61.678s fingers=4
Sep 08 09:38:58 yoga7 niri[3355]: 2026-09-08T01:38:58.830265Z  INFO niri::input::touch_swipe_tracker: gesture-debug: motion slot=2 pos=(612,563) t=61.678s fingers=4
Sep 08 09:38:58 yoga7 niri[3355]: 2026-09-08T01:38:58.830285Z  INFO niri::input::touch_swipe_tracker: gesture-debug: motion slot=3 pos=(953,496) t=61.678s fingers=4
Sep 08 09:38:58 yoga7 niri[3355]: 2026-09-08T01:38:58.838560Z  INFO niri::input::touch_swipe_tracker: gesture-debug: motion slot=0 pos=(794,463) t=61.686s fingers=4
Sep 08 09:38:58 yoga7 niri[3355]: 2026-09-08T01:38:58.838598Z  INFO niri::input::touch_swipe_tracker: gesture-debug: motion slot=1 pos=(1074,542) t=61.686s fingers=4
Sep 08 09:38:58 yoga7 niri[3355]: 2026-09-08T01:38:58.838620Z  INFO niri::input::touch_swipe_tracker: gesture-debug: motion slot=2 pos=(611,555) t=61.686s fingers=4
Sep 08 09:38:58 yoga7 niri[3355]: 2026-09-08T01:38:58.838640Z  INFO niri::input::touch_swipe_tracker: gesture-debug: motion slot=3 pos=(953,490) t=61.686s fingers=4
Sep 08 09:38:58 yoga7 niri[3355]: 2026-09-08T01:38:58.846976Z  INFO niri::input::touch_swipe_tracker: gesture-debug: motion slot=0 pos=(794,455) t=61.694s fingers=4
Sep 08 09:38:58 yoga7 niri[3355]: 2026-09-08T01:38:58.847028Z  INFO niri::input::touch_swipe_tracker: gesture-debug: motion slot=1 pos=(1074,536) t=61.694s fingers=4
Sep 08 09:38:58 yoga7 niri[3355]: 2026-09-08T01:38:58.847050Z  INFO niri::input::touch_swipe_tracker: gesture-debug: motion slot=2 pos=(611,548) t=61.694s fingers=4
Sep 08 09:38:58 yoga7 niri[3355]: 2026-09-08T01:38:58.847070Z  INFO niri::input::touch_swipe_tracker: gesture-debug: motion slot=3 pos=(952,483) t=61.694s fingers=4
Sep 08 09:38:58 yoga7 niri[3355]: 2026-09-08T01:38:58.855142Z  INFO niri::input::touch_swipe_tracker: gesture-debug: motion slot=0 pos=(793,448) t=61.703s fingers=4
Sep 08 09:38:58 yoga7 niri[3355]: 2026-09-08T01:38:58.855180Z  INFO niri::input::touch_swipe_tracker: gesture-debug: motion slot=1 pos=(1073,530) t=61.703s fingers=4
Sep 08 09:38:58 yoga7 niri[3355]: 2026-09-08T01:38:58.855203Z  INFO niri::input::touch_swipe_tracker: gesture-debug: motion slot=2 pos=(610,541) t=61.703s fingers=4
Sep 08 09:38:58 yoga7 niri[3355]: 2026-09-08T01:38:58.855223Z  INFO niri::input::touch_swipe_tracker: gesture-debug: motion slot=3 pos=(951,476) t=61.703s fingers=4
Sep 08 09:38:58 yoga7 niri[3355]: 2026-09-08T01:38:58.863487Z  INFO niri::input::touch_swipe_tracker: gesture-debug: motion slot=0 pos=(793,441) t=61.711s fingers=4
Sep 08 09:38:58 yoga7 niri[3355]: 2026-09-08T01:38:58.863524Z  INFO niri::input::touch_swipe_tracker: gesture-debug: motion slot=1 pos=(1073,524) t=61.711s fingers=4
Sep 08 09:38:58 yoga7 niri[3355]: 2026-09-08T01:38:58.863547Z  INFO niri::input::touch_swipe_tracker: gesture-debug: motion slot=2 pos=(609,533) t=61.711s fingers=4
Sep 08 09:38:58 yoga7 niri[3355]: 2026-09-08T01:38:58.863566Z  INFO niri::input::touch_swipe_tracker: gesture-debug: motion slot=3 pos=(951,470) t=61.711s fingers=4
Sep 08 09:38:58 yoga7 niri[3355]: 2026-09-08T01:38:58.871878Z  INFO niri::input::touch_swipe_tracker: gesture-debug: motion slot=0 pos=(792,435) t=61.719s fingers=4
Sep 08 09:38:58 yoga7 niri[3355]: 2026-09-08T01:38:58.871916Z  INFO niri::input::touch_swipe_tracker: gesture-debug: motion slot=1 pos=(1072,518) t=61.719s fingers=4
Sep 08 09:38:58 yoga7 niri[3355]: 2026-09-08T01:38:58.871957Z  INFO niri::input::touch_swipe_tracker: gesture-debug: motion slot=2 pos=(608,526) t=61.719s fingers=4
Sep 08 09:38:58 yoga7 niri[3355]: 2026-09-08T01:38:58.871977Z  INFO niri::input::touch_swipe_tracker: gesture-debug: motion slot=3 pos=(950,464) t=61.719s fingers=4
Sep 08 09:38:58 yoga7 niri[3355]: 2026-09-08T01:38:58.880143Z  INFO niri::input::touch_swipe_tracker: gesture-debug: motion slot=0 pos=(792,427) t=61.728s fingers=4
Sep 08 09:38:58 yoga7 niri[3355]: 2026-09-08T01:38:58.880170Z  INFO niri::input::touch_swipe_tracker: gesture-debug: motion slot=1 pos=(1072,512) t=61.728s fingers=4
Sep 08 09:38:58 yoga7 niri[3355]: 2026-09-08T01:38:58.880187Z  INFO niri::input::touch_swipe_tracker: gesture-debug: motion slot=2 pos=(607,519) t=61.728s fingers=4
Sep 08 09:38:58 yoga7 niri[3355]: 2026-09-08T01:38:58.880201Z  INFO niri::input::touch_swipe_tracker: gesture-debug: motion slot=3 pos=(950,457) t=61.728s fingers=4
Sep 08 09:38:58 yoga7 niri[3355]: 2026-09-08T01:38:58.888588Z  INFO niri::input::touch_swipe_tracker: gesture-debug: motion slot=0 pos=(792,420) t=61.736s fingers=4
Sep 08 09:38:58 yoga7 niri[3355]: 2026-09-08T01:38:58.888626Z  INFO niri::input::touch_swipe_tracker: gesture-debug: motion slot=1 pos=(1071,506) t=61.736s fingers=4
Sep 08 09:38:58 yoga7 niri[3355]: 2026-09-08T01:38:58.888650Z  INFO niri::input::touch_swipe_tracker: gesture-debug: motion slot=2 pos=(606,512) t=61.736s fingers=4
Sep 08 09:38:58 yoga7 niri[3355]: 2026-09-08T01:38:58.888670Z  INFO niri::input::touch_swipe_tracker: gesture-debug: motion slot=3 pos=(949,450) t=61.736s fingers=4
Sep 08 09:38:58 yoga7 niri[3355]: 2026-09-08T01:38:58.896726Z  INFO niri::input::touch_swipe_tracker: gesture-debug: motion slot=0 pos=(791,415) t=61.744s fingers=4
Sep 08 09:38:58 yoga7 niri[3355]: 2026-09-08T01:38:58.896765Z  INFO niri::input::touch_swipe_tracker: gesture-debug: motion slot=1 pos=(1070,500) t=61.744s fingers=4
Sep 08 09:38:58 yoga7 niri[3355]: 2026-09-08T01:38:58.896787Z  INFO niri::input::touch_swipe_tracker: gesture-debug: motion slot=2 pos=(605,505) t=61.744s fingers=4
Sep 08 09:38:58 yoga7 niri[3355]: 2026-09-08T01:38:58.896806Z  INFO niri::input::touch_swipe_tracker: gesture-debug: motion slot=3 pos=(949,445) t=61.744s fingers=4
Sep 08 09:38:58 yoga7 niri[3355]: 2026-09-08T01:38:58.905102Z  INFO niri::input::touch_swipe_tracker: gesture-debug: motion slot=0 pos=(790,409) t=61.753s fingers=4
Sep 08 09:38:58 yoga7 niri[3355]: 2026-09-08T01:38:58.905141Z  INFO niri::input::touch_swipe_tracker: gesture-debug: motion slot=1 pos=(1070,494) t=61.753s fingers=4
Sep 08 09:38:58 yoga7 niri[3355]: 2026-09-08T01:38:58.905166Z  INFO niri::input::touch_swipe_tracker: gesture-debug: motion slot=2 pos=(604,499) t=61.753s fingers=4
Sep 08 09:38:58 yoga7 niri[3355]: 2026-09-08T01:38:58.905184Z  INFO niri::input::touch_swipe_tracker: gesture-debug: motion slot=3 pos=(948,439) t=61.753s fingers=4
Sep 08 09:38:58 yoga7 niri[3355]: 2026-09-08T01:38:58.913653Z  INFO niri::input::touch_swipe_tracker: gesture-debug: motion slot=0 pos=(790,402) t=61.761s fingers=4
Sep 08 09:38:58 yoga7 niri[3355]: 2026-09-08T01:38:58.913678Z  INFO niri::input::touch_swipe_tracker: gesture-debug: motion slot=1 pos=(1069,488) t=61.761s fingers=4
Sep 08 09:38:58 yoga7 niri[3355]: 2026-09-08T01:38:58.913692Z  INFO niri::input::touch_swipe_tracker: gesture-debug: motion slot=2 pos=(603,493) t=61.761s fingers=4
Sep 08 09:38:58 yoga7 niri[3355]: 2026-09-08T01:38:58.913705Z  INFO niri::input::touch_swipe_tracker: gesture-debug: motion slot=3 pos=(948,433) t=61.761s fingers=4
Sep 08 09:38:58 yoga7 niri[3355]: 2026-09-08T01:38:58.921713Z  INFO niri::input::touch_swipe_tracker: gesture-debug: motion slot=0 pos=(789,395) t=61.769s fingers=4
Sep 08 09:38:58 yoga7 niri[3355]: 2026-09-08T01:38:58.921752Z  INFO niri::input::touch_swipe_tracker: gesture-debug: motion slot=1 pos=(1068,482) t=61.769s fingers=4
Sep 08 09:38:58 yoga7 niri[3355]: 2026-09-08T01:38:58.921775Z  INFO niri::input::touch_swipe_tracker: gesture-debug: motion slot=2 pos=(602,487) t=61.769s fingers=4
Sep 08 09:38:58 yoga7 niri[3355]: 2026-09-08T01:38:58.921793Z  INFO niri::input::touch_swipe_tracker: gesture-debug: motion slot=3 pos=(947,426) t=61.769s fingers=4
Sep 08 09:38:58 yoga7 niri[3355]: 2026-09-08T01:38:58.930131Z  INFO niri::input::touch_swipe_tracker: gesture-debug: motion slot=0 pos=(789,390) t=61.778s fingers=4
Sep 08 09:38:58 yoga7 niri[3355]: 2026-09-08T01:38:58.930170Z  INFO niri::input::touch_swipe_tracker: gesture-debug: motion slot=1 pos=(1067,477) t=61.778s fingers=4
Sep 08 09:38:58 yoga7 niri[3355]: 2026-09-08T01:38:58.930193Z  INFO niri::input::touch_swipe_tracker: gesture-debug: motion slot=2 pos=(602,481) t=61.778s fingers=4
Sep 08 09:38:58 yoga7 niri[3355]: 2026-09-08T01:38:58.930210Z  INFO niri::input::touch_swipe_tracker: gesture-debug: motion slot=3 pos=(947,420) t=61.778s fingers=4
Sep 08 09:38:58 yoga7 niri[3355]: 2026-09-08T01:38:58.938279Z  INFO niri::input::touch_swipe_tracker: gesture-debug: motion slot=0 pos=(788,385) t=61.786s fingers=4
Sep 08 09:38:58 yoga7 niri[3355]: 2026-09-08T01:38:58.938318Z  INFO niri::input::touch_swipe_tracker: gesture-debug: motion slot=1 pos=(1066,471) t=61.786s fingers=4
Sep 08 09:38:58 yoga7 niri[3355]: 2026-09-08T01:38:58.938340Z  INFO niri::input::touch_swipe_tracker: gesture-debug: motion slot=2 pos=(601,475) t=61.786s fingers=4
Sep 08 09:38:58 yoga7 niri[3355]: 2026-09-08T01:38:58.938359Z  INFO niri::input::touch_swipe_tracker: gesture-debug: motion slot=3 pos=(946,416) t=61.786s fingers=4
Sep 08 09:38:58 yoga7 niri[3355]: 2026-09-08T01:38:58.946647Z  INFO niri::input::touch_swipe_tracker: gesture-debug: motion slot=0 pos=(787,380) t=61.794s fingers=4
Sep 08 09:38:58 yoga7 niri[3355]: 2026-09-08T01:38:58.946675Z  INFO niri::input::touch_swipe_tracker: gesture-debug: motion slot=1 pos=(1064,465) t=61.794s fingers=4
Sep 08 09:38:58 yoga7 niri[3355]: 2026-09-08T01:38:58.946693Z  INFO niri::input::touch_swipe_tracker: gesture-debug: motion slot=2 pos=(600,470) t=61.794s fingers=4
Sep 08 09:38:58 yoga7 niri[3355]: 2026-09-08T01:38:58.946707Z  INFO niri::input::touch_swipe_tracker: gesture-debug: motion slot=3 pos=(946,410) t=61.794s fingers=4
Sep 08 09:38:58 yoga7 niri[3355]: 2026-09-08T01:38:58.954971Z  INFO niri::input::touch_swipe_tracker: gesture-debug: motion slot=0 pos=(787,374) t=61.802s fingers=4
Sep 08 09:38:58 yoga7 niri[3355]: 2026-09-08T01:38:58.955009Z  INFO niri::input::touch_swipe_tracker: gesture-debug: motion slot=1 pos=(1063,460) t=61.802s fingers=4
Sep 08 09:38:58 yoga7 niri[3355]: 2026-09-08T01:38:58.955032Z  INFO niri::input::touch_swipe_tracker: gesture-debug: motion slot=2 pos=(599,465) t=61.802s fingers=4
Sep 08 09:38:58 yoga7 niri[3355]: 2026-09-08T01:38:58.955051Z  INFO niri::input::touch_swipe_tracker: gesture-debug: motion slot=3 pos=(945,405) t=61.802s fingers=4
Sep 08 09:38:58 yoga7 niri[3355]: 2026-09-08T01:38:58.963213Z  INFO niri::input::touch_swipe_tracker: gesture-debug: motion slot=0 pos=(786,368) t=61.811s fingers=4
Sep 08 09:38:58 yoga7 niri[3355]: 2026-09-08T01:38:58.963251Z  INFO niri::input::touch_swipe_tracker: gesture-debug: motion slot=1 pos=(1061,454) t=61.811s fingers=4
Sep 08 09:38:58 yoga7 niri[3355]: 2026-09-08T01:38:58.963273Z  INFO niri::input::touch_swipe_tracker: gesture-debug: motion slot=2 pos=(597,460) t=61.811s fingers=4
Sep 08 09:38:58 yoga7 niri[3355]: 2026-09-08T01:38:58.963291Z  INFO niri::input::touch_swipe_tracker: gesture-debug: motion slot=3 pos=(944,399) t=61.811s fingers=4
Sep 08 09:38:58 yoga7 niri[3355]: 2026-09-08T01:38:58.971667Z  INFO niri::input::touch_swipe_tracker: gesture-debug: motion slot=0 pos=(785,363) t=61.819s fingers=4
Sep 08 09:38:58 yoga7 niri[3355]: 2026-09-08T01:38:58.971707Z  INFO niri::input::touch_swipe_tracker: gesture-debug: motion slot=1 pos=(1059,448) t=61.819s fingers=4
Sep 08 09:38:58 yoga7 niri[3355]: 2026-09-08T01:38:58.971730Z  INFO niri::input::touch_swipe_tracker: gesture-debug: motion slot=2 pos=(596,454) t=61.819s fingers=4
Sep 08 09:38:58 yoga7 niri[3355]: 2026-09-08T01:38:58.971748Z  INFO niri::input::touch_swipe_tracker: gesture-debug: motion slot=3 pos=(943,394) t=61.819s fingers=4
Sep 08 09:38:58 yoga7 niri[3355]: 2026-09-08T01:38:58.979815Z  INFO niri::input::touch_swipe_tracker: gesture-debug: motion slot=0 pos=(784,359) t=61.827s fingers=4
Sep 08 09:38:58 yoga7 niri[3355]: 2026-09-08T01:38:58.979845Z  INFO niri::input::touch_swipe_tracker: gesture-debug: motion slot=1 pos=(1058,444) t=61.827s fingers=4
Sep 08 09:38:58 yoga7 niri[3355]: 2026-09-08T01:38:58.979863Z  INFO niri::input::touch_swipe_tracker: gesture-debug: motion slot=2 pos=(594,448) t=61.827s fingers=4
Sep 08 09:38:58 yoga7 niri[3355]: 2026-09-08T01:38:58.979877Z  INFO niri::input::touch_swipe_tracker: gesture-debug: motion slot=3 pos=(942,390) t=61.827s fingers=4
Sep 08 09:38:58 yoga7 niri[3355]: 2026-09-08T01:38:58.988181Z  INFO niri::input::touch_swipe_tracker: gesture-debug: motion slot=0 pos=(783,355) t=61.836s fingers=4
Sep 08 09:38:58 yoga7 niri[3355]: 2026-09-08T01:38:58.988234Z  INFO niri::input::touch_swipe_tracker: gesture-debug: motion slot=1 pos=(1056,441) t=61.836s fingers=4
Sep 08 09:38:58 yoga7 niri[3355]: 2026-09-08T01:38:58.988256Z  INFO niri::input::touch_swipe_tracker: gesture-debug: motion slot=2 pos=(593,444) t=61.836s fingers=4
Sep 08 09:38:58 yoga7 niri[3355]: 2026-09-08T01:38:58.988276Z  INFO niri::input::touch_swipe_tracker: gesture-debug: motion slot=3 pos=(941,386) t=61.836s fingers=4
Sep 08 09:38:58 yoga7 niri[3355]: 2026-09-08T01:38:58.996528Z  INFO niri::input::touch_swipe_tracker: gesture-debug: motion slot=0 pos=(782,351) t=61.844s fingers=4
Sep 08 09:38:58 yoga7 niri[3355]: 2026-09-08T01:38:58.996565Z  INFO niri::input::touch_swipe_tracker: gesture-debug: motion slot=1 pos=(1055,437) t=61.844s fingers=4
Sep 08 09:38:58 yoga7 niri[3355]: 2026-09-08T01:38:58.996588Z  INFO niri::input::touch_swipe_tracker: gesture-debug: motion slot=2 pos=(591,440) t=61.844s fingers=4
Sep 08 09:38:58 yoga7 niri[3355]: 2026-09-08T01:38:58.996606Z  INFO niri::input::touch_swipe_tracker: gesture-debug: motion slot=3 pos=(940,382) t=61.844s fingers=4
Sep 08 09:38:59 yoga7 niri[3355]: 2026-09-08T01:38:59.004854Z  INFO niri::input::touch_swipe_tracker: gesture-debug: motion slot=0 pos=(781,346) t=61.852s fingers=4
Sep 08 09:38:59 yoga7 niri[3355]: 2026-09-08T01:38:59.004895Z  INFO niri::input::touch_swipe_tracker: gesture-debug: motion slot=1 pos=(1054,434) t=61.852s fingers=4
Sep 08 09:38:59 yoga7 niri[3355]: 2026-09-08T01:38:59.004916Z  INFO niri::input::touch_swipe_tracker: gesture-debug: motion slot=2 pos=(590,435) t=61.852s fingers=4
Sep 08 09:38:59 yoga7 niri[3355]: 2026-09-08T01:38:59.004934Z  INFO niri::input::touch_swipe_tracker: gesture-debug: motion slot=3 pos=(940,378) t=61.852s fingers=4
Sep 08 09:38:59 yoga7 niri[3355]: 2026-09-08T01:38:59.013279Z  INFO niri::input::touch_swipe_tracker: gesture-debug: motion slot=0 pos=(779,341) t=61.861s fingers=4
Sep 08 09:38:59 yoga7 niri[3355]: 2026-09-08T01:38:59.013307Z  INFO niri::input::touch_swipe_tracker: gesture-debug: motion slot=1 pos=(1053,430) t=61.861s fingers=4
Sep 08 09:38:59 yoga7 niri[3355]: 2026-09-08T01:38:59.013323Z  INFO niri::input::touch_swipe_tracker: gesture-debug: motion slot=2 pos=(588,431) t=61.861s fingers=4
Sep 08 09:38:59 yoga7 niri[3355]: 2026-09-08T01:38:59.013336Z  INFO niri::input::touch_swipe_tracker: gesture-debug: motion slot=3 pos=(939,374) t=61.861s fingers=4
Sep 08 09:38:59 yoga7 niri[3355]: 2026-09-08T01:38:59.021524Z  INFO niri::input::touch_swipe_tracker: gesture-debug: motion slot=0 pos=(778,337) t=61.869s fingers=4
Sep 08 09:38:59 yoga7 niri[3355]: 2026-09-08T01:38:59.021563Z  INFO niri::input::touch_swipe_tracker: gesture-debug: motion slot=1 pos=(1052,427) t=61.869s fingers=4
Sep 08 09:38:59 yoga7 niri[3355]: 2026-09-08T01:38:59.021587Z  INFO niri::input::touch_swipe_tracker: gesture-debug: motion slot=2 pos=(587,427) t=61.869s fingers=4
Sep 08 09:38:59 yoga7 niri[3355]: 2026-09-08T01:38:59.021607Z  INFO niri::input::touch_swipe_tracker: gesture-debug: motion slot=3 pos=(938,370) t=61.869s fingers=4
Sep 08 09:38:59 yoga7 niri[3355]: 2026-09-08T01:38:59.029700Z  INFO niri::input::touch_swipe_tracker: gesture-debug: motion slot=0 pos=(777,335) t=61.877s fingers=4
Sep 08 09:38:59 yoga7 niri[3355]: 2026-09-08T01:38:59.029739Z  INFO niri::input::touch_swipe_tracker: gesture-debug: motion slot=1 pos=(1051,424) t=61.877s fingers=4
Sep 08 09:38:59 yoga7 niri[3355]: 2026-09-08T01:38:59.029761Z  INFO niri::input::touch_swipe_tracker: gesture-debug: motion slot=2 pos=(586,423) t=61.877s fingers=4
Sep 08 09:38:59 yoga7 niri[3355]: 2026-09-08T01:38:59.029780Z  INFO niri::input::touch_swipe_tracker: gesture-debug: motion slot=3 pos=(936,367) t=61.877s fingers=4
Sep 08 09:38:59 yoga7 niri[3355]: 2026-09-08T01:38:59.038127Z  INFO niri::input::touch_swipe_tracker: gesture-debug: motion slot=0 pos=(776,332) t=61.886s fingers=4
Sep 08 09:38:59 yoga7 niri[3355]: 2026-09-08T01:38:59.038166Z  INFO niri::input::touch_swipe_tracker: gesture-debug: motion slot=1 pos=(1050,420) t=61.886s fingers=4
Sep 08 09:38:59 yoga7 niri[3355]: 2026-09-08T01:38:59.038188Z  INFO niri::input::touch_swipe_tracker: gesture-debug: motion slot=2 pos=(584,419) t=61.886s fingers=4
Sep 08 09:38:59 yoga7 niri[3355]: 2026-09-08T01:38:59.038206Z  INFO niri::input::touch_swipe_tracker: gesture-debug: motion slot=3 pos=(935,364) t=61.886s fingers=4
Sep 08 09:38:59 yoga7 niri[3355]: 2026-09-08T01:38:59.046376Z  INFO niri::input::touch_swipe_tracker: gesture-debug: motion slot=0 pos=(775,329) t=61.894s fingers=4
Sep 08 09:38:59 yoga7 niri[3355]: 2026-09-08T01:38:59.046402Z  INFO niri::input::touch_swipe_tracker: gesture-debug: motion slot=1 pos=(1049,417) t=61.894s fingers=4
Sep 08 09:38:59 yoga7 niri[3355]: 2026-09-08T01:38:59.046416Z  INFO niri::input::touch_swipe_tracker: gesture-debug: motion slot=2 pos=(583,416) t=61.894s fingers=4
Sep 08 09:38:59 yoga7 niri[3355]: 2026-09-08T01:38:59.046428Z  INFO niri::input::touch_swipe_tracker: gesture-debug: motion slot=3 pos=(934,361) t=61.894s fingers=4
Sep 08 09:38:59 yoga7 niri[3355]: 2026-09-08T01:38:59.054930Z  INFO niri::input::touch_swipe_tracker: gesture-debug: motion slot=0 pos=(774,326) t=61.902s fingers=4
Sep 08 09:38:59 yoga7 niri[3355]: 2026-09-08T01:38:59.054996Z  INFO niri::input::touch_swipe_tracker: gesture-debug: motion slot=1 pos=(1048,414) t=61.902s fingers=4
Sep 08 09:38:59 yoga7 niri[3355]: 2026-09-08T01:38:59.055018Z  INFO niri::input::touch_swipe_tracker: gesture-debug: motion slot=2 pos=(582,413) t=61.902s fingers=4
Sep 08 09:38:59 yoga7 niri[3355]: 2026-09-08T01:38:59.055036Z  INFO niri::input::touch_swipe_tracker: gesture-debug: motion slot=3 pos=(933,359) t=61.902s fingers=4
Sep 08 09:38:59 yoga7 niri[3355]: 2026-09-08T01:38:59.063020Z  INFO niri::input::touch_swipe_tracker: gesture-debug: motion slot=0 pos=(772,323) t=61.91s fingers=4
Sep 08 09:38:59 yoga7 niri[3355]: 2026-09-08T01:38:59.063058Z  INFO niri::input::touch_swipe_tracker: gesture-debug: motion slot=1 pos=(1047,412) t=61.91s fingers=4
Sep 08 09:38:59 yoga7 niri[3355]: 2026-09-08T01:38:59.063082Z  INFO niri::input::touch_swipe_tracker: gesture-debug: motion slot=2 pos=(581,410) t=61.91s fingers=4
Sep 08 09:38:59 yoga7 niri[3355]: 2026-09-08T01:38:59.063100Z  INFO niri::input::touch_swipe_tracker: gesture-debug: motion slot=3 pos=(932,356) t=61.91s fingers=4
Sep 08 09:38:59 yoga7 niri[3355]: 2026-09-08T01:38:59.071319Z  INFO niri::input::touch_swipe_tracker: gesture-debug: motion slot=0 pos=(771,320) t=61.919s fingers=4
Sep 08 09:38:59 yoga7 niri[3355]: 2026-09-08T01:38:59.071357Z  INFO niri::input::touch_swipe_tracker: gesture-debug: motion slot=1 pos=(1045,409) t=61.919s fingers=4
Sep 08 09:38:59 yoga7 niri[3355]: 2026-09-08T01:38:59.071379Z  INFO niri::input::touch_swipe_tracker: gesture-debug: motion slot=2 pos=(580,408) t=61.919s fingers=4
Sep 08 09:38:59 yoga7 niri[3355]: 2026-09-08T01:38:59.071397Z  INFO niri::input::touch_swipe_tracker: gesture-debug: motion slot=3 pos=(931,354) t=61.919s fingers=4
Sep 08 09:38:59 yoga7 niri[3355]: 2026-09-08T01:38:59.080122Z  INFO niri::input::touch_swipe_tracker: gesture-debug: motion slot=0 pos=(770,317) t=61.928s fingers=4
Sep 08 09:38:59 yoga7 niri[3355]: 2026-09-08T01:38:59.080162Z  INFO niri::input::touch_swipe_tracker: gesture-debug: motion slot=1 pos=(1044,407) t=61.928s fingers=4
Sep 08 09:38:59 yoga7 niri[3355]: 2026-09-08T01:38:59.080184Z  INFO niri::input::touch_swipe_tracker: gesture-debug: motion slot=2 pos=(579,405) t=61.928s fingers=4
Sep 08 09:38:59 yoga7 niri[3355]: 2026-09-08T01:38:59.080203Z  INFO niri::input::touch_swipe_tracker: gesture-debug: motion slot=3 pos=(929,351) t=61.928s fingers=4
Sep 08 09:38:59 yoga7 niri[3355]: 2026-09-08T01:38:59.087893Z  INFO niri::input::touch_swipe_tracker: gesture-debug: motion slot=0 pos=(769,314) t=61.935s fingers=4
Sep 08 09:38:59 yoga7 niri[3355]: 2026-09-08T01:38:59.087925Z  INFO niri::input::touch_swipe_tracker: gesture-debug: motion slot=1 pos=(1043,405) t=61.935s fingers=4
Sep 08 09:38:59 yoga7 niri[3355]: 2026-09-08T01:38:59.087958Z  INFO niri::input::touch_swipe_tracker: gesture-debug: motion slot=2 pos=(578,403) t=61.935s fingers=4
Sep 08 09:38:59 yoga7 niri[3355]: 2026-09-08T01:38:59.087976Z  INFO niri::input::touch_swipe_tracker: gesture-debug: motion slot=3 pos=(928,348) t=61.935s fingers=4
Sep 08 09:38:59 yoga7 niri[3355]: 2026-09-08T01:38:59.096445Z  INFO niri::input::touch_swipe_tracker: gesture-debug: motion slot=0 pos=(768,312) t=61.944s fingers=4
Sep 08 09:38:59 yoga7 niri[3355]: 2026-09-08T01:38:59.096484Z  INFO niri::input::touch_swipe_tracker: gesture-debug: motion slot=1 pos=(1042,403) t=61.944s fingers=4
Sep 08 09:38:59 yoga7 niri[3355]: 2026-09-08T01:38:59.096507Z  INFO niri::input::touch_swipe_tracker: gesture-debug: motion slot=2 pos=(577,401) t=61.944s fingers=4
Sep 08 09:38:59 yoga7 niri[3355]: 2026-09-08T01:38:59.096527Z  INFO niri::input::touch_swipe_tracker: gesture-debug: motion slot=3 pos=(927,346) t=61.944s fingers=4
Sep 08 09:38:59 yoga7 niri[3355]: 2026-09-08T01:38:59.104446Z  INFO niri::input::touch_swipe_tracker: gesture-debug: motion slot=0 pos=(767,310) t=61.952s fingers=4
Sep 08 09:38:59 yoga7 niri[3355]: 2026-09-08T01:38:59.104471Z  INFO niri::input::touch_swipe_tracker: gesture-debug: motion slot=1 pos=(1041,401) t=61.952s fingers=4
Sep 08 09:38:59 yoga7 niri[3355]: 2026-09-08T01:38:59.104485Z  INFO niri::input::touch_swipe_tracker: gesture-debug: motion slot=2 pos=(576,399) t=61.952s fingers=4
Sep 08 09:38:59 yoga7 niri[3355]: 2026-09-08T01:38:59.104497Z  INFO niri::input::touch_swipe_tracker: gesture-debug: motion slot=3 pos=(926,344) t=61.952s fingers=4
Sep 08 09:38:59 yoga7 niri[3355]: 2026-09-08T01:38:59.112985Z  INFO niri::input::touch_swipe_tracker: gesture-debug: motion slot=0 pos=(767,308) t=61.96s fingers=4
Sep 08 09:38:59 yoga7 niri[3355]: 2026-09-08T01:38:59.113012Z  INFO niri::input::touch_swipe_tracker: gesture-debug: motion slot=1 pos=(1041,399) t=61.96s fingers=4
Sep 08 09:38:59 yoga7 niri[3355]: 2026-09-08T01:38:59.113037Z  INFO niri::input::touch_swipe_tracker: gesture-debug: motion slot=2 pos=(576,396) t=61.96s fingers=4
Sep 08 09:38:59 yoga7 niri[3355]: 2026-09-08T01:38:59.113051Z  INFO niri::input::touch_swipe_tracker: gesture-debug: motion slot=3 pos=(925,342) t=61.96s fingers=4
Sep 08 09:38:59 yoga7 niri[3355]: 2026-09-08T01:38:59.121138Z  INFO niri::input::touch_swipe_tracker: gesture-debug: motion slot=0 pos=(766,307) t=61.969s fingers=4
Sep 08 09:38:59 yoga7 niri[3355]: 2026-09-08T01:38:59.121177Z  INFO niri::input::touch_swipe_tracker: gesture-debug: motion slot=1 pos=(1039,397) t=61.969s fingers=4
Sep 08 09:38:59 yoga7 niri[3355]: 2026-09-08T01:38:59.121201Z  INFO niri::input::touch_swipe_tracker: gesture-debug: motion slot=2 pos=(575,394) t=61.969s fingers=4
Sep 08 09:38:59 yoga7 niri[3355]: 2026-09-08T01:38:59.121220Z  INFO niri::input::touch_swipe_tracker: gesture-debug: motion slot=3 pos=(924,340) t=61.969s fingers=4
Sep 08 09:38:59 yoga7 niri[3355]: 2026-09-08T01:38:59.129596Z  INFO niri::input::touch_swipe_tracker: gesture-debug: motion slot=0 pos=(765,305) t=61.977s fingers=4
Sep 08 09:38:59 yoga7 niri[3355]: 2026-09-08T01:38:59.129636Z  INFO niri::input::touch_swipe_tracker: gesture-debug: motion slot=1 pos=(1038,395) t=61.977s fingers=4
Sep 08 09:38:59 yoga7 niri[3355]: 2026-09-08T01:38:59.129660Z  INFO niri::input::touch_swipe_tracker: gesture-debug: motion slot=2 pos=(574,392) t=61.977s fingers=4
Sep 08 09:38:59 yoga7 niri[3355]: 2026-09-08T01:38:59.129678Z  INFO niri::input::touch_swipe_tracker: gesture-debug: motion slot=3 pos=(923,338) t=61.977s fingers=4
Sep 08 09:38:59 yoga7 niri[3355]: 2026-09-08T01:38:59.138053Z  INFO niri::input::touch_swipe_tracker: gesture-debug: motion slot=0 pos=(765,304) t=61.985s fingers=4
Sep 08 09:38:59 yoga7 niri[3355]: 2026-09-08T01:38:59.138093Z  INFO niri::input::touch_swipe_tracker: gesture-debug: motion slot=1 pos=(1037,393) t=61.985s fingers=4
Sep 08 09:38:59 yoga7 niri[3355]: 2026-09-08T01:38:59.138115Z  INFO niri::input::touch_swipe_tracker: gesture-debug: motion slot=2 pos=(573,391) t=61.985s fingers=4
Sep 08 09:38:59 yoga7 niri[3355]: 2026-09-08T01:38:59.138132Z  INFO niri::input::touch_swipe_tracker: gesture-debug: motion slot=3 pos=(922,337) t=61.985s fingers=4
Sep 08 09:38:59 yoga7 niri[3355]: 2026-09-08T01:38:59.146204Z  INFO niri::input::touch_swipe_tracker: gesture-debug: motion slot=0 pos=(764,303) t=61.994s fingers=4
Sep 08 09:38:59 yoga7 niri[3355]: 2026-09-08T01:38:59.146243Z  INFO niri::input::touch_swipe_tracker: gesture-debug: motion slot=1 pos=(1036,391) t=61.994s fingers=4
Sep 08 09:38:59 yoga7 niri[3355]: 2026-09-08T01:38:59.146266Z  INFO niri::input::touch_swipe_tracker: gesture-debug: motion slot=2 pos=(572,389) t=61.994s fingers=4
Sep 08 09:38:59 yoga7 niri[3355]: 2026-09-08T01:38:59.146285Z  INFO niri::input::touch_swipe_tracker: gesture-debug: motion slot=3 pos=(922,336) t=61.994s fingers=4
Sep 08 09:38:59 yoga7 niri[3355]: 2026-09-08T01:38:59.154374Z  INFO niri::input::touch_swipe_tracker: gesture-debug: motion slot=0 pos=(764,302) t=62.002s fingers=4
Sep 08 09:38:59 yoga7 niri[3355]: 2026-09-08T01:38:59.154414Z  INFO niri::input::touch_swipe_tracker: gesture-debug: motion slot=1 pos=(1035,390) t=62.002s fingers=4
Sep 08 09:38:59 yoga7 niri[3355]: 2026-09-08T01:38:59.154436Z  INFO niri::input::touch_swipe_tracker: gesture-debug: motion slot=2 pos=(572,388) t=62.002s fingers=4
Sep 08 09:38:59 yoga7 niri[3355]: 2026-09-08T01:38:59.154455Z  INFO niri::input::touch_swipe_tracker: gesture-debug: motion slot=3 pos=(921,335) t=62.002s fingers=4
Sep 08 09:38:59 yoga7 niri[3355]: 2026-09-08T01:38:59.162714Z  INFO niri::input::touch_swipe_tracker: gesture-debug: motion slot=0 pos=(763,301) t=62.01s fingers=4
Sep 08 09:38:59 yoga7 niri[3355]: 2026-09-08T01:38:59.162752Z  INFO niri::input::touch_swipe_tracker: gesture-debug: motion slot=1 pos=(1035,388) t=62.01s fingers=4
Sep 08 09:38:59 yoga7 niri[3355]: 2026-09-08T01:38:59.162776Z  INFO niri::input::touch_swipe_tracker: gesture-debug: motion slot=2 pos=(571,386) t=62.01s fingers=4
Sep 08 09:38:59 yoga7 niri[3355]: 2026-09-08T01:38:59.162795Z  INFO niri::input::touch_swipe_tracker: gesture-debug: motion slot=3 pos=(920,334) t=62.01s fingers=4
Sep 08 09:38:59 yoga7 niri[3355]: 2026-09-08T01:38:59.171046Z  INFO niri::input::touch_swipe_tracker: gesture-debug: motion slot=0 pos=(763,300) t=62.018s fingers=4
Sep 08 09:38:59 yoga7 niri[3355]: 2026-09-08T01:38:59.171084Z  INFO niri::input::touch_swipe_tracker: gesture-debug: motion slot=1 pos=(1034,387) t=62.018s fingers=4
Sep 08 09:38:59 yoga7 niri[3355]: 2026-09-08T01:38:59.171106Z  INFO niri::input::touch_swipe_tracker: gesture-debug: motion slot=2 pos=(570,385) t=62.018s fingers=4
Sep 08 09:38:59 yoga7 niri[3355]: 2026-09-08T01:38:59.171125Z  INFO niri::input::touch_swipe_tracker: gesture-debug: motion slot=3 pos=(920,333) t=62.018s fingers=4
Sep 08 09:38:59 yoga7 niri[3355]: 2026-09-08T01:38:59.179658Z  INFO niri::input::touch_swipe_tracker: gesture-debug: motion slot=0 pos=(762,299) t=62.027s fingers=4
Sep 08 09:38:59 yoga7 niri[3355]: 2026-09-08T01:38:59.179707Z  INFO niri::input::touch_swipe_tracker: gesture-debug: motion slot=1 pos=(1033,386) t=62.027s fingers=4
Sep 08 09:38:59 yoga7 niri[3355]: 2026-09-08T01:38:59.179730Z  INFO niri::input::touch_swipe_tracker: gesture-debug: motion slot=2 pos=(569,384) t=62.027s fingers=4
Sep 08 09:38:59 yoga7 niri[3355]: 2026-09-08T01:38:59.179749Z  INFO niri::input::touch_swipe_tracker: gesture-debug: motion slot=3 pos=(919,332) t=62.027s fingers=4
Sep 08 09:38:59 yoga7 niri[3355]: 2026-09-08T01:38:59.187679Z  INFO niri::input::touch_swipe_tracker: gesture-debug: motion slot=0 pos=(762,298) t=62.035s fingers=4
Sep 08 09:38:59 yoga7 niri[3355]: 2026-09-08T01:38:59.187716Z  INFO niri::input::touch_swipe_tracker: gesture-debug: motion slot=1 pos=(1033,386) t=62.035s fingers=4
Sep 08 09:38:59 yoga7 niri[3355]: 2026-09-08T01:38:59.187738Z  INFO niri::input::touch_swipe_tracker: gesture-debug: motion slot=2 pos=(569,383) t=62.035s fingers=4
Sep 08 09:38:59 yoga7 niri[3355]: 2026-09-08T01:38:59.187756Z  INFO niri::input::touch_swipe_tracker: gesture-debug: motion slot=3 pos=(919,331) t=62.035s fingers=4
Sep 08 09:38:59 yoga7 niri[3355]: 2026-09-08T01:38:59.196026Z  INFO niri::input::touch_swipe_tracker: gesture-debug: motion slot=0 pos=(761,297) t=62.043s fingers=4
Sep 08 09:38:59 yoga7 niri[3355]: 2026-09-08T01:38:59.196071Z  INFO niri::input::touch_swipe_tracker: gesture-debug: motion slot=1 pos=(1032,385) t=62.043s fingers=4
Sep 08 09:38:59 yoga7 niri[3355]: 2026-09-08T01:38:59.196094Z  INFO niri::input::touch_swipe_tracker: gesture-debug: motion slot=2 pos=(568,381) t=62.043s fingers=4
Sep 08 09:38:59 yoga7 niri[3355]: 2026-09-08T01:38:59.196113Z  INFO niri::input::touch_swipe_tracker: gesture-debug: motion slot=3 pos=(918,330) t=62.043s fingers=4
Sep 08 09:38:59 yoga7 niri[3355]: 2026-09-08T01:38:59.204234Z  INFO niri::input::touch_swipe_tracker: gesture-debug: motion slot=0 pos=(761,296) t=62.052s fingers=4
Sep 08 09:38:59 yoga7 niri[3355]: 2026-09-08T01:38:59.204283Z  INFO niri::input::touch_swipe_tracker: gesture-debug: motion slot=1 pos=(1032,384) t=62.052s fingers=4
Sep 08 09:38:59 yoga7 niri[3355]: 2026-09-08T01:38:59.204300Z  INFO niri::input::touch_swipe_tracker: gesture-debug: motion slot=2 pos=(568,380) t=62.052s fingers=4
Sep 08 09:38:59 yoga7 niri[3355]: 2026-09-08T01:38:59.204314Z  INFO niri::input::touch_swipe_tracker: gesture-debug: motion slot=3 pos=(918,329) t=62.052s fingers=4
Sep 08 09:38:59 yoga7 niri[3355]: 2026-09-08T01:38:59.213031Z  INFO niri::input::touch_swipe_tracker: gesture-debug: motion slot=0 pos=(761,295) t=62.06s fingers=4
Sep 08 09:38:59 yoga7 niri[3355]: 2026-09-08T01:38:59.213088Z  INFO niri::input::touch_swipe_tracker: gesture-debug: motion slot=1 pos=(1032,384) t=62.06s fingers=4
Sep 08 09:38:59 yoga7 niri[3355]: 2026-09-08T01:38:59.213115Z  INFO niri::input::touch_swipe_tracker: gesture-debug: motion slot=2 pos=(567,379) t=62.06s fingers=4
Sep 08 09:38:59 yoga7 niri[3355]: 2026-09-08T01:38:59.213142Z  INFO niri::input::touch_swipe_tracker: gesture-debug: motion slot=3 pos=(917,328) t=62.06s fingers=4
Sep 08 09:38:59 yoga7 niri[3355]: 2026-09-08T01:38:59.221090Z  INFO niri::input::touch_swipe_tracker: gesture-debug: motion slot=0 pos=(760,294) t=62.069s fingers=4
Sep 08 09:38:59 yoga7 niri[3355]: 2026-09-08T01:38:59.221128Z  INFO niri::input::touch_swipe_tracker: gesture-debug: motion slot=1 pos=(1031,384) t=62.069s fingers=4
Sep 08 09:38:59 yoga7 niri[3355]: 2026-09-08T01:38:59.221150Z  INFO niri::input::touch_swipe_tracker: gesture-debug: motion slot=2 pos=(566,378) t=62.069s fingers=4
Sep 08 09:38:59 yoga7 niri[3355]: 2026-09-08T01:38:59.221171Z  INFO niri::input::touch_swipe_tracker: gesture-debug: motion slot=3 pos=(917,327) t=62.069s fingers=4
Sep 08 09:38:59 yoga7 niri[3355]: 2026-09-08T01:38:59.229297Z  INFO niri::input::touch_swipe_tracker: gesture-debug: motion slot=0 pos=(760,293) t=62.077s fingers=4
Sep 08 09:38:59 yoga7 niri[3355]: 2026-09-08T01:38:59.229336Z  INFO niri::input::touch_swipe_tracker: gesture-debug: motion slot=1 pos=(1031,383) t=62.077s fingers=4
Sep 08 09:38:59 yoga7 niri[3355]: 2026-09-08T01:38:59.229358Z  INFO niri::input::touch_swipe_tracker: gesture-debug: motion slot=2 pos=(566,377) t=62.077s fingers=4
Sep 08 09:38:59 yoga7 niri[3355]: 2026-09-08T01:38:59.229377Z  INFO niri::input::touch_swipe_tracker: gesture-debug: motion slot=3 pos=(916,327) t=62.077s fingers=4
Sep 08 09:38:59 yoga7 niri[3355]: 2026-09-08T01:38:59.237562Z  INFO niri::input::touch_swipe_tracker: gesture-debug: motion slot=0 pos=(760,293) t=62.085s fingers=4
Sep 08 09:38:59 yoga7 niri[3355]: 2026-09-08T01:38:59.237588Z  INFO niri::input::touch_swipe_tracker: gesture-debug: motion slot=1 pos=(1031,383) t=62.085s fingers=4
Sep 08 09:38:59 yoga7 niri[3355]: 2026-09-08T01:38:59.237603Z  INFO niri::input::touch_swipe_tracker: gesture-debug: motion slot=2 pos=(566,377) t=62.085s fingers=4
Sep 08 09:38:59 yoga7 niri[3355]: 2026-09-08T01:38:59.237614Z  INFO niri::input::touch_swipe_tracker: gesture-debug: motion slot=3 pos=(916,326) t=62.085s fingers=4
Sep 08 09:38:59 yoga7 niri[3355]: 2026-09-08T01:38:59.246215Z  INFO niri::input::touch_swipe_tracker: gesture-debug: motion slot=0 pos=(760,293) t=62.094s fingers=4
Sep 08 09:38:59 yoga7 niri[3355]: 2026-09-08T01:38:59.246253Z  INFO niri::input::touch_swipe_tracker: gesture-debug: motion slot=1 pos=(1031,383) t=62.094s fingers=4
Sep 08 09:38:59 yoga7 niri[3355]: 2026-09-08T01:38:59.246269Z  INFO niri::input::touch_swipe_tracker: gesture-debug: motion slot=2 pos=(565,376) t=62.094s fingers=4
Sep 08 09:38:59 yoga7 niri[3355]: 2026-09-08T01:38:59.246284Z  INFO niri::input::touch_swipe_tracker: gesture-debug: motion slot=3 pos=(916,326) t=62.094s fingers=4
Sep 08 09:38:59 yoga7 niri[3355]: 2026-09-08T01:38:59.254264Z  INFO niri::input::touch_swipe_tracker: gesture-debug: motion slot=0 pos=(760,292) t=62.102s fingers=4
Sep 08 09:38:59 yoga7 niri[3355]: 2026-09-08T01:38:59.254303Z  INFO niri::input::touch_swipe_tracker: gesture-debug: motion slot=1 pos=(1030,383) t=62.102s fingers=4
Sep 08 09:38:59 yoga7 niri[3355]: 2026-09-08T01:38:59.254327Z  INFO niri::input::touch_swipe_tracker: gesture-debug: motion slot=2 pos=(565,376) t=62.102s fingers=4
Sep 08 09:38:59 yoga7 niri[3355]: 2026-09-08T01:38:59.254344Z  INFO niri::input::touch_swipe_tracker: gesture-debug: motion slot=3 pos=(916,325) t=62.102s fingers=4
Sep 08 09:38:59 yoga7 niri[3355]: 2026-09-08T01:38:59.262767Z  INFO niri::input::touch_swipe_tracker: gesture-debug: motion slot=0 pos=(760,292) t=62.11s fingers=4
Sep 08 09:38:59 yoga7 niri[3355]: 2026-09-08T01:38:59.262811Z  INFO niri::input::touch_swipe_tracker: gesture-debug: motion slot=1 pos=(1030,383) t=62.11s fingers=4
Sep 08 09:38:59 yoga7 niri[3355]: 2026-09-08T01:38:59.262833Z  INFO niri::input::touch_swipe_tracker: gesture-debug: motion slot=2 pos=(565,375) t=62.11s fingers=4
Sep 08 09:38:59 yoga7 niri[3355]: 2026-09-08T01:38:59.262852Z  INFO niri::input::touch_swipe_tracker: gesture-debug: motion slot=3 pos=(915,325) t=62.11s fingers=4
Sep 08 09:38:59 yoga7 niri[3355]: 2026-09-08T01:38:59.270820Z  INFO niri::input::touch_swipe_tracker: gesture-debug: motion slot=0 pos=(759,292) t=62.118s fingers=4
Sep 08 09:38:59 yoga7 niri[3355]: 2026-09-08T01:38:59.270860Z  INFO niri::input::touch_swipe_tracker: gesture-debug: motion slot=2 pos=(565,375) t=62.118s fingers=4
Sep 08 09:38:59 yoga7 niri[3355]: 2026-09-08T01:38:59.270881Z  INFO niri::input::touch_swipe_tracker: gesture-debug: motion slot=3 pos=(915,324) t=62.118s fingers=4
Sep 08 09:38:59 yoga7 niri[3355]: 2026-09-08T01:38:59.279389Z  INFO niri::input::touch_swipe_tracker: gesture-debug: motion slot=0 pos=(758,291) t=62.127s fingers=4
Sep 08 09:38:59 yoga7 niri[3355]: 2026-09-08T01:38:59.279429Z  INFO niri::input::touch_swipe_tracker: gesture-debug: motion slot=1 pos=(1030,383) t=62.127s fingers=4
Sep 08 09:38:59 yoga7 niri[3355]: 2026-09-08T01:38:59.279455Z  INFO niri::input::touch_swipe_tracker: gesture-debug: motion slot=2 pos=(564,375) t=62.127s fingers=4
Sep 08 09:38:59 yoga7 niri[3355]: 2026-09-08T01:38:59.279475Z  INFO niri::input::touch_swipe_tracker: gesture-debug: motion slot=3 pos=(915,324) t=62.127s fingers=4
Sep 08 09:38:59 yoga7 niri[3355]: 2026-09-08T01:38:59.287073Z  INFO niri::input::touch_swipe_tracker: gesture-debug: up slot=0 t=62.135s fingers=3: tracked finger lifted, ending gesture
Sep 08 09:39:02 yoga7 niri[3355]: 2026-09-08T01:39:02.072502Z  INFO niri::input::touch_swipe_tracker: gesture-debug: down slot=0 pos=(622,586) t=64.920436s fingers=1 phase=Idle
Sep 08 09:39:02 yoga7 niri[3355]: 2026-09-08T01:39:02.072591Z  INFO niri::input::touch_swipe_tracker: gesture-debug: down slot=1 pos=(801,456) t=64.920436s fingers=2 phase=Idle
Sep 08 09:39:02 yoga7 niri[3355]: 2026-09-08T01:39:02.072627Z  INFO niri::input::touch_swipe_tracker: gesture-debug: down slot=2 pos=(1119,556) t=64.920436s fingers=3 phase=Idle
Sep 08 09:39:02 yoga7 niri[3355]: 2026-09-08T01:39:02.072638Z DEBUG niri::input::touch_swipe_tracker: touch_swipe: entering recognizing phase with 3 slots
Sep 08 09:39:02 yoga7 niri[3355]: 2026-09-08T01:39:02.072648Z  INFO niri::input::touch_swipe_tracker: gesture-debug: recognizing: tracking 3 of 3 slots (min 3)
Sep 08 09:39:02 yoga7 niri[3355]: 2026-09-08T01:39:02.072657Z DEBUG niri::input: touch: multi-finger gesture owns the touch stream
Sep 08 09:39:02 yoga7 niri[3355]: 2026-09-08T01:39:02.072665Z  INFO niri::input: gesture-debug: gesture owns the touch stream (client touches cancelled)
Sep 08 09:39:02 yoga7 niri[3355]: 2026-09-08T01:39:02.079781Z  INFO niri::input::touch_swipe_tracker: gesture-debug: down slot=3 pos=(961,473) t=64.927745s fingers=4 phase=Recognizing
Sep 08 09:39:02 yoga7 niri[3355]: 2026-09-08T01:39:02.079804Z  INFO niri::input::touch_swipe_tracker: gesture-debug: late join: slot=3 now tracking 4 fingers
Sep 08 09:39:02 yoga7 niri[3355]: 2026-09-08T01:39:02.146876Z  INFO niri::input::touch_swipe_tracker: gesture-debug: motion slot=3 pos=(961,474) t=64.994841s fingers=4
Sep 08 09:39:02 yoga7 niri[3355]: 2026-09-08T01:39:02.245987Z  INFO niri::input::touch_swipe_tracker: gesture-debug: motion slot=1 pos=(801,457) t=65.093939s fingers=4
Sep 08 09:39:02 yoga7 niri[3355]: 2026-09-08T01:39:02.254394Z  INFO niri::input::touch_swipe_tracker: gesture-debug: motion slot=1 pos=(801,457) t=65.102368s fingers=4
Sep 08 09:39:02 yoga7 niri[3355]: 2026-09-08T01:39:02.262312Z  INFO niri::input::touch_swipe_tracker: gesture-debug: motion slot=0 pos=(622,587) t=65.110309s fingers=4
Sep 08 09:39:02 yoga7 niri[3355]: 2026-09-08T01:39:02.262329Z  INFO niri::input::touch_swipe_tracker: gesture-debug: motion slot=1 pos=(801,457) t=65.110309s fingers=4
Sep 08 09:39:02 yoga7 niri[3355]: 2026-09-08T01:39:02.273576Z  INFO niri::input::touch_swipe_tracker: gesture-debug: up slot=0 t=65.12149s fingers=3 phase=Recognizing
Sep 08 09:39:02 yoga7 niri[3355]: 2026-09-08T01:39:02.273595Z  INFO niri::input::touch_swipe_tracker: gesture-debug: motion slot=1 pos=(800,458) t=65.12149s fingers=3
Sep 08 09:39:02 yoga7 niri[3355]: 2026-09-08T01:39:02.273607Z  INFO niri::input::touch_swipe_tracker: gesture-debug: motion slot=2 pos=(1118,557) t=65.12149s fingers=3
Sep 08 09:39:02 yoga7 niri[3355]: 2026-09-08T01:39:02.281765Z  INFO niri::input::touch_swipe_tracker: gesture-debug: up slot=1 t=65.129733s fingers=2 phase=Recognizing
Sep 08 09:39:02 yoga7 niri[3355]: 2026-09-08T01:39:02.281789Z  INFO niri::input::touch_swipe_tracker: gesture-debug: up slot=2 t=65.129733s fingers=1 phase=Recognizing
Sep 08 09:39:02 yoga7 niri[3355]: 2026-09-08T01:39:02.281800Z  INFO niri::input::touch_swipe_tracker: gesture-debug: up slot=3 t=65.129733s fingers=0 phase=Recognizing
Sep 08 09:39:02 yoga7 niri[3355]: 2026-09-08T01:39:02.281809Z DEBUG niri::input::touch_swipe_tracker: touch_swipe: tap detected (4 fingers)
Sep 08 09:39:02 yoga7 niri[3355]: 2026-09-08T01:39:02.281816Z  INFO niri::input::touch_swipe_tracker: gesture-debug: tap: 4 fingers (max simultaneous)
Sep 08 09:39:02 yoga7 niri[3355]: 2026-09-08T01:39:02.281824Z  INFO niri::input: gesture-debug: tap dispatch: fingers=4 action=Some(MaximizeColumn)
Sep 08 09:39:02 yoga7 niri[3355]: 2026-09-08T01:39:02.281845Z DEBUG niri::input: touch: multi-finger gesture ended, resuming client input
Sep 08 09:39:03 yoga7 niri[3355]: 2026-09-08T01:39:03.705442Z  INFO niri::input::touch_swipe_tracker: gesture-debug: down slot=0 pos=(1055,522) t=66.553366s fingers=1 phase=Idle
Sep 08 09:39:03 yoga7 niri[3355]: 2026-09-08T01:39:03.722920Z  INFO niri::input::touch_swipe_tracker: gesture-debug: down slot=1 pos=(638,601) t=66.570875s fingers=2 phase=Idle
Sep 08 09:39:03 yoga7 niri[3355]: 2026-09-08T01:39:03.723007Z  INFO niri::input::touch_swipe_tracker: gesture-debug: down slot=2 pos=(760,480) t=66.570875s fingers=3 phase=Idle
Sep 08 09:39:03 yoga7 niri[3355]: 2026-09-08T01:39:03.723020Z DEBUG niri::input::touch_swipe_tracker: touch_swipe: entering recognizing phase with 3 slots
Sep 08 09:39:03 yoga7 niri[3355]: 2026-09-08T01:39:03.723030Z  INFO niri::input::touch_swipe_tracker: gesture-debug: recognizing: tracking 3 of 3 slots (min 3)
Sep 08 09:39:03 yoga7 niri[3355]: 2026-09-08T01:39:03.723038Z DEBUG niri::input: touch: multi-finger gesture owns the touch stream
Sep 08 09:39:03 yoga7 niri[3355]: 2026-09-08T01:39:03.723047Z  INFO niri::input: gesture-debug: gesture owns the touch stream (client touches cancelled)
Sep 08 09:39:03 yoga7 niri[3355]: 2026-09-08T01:39:03.723076Z  INFO niri::input::touch_swipe_tracker: gesture-debug: down slot=3 pos=(908,465) t=66.570875s fingers=4 phase=Recognizing
Sep 08 09:39:03 yoga7 niri[3355]: 2026-09-08T01:39:03.723085Z  INFO niri::input::touch_swipe_tracker: gesture-debug: late join: slot=3 now tracking 4 fingers
Sep 08 09:39:03 yoga7 niri[3355]: 2026-09-08T01:39:03.764446Z  INFO niri::input::touch_swipe_tracker: gesture-debug: motion slot=0 pos=(1055,523) t=66.61243s fingers=4
Sep 08 09:39:03 yoga7 niri[3355]: 2026-09-08T01:39:03.772799Z  INFO niri::input::touch_swipe_tracker: gesture-debug: motion slot=0 pos=(1055,523) t=66.620773s fingers=4
Sep 08 09:39:03 yoga7 niri[3355]: 2026-09-08T01:39:03.781133Z  INFO niri::input::touch_swipe_tracker: gesture-debug: motion slot=0 pos=(1055,524) t=66.629104s fingers=4
Sep 08 09:39:03 yoga7 niri[3355]: 2026-09-08T01:39:03.781159Z  INFO niri::input::touch_swipe_tracker: gesture-debug: motion slot=1 pos=(637,602) t=66.629104s fingers=4
Sep 08 09:39:03 yoga7 niri[3355]: 2026-09-08T01:39:03.781171Z  INFO niri::input::touch_swipe_tracker: gesture-debug: motion slot=3 pos=(908,466) t=66.629104s fingers=4
Sep 08 09:39:03 yoga7 niri[3355]: 2026-09-08T01:39:03.789586Z  INFO niri::input::touch_swipe_tracker: gesture-debug: motion slot=0 pos=(1055,524) t=66.637559s fingers=4
Sep 08 09:39:03 yoga7 niri[3355]: 2026-09-08T01:39:03.789612Z  INFO niri::input::touch_swipe_tracker: gesture-debug: motion slot=1 pos=(637,602) t=66.637559s fingers=4
Sep 08 09:39:03 yoga7 niri[3355]: 2026-09-08T01:39:03.798022Z  INFO niri::input::touch_swipe_tracker: gesture-debug: motion slot=0 pos=(1055,524) t=66.645987s fingers=4
Sep 08 09:39:03 yoga7 niri[3355]: 2026-09-08T01:39:03.798043Z  INFO niri::input::touch_swipe_tracker: gesture-debug: motion slot=1 pos=(637,602) t=66.645987s fingers=4
Sep 08 09:39:03 yoga7 niri[3355]: 2026-09-08T01:39:03.806059Z  INFO niri::input::touch_swipe_tracker: gesture-debug: motion slot=0 pos=(1055,524) t=66.654037s fingers=4
Sep 08 09:39:03 yoga7 niri[3355]: 2026-09-08T01:39:03.814309Z  INFO niri::input::touch_swipe_tracker: gesture-debug: motion slot=0 pos=(1055,524) t=66.66229s fingers=4
Sep 08 09:39:03 yoga7 niri[3355]: 2026-09-08T01:39:03.822654Z  INFO niri::input::touch_swipe_tracker: gesture-debug: motion slot=3 pos=(908,466) t=66.67062s fingers=4
Sep 08 09:39:03 yoga7 niri[3355]: 2026-09-08T01:39:03.831085Z  INFO niri::input::touch_swipe_tracker: gesture-debug: motion slot=1 pos=(638,602) t=66.679037s fingers=4
Sep 08 09:39:03 yoga7 niri[3355]: 2026-09-08T01:39:03.838861Z  INFO niri::input::touch_swipe_tracker: gesture-debug: motion slot=1 pos=(638,602) t=66.686834s fingers=4
Sep 08 09:39:03 yoga7 niri[3355]: 2026-09-08T01:39:03.838887Z  INFO niri::input::touch_swipe_tracker: gesture-debug: motion slot=2 pos=(760,481) t=66.686834s fingers=4
Sep 08 09:39:03 yoga7 niri[3355]: 2026-09-08T01:39:03.850167Z  INFO niri::input::touch_swipe_tracker: gesture-debug: up slot=1 t=66.69813s fingers=3 phase=Recognizing
Sep 08 09:39:03 yoga7 niri[3355]: 2026-09-08T01:39:03.850192Z  INFO niri::input::touch_swipe_tracker: gesture-debug: up slot=2 t=66.69813s fingers=2 phase=Recognizing
Sep 08 09:39:03 yoga7 niri[3355]: 2026-09-08T01:39:03.857743Z  INFO niri::input::touch_swipe_tracker: gesture-debug: up slot=0 t=66.705712s fingers=1 phase=Recognizing
Sep 08 09:39:03 yoga7 niri[3355]: 2026-09-08T01:39:03.857766Z  INFO niri::input::touch_swipe_tracker: gesture-debug: up slot=3 t=66.705712s fingers=0 phase=Recognizing
Sep 08 09:39:03 yoga7 niri[3355]: 2026-09-08T01:39:03.857777Z DEBUG niri::input::touch_swipe_tracker: touch_swipe: tap detected (4 fingers)
Sep 08 09:39:03 yoga7 niri[3355]: 2026-09-08T01:39:03.857785Z  INFO niri::input::touch_swipe_tracker: gesture-debug: tap: 4 fingers (max simultaneous)
Sep 08 09:39:03 yoga7 niri[3355]: 2026-09-08T01:39:03.857794Z  INFO niri::input: gesture-debug: tap dispatch: fingers=4 action=Some(MaximizeColumn)
Sep 08 09:39:03 yoga7 niri[3355]: 2026-09-08T01:39:03.857815Z DEBUG niri::input: touch: multi-finger gesture ended, resuming client input
