# niri-tablet v26.04.13 (26.04.13.g3244c12a-3) gesture-debug capture, T480 (Raydium touchscreen)
# Known-good baseline: maintainer hardware where 4-finger gestures work.
# Captured 2026-09-07 ~20:55 local, journalctl --user -u niri.service | grep gesture-debug.
# Tested: 3-finger tap x2, hold-swipe down/up/left, quick 3-finger horizontal swipe, 4-finger flick down, 4-finger flick up x2.
# Notable: first 3 fingers land in one frame; 4th joins 9-18ms later; recognition 27-100ms after that.
# Reference for interpreting the NixOS reporter's capture in this folder.
#
20:55:39 tpc niri[26290]: 2026-09-07T19:55:39.918578Z  INFO niri::input::touch_swipe_tracker: gesture-debug: down slot=0 pos=(1261,560) t=5069.044455s fingers=1 phase=Idle
20:55:39 tpc niri[26290]: 2026-09-07T19:55:39.982456Z  INFO niri::input::touch_swipe_tracker: gesture-debug: down slot=1 pos=(942,592) t=5069.108414s fingers=2 phase=Idle
20:55:39 tpc niri[26290]: 2026-09-07T19:55:39.991435Z  INFO niri::input::touch_swipe_tracker: gesture-debug: down slot=2 pos=(1099,497) t=5069.117375s fingers=3 phase=Idle
20:55:39 tpc niri[26290]: 2026-09-07T19:55:39.991473Z  INFO niri::input::touch_swipe_tracker: gesture-debug: recognizing: tracking 3 of 3 slots (min 3)
20:55:39 tpc niri[26290]: 2026-09-07T19:55:39.991486Z  INFO niri::input: gesture-debug: gesture owns the touch stream (client touches cancelled)
20:55:40 tpc niri[26290]: 2026-09-07T19:55:40.000430Z  INFO niri::input::touch_swipe_tracker: gesture-debug: motion slot=1 pos=(942,601) t=5069.126381s fingers=3
20:55:40 tpc niri[26290]: 2026-09-07T19:55:40.000454Z  INFO niri::input::touch_swipe_tracker: gesture-debug: motion slot=2 pos=(1098,499) t=5069.126381s fingers=3
20:55:40 tpc niri[26290]: 2026-09-07T19:55:40.009448Z  INFO niri::input::touch_swipe_tracker: gesture-debug: motion slot=1 pos=(942,603) t=5069.135412s fingers=3
20:55:40 tpc niri[26290]: 2026-09-07T19:55:40.018419Z  INFO niri::input::touch_swipe_tracker: gesture-debug: motion slot=1 pos=(942,604) t=5069.14441s fingers=3
20:55:40 tpc niri[26290]: 2026-09-07T19:55:40.045429Z  INFO niri::input::touch_swipe_tracker: gesture-debug: up slot=2 t=5069.171377s fingers=2 phase=Recognizing
20:55:40 tpc niri[26290]: 2026-09-07T19:55:40.055205Z  INFO niri::input::touch_swipe_tracker: gesture-debug: up slot=0 t=5069.180404s fingers=1 phase=Recognizing
20:55:40 tpc niri[26290]: 2026-09-07T19:55:40.067486Z  INFO niri::input::touch_swipe_tracker: gesture-debug: up slot=1 t=5069.193444s fingers=0 phase=Recognizing
20:55:40 tpc niri[26290]: 2026-09-07T19:55:40.067508Z  INFO niri::input::touch_swipe_tracker: gesture-debug: tap: 3 fingers (max simultaneous)
20:55:40 tpc niri[26290]: 2026-09-07T19:55:40.067514Z  INFO niri::input: gesture-debug: tap dispatch: fingers=3 action=Some(MaximizeColumn)
20:55:41 tpc niri[26290]: 2026-09-07T19:55:41.236797Z  INFO niri::input::touch_swipe_tracker: gesture-debug: down slot=0 pos=(697,619) t=5070.361469s fingers=1 phase=Idle
20:55:41 tpc niri[26290]: 2026-09-07T19:55:41.246054Z  INFO niri::input::touch_swipe_tracker: gesture-debug: down slot=1 pos=(533,554) t=5070.371439s fingers=2 phase=Idle
20:55:41 tpc niri[26290]: 2026-09-07T19:55:41.254599Z  INFO niri::input::touch_swipe_tracker: gesture-debug: down slot=2 pos=(399,676) t=5070.380469s fingers=3 phase=Idle
20:55:41 tpc niri[26290]: 2026-09-07T19:55:41.254695Z  INFO niri::input::touch_swipe_tracker: gesture-debug: recognizing: tracking 3 of 3 slots (min 3)
20:55:41 tpc niri[26290]: 2026-09-07T19:55:41.254721Z  INFO niri::input: gesture-debug: gesture owns the touch stream (client touches cancelled)
20:55:41 tpc niri[26290]: 2026-09-07T19:55:41.282725Z  INFO niri::input::touch_swipe_tracker: gesture-debug: motion slot=1 pos=(530,559) t=5070.407451s fingers=3
20:55:41 tpc niri[26290]: 2026-09-07T19:55:41.299554Z  INFO niri::input::touch_swipe_tracker: gesture-debug: up slot=2 t=5070.425444s fingers=2 phase=Recognizing
20:55:41 tpc niri[26290]: 2026-09-07T19:55:41.329639Z  INFO niri::input::touch_swipe_tracker: gesture-debug: up slot=0 t=5070.455506s fingers=1 phase=Recognizing
20:55:41 tpc niri[26290]: 2026-09-07T19:55:41.329711Z  INFO niri::input::touch_swipe_tracker: gesture-debug: up slot=1 t=5070.455506s fingers=0 phase=Recognizing
20:55:41 tpc niri[26290]: 2026-09-07T19:55:41.329738Z  INFO niri::input::touch_swipe_tracker: gesture-debug: tap: 3 fingers (max simultaneous)
20:55:41 tpc niri[26290]: 2026-09-07T19:55:41.329752Z  INFO niri::input: gesture-debug: tap dispatch: fingers=3 action=Some(MaximizeColumn)
20:55:43 tpc niri[26290]: 2026-09-07T19:55:43.688071Z  INFO niri::input::touch_swipe_tracker: gesture-debug: down slot=0 pos=(1188,407) t=5072.813525s fingers=1 phase=Idle
20:55:43 tpc niri[26290]: 2026-09-07T19:55:43.688269Z  INFO niri::input::touch_swipe_tracker: gesture-debug: down slot=1 pos=(870,430) t=5072.813525s fingers=2 phase=Idle
20:55:43 tpc niri[26290]: 2026-09-07T19:55:43.696938Z  INFO niri::input::touch_swipe_tracker: gesture-debug: down slot=2 pos=(1023,324) t=5072.822477s fingers=3 phase=Idle
20:55:43 tpc niri[26290]: 2026-09-07T19:55:43.697047Z  INFO niri::input::touch_swipe_tracker: gesture-debug: recognizing: tracking 3 of 3 slots (min 3)
20:55:43 tpc niri[26290]: 2026-09-07T19:55:43.697069Z  INFO niri::input: gesture-debug: gesture owns the touch stream (client touches cancelled)
20:55:43 tpc niri[26290]: 2026-09-07T19:55:43.715783Z  INFO niri::input::touch_swipe_tracker: gesture-debug: motion slot=2 pos=(1023,333) t=5072.840456s fingers=3
20:55:43 tpc niri[26290]: 2026-09-07T19:55:43.723673Z  INFO niri::input::touch_swipe_tracker: gesture-debug: motion slot=1 pos=(870,438) t=5072.849504s fingers=3
20:55:43 tpc niri[26290]: 2026-09-07T19:55:43.723751Z  INFO niri::input::touch_swipe_tracker: gesture-debug: motion slot=2 pos=(1023,335) t=5072.849504s fingers=3
20:55:43 tpc niri[26290]: 2026-09-07T19:55:43.741559Z  INFO niri::input::touch_swipe_tracker: gesture-debug: motion slot=1 pos=(870,439) t=5072.867453s fingers=3
20:55:43 tpc niri[26290]: 2026-09-07T19:55:43.741615Z  INFO niri::input::touch_swipe_tracker: gesture-debug: motion slot=2 pos=(1023,336) t=5072.867453s fingers=3
20:55:43 tpc niri[26290]: 2026-09-07T19:55:43.751680Z  INFO niri::input::touch_swipe_tracker: gesture-debug: motion slot=2 pos=(1023,337) t=5072.877487s fingers=3
20:55:43 tpc niri[26290]: 2026-09-07T19:55:43.760655Z  INFO niri::input::touch_swipe_tracker: gesture-debug: motion slot=1 pos=(870,440) t=5072.886509s fingers=3
20:55:44 tpc niri[26290]: 2026-09-07T19:55:44.179713Z  INFO niri::input::touch_swipe_tracker: gesture-debug: motion slot=2 pos=(1023,338) t=5073.305645s fingers=3
20:55:44 tpc niri[26290]: 2026-09-07T19:55:44.197617Z  INFO niri::input::touch_swipe_tracker: gesture-debug: motion slot=2 pos=(1023,339) t=5073.323434s fingers=3
20:55:44 tpc niri[26290]: 2026-09-07T19:55:44.252714Z  INFO niri::input::touch_swipe_tracker: gesture-debug: motion slot=2 pos=(1023,340) t=5073.378517s fingers=3
20:55:44 tpc niri[26290]: 2026-09-07T19:55:44.261667Z  INFO niri::input::touch_swipe_tracker: gesture-debug: motion slot=1 pos=(870,441) t=5073.387474s fingers=3
20:55:44 tpc niri[26290]: 2026-09-07T19:55:44.261736Z  INFO niri::input::touch_swipe_tracker: gesture-debug: motion slot=2 pos=(1023,341) t=5073.387474s fingers=3
20:55:44 tpc niri[26290]: 2026-09-07T19:55:44.279606Z  INFO niri::input::touch_swipe_tracker: gesture-debug: motion slot=1 pos=(870,442) t=5073.405478s fingers=3
20:55:44 tpc niri[26290]: 2026-09-07T19:55:44.279670Z  INFO niri::input::touch_swipe_tracker: gesture-debug: motion slot=2 pos=(1023,342) t=5073.405478s fingers=3
20:55:44 tpc niri[26290]: 2026-09-07T19:55:44.289604Z  INFO niri::input::touch_swipe_tracker: gesture-debug: motion slot=1 pos=(870,443) t=5073.415506s fingers=3
20:55:44 tpc niri[26290]: 2026-09-07T19:55:44.289659Z  INFO niri::input::touch_swipe_tracker: gesture-debug: motion slot=2 pos=(1023,343) t=5073.415506s fingers=3
20:55:44 tpc niri[26290]: 2026-09-07T19:55:44.299223Z  INFO niri::input::touch_swipe_tracker: gesture-debug: motion slot=1 pos=(870,444) t=5073.424458s fingers=3
20:55:44 tpc niri[26290]: 2026-09-07T19:55:44.307617Z  INFO niri::input::touch_swipe_tracker: gesture-debug: motion slot=1 pos=(870,445) t=5073.433516s fingers=3
20:55:44 tpc niri[26290]: 2026-09-07T19:55:44.307704Z  INFO niri::input::touch_swipe_tracker: gesture-debug: motion slot=2 pos=(1023,344) t=5073.433516s fingers=3
20:55:44 tpc niri[26290]: 2026-09-07T19:55:44.316575Z  INFO niri::input::touch_swipe_tracker: gesture-debug: motion slot=2 pos=(1023,345) t=5073.442504s fingers=3
20:55:44 tpc niri[26290]: 2026-09-07T19:55:44.325656Z  INFO niri::input::touch_swipe_tracker: gesture-debug: motion slot=1 pos=(870,446) t=5073.451465s fingers=3
20:55:44 tpc niri[26290]: 2026-09-07T19:55:44.325729Z  INFO niri::input::touch_swipe_tracker: gesture-debug: motion slot=2 pos=(1023,346) t=5073.451465s fingers=3
20:55:44 tpc niri[26290]: 2026-09-07T19:55:44.335559Z  INFO niri::input::touch_swipe_tracker: gesture-debug: motion slot=0 pos=(1188,416) t=5073.460468s fingers=3
20:55:44 tpc niri[26290]: 2026-09-07T19:55:44.335643Z  INFO niri::input::touch_swipe_tracker: gesture-debug: motion slot=1 pos=(870,448) t=5073.460468s fingers=3
20:55:44 tpc niri[26290]: 2026-09-07T19:55:44.335719Z  INFO niri::input::touch_swipe_tracker: gesture-debug: recognized: HOLD-swipe fingers=3 direction=Vertical delta=(0.0,16.3) t=5073.460468s
20:55:44 tpc niri[26290]: 2026-09-07T19:55:44.335761Z  INFO niri::input: gesture-debug: swipe dispatch: fingers=3 hold=true direction=Vertical discrete=Some(MoveWindowToWorkspaceDown(true))
20:55:44 tpc niri[26290]: 2026-09-07T19:55:44.335859Z  INFO niri::input::touch_swipe_tracker: gesture-debug: motion slot=2 pos=(1023,347) t=5073.46s fingers=3
20:55:44 tpc niri[26290]: 2026-09-07T19:55:44.343729Z  INFO niri::input::touch_swipe_tracker: gesture-debug: motion slot=0 pos=(1188,417) t=5073.469s fingers=3
20:55:44 tpc niri[26290]: 2026-09-07T19:55:44.343826Z  INFO niri::input::touch_swipe_tracker: gesture-debug: motion slot=1 pos=(870,450) t=5073.469s fingers=3
20:55:44 tpc niri[26290]: 2026-09-07T19:55:44.343868Z  INFO niri::input::touch_swipe_tracker: gesture-debug: motion slot=2 pos=(1023,348) t=5073.469s fingers=3
20:55:44 tpc niri[26290]: 2026-09-07T19:55:44.352662Z  INFO niri::input::touch_swipe_tracker: gesture-debug: motion slot=0 pos=(1189,419) t=5073.478s fingers=3
20:55:44 tpc niri[26290]: 2026-09-07T19:55:44.352746Z  INFO niri::input::touch_swipe_tracker: gesture-debug: motion slot=1 pos=(870,451) t=5073.478s fingers=3
20:55:44 tpc niri[26290]: 2026-09-07T19:55:44.352786Z  INFO niri::input::touch_swipe_tracker: gesture-debug: motion slot=2 pos=(1023,350) t=5073.478s fingers=3
20:55:44 tpc niri[26290]: 2026-09-07T19:55:44.362784Z  INFO niri::input::touch_swipe_tracker: gesture-debug: motion slot=0 pos=(1190,421) t=5073.488s fingers=3
20:55:44 tpc niri[26290]: 2026-09-07T19:55:44.362882Z  INFO niri::input::touch_swipe_tracker: gesture-debug: motion slot=1 pos=(870,453) t=5073.488s fingers=3
20:55:44 tpc niri[26290]: 2026-09-07T19:55:44.362927Z  INFO niri::input::touch_swipe_tracker: gesture-debug: motion slot=2 pos=(1023,352) t=5073.488s fingers=3
20:55:44 tpc niri[26290]: 2026-09-07T19:55:44.371812Z  INFO niri::input::touch_swipe_tracker: gesture-debug: motion slot=0 pos=(1190,422) t=5073.497s fingers=3
20:55:44 tpc niri[26290]: 2026-09-07T19:55:44.371905Z  INFO niri::input::touch_swipe_tracker: gesture-debug: motion slot=1 pos=(870,454) t=5073.497s fingers=3
20:55:44 tpc niri[26290]: 2026-09-07T19:55:44.371968Z  INFO niri::input::touch_swipe_tracker: gesture-debug: motion slot=2 pos=(1023,355) t=5073.497s fingers=3
20:55:44 tpc niri[26290]: 2026-09-07T19:55:44.382165Z  INFO niri::input::touch_swipe_tracker: gesture-debug: motion slot=0 pos=(1191,424) t=5073.506s fingers=3
20:55:44 tpc niri[26290]: 2026-09-07T19:55:44.382235Z  INFO niri::input::touch_swipe_tracker: gesture-debug: motion slot=1 pos=(870,457) t=5073.506s fingers=3
20:55:44 tpc niri[26290]: 2026-09-07T19:55:44.382291Z  INFO niri::input::touch_swipe_tracker: gesture-debug: motion slot=2 pos=(1023,357) t=5073.506s fingers=3
20:55:44 tpc niri[26290]: 2026-09-07T19:55:44.389716Z  INFO niri::input::touch_swipe_tracker: gesture-debug: motion slot=0 pos=(1192,426) t=5073.515s fingers=3
20:55:44 tpc niri[26290]: 2026-09-07T19:55:44.389802Z  INFO niri::input::touch_swipe_tracker: gesture-debug: motion slot=1 pos=(870,459) t=5073.515s fingers=3
20:55:44 tpc niri[26290]: 2026-09-07T19:55:44.389844Z  INFO niri::input::touch_swipe_tracker: gesture-debug: motion slot=2 pos=(1023,360) t=5073.515s fingers=3
20:55:44 tpc niri[26290]: 2026-09-07T19:55:44.399398Z  INFO niri::input::touch_swipe_tracker: gesture-debug: motion slot=0 pos=(1193,429) t=5073.524s fingers=3
20:55:44 tpc niri[26290]: 2026-09-07T19:55:44.399547Z  INFO niri::input::touch_swipe_tracker: gesture-debug: motion slot=1 pos=(870,462) t=5073.524s fingers=3
20:55:44 tpc niri[26290]: 2026-09-07T19:55:44.399621Z  INFO niri::input::touch_swipe_tracker: gesture-debug: motion slot=2 pos=(1023,362) t=5073.524s fingers=3
20:55:44 tpc niri[26290]: 2026-09-07T19:55:44.408379Z  INFO niri::input::touch_swipe_tracker: gesture-debug: motion slot=0 pos=(1194,431) t=5073.533s fingers=3
20:55:44 tpc niri[26290]: 2026-09-07T19:55:44.408541Z  INFO niri::input::touch_swipe_tracker: gesture-debug: motion slot=1 pos=(870,464) t=5073.533s fingers=3
20:55:44 tpc niri[26290]: 2026-09-07T19:55:44.408612Z  INFO niri::input::touch_swipe_tracker: gesture-debug: motion slot=2 pos=(1023,364) t=5073.533s fingers=3
20:55:44 tpc niri[26290]: 2026-09-07T19:55:44.417278Z  INFO niri::input::touch_swipe_tracker: gesture-debug: motion slot=0 pos=(1194,433) t=5073.542s fingers=3
20:55:44 tpc niri[26290]: 2026-09-07T19:55:44.417361Z  INFO niri::input::touch_swipe_tracker: gesture-debug: motion slot=1 pos=(870,466) t=5073.542s fingers=3
20:55:44 tpc niri[26290]: 2026-09-07T19:55:44.417402Z  INFO niri::input::touch_swipe_tracker: gesture-debug: motion slot=2 pos=(1023,367) t=5073.542s fingers=3
20:55:44 tpc niri[26290]: 2026-09-07T19:55:44.425729Z  INFO niri::input::touch_swipe_tracker: gesture-debug: motion slot=0 pos=(1194,436) t=5073.551s fingers=3
20:55:44 tpc niri[26290]: 2026-09-07T19:55:44.425822Z  INFO niri::input::touch_swipe_tracker: gesture-debug: motion slot=1 pos=(870,469) t=5073.551s fingers=3
20:55:44 tpc niri[26290]: 2026-09-07T19:55:44.425871Z  INFO niri::input::touch_swipe_tracker: gesture-debug: motion slot=2 pos=(1023,369) t=5073.551s fingers=3
20:55:44 tpc niri[26290]: 2026-09-07T19:55:44.434669Z  INFO niri::input::touch_swipe_tracker: gesture-debug: motion slot=0 pos=(1194,438) t=5073.56s fingers=3
20:55:44 tpc niri[26290]: 2026-09-07T19:55:44.434898Z  INFO niri::input::touch_swipe_tracker: gesture-debug: motion slot=1 pos=(870,471) t=5073.56s fingers=3
20:55:44 tpc niri[26290]: 2026-09-07T19:55:44.434942Z  INFO niri::input::touch_swipe_tracker: gesture-debug: motion slot=2 pos=(1023,372) t=5073.56s fingers=3
20:55:44 tpc niri[26290]: 2026-09-07T19:55:44.444649Z  INFO niri::input::touch_swipe_tracker: gesture-debug: motion slot=0 pos=(1195,441) t=5073.57s fingers=3
20:55:44 tpc niri[26290]: 2026-09-07T19:55:44.444755Z  INFO niri::input::touch_swipe_tracker: gesture-debug: motion slot=1 pos=(870,474) t=5073.57s fingers=3
20:55:44 tpc niri[26290]: 2026-09-07T19:55:44.444799Z  INFO niri::input::touch_swipe_tracker: gesture-debug: motion slot=2 pos=(1023,374) t=5073.57s fingers=3
20:55:44 tpc niri[26290]: 2026-09-07T19:55:44.453664Z  INFO niri::input::touch_swipe_tracker: gesture-debug: motion slot=0 pos=(1195,443) t=5073.579s fingers=3
20:55:44 tpc niri[26290]: 2026-09-07T19:55:44.453906Z  INFO niri::input::touch_swipe_tracker: gesture-debug: motion slot=1 pos=(870,478) t=5073.579s fingers=3
20:55:44 tpc niri[26290]: 2026-09-07T19:55:44.453989Z  INFO niri::input::touch_swipe_tracker: gesture-debug: motion slot=2 pos=(1023,377) t=5073.579s fingers=3
20:55:44 tpc niri[26290]: 2026-09-07T19:55:44.462669Z  INFO niri::input::touch_swipe_tracker: gesture-debug: motion slot=0 pos=(1195,446) t=5073.588s fingers=3
20:55:44 tpc niri[26290]: 2026-09-07T19:55:44.462812Z  INFO niri::input::touch_swipe_tracker: gesture-debug: motion slot=1 pos=(870,481) t=5073.588s fingers=3
20:55:44 tpc niri[26290]: 2026-09-07T19:55:44.462900Z  INFO niri::input::touch_swipe_tracker: gesture-debug: motion slot=2 pos=(1023,380) t=5073.588s fingers=3
20:55:44 tpc niri[26290]: 2026-09-07T19:55:44.471772Z  INFO niri::input::touch_swipe_tracker: gesture-debug: motion slot=0 pos=(1196,450) t=5073.597s fingers=3
20:55:44 tpc niri[26290]: 2026-09-07T19:55:44.472082Z  INFO niri::input::touch_swipe_tracker: gesture-debug: motion slot=1 pos=(870,484) t=5073.597s fingers=3
20:55:44 tpc niri[26290]: 2026-09-07T19:55:44.472239Z  INFO niri::input::touch_swipe_tracker: gesture-debug: motion slot=2 pos=(1023,384) t=5073.597s fingers=3
20:55:44 tpc niri[26290]: 2026-09-07T19:55:44.481791Z  INFO niri::input::touch_swipe_tracker: gesture-debug: motion slot=0 pos=(1196,453) t=5073.606s fingers=3
20:55:44 tpc niri[26290]: 2026-09-07T19:55:44.481891Z  INFO niri::input::touch_swipe_tracker: gesture-debug: motion slot=1 pos=(870,487) t=5073.606s fingers=3
20:55:44 tpc niri[26290]: 2026-09-07T19:55:44.481935Z  INFO niri::input::touch_swipe_tracker: gesture-debug: motion slot=2 pos=(1023,387) t=5073.606s fingers=3
20:55:44 tpc niri[26290]: 2026-09-07T19:55:44.489618Z  INFO niri::input::touch_swipe_tracker: gesture-debug: motion slot=0 pos=(1196,456) t=5073.615s fingers=3
20:55:44 tpc niri[26290]: 2026-09-07T19:55:44.489668Z  INFO niri::input::touch_swipe_tracker: gesture-debug: motion slot=1 pos=(870,490) t=5073.615s fingers=3
20:55:44 tpc niri[26290]: 2026-09-07T19:55:44.489694Z  INFO niri::input::touch_swipe_tracker: gesture-debug: motion slot=2 pos=(1023,390) t=5073.615s fingers=3
20:55:44 tpc niri[26290]: 2026-09-07T19:55:44.498553Z  INFO niri::input::touch_swipe_tracker: gesture-debug: motion slot=0 pos=(1197,459) t=5073.624s fingers=3
20:55:44 tpc niri[26290]: 2026-09-07T19:55:44.498591Z  INFO niri::input::touch_swipe_tracker: gesture-debug: motion slot=1 pos=(870,494) t=5073.624s fingers=3
20:55:44 tpc niri[26290]: 2026-09-07T19:55:44.498610Z  INFO niri::input::touch_swipe_tracker: gesture-debug: motion slot=2 pos=(1024,393) t=5073.624s fingers=3
20:55:44 tpc niri[26290]: 2026-09-07T19:55:44.507875Z  INFO niri::input::touch_swipe_tracker: gesture-debug: motion slot=0 pos=(1197,462) t=5073.633s fingers=3
20:55:44 tpc niri[26290]: 2026-09-07T19:55:44.507922Z  INFO niri::input::touch_swipe_tracker: gesture-debug: motion slot=1 pos=(870,498) t=5073.633s fingers=3
20:55:44 tpc niri[26290]: 2026-09-07T19:55:44.507943Z  INFO niri::input::touch_swipe_tracker: gesture-debug: motion slot=2 pos=(1024,397) t=5073.633s fingers=3
20:55:44 tpc niri[26290]: 2026-09-07T19:55:44.517735Z  INFO niri::input::touch_swipe_tracker: gesture-debug: motion slot=0 pos=(1197,466) t=5073.643s fingers=3
20:55:44 tpc niri[26290]: 2026-09-07T19:55:44.517776Z  INFO niri::input::touch_swipe_tracker: gesture-debug: motion slot=1 pos=(870,502) t=5073.643s fingers=3
20:55:44 tpc niri[26290]: 2026-09-07T19:55:44.517796Z  INFO niri::input::touch_swipe_tracker: gesture-debug: motion slot=2 pos=(1024,400) t=5073.643s fingers=3
20:55:44 tpc niri[26290]: 2026-09-07T19:55:44.526643Z  INFO niri::input::touch_swipe_tracker: gesture-debug: motion slot=0 pos=(1197,469) t=5073.652s fingers=3
20:55:44 tpc niri[26290]: 2026-09-07T19:55:44.526691Z  INFO niri::input::touch_swipe_tracker: gesture-debug: motion slot=1 pos=(870,506) t=5073.652s fingers=3
20:55:44 tpc niri[26290]: 2026-09-07T19:55:44.526711Z  INFO niri::input::touch_swipe_tracker: gesture-debug: motion slot=2 pos=(1024,404) t=5073.652s fingers=3
20:55:44 tpc niri[26290]: 2026-09-07T19:55:44.535581Z  INFO niri::input::touch_swipe_tracker: gesture-debug: motion slot=0 pos=(1197,473) t=5073.661s fingers=3
20:55:44 tpc niri[26290]: 2026-09-07T19:55:44.535624Z  INFO niri::input::touch_swipe_tracker: gesture-debug: motion slot=1 pos=(870,510) t=5073.661s fingers=3
20:55:44 tpc niri[26290]: 2026-09-07T19:55:44.535644Z  INFO niri::input::touch_swipe_tracker: gesture-debug: motion slot=2 pos=(1025,408) t=5073.661s fingers=3
20:55:44 tpc niri[26290]: 2026-09-07T19:55:44.544594Z  INFO niri::input::touch_swipe_tracker: gesture-debug: motion slot=0 pos=(1198,477) t=5073.67s fingers=3
20:55:44 tpc niri[26290]: 2026-09-07T19:55:44.544632Z  INFO niri::input::touch_swipe_tracker: gesture-debug: motion slot=1 pos=(870,514) t=5073.67s fingers=3
20:55:44 tpc niri[26290]: 2026-09-07T19:55:44.544652Z  INFO niri::input::touch_swipe_tracker: gesture-debug: motion slot=2 pos=(1025,412) t=5073.67s fingers=3
20:55:44 tpc niri[26290]: 2026-09-07T19:55:44.553661Z  INFO niri::input::touch_swipe_tracker: gesture-debug: motion slot=0 pos=(1198,481) t=5073.679s fingers=3
20:55:44 tpc niri[26290]: 2026-09-07T19:55:44.553715Z  INFO niri::input::touch_swipe_tracker: gesture-debug: motion slot=1 pos=(870,519) t=5073.679s fingers=3
20:55:44 tpc niri[26290]: 2026-09-07T19:55:44.553738Z  INFO niri::input::touch_swipe_tracker: gesture-debug: motion slot=2 pos=(1025,416) t=5073.679s fingers=3
20:55:44 tpc niri[26290]: 2026-09-07T19:55:44.562696Z  INFO niri::input::touch_swipe_tracker: gesture-debug: motion slot=0 pos=(1198,485) t=5073.688s fingers=3
20:55:44 tpc niri[26290]: 2026-09-07T19:55:44.562887Z  INFO niri::input::touch_swipe_tracker: gesture-debug: motion slot=1 pos=(870,523) t=5073.688s fingers=3
20:55:44 tpc niri[26290]: 2026-09-07T19:55:44.562990Z  INFO niri::input::touch_swipe_tracker: gesture-debug: motion slot=2 pos=(1026,420) t=5073.688s fingers=3
20:55:44 tpc niri[26290]: 2026-09-07T19:55:44.571615Z  INFO niri::input::touch_swipe_tracker: gesture-debug: motion slot=0 pos=(1199,489) t=5073.697s fingers=3
20:55:44 tpc niri[26290]: 2026-09-07T19:55:44.571686Z  INFO niri::input::touch_swipe_tracker: gesture-debug: motion slot=1 pos=(870,528) t=5073.697s fingers=3
20:55:44 tpc niri[26290]: 2026-09-07T19:55:44.571754Z  INFO niri::input::touch_swipe_tracker: gesture-debug: motion slot=2 pos=(1026,424) t=5073.697s fingers=3
20:55:44 tpc niri[26290]: 2026-09-07T19:55:44.582174Z  INFO niri::input::touch_swipe_tracker: gesture-debug: motion slot=0 pos=(1199,494) t=5073.706s fingers=3
20:55:44 tpc niri[26290]: 2026-09-07T19:55:44.582300Z  INFO niri::input::touch_swipe_tracker: gesture-debug: motion slot=1 pos=(870,533) t=5073.706s fingers=3
20:55:44 tpc niri[26290]: 2026-09-07T19:55:44.582346Z  INFO niri::input::touch_swipe_tracker: gesture-debug: motion slot=2 pos=(1026,429) t=5073.706s fingers=3
20:55:44 tpc niri[26290]: 2026-09-07T19:55:44.589601Z  INFO niri::input::touch_swipe_tracker: gesture-debug: motion slot=0 pos=(1199,499) t=5073.715s fingers=3
20:55:44 tpc niri[26290]: 2026-09-07T19:55:44.589736Z  INFO niri::input::touch_swipe_tracker: gesture-debug: motion slot=1 pos=(870,539) t=5073.715s fingers=3
20:55:44 tpc niri[26290]: 2026-09-07T19:55:44.589781Z  INFO niri::input::touch_swipe_tracker: gesture-debug: motion slot=2 pos=(1027,433) t=5073.715s fingers=3
20:55:44 tpc niri[26290]: 2026-09-07T19:55:44.600090Z  INFO niri::input::touch_swipe_tracker: gesture-debug: motion slot=0 pos=(1200,505) t=5073.725s fingers=3
20:55:44 tpc niri[26290]: 2026-09-07T19:55:44.600277Z  INFO niri::input::touch_swipe_tracker: gesture-debug: motion slot=1 pos=(870,543) t=5073.725s fingers=3
20:55:44 tpc niri[26290]: 2026-09-07T19:55:44.600396Z  INFO niri::input::touch_swipe_tracker: gesture-debug: motion slot=2 pos=(1027,439) t=5073.725s fingers=3
20:55:44 tpc niri[26290]: 2026-09-07T19:55:44.608667Z  INFO niri::input::touch_swipe_tracker: gesture-debug: motion slot=0 pos=(1201,511) t=5073.734s fingers=3
20:55:44 tpc niri[26290]: 2026-09-07T19:55:44.608794Z  INFO niri::input::touch_swipe_tracker: gesture-debug: motion slot=1 pos=(870,550) t=5073.734s fingers=3
20:55:44 tpc niri[26290]: 2026-09-07T19:55:44.608863Z  INFO niri::input::touch_swipe_tracker: gesture-debug: motion slot=2 pos=(1027,445) t=5073.734s fingers=3
20:55:44 tpc niri[26290]: 2026-09-07T19:55:44.618159Z  INFO niri::input::touch_swipe_tracker: gesture-debug: motion slot=0 pos=(1202,518) t=5073.743s fingers=3
20:55:44 tpc niri[26290]: 2026-09-07T19:55:44.618249Z  INFO niri::input::touch_swipe_tracker: gesture-debug: motion slot=1 pos=(870,556) t=5073.743s fingers=3
20:55:44 tpc niri[26290]: 2026-09-07T19:55:44.618313Z  INFO niri::input::touch_swipe_tracker: gesture-debug: motion slot=2 pos=(1028,450) t=5073.743s fingers=3
20:55:44 tpc niri[26290]: 2026-09-07T19:55:44.626817Z  INFO niri::input::touch_swipe_tracker: gesture-debug: motion slot=0 pos=(1203,525) t=5073.752s fingers=3
20:55:44 tpc niri[26290]: 2026-09-07T19:55:44.626943Z  INFO niri::input::touch_swipe_tracker: gesture-debug: motion slot=1 pos=(870,563) t=5073.752s fingers=3
20:55:44 tpc niri[26290]: 2026-09-07T19:55:44.627048Z  INFO niri::input::touch_swipe_tracker: gesture-debug: motion slot=2 pos=(1029,458) t=5073.752s fingers=3
20:55:44 tpc niri[26290]: 2026-09-07T19:55:44.635780Z  INFO niri::input::touch_swipe_tracker: gesture-debug: motion slot=0 pos=(1203,533) t=5073.761s fingers=3
20:55:44 tpc niri[26290]: 2026-09-07T19:55:44.635891Z  INFO niri::input::touch_swipe_tracker: gesture-debug: motion slot=1 pos=(870,571) t=5073.761s fingers=3
20:55:44 tpc niri[26290]: 2026-09-07T19:55:44.635981Z  INFO niri::input::touch_swipe_tracker: gesture-debug: motion slot=2 pos=(1029,465) t=5073.761s fingers=3
20:55:44 tpc niri[26290]: 2026-09-07T19:55:44.644713Z  INFO niri::input::touch_swipe_tracker: gesture-debug: motion slot=0 pos=(1204,540) t=5073.77s fingers=3
20:55:44 tpc niri[26290]: 2026-09-07T19:55:44.644803Z  INFO niri::input::touch_swipe_tracker: gesture-debug: motion slot=1 pos=(870,579) t=5073.77s fingers=3
20:55:44 tpc niri[26290]: 2026-09-07T19:55:44.644846Z  INFO niri::input::touch_swipe_tracker: gesture-debug: motion slot=2 pos=(1030,473) t=5073.77s fingers=3
20:55:44 tpc niri[26290]: 2026-09-07T19:55:44.653655Z  INFO niri::input::touch_swipe_tracker: gesture-debug: motion slot=0 pos=(1205,549) t=5073.779s fingers=3
20:55:44 tpc niri[26290]: 2026-09-07T19:55:44.653748Z  INFO niri::input::touch_swipe_tracker: gesture-debug: motion slot=1 pos=(870,588) t=5073.779s fingers=3
20:55:44 tpc niri[26290]: 2026-09-07T19:55:44.653848Z  INFO niri::input::touch_swipe_tracker: gesture-debug: motion slot=2 pos=(1030,481) t=5073.779s fingers=3
20:55:44 tpc niri[26290]: 2026-09-07T19:55:44.662680Z  INFO niri::input::touch_swipe_tracker: gesture-debug: motion slot=0 pos=(1206,559) t=5073.788s fingers=3
20:55:44 tpc niri[26290]: 2026-09-07T19:55:44.662768Z  INFO niri::input::touch_swipe_tracker: gesture-debug: motion slot=1 pos=(870,597) t=5073.788s fingers=3
20:55:44 tpc niri[26290]: 2026-09-07T19:55:44.662821Z  INFO niri::input::touch_swipe_tracker: gesture-debug: motion slot=2 pos=(1030,490) t=5073.788s fingers=3
20:55:44 tpc niri[26290]: 2026-09-07T19:55:44.672728Z  INFO niri::input::touch_swipe_tracker: gesture-debug: motion slot=0 pos=(1207,568) t=5073.798s fingers=3
20:55:44 tpc niri[26290]: 2026-09-07T19:55:44.672841Z  INFO niri::input::touch_swipe_tracker: gesture-debug: motion slot=1 pos=(870,607) t=5073.798s fingers=3
20:55:44 tpc niri[26290]: 2026-09-07T19:55:44.672912Z  INFO niri::input::touch_swipe_tracker: gesture-debug: motion slot=2 pos=(1031,499) t=5073.798s fingers=3
20:55:44 tpc niri[26290]: 2026-09-07T19:55:44.681826Z  INFO niri::input::touch_swipe_tracker: gesture-debug: motion slot=0 pos=(1207,579) t=5073.807s fingers=3
20:55:44 tpc niri[26290]: 2026-09-07T19:55:44.681914Z  INFO niri::input::touch_swipe_tracker: gesture-debug: motion slot=1 pos=(870,617) t=5073.807s fingers=3
20:55:44 tpc niri[26290]: 2026-09-07T19:55:44.681980Z  INFO niri::input::touch_swipe_tracker: gesture-debug: motion slot=2 pos=(1031,509) t=5073.807s fingers=3
20:55:44 tpc niri[26290]: 2026-09-07T19:55:44.690701Z  INFO niri::input::touch_swipe_tracker: gesture-debug: motion slot=0 pos=(1207,590) t=5073.816s fingers=3
20:55:44 tpc niri[26290]: 2026-09-07T19:55:44.690960Z  INFO niri::input::touch_swipe_tracker: gesture-debug: motion slot=1 pos=(870,628) t=5073.816s fingers=3
20:55:44 tpc niri[26290]: 2026-09-07T19:55:44.691024Z  INFO niri::input::touch_swipe_tracker: gesture-debug: motion slot=2 pos=(1031,519) t=5073.816s fingers=3
20:55:44 tpc niri[26290]: 2026-09-07T19:55:44.699662Z  INFO niri::input::touch_swipe_tracker: gesture-debug: motion slot=0 pos=(1207,601) t=5073.825s fingers=3
20:55:44 tpc niri[26290]: 2026-09-07T19:55:44.699729Z  INFO niri::input::touch_swipe_tracker: gesture-debug: motion slot=1 pos=(870,639) t=5073.825s fingers=3
20:55:44 tpc niri[26290]: 2026-09-07T19:55:44.699766Z  INFO niri::input::touch_swipe_tracker: gesture-debug: motion slot=2 pos=(1032,530) t=5073.825s fingers=3
20:55:44 tpc niri[26290]: 2026-09-07T19:55:44.708936Z  INFO niri::input::touch_swipe_tracker: gesture-debug: motion slot=0 pos=(1207,613) t=5073.834s fingers=3
20:55:44 tpc niri[26290]: 2026-09-07T19:55:44.709052Z  INFO niri::input::touch_swipe_tracker: gesture-debug: motion slot=1 pos=(871,650) t=5073.834s fingers=3
20:55:44 tpc niri[26290]: 2026-09-07T19:55:44.709097Z  INFO niri::input::touch_swipe_tracker: gesture-debug: motion slot=2 pos=(1033,540) t=5073.834s fingers=3
20:55:44 tpc niri[26290]: 2026-09-07T19:55:44.717675Z  INFO niri::input::touch_swipe_tracker: gesture-debug: motion slot=0 pos=(1207,626) t=5073.843s fingers=3
20:55:44 tpc niri[26290]: 2026-09-07T19:55:44.717777Z  INFO niri::input::touch_swipe_tracker: gesture-debug: motion slot=1 pos=(872,661) t=5073.843s fingers=3
20:55:44 tpc niri[26290]: 2026-09-07T19:55:44.717820Z  INFO niri::input::touch_swipe_tracker: gesture-debug: motion slot=2 pos=(1034,551) t=5073.843s fingers=3
20:55:44 tpc niri[26290]: 2026-09-07T19:55:44.726803Z  INFO niri::input::touch_swipe_tracker: gesture-debug: motion slot=0 pos=(1207,639) t=5073.852s fingers=3
20:55:44 tpc niri[26290]: 2026-09-07T19:55:44.726923Z  INFO niri::input::touch_swipe_tracker: gesture-debug: motion slot=1 pos=(873,673) t=5073.852s fingers=3
20:55:44 tpc niri[26290]: 2026-09-07T19:55:44.726982Z  INFO niri::input::touch_swipe_tracker: gesture-debug: motion slot=2 pos=(1035,563) t=5073.852s fingers=3
20:55:44 tpc niri[26290]: 2026-09-07T19:55:44.735634Z  INFO niri::input::touch_swipe_tracker: gesture-debug: motion slot=0 pos=(1207,652) t=5073.861s fingers=3
20:55:44 tpc niri[26290]: 2026-09-07T19:55:44.735705Z  INFO niri::input::touch_swipe_tracker: gesture-debug: motion slot=1 pos=(874,685) t=5073.861s fingers=3
20:55:44 tpc niri[26290]: 2026-09-07T19:55:44.735745Z  INFO niri::input::touch_swipe_tracker: gesture-debug: motion slot=2 pos=(1036,574) t=5073.861s fingers=3
20:55:44 tpc niri[26290]: 2026-09-07T19:55:44.744695Z  INFO niri::input::touch_swipe_tracker: gesture-debug: motion slot=0 pos=(1207,665) t=5073.87s fingers=3
20:55:44 tpc niri[26290]: 2026-09-07T19:55:44.744776Z  INFO niri::input::touch_swipe_tracker: gesture-debug: motion slot=1 pos=(875,697) t=5073.87s fingers=3
20:55:44 tpc niri[26290]: 2026-09-07T19:55:44.744816Z  INFO niri::input::touch_swipe_tracker: gesture-debug: motion slot=2 pos=(1036,585) t=5073.87s fingers=3
20:55:44 tpc niri[26290]: 2026-09-07T19:55:44.754743Z  INFO niri::input::touch_swipe_tracker: gesture-debug: motion slot=0 pos=(1207,678) t=5073.88s fingers=3
20:55:44 tpc niri[26290]: 2026-09-07T19:55:44.754901Z  INFO niri::input::touch_swipe_tracker: gesture-debug: motion slot=1 pos=(877,709) t=5073.88s fingers=3
20:55:44 tpc niri[26290]: 2026-09-07T19:55:44.754993Z  INFO niri::input::touch_swipe_tracker: gesture-debug: motion slot=2 pos=(1038,596) t=5073.88s fingers=3
20:55:44 tpc niri[26290]: 2026-09-07T19:55:44.763887Z  INFO niri::input::touch_swipe_tracker: gesture-debug: motion slot=0 pos=(1207,693) t=5073.889s fingers=3
20:55:44 tpc niri[26290]: 2026-09-07T19:55:44.764007Z  INFO niri::input::touch_swipe_tracker: gesture-debug: motion slot=1 pos=(878,721) t=5073.889s fingers=3
20:55:44 tpc niri[26290]: 2026-09-07T19:55:44.764052Z  INFO niri::input::touch_swipe_tracker: gesture-debug: motion slot=2 pos=(1039,608) t=5073.889s fingers=3
20:55:44 tpc niri[26290]: 2026-09-07T19:55:44.772707Z  INFO niri::input::touch_swipe_tracker: gesture-debug: motion slot=0 pos=(1208,707) t=5073.898s fingers=3
20:55:44 tpc niri[26290]: 2026-09-07T19:55:44.772791Z  INFO niri::input::touch_swipe_tracker: gesture-debug: motion slot=1 pos=(880,733) t=5073.898s fingers=3
20:55:44 tpc niri[26290]: 2026-09-07T19:55:44.772834Z  INFO niri::input::touch_swipe_tracker: gesture-debug: motion slot=2 pos=(1040,619) t=5073.898s fingers=3
20:55:44 tpc niri[26290]: 2026-09-07T19:55:44.782195Z  INFO niri::input::touch_swipe_tracker: gesture-debug: motion slot=0 pos=(1209,723) t=5073.907s fingers=3
20:55:44 tpc niri[26290]: 2026-09-07T19:55:44.782286Z  INFO niri::input::touch_swipe_tracker: gesture-debug: motion slot=1 pos=(882,745) t=5073.907s fingers=3
20:55:44 tpc niri[26290]: 2026-09-07T19:55:44.782324Z  INFO niri::input::touch_swipe_tracker: gesture-debug: motion slot=2 pos=(1042,630) t=5073.907s fingers=3
20:55:44 tpc niri[26290]: 2026-09-07T19:55:44.790789Z  INFO niri::input::touch_swipe_tracker: gesture-debug: motion slot=0 pos=(1210,741) t=5073.916s fingers=3
20:55:44 tpc niri[26290]: 2026-09-07T19:55:44.790895Z  INFO niri::input::touch_swipe_tracker: gesture-debug: motion slot=1 pos=(885,759) t=5073.916s fingers=3
20:55:44 tpc niri[26290]: 2026-09-07T19:55:44.790937Z  INFO niri::input::touch_swipe_tracker: gesture-debug: motion slot=2 pos=(1044,642) t=5073.916s fingers=3
20:55:44 tpc niri[26290]: 2026-09-07T19:55:44.800096Z  INFO niri::input::touch_swipe_tracker: gesture-debug: motion slot=0 pos=(1211,760) t=5073.925s fingers=3
20:55:44 tpc niri[26290]: 2026-09-07T19:55:44.800163Z  INFO niri::input::touch_swipe_tracker: gesture-debug: motion slot=2 pos=(1045,654) t=5073.925s fingers=3
20:55:44 tpc niri[26290]: 2026-09-07T19:55:44.808695Z  INFO niri::input::touch_swipe_tracker: gesture-debug: motion slot=1 pos=(898,810) t=5073.934s fingers=3
20:55:44 tpc niri[26290]: 2026-09-07T19:55:44.808796Z  INFO niri::input::touch_swipe_tracker: gesture-debug: motion slot=2 pos=(1047,667) t=5073.934s fingers=3
20:55:44 tpc niri[26290]: 2026-09-07T19:55:44.818470Z  INFO niri::input::touch_swipe_tracker: gesture-debug: motion slot=1 pos=(899,812) t=5073.943s fingers=3
20:55:44 tpc niri[26290]: 2026-09-07T19:55:44.818565Z  INFO niri::input::touch_swipe_tracker: gesture-debug: motion slot=2 pos=(1049,681) t=5073.943s fingers=3
20:55:44 tpc niri[26290]: 2026-09-07T19:55:44.826628Z  INFO niri::input::touch_swipe_tracker: gesture-debug: motion slot=2 pos=(1052,696) t=5073.952s fingers=3
20:55:44 tpc niri[26290]: 2026-09-07T19:55:44.835615Z  INFO niri::input::touch_swipe_tracker: gesture-debug: motion slot=2 pos=(1055,712) t=5073.961s fingers=3
20:55:44 tpc niri[26290]: 2026-09-07T19:55:44.844697Z  INFO niri::input::touch_swipe_tracker: gesture-debug: up slot=0 t=5073.97s fingers=2: tracked finger lifted, ending gesture
20:55:44 tpc niri[26290]: 2026-09-07T19:55:44.844730Z  INFO niri::input: gesture-debug: discrete gesture completed, action=MoveWindowToWorkspaceDown(true)
20:55:45 tpc niri[26290]: 2026-09-07T19:55:45.988840Z  INFO niri::input::touch_swipe_tracker: gesture-debug: down slot=0 pos=(1217,649) t=5075.114546s fingers=1 phase=Idle
20:55:46 tpc niri[26290]: 2026-09-07T19:55:46.007631Z  INFO niri::input::touch_swipe_tracker: gesture-debug: down slot=1 pos=(1070,563) t=5075.133502s fingers=2 phase=Idle
20:55:46 tpc niri[26290]: 2026-09-07T19:55:46.016685Z  INFO niri::input::touch_swipe_tracker: gesture-debug: down slot=2 pos=(920,652) t=5075.1426s fingers=3 phase=Idle
20:55:46 tpc niri[26290]: 2026-09-07T19:55:46.016720Z  INFO niri::input::touch_swipe_tracker: gesture-debug: recognizing: tracking 3 of 3 slots (min 3)
20:55:46 tpc niri[26290]: 2026-09-07T19:55:46.016733Z  INFO niri::input: gesture-debug: gesture owns the touch stream (client touches cancelled)
20:55:46 tpc niri[26290]: 2026-09-07T19:55:46.773675Z  INFO niri::input::touch_swipe_tracker: gesture-debug: motion slot=2 pos=(918,645) t=5075.899529s fingers=3
20:55:46 tpc niri[26290]: 2026-09-07T19:55:46.782810Z  INFO niri::input::touch_swipe_tracker: gesture-debug: motion slot=0 pos=(1218,642) t=5075.908628s fingers=3
20:55:46 tpc niri[26290]: 2026-09-07T19:55:46.782878Z  INFO niri::input::touch_swipe_tracker: gesture-debug: motion slot=2 pos=(918,643) t=5075.908628s fingers=3
20:55:46 tpc niri[26290]: 2026-09-07T19:55:46.791741Z  INFO niri::input::touch_swipe_tracker: gesture-debug: motion slot=0 pos=(1218,641) t=5075.917552s fingers=3
20:55:46 tpc niri[26290]: 2026-09-07T19:55:46.791819Z  INFO niri::input::touch_swipe_tracker: gesture-debug: motion slot=2 pos=(917,641) t=5075.917552s fingers=3
20:55:46 tpc niri[26290]: 2026-09-07T19:55:46.800869Z  INFO niri::input::touch_swipe_tracker: gesture-debug: motion slot=0 pos=(1217,641) t=5075.926516s fingers=3
20:55:46 tpc niri[26290]: 2026-09-07T19:55:46.800991Z  INFO niri::input::touch_swipe_tracker: gesture-debug: motion slot=2 pos=(917,640) t=5075.926516s fingers=3
20:55:46 tpc niri[26290]: 2026-09-07T19:55:46.809574Z  INFO niri::input::touch_swipe_tracker: gesture-debug: motion slot=0 pos=(1216,639) t=5075.935487s fingers=3
20:55:46 tpc niri[26290]: 2026-09-07T19:55:46.809639Z  INFO niri::input::touch_swipe_tracker: gesture-debug: motion slot=2 pos=(917,638) t=5075.935487s fingers=3
20:55:46 tpc niri[26290]: 2026-09-07T19:55:46.818865Z  INFO niri::input::touch_swipe_tracker: gesture-debug: motion slot=0 pos=(1216,637) t=5075.944536s fingers=3
20:55:46 tpc niri[26290]: 2026-09-07T19:55:46.818971Z  INFO niri::input::touch_swipe_tracker: gesture-debug: motion slot=1 pos=(1070,555) t=5075.944536s fingers=3
20:55:46 tpc niri[26290]: 2026-09-07T19:55:46.819019Z  INFO niri::input::touch_swipe_tracker: gesture-debug: motion slot=2 pos=(916,637) t=5075.944536s fingers=3
20:55:46 tpc niri[26290]: 2026-09-07T19:55:46.828668Z  INFO niri::input::touch_swipe_tracker: gesture-debug: motion slot=0 pos=(1215,635) t=5075.954492s fingers=3
20:55:46 tpc niri[26290]: 2026-09-07T19:55:46.828745Z  INFO niri::input::touch_swipe_tracker: gesture-debug: motion slot=1 pos=(1070,552) t=5075.954492s fingers=3
20:55:46 tpc niri[26290]: 2026-09-07T19:55:46.828781Z  INFO niri::input::touch_swipe_tracker: gesture-debug: motion slot=2 pos=(915,634) t=5075.954492s fingers=3
20:55:46 tpc niri[26290]: 2026-09-07T19:55:46.837736Z  INFO niri::input::touch_swipe_tracker: gesture-debug: motion slot=0 pos=(1214,633) t=5075.963541s fingers=3
20:55:46 tpc niri[26290]: 2026-09-07T19:55:46.837802Z  INFO niri::input::touch_swipe_tracker: gesture-debug: motion slot=1 pos=(1070,550) t=5075.963541s fingers=3
20:55:46 tpc niri[26290]: 2026-09-07T19:55:46.837825Z  INFO niri::input::touch_swipe_tracker: gesture-debug: motion slot=2 pos=(914,632) t=5075.963541s fingers=3
20:55:46 tpc niri[26290]: 2026-09-07T19:55:46.837852Z  INFO niri::input::touch_swipe_tracker: gesture-debug: recognized: HOLD-swipe fingers=3 direction=Vertical delta=(-3.0,-16.3) t=5075.963541s
20:55:46 tpc niri[26290]: 2026-09-07T19:55:46.837874Z  INFO niri::input: gesture-debug: swipe dispatch: fingers=3 hold=true direction=Vertical discrete=Some(MoveWindowToWorkspaceUp(true))
20:55:46 tpc niri[26290]: 2026-09-07T19:55:46.846931Z  INFO niri::input::touch_swipe_tracker: gesture-debug: motion slot=0 pos=(1213,630) t=5075.972s fingers=3
20:55:46 tpc niri[26290]: 2026-09-07T19:55:46.847048Z  INFO niri::input::touch_swipe_tracker: gesture-debug: motion slot=1 pos=(1070,547) t=5075.972s fingers=3
20:55:46 tpc niri[26290]: 2026-09-07T19:55:46.847090Z  INFO niri::input::touch_swipe_tracker: gesture-debug: motion slot=2 pos=(913,629) t=5075.972s fingers=3
20:55:46 tpc niri[26290]: 2026-09-07T19:55:46.855725Z  INFO niri::input::touch_swipe_tracker: gesture-debug: motion slot=0 pos=(1212,628) t=5075.981s fingers=3
20:55:46 tpc niri[26290]: 2026-09-07T19:55:46.855806Z  INFO niri::input::touch_swipe_tracker: gesture-debug: motion slot=1 pos=(1070,545) t=5075.981s fingers=3
20:55:46 tpc niri[26290]: 2026-09-07T19:55:46.855846Z  INFO niri::input::touch_swipe_tracker: gesture-debug: motion slot=2 pos=(912,625) t=5075.981s fingers=3
20:55:46 tpc niri[26290]: 2026-09-07T19:55:46.865278Z  INFO niri::input::touch_swipe_tracker: gesture-debug: motion slot=0 pos=(1212,625) t=5075.99s fingers=3
20:55:46 tpc niri[26290]: 2026-09-07T19:55:46.865370Z  INFO niri::input::touch_swipe_tracker: gesture-debug: motion slot=1 pos=(1070,543) t=5075.99s fingers=3
20:55:46 tpc niri[26290]: 2026-09-07T19:55:46.865434Z  INFO niri::input::touch_swipe_tracker: gesture-debug: motion slot=2 pos=(912,622) t=5075.99s fingers=3
20:55:46 tpc niri[26290]: 2026-09-07T19:55:46.873688Z  INFO niri::input::touch_swipe_tracker: gesture-debug: motion slot=0 pos=(1211,623) t=5075.999s fingers=3
20:55:46 tpc niri[26290]: 2026-09-07T19:55:46.873794Z  INFO niri::input::touch_swipe_tracker: gesture-debug: motion slot=1 pos=(1070,540) t=5075.999s fingers=3
20:55:46 tpc niri[26290]: 2026-09-07T19:55:46.873865Z  INFO niri::input::touch_swipe_tracker: gesture-debug: motion slot=2 pos=(911,619) t=5075.999s fingers=3
20:55:46 tpc niri[26290]: 2026-09-07T19:55:46.882760Z  INFO niri::input::touch_swipe_tracker: gesture-debug: motion slot=0 pos=(1211,620) t=5076.008s fingers=3
20:55:46 tpc niri[26290]: 2026-09-07T19:55:46.882886Z  INFO niri::input::touch_swipe_tracker: gesture-debug: motion slot=1 pos=(1070,537) t=5076.008s fingers=3
20:55:46 tpc niri[26290]: 2026-09-07T19:55:46.883167Z  INFO niri::input::touch_swipe_tracker: gesture-debug: motion slot=2 pos=(910,615) t=5076.008s fingers=3
20:55:46 tpc niri[26290]: 2026-09-07T19:55:46.891711Z  INFO niri::input::touch_swipe_tracker: gesture-debug: motion slot=0 pos=(1210,617) t=5076.017s fingers=3
20:55:46 tpc niri[26290]: 2026-09-07T19:55:46.891791Z  INFO niri::input::touch_swipe_tracker: gesture-debug: motion slot=1 pos=(1070,533) t=5076.017s fingers=3
20:55:46 tpc niri[26290]: 2026-09-07T19:55:46.891829Z  INFO niri::input::touch_swipe_tracker: gesture-debug: motion slot=2 pos=(909,611) t=5076.017s fingers=3
20:55:46 tpc niri[26290]: 2026-09-07T19:55:46.901745Z  INFO niri::input::touch_swipe_tracker: gesture-debug: motion slot=0 pos=(1209,613) t=5076.027s fingers=3
20:55:46 tpc niri[26290]: 2026-09-07T19:55:46.901829Z  INFO niri::input::touch_swipe_tracker: gesture-debug: motion slot=1 pos=(1069,529) t=5076.027s fingers=3
20:55:46 tpc niri[26290]: 2026-09-07T19:55:46.901871Z  INFO niri::input::touch_swipe_tracker: gesture-debug: motion slot=2 pos=(908,607) t=5076.027s fingers=3
20:55:46 tpc niri[26290]: 2026-09-07T19:55:46.910895Z  INFO niri::input::touch_swipe_tracker: gesture-debug: motion slot=0 pos=(1208,608) t=5076.036s fingers=3
20:55:46 tpc niri[26290]: 2026-09-07T19:55:46.911005Z  INFO niri::input::touch_swipe_tracker: gesture-debug: motion slot=1 pos=(1068,524) t=5076.036s fingers=3
20:55:46 tpc niri[26290]: 2026-09-07T19:55:46.911049Z  INFO niri::input::touch_swipe_tracker: gesture-debug: motion slot=2 pos=(907,602) t=5076.036s fingers=3
20:55:46 tpc niri[26290]: 2026-09-07T19:55:46.919842Z  INFO niri::input::touch_swipe_tracker: gesture-debug: motion slot=0 pos=(1207,604) t=5076.045s fingers=3
20:55:46 tpc niri[26290]: 2026-09-07T19:55:46.919918Z  INFO niri::input::touch_swipe_tracker: gesture-debug: motion slot=1 pos=(1067,519) t=5076.045s fingers=3
20:55:46 tpc niri[26290]: 2026-09-07T19:55:46.919985Z  INFO niri::input::touch_swipe_tracker: gesture-debug: motion slot=2 pos=(905,596) t=5076.045s fingers=3
20:55:46 tpc niri[26290]: 2026-09-07T19:55:46.928722Z  INFO niri::input::touch_swipe_tracker: gesture-debug: motion slot=0 pos=(1207,598) t=5076.054s fingers=3
20:55:46 tpc niri[26290]: 2026-09-07T19:55:46.928828Z  INFO niri::input::touch_swipe_tracker: gesture-debug: motion slot=1 pos=(1066,512) t=5076.054s fingers=3
20:55:46 tpc niri[26290]: 2026-09-07T19:55:46.928898Z  INFO niri::input::touch_swipe_tracker: gesture-debug: motion slot=2 pos=(904,591) t=5076.054s fingers=3
20:55:46 tpc niri[26290]: 2026-09-07T19:55:46.937692Z  INFO niri::input::touch_swipe_tracker: gesture-debug: motion slot=0 pos=(1206,592) t=5076.063s fingers=3
20:55:46 tpc niri[26290]: 2026-09-07T19:55:46.937778Z  INFO niri::input::touch_swipe_tracker: gesture-debug: motion slot=1 pos=(1066,506) t=5076.063s fingers=3
20:55:46 tpc niri[26290]: 2026-09-07T19:55:46.937819Z  INFO niri::input::touch_swipe_tracker: gesture-debug: motion slot=2 pos=(902,584) t=5076.063s fingers=3
20:55:46 tpc niri[26290]: 2026-09-07T19:55:46.946787Z  INFO niri::input::touch_swipe_tracker: gesture-debug: motion slot=0 pos=(1205,587) t=5076.072s fingers=3
20:55:46 tpc niri[26290]: 2026-09-07T19:55:46.946896Z  INFO niri::input::touch_swipe_tracker: gesture-debug: motion slot=1 pos=(1065,499) t=5076.072s fingers=3
20:55:46 tpc niri[26290]: 2026-09-07T19:55:46.946940Z  INFO niri::input::touch_swipe_tracker: gesture-debug: motion slot=2 pos=(900,578) t=5076.072s fingers=3
20:55:46 tpc niri[26290]: 2026-09-07T19:55:46.955893Z  INFO niri::input::touch_swipe_tracker: gesture-debug: motion slot=0 pos=(1203,581) t=5076.081s fingers=3
20:55:46 tpc niri[26290]: 2026-09-07T19:55:46.956018Z  INFO niri::input::touch_swipe_tracker: gesture-debug: motion slot=1 pos=(1064,493) t=5076.081s fingers=3
20:55:46 tpc niri[26290]: 2026-09-07T19:55:46.956067Z  INFO niri::input::touch_swipe_tracker: gesture-debug: motion slot=2 pos=(899,571) t=5076.081s fingers=3
20:55:46 tpc niri[26290]: 2026-09-07T19:55:46.965222Z  INFO niri::input::touch_swipe_tracker: gesture-debug: motion slot=0 pos=(1203,575) t=5076.09s fingers=3
20:55:46 tpc niri[26290]: 2026-09-07T19:55:46.965368Z  INFO niri::input::touch_swipe_tracker: gesture-debug: motion slot=1 pos=(1063,486) t=5076.09s fingers=3
20:55:46 tpc niri[26290]: 2026-09-07T19:55:46.965460Z  INFO niri::input::touch_swipe_tracker: gesture-debug: motion slot=2 pos=(897,563) t=5076.09s fingers=3
20:55:46 tpc niri[26290]: 2026-09-07T19:55:46.973731Z  INFO niri::input::touch_swipe_tracker: gesture-debug: motion slot=0 pos=(1201,567) t=5076.099s fingers=3
20:55:46 tpc niri[26290]: 2026-09-07T19:55:46.973845Z  INFO niri::input::touch_swipe_tracker: gesture-debug: motion slot=1 pos=(1062,480) t=5076.099s fingers=3
20:55:46 tpc niri[26290]: 2026-09-07T19:55:46.973919Z  INFO niri::input::touch_swipe_tracker: gesture-debug: motion slot=2 pos=(895,556) t=5076.099s fingers=3
20:55:46 tpc niri[26290]: 2026-09-07T19:55:46.983722Z  INFO niri::input::touch_swipe_tracker: gesture-debug: motion slot=0 pos=(1199,560) t=5076.109s fingers=3
20:55:46 tpc niri[26290]: 2026-09-07T19:55:46.983800Z  INFO niri::input::touch_swipe_tracker: gesture-debug: motion slot=1 pos=(1061,473) t=5076.109s fingers=3
20:55:46 tpc niri[26290]: 2026-09-07T19:55:46.983841Z  INFO niri::input::touch_swipe_tracker: gesture-debug: motion slot=2 pos=(894,548) t=5076.109s fingers=3
20:55:46 tpc niri[26290]: 2026-09-07T19:55:46.992817Z  INFO niri::input::touch_swipe_tracker: gesture-debug: motion slot=0 pos=(1198,551) t=5076.118s fingers=3
20:55:46 tpc niri[26290]: 2026-09-07T19:55:46.992919Z  INFO niri::input::touch_swipe_tracker: gesture-debug: motion slot=1 pos=(1060,466) t=5076.118s fingers=3
20:55:46 tpc niri[26290]: 2026-09-07T19:55:46.993005Z  INFO niri::input::touch_swipe_tracker: gesture-debug: motion slot=2 pos=(892,540) t=5076.118s fingers=3
20:55:47 tpc niri[26290]: 2026-09-07T19:55:47.001692Z  INFO niri::input::touch_swipe_tracker: gesture-debug: motion slot=0 pos=(1196,543) t=5076.127s fingers=3
20:55:47 tpc niri[26290]: 2026-09-07T19:55:47.001845Z  INFO niri::input::touch_swipe_tracker: gesture-debug: motion slot=1 pos=(1058,458) t=5076.127s fingers=3
20:55:47 tpc niri[26290]: 2026-09-07T19:55:47.001914Z  INFO niri::input::touch_swipe_tracker: gesture-debug: motion slot=2 pos=(891,532) t=5076.127s fingers=3
20:55:47 tpc niri[26290]: 2026-09-07T19:55:47.010705Z  INFO niri::input::touch_swipe_tracker: gesture-debug: motion slot=0 pos=(1194,535) t=5076.136s fingers=3
20:55:47 tpc niri[26290]: 2026-09-07T19:55:47.010837Z  INFO niri::input::touch_swipe_tracker: gesture-debug: motion slot=1 pos=(1057,450) t=5076.136s fingers=3
20:55:47 tpc niri[26290]: 2026-09-07T19:55:47.010912Z  INFO niri::input::touch_swipe_tracker: gesture-debug: motion slot=2 pos=(888,523) t=5076.136s fingers=3
20:55:47 tpc niri[26290]: 2026-09-07T19:55:47.019943Z  INFO niri::input::touch_swipe_tracker: gesture-debug: motion slot=0 pos=(1193,527) t=5076.145s fingers=3
20:55:47 tpc niri[26290]: 2026-09-07T19:55:47.020044Z  INFO niri::input::touch_swipe_tracker: gesture-debug: motion slot=1 pos=(1055,441) t=5076.145s fingers=3
20:55:47 tpc niri[26290]: 2026-09-07T19:55:47.020084Z  INFO niri::input::touch_swipe_tracker: gesture-debug: motion slot=2 pos=(887,515) t=5076.145s fingers=3
20:55:47 tpc niri[26290]: 2026-09-07T19:55:47.028766Z  INFO niri::input::touch_swipe_tracker: gesture-debug: motion slot=0 pos=(1191,517) t=5076.154s fingers=3
20:55:47 tpc niri[26290]: 2026-09-07T19:55:47.028842Z  INFO niri::input::touch_swipe_tracker: gesture-debug: motion slot=1 pos=(1053,432) t=5076.154s fingers=3
20:55:47 tpc niri[26290]: 2026-09-07T19:55:47.028884Z  INFO niri::input::touch_swipe_tracker: gesture-debug: motion slot=2 pos=(885,505) t=5076.154s fingers=3
20:55:47 tpc niri[26290]: 2026-09-07T19:55:47.037707Z  INFO niri::input::touch_swipe_tracker: gesture-debug: motion slot=0 pos=(1190,507) t=5076.163s fingers=3
20:55:47 tpc niri[26290]: 2026-09-07T19:55:47.037803Z  INFO niri::input::touch_swipe_tracker: gesture-debug: motion slot=1 pos=(1053,422) t=5076.163s fingers=3
20:55:47 tpc niri[26290]: 2026-09-07T19:55:47.037846Z  INFO niri::input::touch_swipe_tracker: gesture-debug: motion slot=2 pos=(883,495) t=5076.163s fingers=3
20:55:47 tpc niri[26290]: 2026-09-07T19:55:47.046920Z  INFO niri::input::touch_swipe_tracker: gesture-debug: motion slot=0 pos=(1188,498) t=5076.172s fingers=3
20:55:47 tpc niri[26290]: 2026-09-07T19:55:47.047043Z  INFO niri::input::touch_swipe_tracker: gesture-debug: motion slot=1 pos=(1052,413) t=5076.172s fingers=3
20:55:47 tpc niri[26290]: 2026-09-07T19:55:47.047087Z  INFO niri::input::touch_swipe_tracker: gesture-debug: motion slot=2 pos=(882,486) t=5076.172s fingers=3
20:55:47 tpc niri[26290]: 2026-09-07T19:55:47.056892Z  INFO niri::input::touch_swipe_tracker: gesture-debug: motion slot=0 pos=(1186,488) t=5076.182s fingers=3
20:55:47 tpc niri[26290]: 2026-09-07T19:55:47.057007Z  INFO niri::input::touch_swipe_tracker: gesture-debug: motion slot=1 pos=(1051,402) t=5076.182s fingers=3
20:55:47 tpc niri[26290]: 2026-09-07T19:55:47.057050Z  INFO niri::input::touch_swipe_tracker: gesture-debug: motion slot=2 pos=(880,476) t=5076.182s fingers=3
20:55:47 tpc niri[26290]: 2026-09-07T19:55:47.065688Z  INFO niri::input::touch_swipe_tracker: gesture-debug: motion slot=0 pos=(1186,478) t=5076.191s fingers=3
20:55:47 tpc niri[26290]: 2026-09-07T19:55:47.065754Z  INFO niri::input::touch_swipe_tracker: gesture-debug: motion slot=1 pos=(1050,392) t=5076.191s fingers=3
20:55:47 tpc niri[26290]: 2026-09-07T19:55:47.065791Z  INFO niri::input::touch_swipe_tracker: gesture-debug: motion slot=2 pos=(878,466) t=5076.191s fingers=3
20:55:47 tpc niri[26290]: 2026-09-07T19:55:47.074778Z  INFO niri::input::touch_swipe_tracker: gesture-debug: motion slot=0 pos=(1185,466) t=5076.2s fingers=3
20:55:47 tpc niri[26290]: 2026-09-07T19:55:47.074875Z  INFO niri::input::touch_swipe_tracker: gesture-debug: motion slot=1 pos=(1049,381) t=5076.2s fingers=3
20:55:47 tpc niri[26290]: 2026-09-07T19:55:47.074917Z  INFO niri::input::touch_swipe_tracker: gesture-debug: motion slot=2 pos=(877,455) t=5076.2s fingers=3
20:55:47 tpc niri[26290]: 2026-09-07T19:55:47.083842Z  INFO niri::input::touch_swipe_tracker: gesture-debug: motion slot=0 pos=(1184,455) t=5076.209s fingers=3
20:55:47 tpc niri[26290]: 2026-09-07T19:55:47.083929Z  INFO niri::input::touch_swipe_tracker: gesture-debug: motion slot=1 pos=(1049,370) t=5076.209s fingers=3
20:55:47 tpc niri[26290]: 2026-09-07T19:55:47.084005Z  INFO niri::input::touch_swipe_tracker: gesture-debug: motion slot=2 pos=(875,445) t=5076.209s fingers=3
20:55:47 tpc niri[26290]: 2026-09-07T19:55:47.092707Z  INFO niri::input::touch_swipe_tracker: gesture-debug: motion slot=0 pos=(1183,443) t=5076.218s fingers=3
20:55:47 tpc niri[26290]: 2026-09-07T19:55:47.092790Z  INFO niri::input::touch_swipe_tracker: gesture-debug: motion slot=1 pos=(1048,359) t=5076.218s fingers=3
20:55:47 tpc niri[26290]: 2026-09-07T19:55:47.092829Z  INFO niri::input::touch_swipe_tracker: gesture-debug: motion slot=2 pos=(874,434) t=5076.218s fingers=3
20:55:47 tpc niri[26290]: 2026-09-07T19:55:47.101784Z  INFO niri::input::touch_swipe_tracker: gesture-debug: motion slot=0 pos=(1182,430) t=5076.227s fingers=3
20:55:47 tpc niri[26290]: 2026-09-07T19:55:47.101888Z  INFO niri::input::touch_swipe_tracker: gesture-debug: motion slot=1 pos=(1046,347) t=5076.227s fingers=3
20:55:47 tpc niri[26290]: 2026-09-07T19:55:47.101930Z  INFO niri::input::touch_swipe_tracker: gesture-debug: motion slot=2 pos=(872,423) t=5076.227s fingers=3
20:55:47 tpc niri[26290]: 2026-09-07T19:55:47.110746Z  INFO niri::input::touch_swipe_tracker: gesture-debug: motion slot=0 pos=(1181,418) t=5076.236s fingers=3
20:55:47 tpc niri[26290]: 2026-09-07T19:55:47.110836Z  INFO niri::input::touch_swipe_tracker: gesture-debug: motion slot=1 pos=(1045,336) t=5076.236s fingers=3
20:55:47 tpc niri[26290]: 2026-09-07T19:55:47.110876Z  INFO niri::input::touch_swipe_tracker: gesture-debug: motion slot=2 pos=(870,412) t=5076.236s fingers=3
20:55:47 tpc niri[26290]: 2026-09-07T19:55:47.120162Z  INFO niri::input::touch_swipe_tracker: gesture-debug: motion slot=0 pos=(1180,405) t=5076.245s fingers=3
20:55:47 tpc niri[26290]: 2026-09-07T19:55:47.120270Z  INFO niri::input::touch_swipe_tracker: gesture-debug: motion slot=1 pos=(1044,325) t=5076.245s fingers=3
20:55:47 tpc niri[26290]: 2026-09-07T19:55:47.120314Z  INFO niri::input::touch_swipe_tracker: gesture-debug: motion slot=2 pos=(869,400) t=5076.245s fingers=3
20:55:47 tpc niri[26290]: 2026-09-07T19:55:47.128924Z  INFO niri::input::touch_swipe_tracker: gesture-debug: motion slot=0 pos=(1178,391) t=5076.254s fingers=3
20:55:47 tpc niri[26290]: 2026-09-07T19:55:47.129091Z  INFO niri::input::touch_swipe_tracker: gesture-debug: motion slot=1 pos=(1043,313) t=5076.254s fingers=3
20:55:47 tpc niri[26290]: 2026-09-07T19:55:47.129171Z  INFO niri::input::touch_swipe_tracker: gesture-debug: motion slot=2 pos=(868,389) t=5076.254s fingers=3
20:55:47 tpc niri[26290]: 2026-09-07T19:55:47.140067Z  INFO niri::input::touch_swipe_tracker: gesture-debug: motion slot=0 pos=(1177,377) t=5076.264s fingers=3
20:55:47 tpc niri[26290]: 2026-09-07T19:55:47.140145Z  INFO niri::input::touch_swipe_tracker: gesture-debug: motion slot=1 pos=(1042,301) t=5076.264s fingers=3
20:55:47 tpc niri[26290]: 2026-09-07T19:55:47.140183Z  INFO niri::input::touch_swipe_tracker: gesture-debug: motion slot=2 pos=(866,378) t=5076.264s fingers=3
20:55:47 tpc niri[26290]: 2026-09-07T19:55:47.148422Z  INFO niri::input::touch_swipe_tracker: gesture-debug: motion slot=0 pos=(1175,365) t=5076.273s fingers=3
20:55:47 tpc niri[26290]: 2026-09-07T19:55:47.148485Z  INFO niri::input::touch_swipe_tracker: gesture-debug: motion slot=1 pos=(1040,289) t=5076.273s fingers=3
20:55:47 tpc niri[26290]: 2026-09-07T19:55:47.148540Z  INFO niri::input::touch_swipe_tracker: gesture-debug: motion slot=2 pos=(865,366) t=5076.273s fingers=3
20:55:47 tpc niri[26290]: 2026-09-07T19:55:47.156644Z  INFO niri::input::touch_swipe_tracker: gesture-debug: motion slot=0 pos=(1173,353) t=5076.282s fingers=3
20:55:47 tpc niri[26290]: 2026-09-07T19:55:47.156694Z  INFO niri::input::touch_swipe_tracker: gesture-debug: motion slot=1 pos=(1039,277) t=5076.282s fingers=3
20:55:47 tpc niri[26290]: 2026-09-07T19:55:47.156720Z  INFO niri::input::touch_swipe_tracker: gesture-debug: motion slot=2 pos=(864,355) t=5076.282s fingers=3
20:55:47 tpc niri[26290]: 2026-09-07T19:55:47.165537Z  INFO niri::input::touch_swipe_tracker: gesture-debug: motion slot=0 pos=(1172,341) t=5076.291s fingers=3
20:55:47 tpc niri[26290]: 2026-09-07T19:55:47.165576Z  INFO niri::input::touch_swipe_tracker: gesture-debug: motion slot=1 pos=(1038,265) t=5076.291s fingers=3
20:55:47 tpc niri[26290]: 2026-09-07T19:55:47.165602Z  INFO niri::input::touch_swipe_tracker: gesture-debug: motion slot=2 pos=(863,343) t=5076.291s fingers=3
20:55:47 tpc niri[26290]: 2026-09-07T19:55:47.174600Z  INFO niri::input::touch_swipe_tracker: gesture-debug: motion slot=0 pos=(1170,328) t=5076.3s fingers=3
20:55:47 tpc niri[26290]: 2026-09-07T19:55:47.174639Z  INFO niri::input::touch_swipe_tracker: gesture-debug: motion slot=1 pos=(1036,253) t=5076.3s fingers=3
20:55:47 tpc niri[26290]: 2026-09-07T19:55:47.174665Z  INFO niri::input::touch_swipe_tracker: gesture-debug: motion slot=2 pos=(862,332) t=5076.3s fingers=3
20:55:47 tpc niri[26290]: 2026-09-07T19:55:47.183609Z  INFO niri::input::touch_swipe_tracker: gesture-debug: motion slot=0 pos=(1169,315) t=5076.309s fingers=3
20:55:47 tpc niri[26290]: 2026-09-07T19:55:47.183656Z  INFO niri::input::touch_swipe_tracker: gesture-debug: motion slot=1 pos=(1036,241) t=5076.309s fingers=3
20:55:47 tpc niri[26290]: 2026-09-07T19:55:47.183683Z  INFO niri::input::touch_swipe_tracker: gesture-debug: motion slot=2 pos=(861,321) t=5076.309s fingers=3
20:55:47 tpc niri[26290]: 2026-09-07T19:55:47.192485Z  INFO niri::input::touch_swipe_tracker: gesture-debug: motion slot=0 pos=(1167,301) t=5076.318s fingers=3
20:55:47 tpc niri[26290]: 2026-09-07T19:55:47.192524Z  INFO niri::input::touch_swipe_tracker: gesture-debug: motion slot=1 pos=(1035,229) t=5076.318s fingers=3
20:55:47 tpc niri[26290]: 2026-09-07T19:55:47.192551Z  INFO niri::input::touch_swipe_tracker: gesture-debug: motion slot=2 pos=(861,310) t=5076.318s fingers=3
20:55:47 tpc niri[26290]: 2026-09-07T19:55:47.201576Z  INFO niri::input::touch_swipe_tracker: gesture-debug: motion slot=0 pos=(1165,286) t=5076.327s fingers=3
20:55:47 tpc niri[26290]: 2026-09-07T19:55:47.201635Z  INFO niri::input::touch_swipe_tracker: gesture-debug: motion slot=1 pos=(1034,216) t=5076.327s fingers=3
20:55:47 tpc niri[26290]: 2026-09-07T19:55:47.201673Z  INFO niri::input::touch_swipe_tracker: gesture-debug: motion slot=2 pos=(861,298) t=5076.327s fingers=3
20:55:47 tpc niri[26290]: 2026-09-07T19:55:47.211818Z  INFO niri::input::touch_swipe_tracker: gesture-debug: motion slot=0 pos=(1164,270) t=5076.337s fingers=3
20:55:47 tpc niri[26290]: 2026-09-07T19:55:47.211913Z  INFO niri::input::touch_swipe_tracker: gesture-debug: motion slot=1 pos=(1033,203) t=5076.337s fingers=3
20:55:47 tpc niri[26290]: 2026-09-07T19:55:47.211974Z  INFO niri::input::touch_swipe_tracker: gesture-debug: motion slot=2 pos=(861,286) t=5076.337s fingers=3
20:55:47 tpc niri[26290]: 2026-09-07T19:55:47.220302Z  INFO niri::input::touch_swipe_tracker: gesture-debug: motion slot=1 pos=(1032,189) t=5076.345s fingers=3
20:55:47 tpc niri[26290]: 2026-09-07T19:55:47.220401Z  INFO niri::input::touch_swipe_tracker: gesture-debug: motion slot=2 pos=(861,275) t=5076.345s fingers=3
20:55:47 tpc niri[26290]: 2026-09-07T19:55:47.229934Z  INFO niri::input::touch_swipe_tracker: gesture-debug: motion slot=2 pos=(861,263) t=5076.354s fingers=3
20:55:47 tpc niri[26290]: 2026-09-07T19:55:47.255679Z  INFO niri::input::touch_swipe_tracker: gesture-debug: up slot=0 t=5076.381s fingers=2: tracked finger lifted, ending gesture
20:55:47 tpc niri[26290]: 2026-09-07T19:55:47.255764Z  INFO niri::input: gesture-debug: discrete gesture completed, action=MoveWindowToWorkspaceUp(true)
20:55:49 tpc niri[26290]: 2026-09-07T19:55:49.672714Z  INFO niri::input::touch_swipe_tracker: gesture-debug: down slot=0 pos=(1650,641) t=5078.798527s fingers=1 phase=Idle
20:55:49 tpc niri[26290]: 2026-09-07T19:55:49.736700Z  INFO niri::input::touch_swipe_tracker: gesture-debug: down slot=1 pos=(1509,520) t=5078.862518s fingers=2 phase=Idle
20:55:49 tpc niri[26290]: 2026-09-07T19:55:49.745750Z  INFO niri::input::touch_swipe_tracker: gesture-debug: down slot=2 pos=(1353,584) t=5078.871573s fingers=3 phase=Idle
20:55:49 tpc niri[26290]: 2026-09-07T19:55:49.745835Z  INFO niri::input::touch_swipe_tracker: gesture-debug: recognizing: tracking 3 of 3 slots (min 3)
20:55:49 tpc niri[26290]: 2026-09-07T19:55:49.745874Z  INFO niri::input: gesture-debug: gesture owns the touch stream (client touches cancelled)
20:55:49 tpc niri[26290]: 2026-09-07T19:55:49.765802Z  INFO niri::input::touch_swipe_tracker: gesture-debug: motion slot=1 pos=(1505,524) t=5078.889549s fingers=3
20:55:49 tpc niri[26290]: 2026-09-07T19:55:49.910333Z  INFO niri::input::touch_swipe_tracker: gesture-debug: motion slot=2 pos=(1349,588) t=5079.035547s fingers=3
20:55:49 tpc niri[26290]: 2026-09-07T19:55:49.918723Z  INFO niri::input::touch_swipe_tracker: gesture-debug: motion slot=1 pos=(1505,525) t=5079.044568s fingers=3
20:55:49 tpc niri[26290]: 2026-09-07T19:55:49.927764Z  INFO niri::input::touch_swipe_tracker: gesture-debug: motion slot=1 pos=(1504,526) t=5079.053584s fingers=3
20:55:49 tpc niri[26290]: 2026-09-07T19:55:49.946992Z  INFO niri::input::touch_swipe_tracker: gesture-debug: motion slot=1 pos=(1503,526) t=5079.072606s fingers=3
20:55:49 tpc niri[26290]: 2026-09-07T19:55:49.964707Z  INFO niri::input::touch_swipe_tracker: gesture-debug: motion slot=1 pos=(1503,527) t=5079.090575s fingers=3
20:55:50 tpc niri[26290]: 2026-09-07T19:55:50.011095Z  INFO niri::input::touch_swipe_tracker: gesture-debug: motion slot=1 pos=(1502,527) t=5079.135602s fingers=3
20:55:50 tpc niri[26290]: 2026-09-07T19:55:50.082738Z  INFO niri::input::touch_swipe_tracker: gesture-debug: motion slot=1 pos=(1501,527) t=5079.208588s fingers=3
20:55:50 tpc niri[26290]: 2026-09-07T19:55:50.092701Z  INFO niri::input::touch_swipe_tracker: gesture-debug: motion slot=1 pos=(1500,527) t=5079.218532s fingers=3
20:55:50 tpc niri[26290]: 2026-09-07T19:55:50.128747Z  INFO niri::input::touch_swipe_tracker: gesture-debug: motion slot=1 pos=(1499,528) t=5079.254537s fingers=3
20:55:50 tpc niri[26290]: 2026-09-07T19:55:50.155615Z  INFO niri::input::touch_swipe_tracker: gesture-debug: motion slot=1 pos=(1499,529) t=5079.28152s fingers=3
20:55:50 tpc niri[26290]: 2026-09-07T19:55:50.165666Z  INFO niri::input::touch_swipe_tracker: gesture-debug: motion slot=1 pos=(1498,529) t=5079.29153s fingers=3
20:55:50 tpc niri[26290]: 2026-09-07T19:55:50.192578Z  INFO niri::input::touch_swipe_tracker: gesture-debug: motion slot=1 pos=(1497,529) t=5079.318539s fingers=3
20:55:50 tpc niri[26290]: 2026-09-07T19:55:50.219695Z  INFO niri::input::touch_swipe_tracker: gesture-debug: motion slot=1 pos=(1497,530) t=5079.345561s fingers=3
20:55:50 tpc niri[26290]: 2026-09-07T19:55:50.228743Z  INFO niri::input::touch_swipe_tracker: gesture-debug: motion slot=1 pos=(1496,530) t=5079.354651s fingers=3
20:55:50 tpc niri[26290]: 2026-09-07T19:55:50.228810Z  INFO niri::input::touch_swipe_tracker: gesture-debug: motion slot=2 pos=(1349,589) t=5079.354651s fingers=3
20:55:50 tpc niri[26290]: 2026-09-07T19:55:50.247639Z  INFO niri::input::touch_swipe_tracker: gesture-debug: motion slot=1 pos=(1495,530) t=5079.373576s fingers=3
20:55:50 tpc niri[26290]: 2026-09-07T19:55:50.256758Z  INFO niri::input::touch_swipe_tracker: gesture-debug: motion slot=2 pos=(1348,589) t=5079.382666s fingers=3
20:55:50 tpc niri[26290]: 2026-09-07T19:55:50.265641Z  INFO niri::input::touch_swipe_tracker: gesture-debug: motion slot=1 pos=(1494,531) t=5079.391558s fingers=3
20:55:50 tpc niri[26290]: 2026-09-07T19:55:50.265678Z  INFO niri::input::touch_swipe_tracker: gesture-debug: motion slot=2 pos=(1348,590) t=5079.391558s fingers=3
20:55:50 tpc niri[26290]: 2026-09-07T19:55:50.274715Z  INFO niri::input::touch_swipe_tracker: gesture-debug: motion slot=2 pos=(1347,590) t=5079.400593s fingers=3
20:55:50 tpc niri[26290]: 2026-09-07T19:55:50.283701Z  INFO niri::input::touch_swipe_tracker: gesture-debug: motion slot=1 pos=(1493,531) t=5079.409587s fingers=3
20:55:50 tpc niri[26290]: 2026-09-07T19:55:50.283778Z  INFO niri::input::touch_swipe_tracker: gesture-debug: motion slot=2 pos=(1346,591) t=5079.409587s fingers=3
20:55:50 tpc niri[26290]: 2026-09-07T19:55:50.292694Z  INFO niri::input::touch_swipe_tracker: gesture-debug: motion slot=1 pos=(1492,531) t=5079.418536s fingers=3
20:55:50 tpc niri[26290]: 2026-09-07T19:55:50.292751Z  INFO niri::input::touch_swipe_tracker: gesture-debug: motion slot=2 pos=(1345,591) t=5079.418536s fingers=3
20:55:50 tpc niri[26290]: 2026-09-07T19:55:50.301776Z  INFO niri::input::touch_swipe_tracker: gesture-debug: motion slot=1 pos=(1491,531) t=5079.427538s fingers=3
20:55:50 tpc niri[26290]: 2026-09-07T19:55:50.301836Z  INFO niri::input::touch_swipe_tracker: gesture-debug: motion slot=2 pos=(1344,591) t=5079.427538s fingers=3
20:55:50 tpc niri[26290]: 2026-09-07T19:55:50.310855Z  INFO niri::input::touch_swipe_tracker: gesture-debug: motion slot=1 pos=(1490,531) t=5079.436538s fingers=3
20:55:50 tpc niri[26290]: 2026-09-07T19:55:50.320807Z  INFO niri::input::touch_swipe_tracker: gesture-debug: motion slot=1 pos=(1490,532) t=5079.446659s fingers=3
20:55:50 tpc niri[26290]: 2026-09-07T19:55:50.320863Z  INFO niri::input::touch_swipe_tracker: gesture-debug: motion slot=2 pos=(1342,592) t=5079.446659s fingers=3
20:55:50 tpc niri[26290]: 2026-09-07T19:55:50.329749Z  INFO niri::input::touch_swipe_tracker: gesture-debug: motion slot=1 pos=(1489,533) t=5079.455585s fingers=3
20:55:50 tpc niri[26290]: 2026-09-07T19:55:50.329816Z  INFO niri::input::touch_swipe_tracker: gesture-debug: motion slot=2 pos=(1340,592) t=5079.455585s fingers=3
20:55:50 tpc niri[26290]: 2026-09-07T19:55:50.339224Z  INFO niri::input::touch_swipe_tracker: gesture-debug: motion slot=1 pos=(1488,533) t=5079.464569s fingers=3
20:55:50 tpc niri[26290]: 2026-09-07T19:55:50.339363Z  INFO niri::input::touch_swipe_tracker: gesture-debug: motion slot=2 pos=(1339,592) t=5079.464569s fingers=3
20:55:50 tpc niri[26290]: 2026-09-07T19:55:50.348048Z  INFO niri::input::touch_swipe_tracker: gesture-debug: motion slot=1 pos=(1486,534) t=5079.473585s fingers=3
20:55:50 tpc niri[26290]: 2026-09-07T19:55:50.348104Z  INFO niri::input::touch_swipe_tracker: gesture-debug: motion slot=2 pos=(1337,593) t=5079.473585s fingers=3
20:55:50 tpc niri[26290]: 2026-09-07T19:55:50.356873Z  INFO niri::input::touch_swipe_tracker: gesture-debug: motion slot=1 pos=(1485,535) t=5079.482677s fingers=3
20:55:50 tpc niri[26290]: 2026-09-07T19:55:50.356980Z  INFO niri::input::touch_swipe_tracker: gesture-debug: motion slot=2 pos=(1335,594) t=5079.482677s fingers=3
20:55:50 tpc niri[26290]: 2026-09-07T19:55:50.357014Z  INFO niri::input::touch_swipe_tracker: gesture-debug: recognized: HOLD-swipe fingers=3 direction=Horizontal delta=(-14.0,8.3) t=5079.482677s
20:55:50 tpc niri[26290]: 2026-09-07T19:55:50.357036Z  INFO niri::input: gesture-debug: swipe dispatch: fingers=3 hold=true direction=Horizontal discrete=Some(MoveColumnLeft)
20:55:50 tpc niri[26290]: 2026-09-07T19:55:50.365717Z  INFO niri::input::touch_swipe_tracker: gesture-debug: motion slot=1 pos=(1483,535) t=5079.491s fingers=3
20:55:50 tpc niri[26290]: 2026-09-07T19:55:50.365815Z  INFO niri::input::touch_swipe_tracker: gesture-debug: motion slot=2 pos=(1332,595) t=5079.491s fingers=3
20:55:50 tpc niri[26290]: 2026-09-07T19:55:50.374992Z  INFO niri::input::touch_swipe_tracker: gesture-debug: motion slot=0 pos=(1647,647) t=5079.5s fingers=3
20:55:50 tpc niri[26290]: 2026-09-07T19:55:50.375118Z  INFO niri::input::touch_swipe_tracker: gesture-debug: motion slot=1 pos=(1481,537) t=5079.5s fingers=3
20:55:50 tpc niri[26290]: 2026-09-07T19:55:50.375163Z  INFO niri::input::touch_swipe_tracker: gesture-debug: motion slot=2 pos=(1329,596) t=5079.5s fingers=3
20:55:50 tpc niri[26290]: 2026-09-07T19:55:50.383744Z  INFO niri::input::touch_swipe_tracker: gesture-debug: motion slot=0 pos=(1645,648) t=5079.509s fingers=3
20:55:50 tpc niri[26290]: 2026-09-07T19:55:50.383880Z  INFO niri::input::touch_swipe_tracker: gesture-debug: motion slot=1 pos=(1478,538) t=5079.509s fingers=3
20:55:50 tpc niri[26290]: 2026-09-07T19:55:50.383985Z  INFO niri::input::touch_swipe_tracker: gesture-debug: motion slot=2 pos=(1326,596) t=5079.509s fingers=3
20:55:50 tpc niri[26290]: 2026-09-07T19:55:50.392814Z  INFO niri::input::touch_swipe_tracker: gesture-debug: motion slot=0 pos=(1643,649) t=5079.518s fingers=3
20:55:50 tpc niri[26290]: 2026-09-07T19:55:50.392963Z  INFO niri::input::touch_swipe_tracker: gesture-debug: motion slot=1 pos=(1475,539) t=5079.518s fingers=3
20:55:50 tpc niri[26290]: 2026-09-07T19:55:50.393046Z  INFO niri::input::touch_swipe_tracker: gesture-debug: motion slot=2 pos=(1322,597) t=5079.518s fingers=3
20:55:50 tpc niri[26290]: 2026-09-07T19:55:50.403022Z  INFO niri::input::touch_swipe_tracker: gesture-debug: motion slot=0 pos=(1640,651) t=5079.528s fingers=3
20:55:50 tpc niri[26290]: 2026-09-07T19:55:50.403172Z  INFO niri::input::touch_swipe_tracker: gesture-debug: motion slot=1 pos=(1472,540) t=5079.528s fingers=3
20:55:50 tpc niri[26290]: 2026-09-07T19:55:50.403232Z  INFO niri::input::touch_swipe_tracker: gesture-debug: motion slot=2 pos=(1318,598) t=5079.528s fingers=3
20:55:50 tpc niri[26290]: 2026-09-07T19:55:50.411922Z  INFO niri::input::touch_swipe_tracker: gesture-debug: motion slot=0 pos=(1638,653) t=5079.537s fingers=3
20:55:50 tpc niri[26290]: 2026-09-07T19:55:50.412043Z  INFO niri::input::touch_swipe_tracker: gesture-debug: motion slot=1 pos=(1468,540) t=5079.537s fingers=3
20:55:50 tpc niri[26290]: 2026-09-07T19:55:50.412087Z  INFO niri::input::touch_swipe_tracker: gesture-debug: motion slot=2 pos=(1314,600) t=5079.537s fingers=3
20:55:50 tpc niri[26290]: 2026-09-07T19:55:50.420875Z  INFO niri::input::touch_swipe_tracker: gesture-debug: motion slot=0 pos=(1635,654) t=5079.546s fingers=3
20:55:50 tpc niri[26290]: 2026-09-07T19:55:50.420989Z  INFO niri::input::touch_swipe_tracker: gesture-debug: motion slot=1 pos=(1464,541) t=5079.546s fingers=3
20:55:50 tpc niri[26290]: 2026-09-07T19:55:50.421036Z  INFO niri::input::touch_swipe_tracker: gesture-debug: motion slot=2 pos=(1310,600) t=5079.546s fingers=3
20:55:50 tpc niri[26290]: 2026-09-07T19:55:50.429801Z  INFO niri::input::touch_swipe_tracker: gesture-debug: motion slot=0 pos=(1631,656) t=5079.555s fingers=3
20:55:50 tpc niri[26290]: 2026-09-07T19:55:50.429892Z  INFO niri::input::touch_swipe_tracker: gesture-debug: motion slot=1 pos=(1460,542) t=5079.555s fingers=3
20:55:50 tpc niri[26290]: 2026-09-07T19:55:50.429936Z  INFO niri::input::touch_swipe_tracker: gesture-debug: motion slot=2 pos=(1306,601) t=5079.555s fingers=3
20:55:50 tpc niri[26290]: 2026-09-07T19:55:50.438978Z  INFO niri::input::touch_swipe_tracker: gesture-debug: motion slot=0 pos=(1628,657) t=5079.564s fingers=3
20:55:50 tpc niri[26290]: 2026-09-07T19:55:50.439083Z  INFO niri::input::touch_swipe_tracker: gesture-debug: motion slot=1 pos=(1455,543) t=5079.564s fingers=3
20:55:50 tpc niri[26290]: 2026-09-07T19:55:50.439127Z  INFO niri::input::touch_swipe_tracker: gesture-debug: motion slot=2 pos=(1301,603) t=5079.564s fingers=3
20:55:50 tpc niri[26290]: 2026-09-07T19:55:50.448517Z  INFO niri::input::touch_swipe_tracker: gesture-debug: motion slot=0 pos=(1625,658) t=5079.573s fingers=3
20:55:50 tpc niri[26290]: 2026-09-07T19:55:50.448590Z  INFO niri::input::touch_swipe_tracker: gesture-debug: motion slot=1 pos=(1449,543) t=5079.573s fingers=3
20:55:50 tpc niri[26290]: 2026-09-07T19:55:50.448651Z  INFO niri::input::touch_swipe_tracker: gesture-debug: motion slot=2 pos=(1297,604) t=5079.573s fingers=3
20:55:50 tpc niri[26290]: 2026-09-07T19:55:50.456813Z  INFO niri::input::touch_swipe_tracker: gesture-debug: motion slot=0 pos=(1622,659) t=5079.582s fingers=3
20:55:50 tpc niri[26290]: 2026-09-07T19:55:50.456943Z  INFO niri::input::touch_swipe_tracker: gesture-debug: motion slot=1 pos=(1444,544) t=5079.582s fingers=3
20:55:50 tpc niri[26290]: 2026-09-07T19:55:50.457022Z  INFO niri::input::touch_swipe_tracker: gesture-debug: motion slot=2 pos=(1293,604) t=5079.582s fingers=3
20:55:50 tpc niri[26290]: 2026-09-07T19:55:50.465862Z  INFO niri::input::touch_swipe_tracker: gesture-debug: motion slot=0 pos=(1619,661) t=5079.591s fingers=3
20:55:50 tpc niri[26290]: 2026-09-07T19:55:50.465977Z  INFO niri::input::touch_swipe_tracker: gesture-debug: motion slot=1 pos=(1439,545) t=5079.591s fingers=3
20:55:50 tpc niri[26290]: 2026-09-07T19:55:50.466023Z  INFO niri::input::touch_swipe_tracker: gesture-debug: motion slot=2 pos=(1289,606) t=5079.591s fingers=3
20:55:50 tpc niri[26290]: 2026-09-07T19:55:50.475940Z  INFO niri::input::touch_swipe_tracker: gesture-debug: motion slot=0 pos=(1615,661) t=5079.601s fingers=3
20:55:50 tpc niri[26290]: 2026-09-07T19:55:50.476062Z  INFO niri::input::touch_swipe_tracker: gesture-debug: motion slot=1 pos=(1433,546) t=5079.601s fingers=3
20:55:50 tpc niri[26290]: 2026-09-07T19:55:50.476107Z  INFO niri::input::touch_swipe_tracker: gesture-debug: motion slot=2 pos=(1284,608) t=5079.601s fingers=3
20:55:50 tpc niri[26290]: 2026-09-07T19:55:50.484772Z  INFO niri::input::touch_swipe_tracker: gesture-debug: motion slot=0 pos=(1612,663) t=5079.61s fingers=3
20:55:50 tpc niri[26290]: 2026-09-07T19:55:50.484882Z  INFO niri::input::touch_swipe_tracker: gesture-debug: motion slot=1 pos=(1427,547) t=5079.61s fingers=3
20:55:50 tpc niri[26290]: 2026-09-07T19:55:50.484927Z  INFO niri::input::touch_swipe_tracker: gesture-debug: motion slot=2 pos=(1280,609) t=5079.61s fingers=3
20:55:50 tpc niri[26290]: 2026-09-07T19:55:50.493809Z  INFO niri::input::touch_swipe_tracker: gesture-debug: motion slot=0 pos=(1608,664) t=5079.619s fingers=3
20:55:50 tpc niri[26290]: 2026-09-07T19:55:50.493903Z  INFO niri::input::touch_swipe_tracker: gesture-debug: motion slot=1 pos=(1421,547) t=5079.619s fingers=3
20:55:50 tpc niri[26290]: 2026-09-07T19:55:50.493978Z  INFO niri::input::touch_swipe_tracker: gesture-debug: motion slot=2 pos=(1275,611) t=5079.619s fingers=3
20:55:50 tpc niri[26290]: 2026-09-07T19:55:50.502631Z  INFO niri::input::touch_swipe_tracker: gesture-debug: motion slot=0 pos=(1604,665) t=5079.628s fingers=3
20:55:50 tpc niri[26290]: 2026-09-07T19:55:50.502687Z  INFO niri::input::touch_swipe_tracker: gesture-debug: motion slot=1 pos=(1416,548) t=5079.628s fingers=3
20:55:50 tpc niri[26290]: 2026-09-07T19:55:50.502722Z  INFO niri::input::touch_swipe_tracker: gesture-debug: motion slot=2 pos=(1270,612) t=5079.628s fingers=3
20:55:50 tpc niri[26290]: 2026-09-07T19:55:50.511636Z  INFO niri::input::touch_swipe_tracker: gesture-debug: motion slot=0 pos=(1599,667) t=5079.637s fingers=3
20:55:50 tpc niri[26290]: 2026-09-07T19:55:50.511696Z  INFO niri::input::touch_swipe_tracker: gesture-debug: motion slot=1 pos=(1410,550) t=5079.637s fingers=3
20:55:50 tpc niri[26290]: 2026-09-07T19:55:50.511719Z  INFO niri::input::touch_swipe_tracker: gesture-debug: motion slot=2 pos=(1264,614) t=5079.637s fingers=3
20:55:50 tpc niri[26290]: 2026-09-07T19:55:50.520956Z  INFO niri::input::touch_swipe_tracker: gesture-debug: motion slot=0 pos=(1594,669) t=5079.646s fingers=3
20:55:50 tpc niri[26290]: 2026-09-07T19:55:50.521002Z  INFO niri::input::touch_swipe_tracker: gesture-debug: motion slot=1 pos=(1404,551) t=5079.646s fingers=3
20:55:50 tpc niri[26290]: 2026-09-07T19:55:50.521023Z  INFO niri::input::touch_swipe_tracker: gesture-debug: motion slot=2 pos=(1259,616) t=5079.646s fingers=3
20:55:50 tpc niri[26290]: 2026-09-07T19:55:50.529620Z  INFO niri::input::touch_swipe_tracker: gesture-debug: motion slot=0 pos=(1589,669) t=5079.655s fingers=3
20:55:50 tpc niri[26290]: 2026-09-07T19:55:50.529698Z  INFO niri::input::touch_swipe_tracker: gesture-debug: motion slot=1 pos=(1399,553) t=5079.655s fingers=3
20:55:50 tpc niri[26290]: 2026-09-07T19:55:50.529744Z  INFO niri::input::touch_swipe_tracker: gesture-debug: motion slot=2 pos=(1253,618) t=5079.655s fingers=3
20:55:50 tpc niri[26290]: 2026-09-07T19:55:50.538670Z  INFO niri::input::touch_swipe_tracker: gesture-debug: motion slot=0 pos=(1584,671) t=5079.664s fingers=3
20:55:50 tpc niri[26290]: 2026-09-07T19:55:50.538715Z  INFO niri::input::touch_swipe_tracker: gesture-debug: motion slot=1 pos=(1393,555) t=5079.664s fingers=3
20:55:50 tpc niri[26290]: 2026-09-07T19:55:50.538736Z  INFO niri::input::touch_swipe_tracker: gesture-debug: motion slot=2 pos=(1247,620) t=5079.664s fingers=3
20:55:50 tpc niri[26290]: 2026-09-07T19:55:50.548673Z  INFO niri::input::touch_swipe_tracker: gesture-debug: motion slot=0 pos=(1580,673) t=5079.674s fingers=3
20:55:50 tpc niri[26290]: 2026-09-07T19:55:50.548709Z  INFO niri::input::touch_swipe_tracker: gesture-debug: motion slot=1 pos=(1387,556) t=5079.674s fingers=3
20:55:50 tpc niri[26290]: 2026-09-07T19:55:50.548729Z  INFO niri::input::touch_swipe_tracker: gesture-debug: motion slot=2 pos=(1241,623) t=5079.674s fingers=3
20:55:50 tpc niri[26290]: 2026-09-07T19:55:50.557645Z  INFO niri::input::touch_swipe_tracker: gesture-debug: motion slot=0 pos=(1575,674) t=5079.683s fingers=3
20:55:50 tpc niri[26290]: 2026-09-07T19:55:50.557695Z  INFO niri::input::touch_swipe_tracker: gesture-debug: motion slot=1 pos=(1382,558) t=5079.683s fingers=3
20:55:50 tpc niri[26290]: 2026-09-07T19:55:50.557719Z  INFO niri::input::touch_swipe_tracker: gesture-debug: motion slot=2 pos=(1235,625) t=5079.683s fingers=3
20:55:50 tpc niri[26290]: 2026-09-07T19:55:50.566723Z  INFO niri::input::touch_swipe_tracker: gesture-debug: motion slot=0 pos=(1570,676) t=5079.692s fingers=3
20:55:50 tpc niri[26290]: 2026-09-07T19:55:50.566771Z  INFO niri::input::touch_swipe_tracker: gesture-debug: motion slot=1 pos=(1376,559) t=5079.692s fingers=3
20:55:50 tpc niri[26290]: 2026-09-07T19:55:50.566792Z  INFO niri::input::touch_swipe_tracker: gesture-debug: motion slot=2 pos=(1229,627) t=5079.692s fingers=3
20:55:50 tpc niri[26290]: 2026-09-07T19:55:50.575723Z  INFO niri::input::touch_swipe_tracker: gesture-debug: motion slot=0 pos=(1566,678) t=5079.701s fingers=3
20:55:50 tpc niri[26290]: 2026-09-07T19:55:50.575778Z  INFO niri::input::touch_swipe_tracker: gesture-debug: motion slot=1 pos=(1371,561) t=5079.701s fingers=3
20:55:50 tpc niri[26290]: 2026-09-07T19:55:50.575803Z  INFO niri::input::touch_swipe_tracker: gesture-debug: motion slot=2 pos=(1224,629) t=5079.701s fingers=3
20:55:50 tpc niri[26290]: 2026-09-07T19:55:50.584642Z  INFO niri::input::touch_swipe_tracker: gesture-debug: motion slot=0 pos=(1562,679) t=5079.71s fingers=3
20:55:50 tpc niri[26290]: 2026-09-07T19:55:50.584707Z  INFO niri::input::touch_swipe_tracker: gesture-debug: motion slot=1 pos=(1366,563) t=5079.71s fingers=3
20:55:50 tpc niri[26290]: 2026-09-07T19:55:50.584734Z  INFO niri::input::touch_swipe_tracker: gesture-debug: motion slot=2 pos=(1219,630) t=5079.71s fingers=3
20:55:50 tpc niri[26290]: 2026-09-07T19:55:50.594003Z  INFO niri::input::touch_swipe_tracker: gesture-debug: motion slot=0 pos=(1558,681) t=5079.719s fingers=3
20:55:50 tpc niri[26290]: 2026-09-07T19:55:50.594108Z  INFO niri::input::touch_swipe_tracker: gesture-debug: motion slot=1 pos=(1361,564) t=5079.719s fingers=3
20:55:50 tpc niri[26290]: 2026-09-07T19:55:50.594154Z  INFO niri::input::touch_swipe_tracker: gesture-debug: motion slot=2 pos=(1214,633) t=5079.719s fingers=3
20:55:50 tpc niri[26290]: 2026-09-07T19:55:50.602792Z  INFO niri::input::touch_swipe_tracker: gesture-debug: motion slot=0 pos=(1554,682) t=5079.728s fingers=3
20:55:50 tpc niri[26290]: 2026-09-07T19:55:50.602882Z  INFO niri::input::touch_swipe_tracker: gesture-debug: motion slot=1 pos=(1357,566) t=5079.728s fingers=3
20:55:50 tpc niri[26290]: 2026-09-07T19:55:50.602925Z  INFO niri::input::touch_swipe_tracker: gesture-debug: motion slot=2 pos=(1209,635) t=5079.728s fingers=3
20:55:50 tpc niri[26290]: 2026-09-07T19:55:50.611895Z  INFO niri::input::touch_swipe_tracker: gesture-debug: motion slot=0 pos=(1550,683) t=5079.737s fingers=3
20:55:50 tpc niri[26290]: 2026-09-07T19:55:50.611998Z  INFO niri::input::touch_swipe_tracker: gesture-debug: motion slot=1 pos=(1352,567) t=5079.737s fingers=3
20:55:50 tpc niri[26290]: 2026-09-07T19:55:50.612041Z  INFO niri::input::touch_swipe_tracker: gesture-debug: motion slot=2 pos=(1204,637) t=5079.737s fingers=3
20:55:50 tpc niri[26290]: 2026-09-07T19:55:50.621155Z  INFO niri::input::touch_swipe_tracker: gesture-debug: motion slot=0 pos=(1546,684) t=5079.746s fingers=3
20:55:50 tpc niri[26290]: 2026-09-07T19:55:50.621244Z  INFO niri::input::touch_swipe_tracker: gesture-debug: motion slot=1 pos=(1347,569) t=5079.746s fingers=3
20:55:50 tpc niri[26290]: 2026-09-07T19:55:50.621423Z  INFO niri::input::touch_swipe_tracker: gesture-debug: motion slot=2 pos=(1199,638) t=5079.746s fingers=3
20:55:50 tpc niri[26290]: 2026-09-07T19:55:50.631696Z  INFO niri::input::touch_swipe_tracker: gesture-debug: motion slot=0 pos=(1541,685) t=5079.756s fingers=3
20:55:50 tpc niri[26290]: 2026-09-07T19:55:50.631844Z  INFO niri::input::touch_swipe_tracker: gesture-debug: motion slot=1 pos=(1343,570) t=5079.756s fingers=3
20:55:50 tpc niri[26290]: 2026-09-07T19:55:50.631890Z  INFO niri::input::touch_swipe_tracker: gesture-debug: motion slot=2 pos=(1194,640) t=5079.756s fingers=3
20:55:50 tpc niri[26290]: 2026-09-07T19:55:50.639822Z  INFO niri::input::touch_swipe_tracker: gesture-debug: motion slot=0 pos=(1537,686) t=5079.765s fingers=3
20:55:50 tpc niri[26290]: 2026-09-07T19:55:50.639914Z  INFO niri::input::touch_swipe_tracker: gesture-debug: motion slot=1 pos=(1339,571) t=5079.765s fingers=3
20:55:50 tpc niri[26290]: 2026-09-07T19:55:50.639976Z  INFO niri::input::touch_swipe_tracker: gesture-debug: motion slot=2 pos=(1190,641) t=5079.765s fingers=3
20:55:50 tpc niri[26290]: 2026-09-07T19:55:50.648703Z  INFO niri::input::touch_swipe_tracker: gesture-debug: motion slot=0 pos=(1534,686) t=5079.774s fingers=3
20:55:50 tpc niri[26290]: 2026-09-07T19:55:50.648777Z  INFO niri::input::touch_swipe_tracker: gesture-debug: motion slot=1 pos=(1334,571) t=5079.774s fingers=3
20:55:50 tpc niri[26290]: 2026-09-07T19:55:50.648815Z  INFO niri::input::touch_swipe_tracker: gesture-debug: motion slot=2 pos=(1186,643) t=5079.774s fingers=3
20:55:50 tpc niri[26290]: 2026-09-07T19:55:50.657839Z  INFO niri::input::touch_swipe_tracker: gesture-debug: motion slot=0 pos=(1530,687) t=5079.783s fingers=3
20:55:50 tpc niri[26290]: 2026-09-07T19:55:50.657935Z  INFO niri::input::touch_swipe_tracker: gesture-debug: motion slot=1 pos=(1329,572) t=5079.783s fingers=3
20:55:50 tpc niri[26290]: 2026-09-07T19:55:50.657996Z  INFO niri::input::touch_swipe_tracker: gesture-debug: motion slot=2 pos=(1181,644) t=5079.783s fingers=3
20:55:50 tpc niri[26290]: 2026-09-07T19:55:50.666740Z  INFO niri::input::touch_swipe_tracker: gesture-debug: motion slot=0 pos=(1526,688) t=5079.792s fingers=3
20:55:50 tpc niri[26290]: 2026-09-07T19:55:50.666860Z  INFO niri::input::touch_swipe_tracker: gesture-debug: motion slot=1 pos=(1324,573) t=5079.792s fingers=3
20:55:50 tpc niri[26290]: 2026-09-07T19:55:50.666906Z  INFO niri::input::touch_swipe_tracker: gesture-debug: motion slot=2 pos=(1177,645) t=5079.792s fingers=3
20:55:50 tpc niri[26290]: 2026-09-07T19:55:50.675786Z  INFO niri::input::touch_swipe_tracker: gesture-debug: motion slot=0 pos=(1521,689) t=5079.801s fingers=3
20:55:50 tpc niri[26290]: 2026-09-07T19:55:50.675875Z  INFO niri::input::touch_swipe_tracker: gesture-debug: motion slot=1 pos=(1319,574) t=5079.801s fingers=3
20:55:50 tpc niri[26290]: 2026-09-07T19:55:50.675918Z  INFO niri::input::touch_swipe_tracker: gesture-debug: motion slot=2 pos=(1171,645) t=5079.801s fingers=3
20:55:50 tpc niri[26290]: 2026-09-07T19:55:50.684793Z  INFO niri::input::touch_swipe_tracker: gesture-debug: motion slot=0 pos=(1516,690) t=5079.81s fingers=3
20:55:50 tpc niri[26290]: 2026-09-07T19:55:50.684909Z  INFO niri::input::touch_swipe_tracker: gesture-debug: motion slot=1 pos=(1313,574) t=5079.81s fingers=3
20:55:50 tpc niri[26290]: 2026-09-07T19:55:50.684979Z  INFO niri::input::touch_swipe_tracker: gesture-debug: motion slot=2 pos=(1165,646) t=5079.81s fingers=3
20:55:50 tpc niri[26290]: 2026-09-07T19:55:50.693781Z  INFO niri::input::touch_swipe_tracker: gesture-debug: motion slot=0 pos=(1511,690) t=5079.819s fingers=3
20:55:50 tpc niri[26290]: 2026-09-07T19:55:50.693870Z  INFO niri::input::touch_swipe_tracker: gesture-debug: motion slot=1 pos=(1306,575) t=5079.819s fingers=3
20:55:50 tpc niri[26290]: 2026-09-07T19:55:50.693912Z  INFO niri::input::touch_swipe_tracker: gesture-debug: motion slot=2 pos=(1160,647) t=5079.819s fingers=3
20:55:50 tpc niri[26290]: 2026-09-07T19:55:50.703770Z  INFO niri::input::touch_swipe_tracker: gesture-debug: motion slot=0 pos=(1506,691) t=5079.829s fingers=3
20:55:50 tpc niri[26290]: 2026-09-07T19:55:50.703917Z  INFO niri::input::touch_swipe_tracker: gesture-debug: motion slot=1 pos=(1299,575) t=5079.829s fingers=3
20:55:50 tpc niri[26290]: 2026-09-07T19:55:50.703999Z  INFO niri::input::touch_swipe_tracker: gesture-debug: motion slot=2 pos=(1153,648) t=5079.829s fingers=3
20:55:50 tpc niri[26290]: 2026-09-07T19:55:50.712737Z  INFO niri::input::touch_swipe_tracker: gesture-debug: motion slot=0 pos=(1499,692) t=5079.838s fingers=3
20:55:50 tpc niri[26290]: 2026-09-07T19:55:50.712820Z  INFO niri::input::touch_swipe_tracker: gesture-debug: motion slot=1 pos=(1290,575) t=5079.838s fingers=3
20:55:50 tpc niri[26290]: 2026-09-07T19:55:50.712864Z  INFO niri::input::touch_swipe_tracker: gesture-debug: motion slot=2 pos=(1146,649) t=5079.838s fingers=3
20:55:50 tpc niri[26290]: 2026-09-07T19:55:50.722263Z  INFO niri::input::touch_swipe_tracker: gesture-debug: motion slot=0 pos=(1491,693) t=5079.847s fingers=3
20:55:50 tpc niri[26290]: 2026-09-07T19:55:50.722380Z  INFO niri::input::touch_swipe_tracker: gesture-debug: motion slot=1 pos=(1280,575) t=5079.847s fingers=3
20:55:50 tpc niri[26290]: 2026-09-07T19:55:50.722457Z  INFO niri::input::touch_swipe_tracker: gesture-debug: motion slot=2 pos=(1138,650) t=5079.847s fingers=3
20:55:50 tpc niri[26290]: 2026-09-07T19:55:50.731865Z  INFO niri::input::touch_swipe_tracker: gesture-debug: motion slot=0 pos=(1482,694) t=5079.856s fingers=3
20:55:50 tpc niri[26290]: 2026-09-07T19:55:50.732011Z  INFO niri::input::touch_swipe_tracker: gesture-debug: motion slot=1 pos=(1270,575) t=5079.856s fingers=3
20:55:50 tpc niri[26290]: 2026-09-07T19:55:50.732070Z  INFO niri::input::touch_swipe_tracker: gesture-debug: motion slot=2 pos=(1129,652) t=5079.856s fingers=3
20:55:50 tpc niri[26290]: 2026-09-07T19:55:50.740228Z  INFO niri::input::touch_swipe_tracker: gesture-debug: motion slot=0 pos=(1472,694) t=5079.865s fingers=3
20:55:50 tpc niri[26290]: 2026-09-07T19:55:50.740325Z  INFO niri::input::touch_swipe_tracker: gesture-debug: motion slot=1 pos=(1258,576) t=5079.865s fingers=3
20:55:50 tpc niri[26290]: 2026-09-07T19:55:50.740390Z  INFO niri::input::touch_swipe_tracker: gesture-debug: motion slot=2 pos=(1119,653) t=5079.865s fingers=3
20:55:50 tpc niri[26290]: 2026-09-07T19:55:50.748686Z  INFO niri::input::touch_swipe_tracker: gesture-debug: motion slot=0 pos=(1461,694) t=5079.874s fingers=3
20:55:50 tpc niri[26290]: 2026-09-07T19:55:50.748776Z  INFO niri::input::touch_swipe_tracker: gesture-debug: motion slot=1 pos=(1244,577) t=5079.874s fingers=3
20:55:50 tpc niri[26290]: 2026-09-07T19:55:50.748845Z  INFO niri::input::touch_swipe_tracker: gesture-debug: motion slot=2 pos=(1108,656) t=5079.874s fingers=3
20:55:50 tpc niri[26290]: 2026-09-07T19:55:50.757834Z  INFO niri::input::touch_swipe_tracker: gesture-debug: motion slot=0 pos=(1449,694) t=5079.883s fingers=3
20:55:50 tpc niri[26290]: 2026-09-07T19:55:50.757933Z  INFO niri::input::touch_swipe_tracker: gesture-debug: motion slot=1 pos=(1229,578) t=5079.883s fingers=3
20:55:50 tpc niri[26290]: 2026-09-07T19:55:50.757999Z  INFO niri::input::touch_swipe_tracker: gesture-debug: motion slot=2 pos=(1095,658) t=5079.883s fingers=3
20:55:50 tpc niri[26290]: 2026-09-07T19:55:50.766746Z  INFO niri::input::touch_swipe_tracker: gesture-debug: motion slot=0 pos=(1436,694) t=5079.892s fingers=3
20:55:50 tpc niri[26290]: 2026-09-07T19:55:50.766831Z  INFO niri::input::touch_swipe_tracker: gesture-debug: motion slot=1 pos=(1214,579) t=5079.892s fingers=3
20:55:50 tpc niri[26290]: 2026-09-07T19:55:50.766873Z  INFO niri::input::touch_swipe_tracker: gesture-debug: motion slot=2 pos=(1080,661) t=5079.892s fingers=3
20:55:50 tpc niri[26290]: 2026-09-07T19:55:50.775856Z  INFO niri::input::touch_swipe_tracker: gesture-debug: motion slot=0 pos=(1422,694) t=5079.901s fingers=3
20:55:50 tpc niri[26290]: 2026-09-07T19:55:50.776033Z  INFO niri::input::touch_swipe_tracker: gesture-debug: motion slot=1 pos=(1197,579) t=5079.901s fingers=3
20:55:50 tpc niri[26290]: 2026-09-07T19:55:50.776138Z  INFO niri::input::touch_swipe_tracker: gesture-debug: motion slot=2 pos=(1064,663) t=5079.901s fingers=3
20:55:50 tpc niri[26290]: 2026-09-07T19:55:50.785764Z  INFO niri::input::touch_swipe_tracker: gesture-debug: motion slot=0 pos=(1407,694) t=5079.911s fingers=3
20:55:50 tpc niri[26290]: 2026-09-07T19:55:50.785874Z  INFO niri::input::touch_swipe_tracker: gesture-debug: motion slot=1 pos=(1178,580) t=5079.911s fingers=3
20:55:50 tpc niri[26290]: 2026-09-07T19:55:50.785963Z  INFO niri::input::touch_swipe_tracker: gesture-debug: motion slot=2 pos=(1046,666) t=5079.911s fingers=3
20:55:50 tpc niri[26290]: 2026-09-07T19:55:50.794793Z  INFO niri::input::touch_swipe_tracker: gesture-debug: motion slot=0 pos=(1391,694) t=5079.92s fingers=3
20:55:50 tpc niri[26290]: 2026-09-07T19:55:50.794888Z  INFO niri::input::touch_swipe_tracker: gesture-debug: motion slot=1 pos=(1160,582) t=5079.92s fingers=3
20:55:50 tpc niri[26290]: 2026-09-07T19:55:50.794932Z  INFO niri::input::touch_swipe_tracker: gesture-debug: motion slot=2 pos=(1027,669) t=5079.92s fingers=3
20:55:50 tpc niri[26290]: 2026-09-07T19:55:50.803834Z  INFO niri::input::touch_swipe_tracker: gesture-debug: motion slot=0 pos=(1374,694) t=5079.929s fingers=3
20:55:50 tpc niri[26290]: 2026-09-07T19:55:50.803969Z  INFO niri::input::touch_swipe_tracker: gesture-debug: motion slot=1 pos=(1140,584) t=5079.929s fingers=3
20:55:50 tpc niri[26290]: 2026-09-07T19:55:50.804063Z  INFO niri::input::touch_swipe_tracker: gesture-debug: motion slot=2 pos=(1006,673) t=5079.929s fingers=3
20:55:50 tpc niri[26290]: 2026-09-07T19:55:50.812802Z  INFO niri::input::touch_swipe_tracker: gesture-debug: motion slot=0 pos=(1357,694) t=5079.938s fingers=3
20:55:50 tpc niri[26290]: 2026-09-07T19:55:50.812915Z  INFO niri::input::touch_swipe_tracker: gesture-debug: motion slot=1 pos=(1120,585) t=5079.938s fingers=3
20:55:50 tpc niri[26290]: 2026-09-07T19:55:50.813044Z  INFO niri::input::touch_swipe_tracker: gesture-debug: motion slot=2 pos=(984,677) t=5079.938s fingers=3
20:55:50 tpc niri[26290]: 2026-09-07T19:55:50.821745Z  INFO niri::input::touch_swipe_tracker: gesture-debug: motion slot=0 pos=(1339,694) t=5079.947s fingers=3
20:55:50 tpc niri[26290]: 2026-09-07T19:55:50.821831Z  INFO niri::input::touch_swipe_tracker: gesture-debug: motion slot=1 pos=(1100,588) t=5079.947s fingers=3
20:55:50 tpc niri[26290]: 2026-09-07T19:55:50.821877Z  INFO niri::input::touch_swipe_tracker: gesture-debug: motion slot=2 pos=(962,681) t=5079.947s fingers=3
20:55:50 tpc niri[26290]: 2026-09-07T19:55:50.832809Z  INFO niri::input::touch_swipe_tracker: gesture-debug: motion slot=0 pos=(1321,694) t=5079.956s fingers=3
20:55:50 tpc niri[26290]: 2026-09-07T19:55:50.832885Z  INFO niri::input::touch_swipe_tracker: gesture-debug: motion slot=1 pos=(1079,590) t=5079.956s fingers=3
20:55:50 tpc niri[26290]: 2026-09-07T19:55:50.832935Z  INFO niri::input::touch_swipe_tracker: gesture-debug: motion slot=2 pos=(938,685) t=5079.956s fingers=3
20:55:50 tpc niri[26290]: 2026-09-07T19:55:50.839723Z  INFO niri::input::touch_swipe_tracker: gesture-debug: motion slot=0 pos=(1303,694) t=5079.965s fingers=3
20:55:50 tpc niri[26290]: 2026-09-07T19:55:50.839847Z  INFO niri::input::touch_swipe_tracker: gesture-debug: motion slot=1 pos=(1059,592) t=5079.965s fingers=3
20:55:50 tpc niri[26290]: 2026-09-07T19:55:50.839900Z  INFO niri::input::touch_swipe_tracker: gesture-debug: motion slot=2 pos=(912,689) t=5079.965s fingers=3
20:55:50 tpc niri[26290]: 2026-09-07T19:55:50.848998Z  INFO niri::input::touch_swipe_tracker: gesture-debug: motion slot=0 pos=(1285,694) t=5079.974s fingers=3
20:55:50 tpc niri[26290]: 2026-09-07T19:55:50.849071Z  INFO niri::input::touch_swipe_tracker: gesture-debug: motion slot=1 pos=(1039,594) t=5079.974s fingers=3
20:55:50 tpc niri[26290]: 2026-09-07T19:55:50.849115Z  INFO niri::input::touch_swipe_tracker: gesture-debug: motion slot=2 pos=(887,694) t=5079.974s fingers=3
20:55:50 tpc niri[26290]: 2026-09-07T19:55:50.858796Z  INFO niri::input::touch_swipe_tracker: gesture-debug: motion slot=0 pos=(1267,694) t=5079.984s fingers=3
20:55:50 tpc niri[26290]: 2026-09-07T19:55:50.858892Z  INFO niri::input::touch_swipe_tracker: gesture-debug: motion slot=1 pos=(1019,596) t=5079.984s fingers=3
20:55:50 tpc niri[26290]: 2026-09-07T19:55:50.858967Z  INFO niri::input::touch_swipe_tracker: gesture-debug: motion slot=2 pos=(860,701) t=5079.984s fingers=3
20:55:50 tpc niri[26290]: 2026-09-07T19:55:50.866738Z  INFO niri::input::touch_swipe_tracker: gesture-debug: motion slot=0 pos=(1250,693) t=5079.992s fingers=3
20:55:50 tpc niri[26290]: 2026-09-07T19:55:50.866806Z  INFO niri::input::touch_swipe_tracker: gesture-debug: motion slot=1 pos=(1000,599) t=5079.992s fingers=3
20:55:50 tpc niri[26290]: 2026-09-07T19:55:50.866850Z  INFO niri::input::touch_swipe_tracker: gesture-debug: motion slot=2 pos=(856,702) t=5079.992s fingers=3
20:55:50 tpc niri[26290]: 2026-09-07T19:55:50.876821Z  INFO niri::input::touch_swipe_tracker: gesture-debug: motion slot=0 pos=(1231,692) t=5080.002s fingers=3
20:55:50 tpc niri[26290]: 2026-09-07T19:55:50.876917Z  INFO niri::input::touch_swipe_tracker: gesture-debug: motion slot=1 pos=(980,601) t=5080.002s fingers=3
20:55:50 tpc niri[26290]: 2026-09-07T19:55:50.877028Z  INFO niri::input::touch_swipe_tracker: gesture-debug: motion slot=2 pos=(855,702) t=5080.002s fingers=3
20:55:50 tpc niri[26290]: 2026-09-07T19:55:50.885760Z  INFO niri::input::touch_swipe_tracker: gesture-debug: motion slot=0 pos=(1211,691) t=5080.011s fingers=3
20:55:50 tpc niri[26290]: 2026-09-07T19:55:50.885860Z  INFO niri::input::touch_swipe_tracker: gesture-debug: motion slot=1 pos=(962,604) t=5080.011s fingers=3
20:55:50 tpc niri[26290]: 2026-09-07T19:55:50.894787Z  INFO niri::input::touch_swipe_tracker: gesture-debug: motion slot=0 pos=(1188,690) t=5080.02s fingers=3
20:55:50 tpc niri[26290]: 2026-09-07T19:55:50.894883Z  INFO niri::input::touch_swipe_tracker: gesture-debug: motion slot=1 pos=(944,606) t=5080.02s fingers=3
20:55:50 tpc niri[26290]: 2026-09-07T19:55:50.903730Z  INFO niri::input::touch_swipe_tracker: gesture-debug: motion slot=1 pos=(925,609) t=5080.029s fingers=3
20:55:50 tpc niri[26290]: 2026-09-07T19:55:50.903819Z  INFO niri::input::touch_swipe_tracker: gesture-debug: up slot=2 t=5080.029s fingers=2: tracked finger lifted, ending gesture
20:55:50 tpc niri[26290]: 2026-09-07T19:55:50.903838Z  INFO niri::input: gesture-debug: discrete gesture completed, action=MoveColumnLeft
20:55:52 tpc niri[26290]: 2026-09-07T19:55:52.010794Z  INFO niri::input::touch_swipe_tracker: gesture-debug: down slot=0 pos=(371,593) t=5081.135606s fingers=1 phase=Idle
20:55:52 tpc niri[26290]: 2026-09-07T19:55:52.010988Z  INFO niri::input::touch_swipe_tracker: gesture-debug: down slot=1 pos=(537,647) t=5081.135606s fingers=2 phase=Idle
20:55:52 tpc niri[26290]: 2026-09-07T19:55:52.011067Z  INFO niri::input::touch_swipe_tracker: gesture-debug: down slot=2 pos=(249,720) t=5081.135606s fingers=3 phase=Idle
20:55:52 tpc niri[26290]: 2026-09-07T19:55:52.011096Z  INFO niri::input::touch_swipe_tracker: gesture-debug: recognizing: tracking 3 of 3 slots (min 3)
20:55:52 tpc niri[26290]: 2026-09-07T19:55:52.011117Z  INFO niri::input: gesture-debug: gesture owns the touch stream (client touches cancelled)
20:55:52 tpc niri[26290]: 2026-09-07T19:55:52.183629Z  INFO niri::input::touch_swipe_tracker: gesture-debug: motion slot=0 pos=(378,594) t=5081.309602s fingers=3
20:55:52 tpc niri[26290]: 2026-09-07T19:55:52.183659Z  INFO niri::input::touch_swipe_tracker: gesture-debug: motion slot=1 pos=(547,647) t=5081.309602s fingers=3
20:55:52 tpc niri[26290]: 2026-09-07T19:55:52.192628Z  INFO niri::input::touch_swipe_tracker: gesture-debug: motion slot=0 pos=(380,594) t=5081.318569s fingers=3
20:55:52 tpc niri[26290]: 2026-09-07T19:55:52.192662Z  INFO niri::input::touch_swipe_tracker: gesture-debug: motion slot=1 pos=(549,647) t=5081.318569s fingers=3
20:55:52 tpc niri[26290]: 2026-09-07T19:55:52.201883Z  INFO niri::input::touch_swipe_tracker: gesture-debug: motion slot=0 pos=(382,594) t=5081.327532s fingers=3
20:55:52 tpc niri[26290]: 2026-09-07T19:55:52.201918Z  INFO niri::input::touch_swipe_tracker: gesture-debug: motion slot=1 pos=(552,647) t=5081.327532s fingers=3
20:55:52 tpc niri[26290]: 2026-09-07T19:55:52.210689Z  INFO niri::input::touch_swipe_tracker: gesture-debug: motion slot=0 pos=(385,594) t=5081.336606s fingers=3
20:55:52 tpc niri[26290]: 2026-09-07T19:55:52.210718Z  INFO niri::input::touch_swipe_tracker: gesture-debug: motion slot=1 pos=(553,647) t=5081.336606s fingers=3
20:55:52 tpc niri[26290]: 2026-09-07T19:55:52.219651Z  INFO niri::input::touch_swipe_tracker: gesture-debug: motion slot=0 pos=(387,594) t=5081.345586s fingers=3
20:55:52 tpc niri[26290]: 2026-09-07T19:55:52.219693Z  INFO niri::input::touch_swipe_tracker: gesture-debug: motion slot=1 pos=(555,647) t=5081.345586s fingers=3
20:55:52 tpc niri[26290]: 2026-09-07T19:55:52.228749Z  INFO niri::input::touch_swipe_tracker: gesture-debug: motion slot=0 pos=(390,594) t=5081.354611s fingers=3
20:55:52 tpc niri[26290]: 2026-09-07T19:55:52.228849Z  INFO niri::input::touch_swipe_tracker: gesture-debug: motion slot=1 pos=(557,647) t=5081.354611s fingers=3
20:55:52 tpc niri[26290]: 2026-09-07T19:55:52.237750Z  INFO niri::input::touch_swipe_tracker: gesture-debug: motion slot=0 pos=(391,594) t=5081.363617s fingers=3
20:55:52 tpc niri[26290]: 2026-09-07T19:55:52.237852Z  INFO niri::input::touch_swipe_tracker: gesture-debug: motion slot=1 pos=(558,647) t=5081.363617s fingers=3
20:55:52 tpc niri[26290]: 2026-09-07T19:55:52.248369Z  INFO niri::input::touch_swipe_tracker: gesture-debug: motion slot=0 pos=(393,594) t=5081.373573s fingers=3
20:55:52 tpc niri[26290]: 2026-09-07T19:55:52.248437Z  INFO niri::input::touch_swipe_tracker: gesture-debug: motion slot=1 pos=(559,647) t=5081.373573s fingers=3
20:55:52 tpc niri[26290]: 2026-09-07T19:55:52.256820Z  INFO niri::input::touch_swipe_tracker: gesture-debug: motion slot=0 pos=(394,594) t=5081.382618s fingers=3
20:55:52 tpc niri[26290]: 2026-09-07T19:55:52.256907Z  INFO niri::input::touch_swipe_tracker: gesture-debug: motion slot=1 pos=(560,647) t=5081.382618s fingers=3
20:55:52 tpc niri[26290]: 2026-09-07T19:55:52.265702Z  INFO niri::input::touch_swipe_tracker: gesture-debug: motion slot=0 pos=(396,594) t=5081.391595s fingers=3
20:55:52 tpc niri[26290]: 2026-09-07T19:55:52.265748Z  INFO niri::input::touch_swipe_tracker: gesture-debug: motion slot=1 pos=(561,647) t=5081.391595s fingers=3
20:55:52 tpc niri[26290]: 2026-09-07T19:55:52.265773Z  INFO niri::input::touch_swipe_tracker: gesture-debug: recognized: swipe fingers=3 direction=Horizontal delta=(16.3,0.3) t=5081.391595s
20:55:52 tpc niri[26290]: 2026-09-07T19:55:52.265791Z  INFO niri::input: gesture-debug: swipe dispatch: fingers=3 hold=false direction=Horizontal discrete=None
20:55:52 tpc niri[26290]: 2026-09-07T19:55:52.274893Z  INFO niri::input::touch_swipe_tracker: gesture-debug: motion slot=0 pos=(398,594) t=5081.4s fingers=3
20:55:52 tpc niri[26290]: 2026-09-07T19:55:52.275070Z  INFO niri::input::touch_swipe_tracker: gesture-debug: motion slot=2 pos=(257,720) t=5081.4s fingers=3
20:55:52 tpc niri[26290]: 2026-09-07T19:55:52.284201Z  INFO niri::input::touch_swipe_tracker: gesture-debug: motion slot=0 pos=(399,594) t=5081.409s fingers=3
20:55:52 tpc niri[26290]: 2026-09-07T19:55:52.284295Z  INFO niri::input::touch_swipe_tracker: gesture-debug: motion slot=1 pos=(562,647) t=5081.409s fingers=3
20:55:52 tpc niri[26290]: 2026-09-07T19:55:52.284347Z  INFO niri::input::touch_swipe_tracker: gesture-debug: motion slot=2 pos=(258,720) t=5081.409s fingers=3
20:55:52 tpc niri[26290]: 2026-09-07T19:55:52.292794Z  INFO niri::input::touch_swipe_tracker: gesture-debug: motion slot=0 pos=(401,594) t=5081.418s fingers=3
20:55:52 tpc niri[26290]: 2026-09-07T19:55:52.292912Z  INFO niri::input::touch_swipe_tracker: gesture-debug: motion slot=1 pos=(563,647) t=5081.418s fingers=3
20:55:52 tpc niri[26290]: 2026-09-07T19:55:52.293009Z  INFO niri::input::touch_swipe_tracker: gesture-debug: motion slot=2 pos=(259,720) t=5081.418s fingers=3
20:55:52 tpc niri[26290]: 2026-09-07T19:55:52.302668Z  INFO niri::input::touch_swipe_tracker: gesture-debug: motion slot=0 pos=(402,594) t=5081.427s fingers=3
20:55:52 tpc niri[26290]: 2026-09-07T19:55:52.302853Z  INFO niri::input::touch_swipe_tracker: gesture-debug: motion slot=1 pos=(564,647) t=5081.427s fingers=3
20:55:52 tpc niri[26290]: 2026-09-07T19:55:52.311899Z  INFO niri::input::touch_swipe_tracker: gesture-debug: motion slot=1 pos=(565,647) t=5081.436s fingers=3
20:55:52 tpc niri[26290]: 2026-09-07T19:55:52.312019Z  INFO niri::input::touch_swipe_tracker: gesture-debug: motion slot=2 pos=(260,720) t=5081.436s fingers=3
20:55:52 tpc niri[26290]: 2026-09-07T19:55:52.320763Z  INFO niri::input::touch_swipe_tracker: gesture-debug: motion slot=0 pos=(403,594) t=5081.446s fingers=3
20:55:52 tpc niri[26290]: 2026-09-07T19:55:52.329860Z  INFO niri::input::touch_swipe_tracker: gesture-debug: motion slot=0 pos=(404,594) t=5081.455s fingers=3
20:55:52 tpc niri[26290]: 2026-09-07T19:55:52.329973Z  INFO niri::input::touch_swipe_tracker: gesture-debug: motion slot=1 pos=(566,647) t=5081.455s fingers=3
20:55:52 tpc niri[26290]: 2026-09-07T19:55:52.330024Z  INFO niri::input::touch_swipe_tracker: gesture-debug: motion slot=2 pos=(260,721) t=5081.455s fingers=3
20:55:52 tpc niri[26290]: 2026-09-07T19:55:52.338866Z  INFO niri::input::touch_swipe_tracker: gesture-debug: motion slot=0 pos=(405,594) t=5081.464s fingers=3
20:55:52 tpc niri[26290]: 2026-09-07T19:55:52.348847Z  INFO niri::input::touch_swipe_tracker: gesture-debug: motion slot=0 pos=(406,594) t=5081.473s fingers=3
20:55:52 tpc niri[26290]: 2026-09-07T19:55:52.356782Z  INFO niri::input::touch_swipe_tracker: gesture-debug: motion slot=0 pos=(407,594) t=5081.482s fingers=3
20:55:52 tpc niri[26290]: 2026-09-07T19:55:52.365813Z  INFO niri::input::touch_swipe_tracker: gesture-debug: motion slot=2 pos=(260,722) t=5081.491s fingers=3
20:55:52 tpc niri[26290]: 2026-09-07T19:55:52.374862Z  INFO niri::input::touch_swipe_tracker: gesture-debug: motion slot=0 pos=(408,594) t=5081.5s fingers=3
20:55:52 tpc niri[26290]: 2026-09-07T19:55:52.383692Z  INFO niri::input::touch_swipe_tracker: gesture-debug: motion slot=0 pos=(409,594) t=5081.509s fingers=3
20:55:52 tpc niri[26290]: 2026-09-07T19:55:52.465767Z  INFO niri::input::touch_swipe_tracker: gesture-debug: motion slot=1 pos=(567,647) t=5081.591s fingers=3
20:55:52 tpc niri[26290]: 2026-09-07T19:55:52.502623Z  INFO niri::input::touch_swipe_tracker: gesture-debug: motion slot=0 pos=(410,594) t=5081.628s fingers=3
20:55:52 tpc niri[26290]: 2026-09-07T19:55:52.511644Z  INFO niri::input::touch_swipe_tracker: gesture-debug: motion slot=2 pos=(261,722) t=5081.637s fingers=3
20:55:52 tpc niri[26290]: 2026-09-07T19:55:52.529883Z  INFO niri::input::touch_swipe_tracker: gesture-debug: motion slot=1 pos=(568,647) t=5081.655s fingers=3
20:55:52 tpc niri[26290]: 2026-09-07T19:55:52.538646Z  INFO niri::input::touch_swipe_tracker: gesture-debug: motion slot=2 pos=(262,722) t=5081.664s fingers=3
20:55:52 tpc niri[26290]: 2026-09-07T19:55:52.548659Z  INFO niri::input::touch_swipe_tracker: gesture-debug: motion slot=0 pos=(411,594) t=5081.674s fingers=3
20:55:52 tpc niri[26290]: 2026-09-07T19:55:52.548704Z  INFO niri::input::touch_swipe_tracker: gesture-debug: motion slot=2 pos=(263,722) t=5081.674s fingers=3
20:55:52 tpc niri[26290]: 2026-09-07T19:55:52.557680Z  INFO niri::input::touch_swipe_tracker: gesture-debug: motion slot=1 pos=(569,647) t=5081.683s fingers=3
20:55:52 tpc niri[26290]: 2026-09-07T19:55:52.557727Z  INFO niri::input::touch_swipe_tracker: gesture-debug: motion slot=2 pos=(265,722) t=5081.683s fingers=3
20:55:52 tpc niri[26290]: 2026-09-07T19:55:52.566643Z  INFO niri::input::touch_swipe_tracker: gesture-debug: motion slot=0 pos=(413,594) t=5081.692s fingers=3
20:55:52 tpc niri[26290]: 2026-09-07T19:55:52.566679Z  INFO niri::input::touch_swipe_tracker: gesture-debug: motion slot=1 pos=(570,647) t=5081.692s fingers=3
20:55:52 tpc niri[26290]: 2026-09-07T19:55:52.566696Z  INFO niri::input::touch_swipe_tracker: gesture-debug: motion slot=2 pos=(266,722) t=5081.692s fingers=3
20:55:52 tpc niri[26290]: 2026-09-07T19:55:52.575758Z  INFO niri::input::touch_swipe_tracker: gesture-debug: motion slot=0 pos=(415,594) t=5081.701s fingers=3
20:55:52 tpc niri[26290]: 2026-09-07T19:55:52.575883Z  INFO niri::input::touch_swipe_tracker: gesture-debug: motion slot=2 pos=(268,722) t=5081.701s fingers=3
20:55:52 tpc niri[26290]: 2026-09-07T19:55:52.584672Z  INFO niri::input::touch_swipe_tracker: gesture-debug: motion slot=0 pos=(417,594) t=5081.71s fingers=3
20:55:52 tpc niri[26290]: 2026-09-07T19:55:52.584727Z  INFO niri::input::touch_swipe_tracker: gesture-debug: motion slot=1 pos=(572,647) t=5081.71s fingers=3
20:55:52 tpc niri[26290]: 2026-09-07T19:55:52.584751Z  INFO niri::input::touch_swipe_tracker: gesture-debug: motion slot=2 pos=(270,722) t=5081.71s fingers=3
20:55:52 tpc niri[26290]: 2026-09-07T19:55:52.593656Z  INFO niri::input::touch_swipe_tracker: gesture-debug: motion slot=0 pos=(420,594) t=5081.719s fingers=3
20:55:52 tpc niri[26290]: 2026-09-07T19:55:52.593720Z  INFO niri::input::touch_swipe_tracker: gesture-debug: motion slot=1 pos=(574,647) t=5081.719s fingers=3
20:55:52 tpc niri[26290]: 2026-09-07T19:55:52.593745Z  INFO niri::input::touch_swipe_tracker: gesture-debug: motion slot=2 pos=(272,722) t=5081.719s fingers=3
20:55:52 tpc niri[26290]: 2026-09-07T19:55:52.602642Z  INFO niri::input::touch_swipe_tracker: gesture-debug: motion slot=0 pos=(423,594) t=5081.728s fingers=3
20:55:52 tpc niri[26290]: 2026-09-07T19:55:52.602702Z  INFO niri::input::touch_swipe_tracker: gesture-debug: motion slot=1 pos=(578,647) t=5081.728s fingers=3
20:55:52 tpc niri[26290]: 2026-09-07T19:55:52.602739Z  INFO niri::input::touch_swipe_tracker: gesture-debug: motion slot=2 pos=(275,722) t=5081.728s fingers=3
20:55:52 tpc niri[26290]: 2026-09-07T19:55:52.611669Z  INFO niri::input::touch_swipe_tracker: gesture-debug: motion slot=0 pos=(427,593) t=5081.737s fingers=3
20:55:52 tpc niri[26290]: 2026-09-07T19:55:52.611728Z  INFO niri::input::touch_swipe_tracker: gesture-debug: motion slot=1 pos=(582,647) t=5081.737s fingers=3
20:55:52 tpc niri[26290]: 2026-09-07T19:55:52.611753Z  INFO niri::input::touch_swipe_tracker: gesture-debug: motion slot=2 pos=(279,722) t=5081.737s fingers=3
20:55:52 tpc niri[26290]: 2026-09-07T19:55:52.620667Z  INFO niri::input::touch_swipe_tracker: gesture-debug: motion slot=0 pos=(432,592) t=5081.746s fingers=3
20:55:52 tpc niri[26290]: 2026-09-07T19:55:52.620738Z  INFO niri::input::touch_swipe_tracker: gesture-debug: motion slot=1 pos=(587,647) t=5081.746s fingers=3
20:55:52 tpc niri[26290]: 2026-09-07T19:55:52.620763Z  INFO niri::input::touch_swipe_tracker: gesture-debug: motion slot=2 pos=(283,722) t=5081.746s fingers=3
20:55:52 tpc niri[26290]: 2026-09-07T19:55:52.631193Z  INFO niri::input::touch_swipe_tracker: gesture-debug: motion slot=0 pos=(437,592) t=5081.756s fingers=3
20:55:52 tpc niri[26290]: 2026-09-07T19:55:52.631240Z  INFO niri::input::touch_swipe_tracker: gesture-debug: motion slot=1 pos=(592,647) t=5081.756s fingers=3
20:55:52 tpc niri[26290]: 2026-09-07T19:55:52.631265Z  INFO niri::input::touch_swipe_tracker: gesture-debug: motion slot=2 pos=(288,722) t=5081.756s fingers=3
20:55:52 tpc niri[26290]: 2026-09-07T19:55:52.639731Z  INFO niri::input::touch_swipe_tracker: gesture-debug: motion slot=0 pos=(444,591) t=5081.765s fingers=3
20:55:52 tpc niri[26290]: 2026-09-07T19:55:52.639784Z  INFO niri::input::touch_swipe_tracker: gesture-debug: motion slot=1 pos=(599,647) t=5081.765s fingers=3
20:55:52 tpc niri[26290]: 2026-09-07T19:55:52.639811Z  INFO niri::input::touch_swipe_tracker: gesture-debug: motion slot=2 pos=(294,722) t=5081.765s fingers=3
20:55:52 tpc niri[26290]: 2026-09-07T19:55:52.648716Z  INFO niri::input::touch_swipe_tracker: gesture-debug: motion slot=0 pos=(451,590) t=5081.774s fingers=3
20:55:52 tpc niri[26290]: 2026-09-07T19:55:52.648775Z  INFO niri::input::touch_swipe_tracker: gesture-debug: motion slot=1 pos=(606,646) t=5081.774s fingers=3
20:55:52 tpc niri[26290]: 2026-09-07T19:55:52.648799Z  INFO niri::input::touch_swipe_tracker: gesture-debug: motion slot=2 pos=(300,721) t=5081.774s fingers=3
20:55:52 tpc niri[26290]: 2026-09-07T19:55:52.657891Z  INFO niri::input::touch_swipe_tracker: gesture-debug: motion slot=0 pos=(459,589) t=5081.783s fingers=3
20:55:52 tpc niri[26290]: 2026-09-07T19:55:52.657974Z  INFO niri::input::touch_swipe_tracker: gesture-debug: motion slot=1 pos=(614,646) t=5081.783s fingers=3
20:55:52 tpc niri[26290]: 2026-09-07T19:55:52.658008Z  INFO niri::input::touch_swipe_tracker: gesture-debug: motion slot=2 pos=(308,720) t=5081.783s fingers=3
20:55:52 tpc niri[26290]: 2026-09-07T19:55:52.666832Z  INFO niri::input::touch_swipe_tracker: gesture-debug: motion slot=0 pos=(468,588) t=5081.792s fingers=3
20:55:52 tpc niri[26290]: 2026-09-07T19:55:52.666926Z  INFO niri::input::touch_swipe_tracker: gesture-debug: motion slot=1 pos=(623,645) t=5081.792s fingers=3
20:55:52 tpc niri[26290]: 2026-09-07T19:55:52.667023Z  INFO niri::input::touch_swipe_tracker: gesture-debug: motion slot=2 pos=(317,719) t=5081.792s fingers=3
20:55:52 tpc niri[26290]: 2026-09-07T19:55:52.675780Z  INFO niri::input::touch_swipe_tracker: gesture-debug: motion slot=0 pos=(478,588) t=5081.801s fingers=3
20:55:52 tpc niri[26290]: 2026-09-07T19:55:52.675907Z  INFO niri::input::touch_swipe_tracker: gesture-debug: motion slot=1 pos=(634,645) t=5081.801s fingers=3
20:55:52 tpc niri[26290]: 2026-09-07T19:55:52.676028Z  INFO niri::input::touch_swipe_tracker: gesture-debug: motion slot=2 pos=(326,719) t=5081.801s fingers=3
20:55:52 tpc niri[26290]: 2026-09-07T19:55:52.684762Z  INFO niri::input::touch_swipe_tracker: gesture-debug: motion slot=0 pos=(489,587) t=5081.81s fingers=3
20:55:52 tpc niri[26290]: 2026-09-07T19:55:52.685015Z  INFO niri::input::touch_swipe_tracker: gesture-debug: motion slot=1 pos=(645,644) t=5081.81s fingers=3
20:55:52 tpc niri[26290]: 2026-09-07T19:55:52.685094Z  INFO niri::input::touch_swipe_tracker: gesture-debug: motion slot=2 pos=(336,718) t=5081.81s fingers=3
20:55:52 tpc niri[26290]: 2026-09-07T19:55:52.693795Z  INFO niri::input::touch_swipe_tracker: gesture-debug: motion slot=0 pos=(501,586) t=5081.819s fingers=3
20:55:52 tpc niri[26290]: 2026-09-07T19:55:52.693883Z  INFO niri::input::touch_swipe_tracker: gesture-debug: motion slot=1 pos=(658,644) t=5081.819s fingers=3
20:55:52 tpc niri[26290]: 2026-09-07T19:55:52.693926Z  INFO niri::input::touch_swipe_tracker: gesture-debug: motion slot=2 pos=(347,717) t=5081.819s fingers=3
20:55:52 tpc niri[26290]: 2026-09-07T19:55:52.703761Z  INFO niri::input::touch_swipe_tracker: gesture-debug: motion slot=0 pos=(514,585) t=5081.829s fingers=3
20:55:52 tpc niri[26290]: 2026-09-07T19:55:52.703848Z  INFO niri::input::touch_swipe_tracker: gesture-debug: motion slot=1 pos=(672,643) t=5081.829s fingers=3
20:55:52 tpc niri[26290]: 2026-09-07T19:55:52.703891Z  INFO niri::input::touch_swipe_tracker: gesture-debug: motion slot=2 pos=(358,716) t=5081.829s fingers=3
20:55:52 tpc niri[26290]: 2026-09-07T19:55:52.712816Z  INFO niri::input::touch_swipe_tracker: gesture-debug: motion slot=0 pos=(528,584) t=5081.838s fingers=3
20:55:52 tpc niri[26290]: 2026-09-07T19:55:52.712904Z  INFO niri::input::touch_swipe_tracker: gesture-debug: motion slot=1 pos=(686,643) t=5081.838s fingers=3
20:55:52 tpc niri[26290]: 2026-09-07T19:55:52.712964Z  INFO niri::input::touch_swipe_tracker: gesture-debug: motion slot=2 pos=(370,715) t=5081.838s fingers=3
20:55:52 tpc niri[26290]: 2026-09-07T19:55:52.721754Z  INFO niri::input::touch_swipe_tracker: gesture-debug: motion slot=0 pos=(543,584) t=5081.847s fingers=3
20:55:52 tpc niri[26290]: 2026-09-07T19:55:52.721872Z  INFO niri::input::touch_swipe_tracker: gesture-debug: motion slot=1 pos=(701,643) t=5081.847s fingers=3
20:55:52 tpc niri[26290]: 2026-09-07T19:55:52.721968Z  INFO niri::input::touch_swipe_tracker: gesture-debug: motion slot=2 pos=(384,714) t=5081.847s fingers=3
20:55:52 tpc niri[26290]: 2026-09-07T19:55:52.732456Z  INFO niri::input::touch_swipe_tracker: gesture-debug: motion slot=0 pos=(557,583) t=5081.856s fingers=3
20:55:52 tpc niri[26290]: 2026-09-07T19:55:52.732575Z  INFO niri::input::touch_swipe_tracker: gesture-debug: motion slot=1 pos=(716,643) t=5081.856s fingers=3
20:55:52 tpc niri[26290]: 2026-09-07T19:55:52.732643Z  INFO niri::input::touch_swipe_tracker: gesture-debug: motion slot=2 pos=(398,714) t=5081.856s fingers=3
20:55:52 tpc niri[26290]: 2026-09-07T19:55:52.739819Z  INFO niri::input::touch_swipe_tracker: gesture-debug: motion slot=0 pos=(574,582) t=5081.865s fingers=3
20:55:52 tpc niri[26290]: 2026-09-07T19:55:52.739904Z  INFO niri::input::touch_swipe_tracker: gesture-debug: motion slot=1 pos=(732,643) t=5081.865s fingers=3
20:55:52 tpc niri[26290]: 2026-09-07T19:55:52.739966Z  INFO niri::input::touch_swipe_tracker: gesture-debug: motion slot=2 pos=(413,713) t=5081.865s fingers=3
20:55:52 tpc niri[26290]: 2026-09-07T19:55:52.749185Z  INFO niri::input::touch_swipe_tracker: gesture-debug: motion slot=0 pos=(590,581) t=5081.874s fingers=3
20:55:52 tpc niri[26290]: 2026-09-07T19:55:52.749360Z  INFO niri::input::touch_swipe_tracker: gesture-debug: motion slot=1 pos=(750,643) t=5081.874s fingers=3
20:55:52 tpc niri[26290]: 2026-09-07T19:55:52.749418Z  INFO niri::input::touch_swipe_tracker: gesture-debug: motion slot=2 pos=(428,712) t=5081.874s fingers=3
20:55:52 tpc niri[26290]: 2026-09-07T19:55:52.758859Z  INFO niri::input::touch_swipe_tracker: gesture-debug: motion slot=0 pos=(607,581) t=5081.883s fingers=3
20:55:52 tpc niri[26290]: 2026-09-07T19:55:52.758971Z  INFO niri::input::touch_swipe_tracker: gesture-debug: motion slot=1 pos=(767,643) t=5081.883s fingers=3
20:55:52 tpc niri[26290]: 2026-09-07T19:55:52.759017Z  INFO niri::input::touch_swipe_tracker: gesture-debug: motion slot=2 pos=(445,711) t=5081.883s fingers=3
20:55:52 tpc niri[26290]: 2026-09-07T19:55:52.766830Z  INFO niri::input::touch_swipe_tracker: gesture-debug: motion slot=0 pos=(624,581) t=5081.892s fingers=3
20:55:52 tpc niri[26290]: 2026-09-07T19:55:52.766914Z  INFO niri::input::touch_swipe_tracker: gesture-debug: motion slot=1 pos=(784,643) t=5081.892s fingers=3
20:55:52 tpc niri[26290]: 2026-09-07T19:55:52.766974Z  INFO niri::input::touch_swipe_tracker: gesture-debug: motion slot=2 pos=(461,710) t=5081.892s fingers=3
20:55:52 tpc niri[26290]: 2026-09-07T19:55:52.776829Z  INFO niri::input::touch_swipe_tracker: gesture-debug: motion slot=0 pos=(642,581) t=5081.902s fingers=3
20:55:52 tpc niri[26290]: 2026-09-07T19:55:52.776923Z  INFO niri::input::touch_swipe_tracker: gesture-debug: motion slot=1 pos=(801,643) t=5081.902s fingers=3
20:55:52 tpc niri[26290]: 2026-09-07T19:55:52.776999Z  INFO niri::input::touch_swipe_tracker: gesture-debug: motion slot=2 pos=(478,710) t=5081.902s fingers=3
20:55:52 tpc niri[26290]: 2026-09-07T19:55:52.785808Z  INFO niri::input::touch_swipe_tracker: gesture-debug: motion slot=0 pos=(660,581) t=5081.911s fingers=3
20:55:52 tpc niri[26290]: 2026-09-07T19:55:52.785900Z  INFO niri::input::touch_swipe_tracker: gesture-debug: motion slot=1 pos=(818,643) t=5081.911s fingers=3
20:55:52 tpc niri[26290]: 2026-09-07T19:55:52.786003Z  INFO niri::input::touch_swipe_tracker: gesture-debug: motion slot=2 pos=(495,710) t=5081.911s fingers=3
20:55:52 tpc niri[26290]: 2026-09-07T19:55:52.794830Z  INFO niri::input::touch_swipe_tracker: gesture-debug: motion slot=0 pos=(677,581) t=5081.92s fingers=3
20:55:52 tpc niri[26290]: 2026-09-07T19:55:52.794929Z  INFO niri::input::touch_swipe_tracker: gesture-debug: motion slot=1 pos=(836,643) t=5081.92s fingers=3
20:55:52 tpc niri[26290]: 2026-09-07T19:55:52.795004Z  INFO niri::input::touch_swipe_tracker: gesture-debug: motion slot=2 pos=(512,710) t=5081.92s fingers=3
20:55:52 tpc niri[26290]: 2026-09-07T19:55:52.803789Z  INFO niri::input::touch_swipe_tracker: gesture-debug: motion slot=0 pos=(695,581) t=5081.929s fingers=3
20:55:52 tpc niri[26290]: 2026-09-07T19:55:52.803876Z  INFO niri::input::touch_swipe_tracker: gesture-debug: motion slot=1 pos=(855,644) t=5081.929s fingers=3
20:55:52 tpc niri[26290]: 2026-09-07T19:55:52.803923Z  INFO niri::input::touch_swipe_tracker: gesture-debug: motion slot=2 pos=(529,710) t=5081.929s fingers=3
20:55:52 tpc niri[26290]: 2026-09-07T19:55:52.813249Z  INFO niri::input::touch_swipe_tracker: gesture-debug: motion slot=0 pos=(713,581) t=5081.938s fingers=3
20:55:52 tpc niri[26290]: 2026-09-07T19:55:52.813343Z  INFO niri::input::touch_swipe_tracker: gesture-debug: motion slot=1 pos=(874,645) t=5081.938s fingers=3
20:55:52 tpc niri[26290]: 2026-09-07T19:55:52.813390Z  INFO niri::input::touch_swipe_tracker: gesture-debug: motion slot=2 pos=(547,710) t=5081.938s fingers=3
20:55:52 tpc niri[26290]: 2026-09-07T19:55:52.821773Z  INFO niri::input::touch_swipe_tracker: gesture-debug: motion slot=0 pos=(731,581) t=5081.947s fingers=3
20:55:52 tpc niri[26290]: 2026-09-07T19:55:52.821861Z  INFO niri::input::touch_swipe_tracker: gesture-debug: motion slot=1 pos=(891,645) t=5081.947s fingers=3
20:55:52 tpc niri[26290]: 2026-09-07T19:55:52.821906Z  INFO niri::input::touch_swipe_tracker: gesture-debug: motion slot=2 pos=(565,709) t=5081.947s fingers=3
20:55:52 tpc niri[26290]: 2026-09-07T19:55:52.832819Z  INFO niri::input::touch_swipe_tracker: gesture-debug: motion slot=0 pos=(749,581) t=5081.956s fingers=3
20:55:52 tpc niri[26290]: 2026-09-07T19:55:52.832884Z  INFO niri::input::touch_swipe_tracker: gesture-debug: motion slot=1 pos=(909,646) t=5081.956s fingers=3
20:55:52 tpc niri[26290]: 2026-09-07T19:55:52.832924Z  INFO niri::input::touch_swipe_tracker: gesture-debug: motion slot=2 pos=(582,708) t=5081.956s fingers=3
20:55:52 tpc niri[26290]: 2026-09-07T19:55:52.839656Z  INFO niri::input::touch_swipe_tracker: gesture-debug: motion slot=0 pos=(767,581) t=5081.965s fingers=3
20:55:52 tpc niri[26290]: 2026-09-07T19:55:52.839706Z  INFO niri::input::touch_swipe_tracker: gesture-debug: motion slot=1 pos=(926,647) t=5081.965s fingers=3
20:55:52 tpc niri[26290]: 2026-09-07T19:55:52.839727Z  INFO niri::input::touch_swipe_tracker: gesture-debug: motion slot=2 pos=(599,708) t=5081.965s fingers=3
20:55:52 tpc niri[26290]: 2026-09-07T19:55:52.848816Z  INFO niri::input::touch_swipe_tracker: gesture-debug: motion slot=0 pos=(784,581) t=5081.974s fingers=3
20:55:52 tpc niri[26290]: 2026-09-07T19:55:52.848896Z  INFO niri::input::touch_swipe_tracker: gesture-debug: motion slot=1 pos=(943,648) t=5081.974s fingers=3
20:55:52 tpc niri[26290]: 2026-09-07T19:55:52.848958Z  INFO niri::input::touch_swipe_tracker: gesture-debug: motion slot=2 pos=(615,708) t=5081.974s fingers=3
20:55:52 tpc niri[26290]: 2026-09-07T19:55:52.858625Z  INFO niri::input::touch_swipe_tracker: gesture-debug: motion slot=0 pos=(800,581) t=5081.984s fingers=3
20:55:52 tpc niri[26290]: 2026-09-07T19:55:52.858676Z  INFO niri::input::touch_swipe_tracker: gesture-debug: motion slot=1 pos=(960,649) t=5081.984s fingers=3
20:55:52 tpc niri[26290]: 2026-09-07T19:55:52.858697Z  INFO niri::input::touch_swipe_tracker: gesture-debug: motion slot=2 pos=(630,708) t=5081.984s fingers=3
20:55:52 tpc niri[26290]: 2026-09-07T19:55:52.867643Z  INFO niri::input::touch_swipe_tracker: gesture-debug: motion slot=0 pos=(815,581) t=5081.993s fingers=3
20:55:52 tpc niri[26290]: 2026-09-07T19:55:52.867687Z  INFO niri::input::touch_swipe_tracker: gesture-debug: motion slot=1 pos=(974,649) t=5081.993s fingers=3
20:55:52 tpc niri[26290]: 2026-09-07T19:55:52.867708Z  INFO niri::input::touch_swipe_tracker: gesture-debug: motion slot=2 pos=(645,708) t=5081.993s fingers=3
20:55:52 tpc niri[26290]: 2026-09-07T19:55:52.876710Z  INFO niri::input::touch_swipe_tracker: gesture-debug: motion slot=0 pos=(830,581) t=5082.002s fingers=3
20:55:52 tpc niri[26290]: 2026-09-07T19:55:52.876759Z  INFO niri::input::touch_swipe_tracker: gesture-debug: motion slot=1 pos=(988,650) t=5082.002s fingers=3
20:55:52 tpc niri[26290]: 2026-09-07T19:55:52.877025Z  INFO niri::input::touch_swipe_tracker: gesture-debug: motion slot=2 pos=(659,708) t=5082.002s fingers=3
20:55:52 tpc niri[26290]: 2026-09-07T19:55:52.886028Z  INFO niri::input::touch_swipe_tracker: gesture-debug: motion slot=0 pos=(844,581) t=5082.011s fingers=3
20:55:52 tpc niri[26290]: 2026-09-07T19:55:52.886089Z  INFO niri::input::touch_swipe_tracker: gesture-debug: motion slot=1 pos=(1000,651) t=5082.011s fingers=3
20:55:52 tpc niri[26290]: 2026-09-07T19:55:52.886123Z  INFO niri::input::touch_swipe_tracker: gesture-debug: motion slot=2 pos=(672,708) t=5082.011s fingers=3
20:55:52 tpc niri[26290]: 2026-09-07T19:55:52.894700Z  INFO niri::input::touch_swipe_tracker: gesture-debug: motion slot=0 pos=(856,581) t=5082.02s fingers=3
20:55:52 tpc niri[26290]: 2026-09-07T19:55:52.894767Z  INFO niri::input::touch_swipe_tracker: gesture-debug: motion slot=1 pos=(1010,652) t=5082.02s fingers=3
20:55:52 tpc niri[26290]: 2026-09-07T19:55:52.894812Z  INFO niri::input::touch_swipe_tracker: gesture-debug: motion slot=2 pos=(684,708) t=5082.02s fingers=3
20:55:52 tpc niri[26290]: 2026-09-07T19:55:52.903800Z  INFO niri::input::touch_swipe_tracker: gesture-debug: motion slot=0 pos=(866,581) t=5082.029s fingers=3
20:55:52 tpc niri[26290]: 2026-09-07T19:55:52.903883Z  INFO niri::input::touch_swipe_tracker: gesture-debug: motion slot=1 pos=(1020,653) t=5082.029s fingers=3
20:55:52 tpc niri[26290]: 2026-09-07T19:55:52.903926Z  INFO niri::input::touch_swipe_tracker: gesture-debug: motion slot=2 pos=(694,708) t=5082.029s fingers=3
20:55:52 tpc niri[26290]: 2026-09-07T19:55:52.913380Z  INFO niri::input::touch_swipe_tracker: gesture-debug: motion slot=0 pos=(876,581) t=5082.038s fingers=3
20:55:52 tpc niri[26290]: 2026-09-07T19:55:52.913468Z  INFO niri::input::touch_swipe_tracker: gesture-debug: motion slot=1 pos=(1029,653) t=5082.038s fingers=3
20:55:52 tpc niri[26290]: 2026-09-07T19:55:52.913511Z  INFO niri::input::touch_swipe_tracker: gesture-debug: motion slot=2 pos=(704,708) t=5082.038s fingers=3
20:55:52 tpc niri[26290]: 2026-09-07T19:55:52.921855Z  INFO niri::input::touch_swipe_tracker: gesture-debug: motion slot=0 pos=(884,581) t=5082.047s fingers=3
20:55:52 tpc niri[26290]: 2026-09-07T19:55:52.921935Z  INFO niri::input::touch_swipe_tracker: gesture-debug: motion slot=1 pos=(1037,653) t=5082.047s fingers=3
20:55:52 tpc niri[26290]: 2026-09-07T19:55:52.921998Z  INFO niri::input::touch_swipe_tracker: gesture-debug: motion slot=2 pos=(713,708) t=5082.047s fingers=3
20:55:52 tpc niri[26290]: 2026-09-07T19:55:52.932820Z  INFO niri::input::touch_swipe_tracker: gesture-debug: motion slot=0 pos=(892,581) t=5082.057s fingers=3
20:55:52 tpc niri[26290]: 2026-09-07T19:55:52.932927Z  INFO niri::input::touch_swipe_tracker: gesture-debug: motion slot=1 pos=(1044,653) t=5082.057s fingers=3
20:55:52 tpc niri[26290]: 2026-09-07T19:55:52.932993Z  INFO niri::input::touch_swipe_tracker: gesture-debug: motion slot=2 pos=(721,708) t=5082.057s fingers=3
20:55:52 tpc niri[26290]: 2026-09-07T19:55:52.940809Z  INFO niri::input::touch_swipe_tracker: gesture-debug: motion slot=0 pos=(899,582) t=5082.066s fingers=3
20:55:52 tpc niri[26290]: 2026-09-07T19:55:52.940896Z  INFO niri::input::touch_swipe_tracker: gesture-debug: motion slot=1 pos=(1050,654) t=5082.066s fingers=3
20:55:52 tpc niri[26290]: 2026-09-07T19:55:52.940940Z  INFO niri::input::touch_swipe_tracker: gesture-debug: motion slot=2 pos=(728,708) t=5082.066s fingers=3
20:55:52 tpc niri[26290]: 2026-09-07T19:55:52.949772Z  INFO niri::input::touch_swipe_tracker: gesture-debug: motion slot=0 pos=(904,583) t=5082.075s fingers=3
20:55:52 tpc niri[26290]: 2026-09-07T19:55:52.949846Z  INFO niri::input::touch_swipe_tracker: gesture-debug: motion slot=1 pos=(1056,654) t=5082.075s fingers=3
20:55:52 tpc niri[26290]: 2026-09-07T19:55:52.949886Z  INFO niri::input::touch_swipe_tracker: gesture-debug: motion slot=2 pos=(733,708) t=5082.075s fingers=3
20:55:52 tpc niri[26290]: 2026-09-07T19:55:52.960250Z  INFO niri::input::touch_swipe_tracker: gesture-debug: motion slot=0 pos=(909,583) t=5082.084s fingers=3
20:55:52 tpc niri[26290]: 2026-09-07T19:55:52.960336Z  INFO niri::input::touch_swipe_tracker: gesture-debug: motion slot=1 pos=(1060,655) t=5082.084s fingers=3
20:55:52 tpc niri[26290]: 2026-09-07T19:55:52.960377Z  INFO niri::input::touch_swipe_tracker: gesture-debug: motion slot=2 pos=(738,708) t=5082.084s fingers=3
20:55:52 tpc niri[26290]: 2026-09-07T19:55:52.967834Z  INFO niri::input::touch_swipe_tracker: gesture-debug: motion slot=0 pos=(913,584) t=5082.093s fingers=3
20:55:52 tpc niri[26290]: 2026-09-07T19:55:52.967927Z  INFO niri::input::touch_swipe_tracker: gesture-debug: motion slot=1 pos=(1064,655) t=5082.093s fingers=3
20:55:52 tpc niri[26290]: 2026-09-07T19:55:52.967991Z  INFO niri::input::touch_swipe_tracker: gesture-debug: motion slot=2 pos=(742,708) t=5082.093s fingers=3
20:55:52 tpc niri[26290]: 2026-09-07T19:55:52.976903Z  INFO niri::input::touch_swipe_tracker: gesture-debug: motion slot=0 pos=(917,584) t=5082.102s fingers=3
20:55:52 tpc niri[26290]: 2026-09-07T19:55:52.977084Z  INFO niri::input::touch_swipe_tracker: gesture-debug: motion slot=1 pos=(1067,656) t=5082.102s fingers=3
20:55:52 tpc niri[26290]: 2026-09-07T19:55:52.977171Z  INFO niri::input::touch_swipe_tracker: gesture-debug: motion slot=2 pos=(746,708) t=5082.102s fingers=3
20:55:52 tpc niri[26290]: 2026-09-07T19:55:52.985823Z  INFO niri::input::touch_swipe_tracker: gesture-debug: motion slot=0 pos=(921,584) t=5082.111s fingers=3
20:55:52 tpc niri[26290]: 2026-09-07T19:55:52.985938Z  INFO niri::input::touch_swipe_tracker: gesture-debug: motion slot=1 pos=(1070,657) t=5082.111s fingers=3
20:55:52 tpc niri[26290]: 2026-09-07T19:55:52.986004Z  INFO niri::input::touch_swipe_tracker: gesture-debug: motion slot=2 pos=(750,708) t=5082.111s fingers=3
20:55:52 tpc niri[26290]: 2026-09-07T19:55:52.994793Z  INFO niri::input::touch_swipe_tracker: gesture-debug: motion slot=0 pos=(923,584) t=5082.12s fingers=3
20:55:52 tpc niri[26290]: 2026-09-07T19:55:52.994880Z  INFO niri::input::touch_swipe_tracker: gesture-debug: motion slot=1 pos=(1072,657) t=5082.12s fingers=3
20:55:52 tpc niri[26290]: 2026-09-07T19:55:52.994927Z  INFO niri::input::touch_swipe_tracker: gesture-debug: motion slot=2 pos=(752,708) t=5082.12s fingers=3
20:55:53 tpc niri[26290]: 2026-09-07T19:55:53.005312Z  INFO niri::input::touch_swipe_tracker: gesture-debug: motion slot=0 pos=(925,584) t=5082.13s fingers=3
20:55:53 tpc niri[26290]: 2026-09-07T19:55:53.005425Z  INFO niri::input::touch_swipe_tracker: gesture-debug: motion slot=1 pos=(1074,657) t=5082.13s fingers=3
20:55:53 tpc niri[26290]: 2026-09-07T19:55:53.005493Z  INFO niri::input::touch_swipe_tracker: gesture-debug: motion slot=2 pos=(754,708) t=5082.13s fingers=3
20:55:53 tpc niri[26290]: 2026-09-07T19:55:53.015436Z  INFO niri::input::touch_swipe_tracker: gesture-debug: motion slot=0 pos=(927,584) t=5082.139s fingers=3
20:55:53 tpc niri[26290]: 2026-09-07T19:55:53.015557Z  INFO niri::input::touch_swipe_tracker: gesture-debug: motion slot=1 pos=(1075,657) t=5082.139s fingers=3
20:55:53 tpc niri[26290]: 2026-09-07T19:55:53.015647Z  INFO niri::input::touch_swipe_tracker: gesture-debug: motion slot=2 pos=(755,708) t=5082.139s fingers=3
20:55:53 tpc niri[26290]: 2026-09-07T19:55:53.023216Z  INFO niri::input::touch_swipe_tracker: gesture-debug: motion slot=0 pos=(929,584) t=5082.148s fingers=3
20:55:53 tpc niri[26290]: 2026-09-07T19:55:53.023318Z  INFO niri::input::touch_swipe_tracker: gesture-debug: motion slot=1 pos=(1076,657) t=5082.148s fingers=3
20:55:53 tpc niri[26290]: 2026-09-07T19:55:53.023384Z  INFO niri::input::touch_swipe_tracker: gesture-debug: motion slot=2 pos=(757,708) t=5082.148s fingers=3
20:55:53 tpc niri[26290]: 2026-09-07T19:55:53.031836Z  INFO niri::input::touch_swipe_tracker: gesture-debug: motion slot=0 pos=(930,584) t=5082.157s fingers=3
20:55:53 tpc niri[26290]: 2026-09-07T19:55:53.031895Z  INFO niri::input::touch_swipe_tracker: gesture-debug: motion slot=1 pos=(1077,657) t=5082.157s fingers=3
20:55:53 tpc niri[26290]: 2026-09-07T19:55:53.031923Z  INFO niri::input::touch_swipe_tracker: gesture-debug: motion slot=2 pos=(758,708) t=5082.157s fingers=3
20:55:53 tpc niri[26290]: 2026-09-07T19:55:53.040845Z  INFO niri::input::touch_swipe_tracker: gesture-debug: motion slot=0 pos=(931,584) t=5082.166s fingers=3
20:55:53 tpc niri[26290]: 2026-09-07T19:55:53.040932Z  INFO niri::input::touch_swipe_tracker: gesture-debug: motion slot=1 pos=(1078,657) t=5082.166s fingers=3
20:55:53 tpc niri[26290]: 2026-09-07T19:55:53.049696Z  INFO niri::input::touch_swipe_tracker: gesture-debug: motion slot=0 pos=(932,584) t=5082.175s fingers=3
20:55:53 tpc niri[26290]: 2026-09-07T19:55:53.049753Z  INFO niri::input::touch_swipe_tracker: gesture-debug: motion slot=1 pos=(1079,657) t=5082.175s fingers=3
20:55:53 tpc niri[26290]: 2026-09-07T19:55:53.049788Z  INFO niri::input::touch_swipe_tracker: gesture-debug: motion slot=2 pos=(759,708) t=5082.175s fingers=3
20:55:53 tpc niri[26290]: 2026-09-07T19:55:53.058726Z  INFO niri::input::touch_swipe_tracker: gesture-debug: motion slot=0 pos=(933,584) t=5082.184s fingers=3
20:55:53 tpc niri[26290]: 2026-09-07T19:55:53.058830Z  INFO niri::input::touch_swipe_tracker: gesture-debug: motion slot=2 pos=(760,708) t=5082.184s fingers=3
20:55:53 tpc niri[26290]: 2026-09-07T19:55:53.067728Z  INFO niri::input::touch_swipe_tracker: gesture-debug: motion slot=0 pos=(934,584) t=5082.193s fingers=3
20:55:53 tpc niri[26290]: 2026-09-07T19:55:53.067803Z  INFO niri::input::touch_swipe_tracker: gesture-debug: motion slot=1 pos=(1080,657) t=5082.193s fingers=3
20:55:53 tpc niri[26290]: 2026-09-07T19:55:53.067832Z  INFO niri::input::touch_swipe_tracker: gesture-debug: motion slot=2 pos=(761,708) t=5082.193s fingers=3
20:55:53 tpc niri[26290]: 2026-09-07T19:55:53.076723Z  INFO niri::input::touch_swipe_tracker: gesture-debug: motion slot=1 pos=(1081,657) t=5082.202s fingers=3
20:55:53 tpc niri[26290]: 2026-09-07T19:55:53.087769Z  INFO niri::input::touch_swipe_tracker: gesture-debug: motion slot=0 pos=(935,584) t=5082.212s fingers=3
20:55:53 tpc niri[26290]: 2026-09-07T19:55:53.095721Z  INFO niri::input::touch_swipe_tracker: gesture-debug: motion slot=0 pos=(936,584) t=5082.221s fingers=3
20:55:53 tpc niri[26290]: 2026-09-07T19:55:53.113778Z  INFO niri::input::touch_swipe_tracker: gesture-debug: motion slot=1 pos=(1082,657) t=5082.239s fingers=3
20:55:53 tpc niri[26290]: 2026-09-07T19:55:53.113857Z  INFO niri::input::touch_swipe_tracker: gesture-debug: motion slot=2 pos=(762,708) t=5082.239s fingers=3
20:55:53 tpc niri[26290]: 2026-09-07T19:55:53.132117Z  INFO niri::input::touch_swipe_tracker: gesture-debug: motion slot=0 pos=(937,584) t=5082.257s fingers=3
20:55:53 tpc niri[26290]: 2026-09-07T19:55:53.140805Z  INFO niri::input::touch_swipe_tracker: gesture-debug: motion slot=1 pos=(1083,657) t=5082.266s fingers=3
20:55:53 tpc niri[26290]: 2026-09-07T19:55:53.140926Z  INFO niri::input::touch_swipe_tracker: gesture-debug: motion slot=2 pos=(763,708) t=5082.266s fingers=3
20:55:53 tpc niri[26290]: 2026-09-07T19:55:53.149751Z  INFO niri::input::touch_swipe_tracker: gesture-debug: motion slot=0 pos=(938,584) t=5082.275s fingers=3
20:55:53 tpc niri[26290]: 2026-09-07T19:55:53.149847Z  INFO niri::input::touch_swipe_tracker: gesture-debug: motion slot=2 pos=(764,708) t=5082.275s fingers=3
20:55:53 tpc niri[26290]: 2026-09-07T19:55:53.159929Z  INFO niri::input::touch_swipe_tracker: gesture-debug: motion slot=2 pos=(766,708) t=5082.285s fingers=3
20:55:53 tpc niri[26290]: 2026-09-07T19:55:53.168839Z  INFO niri::input::touch_swipe_tracker: gesture-debug: motion slot=0 pos=(939,584) t=5082.294s fingers=3
20:55:53 tpc niri[26290]: 2026-09-07T19:55:53.168929Z  INFO niri::input::touch_swipe_tracker: gesture-debug: motion slot=1 pos=(1084,657) t=5082.294s fingers=3
20:55:53 tpc niri[26290]: 2026-09-07T19:55:53.168989Z  INFO niri::input::touch_swipe_tracker: gesture-debug: motion slot=2 pos=(768,708) t=5082.294s fingers=3
20:55:53 tpc niri[26290]: 2026-09-07T19:55:53.177761Z  INFO niri::input::touch_swipe_tracker: gesture-debug: motion slot=0 pos=(941,584) t=5082.303s fingers=3
20:55:53 tpc niri[26290]: 2026-09-07T19:55:53.177881Z  INFO niri::input::touch_swipe_tracker: gesture-debug: motion slot=1 pos=(1087,657) t=5082.303s fingers=3
20:55:53 tpc niri[26290]: 2026-09-07T19:55:53.177928Z  INFO niri::input::touch_swipe_tracker: gesture-debug: motion slot=2 pos=(771,707) t=5082.303s fingers=3
20:55:53 tpc niri[26290]: 2026-09-07T19:55:53.186790Z  INFO niri::input::touch_swipe_tracker: gesture-debug: motion slot=0 pos=(944,584) t=5082.312s fingers=3
20:55:53 tpc niri[26290]: 2026-09-07T19:55:53.186903Z  INFO niri::input::touch_swipe_tracker: gesture-debug: motion slot=1 pos=(1091,657) t=5082.312s fingers=3
20:55:53 tpc niri[26290]: 2026-09-07T19:55:53.186998Z  INFO niri::input::touch_swipe_tracker: gesture-debug: motion slot=2 pos=(775,706) t=5082.312s fingers=3
20:55:53 tpc niri[26290]: 2026-09-07T19:55:53.195835Z  INFO niri::input::touch_swipe_tracker: gesture-debug: motion slot=0 pos=(949,584) t=5082.321s fingers=3
20:55:53 tpc niri[26290]: 2026-09-07T19:55:53.195971Z  INFO niri::input::touch_swipe_tracker: gesture-debug: motion slot=1 pos=(1097,657) t=5082.321s fingers=3
20:55:53 tpc niri[26290]: 2026-09-07T19:55:53.196052Z  INFO niri::input::touch_swipe_tracker: gesture-debug: motion slot=2 pos=(781,706) t=5082.321s fingers=3
20:55:53 tpc niri[26290]: 2026-09-07T19:55:53.204808Z  INFO niri::input::touch_swipe_tracker: gesture-debug: motion slot=0 pos=(955,584) t=5082.33s fingers=3
20:55:53 tpc niri[26290]: 2026-09-07T19:55:53.204896Z  INFO niri::input::touch_swipe_tracker: gesture-debug: motion slot=1 pos=(1104,657) t=5082.33s fingers=3
20:55:53 tpc niri[26290]: 2026-09-07T19:55:53.204942Z  INFO niri::input::touch_swipe_tracker: gesture-debug: motion slot=2 pos=(788,705) t=5082.33s fingers=3
20:55:53 tpc niri[26290]: 2026-09-07T19:55:53.215750Z  INFO niri::input::touch_swipe_tracker: gesture-debug: motion slot=0 pos=(962,584) t=5082.339s fingers=3
20:55:53 tpc niri[26290]: 2026-09-07T19:55:53.215909Z  INFO niri::input::touch_swipe_tracker: gesture-debug: motion slot=1 pos=(1113,657) t=5082.339s fingers=3
20:55:53 tpc niri[26290]: 2026-09-07T19:55:53.216152Z  INFO niri::input::touch_swipe_tracker: gesture-debug: motion slot=2 pos=(796,704) t=5082.339s fingers=3
20:55:53 tpc niri[26290]: 2026-09-07T19:55:53.222942Z  INFO niri::input::touch_swipe_tracker: gesture-debug: motion slot=0 pos=(971,583) t=5082.348s fingers=3
20:55:53 tpc niri[26290]: 2026-09-07T19:55:53.223057Z  INFO niri::input::touch_swipe_tracker: gesture-debug: motion slot=1 pos=(1121,657) t=5082.348s fingers=3
20:55:53 tpc niri[26290]: 2026-09-07T19:55:53.223155Z  INFO niri::input::touch_swipe_tracker: gesture-debug: motion slot=2 pos=(805,702) t=5082.348s fingers=3
20:55:53 tpc niri[26290]: 2026-09-07T19:55:53.232722Z  INFO niri::input::touch_swipe_tracker: gesture-debug: motion slot=0 pos=(981,582) t=5082.358s fingers=3
20:55:53 tpc niri[26290]: 2026-09-07T19:55:53.232818Z  INFO niri::input::touch_swipe_tracker: gesture-debug: motion slot=1 pos=(1132,657) t=5082.358s fingers=3
20:55:53 tpc niri[26290]: 2026-09-07T19:55:53.232885Z  INFO niri::input::touch_swipe_tracker: gesture-debug: motion slot=2 pos=(815,701) t=5082.358s fingers=3
20:55:53 tpc niri[26290]: 2026-09-07T19:55:53.241824Z  INFO niri::input::touch_swipe_tracker: gesture-debug: motion slot=0 pos=(993,581) t=5082.367s fingers=3
20:55:53 tpc niri[26290]: 2026-09-07T19:55:53.241916Z  INFO niri::input::touch_swipe_tracker: gesture-debug: motion slot=1 pos=(1144,657) t=5082.367s fingers=3
20:55:53 tpc niri[26290]: 2026-09-07T19:55:53.241996Z  INFO niri::input::touch_swipe_tracker: gesture-debug: motion slot=2 pos=(827,699) t=5082.367s fingers=3
20:55:53 tpc niri[26290]: 2026-09-07T19:55:53.250788Z  INFO niri::input::touch_swipe_tracker: gesture-debug: motion slot=0 pos=(1006,580) t=5082.376s fingers=3
20:55:53 tpc niri[26290]: 2026-09-07T19:55:53.250879Z  INFO niri::input::touch_swipe_tracker: gesture-debug: motion slot=1 pos=(1158,657) t=5082.376s fingers=3
20:55:53 tpc niri[26290]: 2026-09-07T19:55:53.250923Z  INFO niri::input::touch_swipe_tracker: gesture-debug: motion slot=2 pos=(839,698) t=5082.376s fingers=3
20:55:53 tpc niri[26290]: 2026-09-07T19:55:53.259870Z  INFO niri::input::touch_swipe_tracker: gesture-debug: motion slot=0 pos=(1020,579) t=5082.385s fingers=3
20:55:53 tpc niri[26290]: 2026-09-07T19:55:53.260007Z  INFO niri::input::touch_swipe_tracker: gesture-debug: motion slot=1 pos=(1173,657) t=5082.385s fingers=3
20:55:53 tpc niri[26290]: 2026-09-07T19:55:53.260058Z  INFO niri::input::touch_swipe_tracker: gesture-debug: motion slot=2 pos=(852,695) t=5082.385s fingers=3
20:55:53 tpc niri[26290]: 2026-09-07T19:55:53.269055Z  INFO niri::input::touch_swipe_tracker: gesture-debug: motion slot=0 pos=(1036,579) t=5082.394s fingers=3
20:55:53 tpc niri[26290]: 2026-09-07T19:55:53.269151Z  INFO niri::input::touch_swipe_tracker: gesture-debug: motion slot=1 pos=(1190,658) t=5082.394s fingers=3
20:55:53 tpc niri[26290]: 2026-09-07T19:55:53.269195Z  INFO niri::input::touch_swipe_tracker: gesture-debug: motion slot=2 pos=(867,693) t=5082.394s fingers=3
20:55:53 tpc niri[26290]: 2026-09-07T19:55:53.277826Z  INFO niri::input::touch_swipe_tracker: gesture-debug: motion slot=0 pos=(1052,577) t=5082.403s fingers=3
20:55:53 tpc niri[26290]: 2026-09-07T19:55:53.278017Z  INFO niri::input::touch_swipe_tracker: gesture-debug: motion slot=1 pos=(1207,658) t=5082.403s fingers=3
20:55:53 tpc niri[26290]: 2026-09-07T19:55:53.278097Z  INFO niri::input::touch_swipe_tracker: gesture-debug: motion slot=2 pos=(882,690) t=5082.403s fingers=3
20:55:53 tpc niri[26290]: 2026-09-07T19:55:53.286823Z  INFO niri::input::touch_swipe_tracker: gesture-debug: motion slot=0 pos=(1068,575) t=5082.412s fingers=3
20:55:53 tpc niri[26290]: 2026-09-07T19:55:53.286966Z  INFO niri::input::touch_swipe_tracker: gesture-debug: motion slot=1 pos=(1224,658) t=5082.412s fingers=3
20:55:53 tpc niri[26290]: 2026-09-07T19:55:53.287046Z  INFO niri::input::touch_swipe_tracker: gesture-debug: motion slot=2 pos=(899,686) t=5082.412s fingers=3
20:55:53 tpc niri[26290]: 2026-09-07T19:55:53.295810Z  INFO niri::input::touch_swipe_tracker: gesture-debug: motion slot=0 pos=(1085,574) t=5082.421s fingers=3
20:55:53 tpc niri[26290]: 2026-09-07T19:55:53.295922Z  INFO niri::input::touch_swipe_tracker: gesture-debug: motion slot=1 pos=(1241,658) t=5082.421s fingers=3
20:55:53 tpc niri[26290]: 2026-09-07T19:55:53.296059Z  INFO niri::input::touch_swipe_tracker: gesture-debug: motion slot=2 pos=(915,683) t=5082.421s fingers=3
20:55:53 tpc niri[26290]: 2026-09-07T19:55:53.304822Z  INFO niri::input::touch_swipe_tracker: gesture-debug: motion slot=0 pos=(1103,572) t=5082.43s fingers=3
20:55:53 tpc niri[26290]: 2026-09-07T19:55:53.304933Z  INFO niri::input::touch_swipe_tracker: gesture-debug: motion slot=1 pos=(1259,658) t=5082.43s fingers=3
20:55:53 tpc niri[26290]: 2026-09-07T19:55:53.305016Z  INFO niri::input::touch_swipe_tracker: gesture-debug: motion slot=2 pos=(932,680) t=5082.43s fingers=3
20:55:53 tpc niri[26290]: 2026-09-07T19:55:53.316633Z  INFO niri::input::touch_swipe_tracker: gesture-debug: motion slot=0 pos=(1121,571) t=5082.44s fingers=3
20:55:53 tpc niri[26290]: 2026-09-07T19:55:53.316710Z  INFO niri::input::touch_swipe_tracker: gesture-debug: motion slot=1 pos=(1277,658) t=5082.44s fingers=3
20:55:53 tpc niri[26290]: 2026-09-07T19:55:53.316751Z  INFO niri::input::touch_swipe_tracker: gesture-debug: motion slot=2 pos=(949,678) t=5082.44s fingers=3
20:55:53 tpc niri[26290]: 2026-09-07T19:55:53.323773Z  INFO niri::input::touch_swipe_tracker: gesture-debug: motion slot=0 pos=(1139,569) t=5082.449s fingers=3
20:55:53 tpc niri[26290]: 2026-09-07T19:55:53.323868Z  INFO niri::input::touch_swipe_tracker: gesture-debug: motion slot=1 pos=(1296,658) t=5082.449s fingers=3
20:55:53 tpc niri[26290]: 2026-09-07T19:55:53.323914Z  INFO niri::input::touch_swipe_tracker: gesture-debug: motion slot=2 pos=(965,675) t=5082.449s fingers=3
20:55:53 tpc niri[26290]: 2026-09-07T19:55:53.333461Z  INFO niri::input::touch_swipe_tracker: gesture-debug: motion slot=0 pos=(1157,567) t=5082.458s fingers=3
20:55:53 tpc niri[26290]: 2026-09-07T19:55:53.333534Z  INFO niri::input::touch_swipe_tracker: gesture-debug: motion slot=1 pos=(1314,658) t=5082.458s fingers=3
20:55:53 tpc niri[26290]: 2026-09-07T19:55:53.333577Z  INFO niri::input::touch_swipe_tracker: gesture-debug: motion slot=2 pos=(982,673) t=5082.458s fingers=3
20:55:53 tpc niri[26290]: 2026-09-07T19:55:53.341886Z  INFO niri::input::touch_swipe_tracker: gesture-debug: motion slot=0 pos=(1176,566) t=5082.467s fingers=3
20:55:53 tpc niri[26290]: 2026-09-07T19:55:53.342021Z  INFO niri::input::touch_swipe_tracker: gesture-debug: motion slot=1 pos=(1331,658) t=5082.467s fingers=3
20:55:53 tpc niri[26290]: 2026-09-07T19:55:53.342073Z  INFO niri::input::touch_swipe_tracker: gesture-debug: motion slot=2 pos=(999,669) t=5082.467s fingers=3
20:55:53 tpc niri[26290]: 2026-09-07T19:55:53.350843Z  INFO niri::input::touch_swipe_tracker: gesture-debug: motion slot=0 pos=(1194,564) t=5082.476s fingers=3
20:55:53 tpc niri[26290]: 2026-09-07T19:55:53.350937Z  INFO niri::input::touch_swipe_tracker: gesture-debug: motion slot=1 pos=(1349,658) t=5082.476s fingers=3
20:55:53 tpc niri[26290]: 2026-09-07T19:55:53.351056Z  INFO niri::input::touch_swipe_tracker: gesture-debug: motion slot=2 pos=(1016,666) t=5082.476s fingers=3
20:55:53 tpc niri[26290]: 2026-09-07T19:55:53.360604Z  INFO niri::input::touch_swipe_tracker: gesture-debug: motion slot=0 pos=(1212,563) t=5082.485s fingers=3
20:55:53 tpc niri[26290]: 2026-09-07T19:55:53.360704Z  INFO niri::input::touch_swipe_tracker: gesture-debug: motion slot=1 pos=(1368,658) t=5082.485s fingers=3
20:55:53 tpc niri[26290]: 2026-09-07T19:55:53.360777Z  INFO niri::input::touch_swipe_tracker: gesture-debug: motion slot=2 pos=(1033,664) t=5082.485s fingers=3
20:55:53 tpc niri[26290]: 2026-09-07T19:55:53.368894Z  INFO niri::input::touch_swipe_tracker: gesture-debug: motion slot=0 pos=(1230,563) t=5082.494s fingers=3
20:55:53 tpc niri[26290]: 2026-09-07T19:55:53.369054Z  INFO niri::input::touch_swipe_tracker: gesture-debug: motion slot=1 pos=(1387,658) t=5082.494s fingers=3
20:55:53 tpc niri[26290]: 2026-09-07T19:55:53.369106Z  INFO niri::input::touch_swipe_tracker: gesture-debug: motion slot=2 pos=(1049,661) t=5082.494s fingers=3
20:55:53 tpc niri[26290]: 2026-09-07T19:55:53.377876Z  INFO niri::input::touch_swipe_tracker: gesture-debug: motion slot=0 pos=(1247,562) t=5082.503s fingers=3
20:55:53 tpc niri[26290]: 2026-09-07T19:55:53.378008Z  INFO niri::input::touch_swipe_tracker: gesture-debug: motion slot=1 pos=(1407,658) t=5082.503s fingers=3
20:55:53 tpc niri[26290]: 2026-09-07T19:55:53.378064Z  INFO niri::input::touch_swipe_tracker: gesture-debug: motion slot=2 pos=(1066,659) t=5082.503s fingers=3
20:55:53 tpc niri[26290]: 2026-09-07T19:55:53.387822Z  INFO niri::input::touch_swipe_tracker: gesture-debug: motion slot=0 pos=(1264,561) t=5082.513s fingers=3
20:55:53 tpc niri[26290]: 2026-09-07T19:55:53.387910Z  INFO niri::input::touch_swipe_tracker: gesture-debug: motion slot=1 pos=(1426,659) t=5082.513s fingers=3
20:55:53 tpc niri[26290]: 2026-09-07T19:55:53.387981Z  INFO niri::input::touch_swipe_tracker: gesture-debug: motion slot=2 pos=(1081,657) t=5082.513s fingers=3
20:55:53 tpc niri[26290]: 2026-09-07T19:55:53.398695Z  INFO niri::input::touch_swipe_tracker: gesture-debug: motion slot=0 pos=(1280,560) t=5082.522s fingers=3
20:55:53 tpc niri[26290]: 2026-09-07T19:55:53.398802Z  INFO niri::input::touch_swipe_tracker: gesture-debug: motion slot=1 pos=(1445,660) t=5082.522s fingers=3
20:55:53 tpc niri[26290]: 2026-09-07T19:55:53.398845Z  INFO niri::input::touch_swipe_tracker: gesture-debug: motion slot=2 pos=(1096,654) t=5082.522s fingers=3
20:55:53 tpc niri[26290]: 2026-09-07T19:55:53.405839Z  INFO niri::input::touch_swipe_tracker: gesture-debug: motion slot=0 pos=(1297,559) t=5082.531s fingers=3
20:55:53 tpc niri[26290]: 2026-09-07T19:55:53.405929Z  INFO niri::input::touch_swipe_tracker: gesture-debug: motion slot=1 pos=(1461,661) t=5082.531s fingers=3
20:55:53 tpc niri[26290]: 2026-09-07T19:55:53.406002Z  INFO niri::input::touch_swipe_tracker: gesture-debug: motion slot=2 pos=(1111,652) t=5082.531s fingers=3
20:55:53 tpc niri[26290]: 2026-09-07T19:55:53.415751Z  INFO niri::input::touch_swipe_tracker: gesture-debug: motion slot=0 pos=(1311,559) t=5082.54s fingers=3
20:55:53 tpc niri[26290]: 2026-09-07T19:55:53.415866Z  INFO niri::input::touch_swipe_tracker: gesture-debug: motion slot=1 pos=(1477,661) t=5082.54s fingers=3
20:55:53 tpc niri[26290]: 2026-09-07T19:55:53.415913Z  INFO niri::input::touch_swipe_tracker: gesture-debug: motion slot=2 pos=(1126,649) t=5082.54s fingers=3
20:55:53 tpc niri[26290]: 2026-09-07T19:55:53.423755Z  INFO niri::input::touch_swipe_tracker: gesture-debug: motion slot=0 pos=(1325,558) t=5082.549s fingers=3
20:55:53 tpc niri[26290]: 2026-09-07T19:55:53.423838Z  INFO niri::input::touch_swipe_tracker: gesture-debug: motion slot=1 pos=(1490,661) t=5082.549s fingers=3
20:55:53 tpc niri[26290]: 2026-09-07T19:55:53.423881Z  INFO niri::input::touch_swipe_tracker: gesture-debug: motion slot=2 pos=(1139,647) t=5082.549s fingers=3
20:55:53 tpc niri[26290]: 2026-09-07T19:55:53.432750Z  INFO niri::input::touch_swipe_tracker: gesture-debug: motion slot=0 pos=(1338,557) t=5082.558s fingers=3
20:55:53 tpc niri[26290]: 2026-09-07T19:55:53.432873Z  INFO niri::input::touch_swipe_tracker: gesture-debug: motion slot=1 pos=(1503,662) t=5082.558s fingers=3
20:55:53 tpc niri[26290]: 2026-09-07T19:55:53.432941Z  INFO niri::input::touch_swipe_tracker: gesture-debug: motion slot=2 pos=(1152,645) t=5082.558s fingers=3
20:55:53 tpc niri[26290]: 2026-09-07T19:55:53.441884Z  INFO niri::input::touch_swipe_tracker: gesture-debug: motion slot=0 pos=(1349,557) t=5082.567s fingers=3
20:55:53 tpc niri[26290]: 2026-09-07T19:55:53.442032Z  INFO niri::input::touch_swipe_tracker: gesture-debug: motion slot=1 pos=(1514,663) t=5082.567s fingers=3
20:55:53 tpc niri[26290]: 2026-09-07T19:55:53.442112Z  INFO niri::input::touch_swipe_tracker: gesture-debug: motion slot=2 pos=(1164,643) t=5082.567s fingers=3
20:55:53 tpc niri[26290]: 2026-09-07T19:55:53.450990Z  INFO niri::input::touch_swipe_tracker: gesture-debug: motion slot=0 pos=(1360,557) t=5082.576s fingers=3
20:55:53 tpc niri[26290]: 2026-09-07T19:55:53.451119Z  INFO niri::input::touch_swipe_tracker: gesture-debug: motion slot=1 pos=(1524,664) t=5082.576s fingers=3
20:55:53 tpc niri[26290]: 2026-09-07T19:55:53.451200Z  INFO niri::input::touch_swipe_tracker: gesture-debug: motion slot=2 pos=(1175,641) t=5082.576s fingers=3
20:55:53 tpc niri[26290]: 2026-09-07T19:55:53.459792Z  INFO niri::input::touch_swipe_tracker: gesture-debug: motion slot=0 pos=(1369,557) t=5082.585s fingers=3
20:55:53 tpc niri[26290]: 2026-09-07T19:55:53.459921Z  INFO niri::input::touch_swipe_tracker: gesture-debug: motion slot=1 pos=(1532,665) t=5082.585s fingers=3
20:55:53 tpc niri[26290]: 2026-09-07T19:55:53.459986Z  INFO niri::input::touch_swipe_tracker: gesture-debug: motion slot=2 pos=(1185,640) t=5082.585s fingers=3
20:55:53 tpc niri[26290]: 2026-09-07T19:55:53.469847Z  INFO niri::input::touch_swipe_tracker: gesture-debug: motion slot=0 pos=(1377,557) t=5082.595s fingers=3
20:55:53 tpc niri[26290]: 2026-09-07T19:55:53.469940Z  INFO niri::input::touch_swipe_tracker: gesture-debug: motion slot=1 pos=(1539,666) t=5082.595s fingers=3
20:55:53 tpc niri[26290]: 2026-09-07T19:55:53.470021Z  INFO niri::input::touch_swipe_tracker: gesture-debug: motion slot=2 pos=(1193,638) t=5082.595s fingers=3
20:55:53 tpc niri[26290]: 2026-09-07T19:55:53.478786Z  INFO niri::input::touch_swipe_tracker: gesture-debug: motion slot=0 pos=(1384,557) t=5082.604s fingers=3
20:55:53 tpc niri[26290]: 2026-09-07T19:55:53.478874Z  INFO niri::input::touch_swipe_tracker: gesture-debug: motion slot=1 pos=(1545,667) t=5082.604s fingers=3
20:55:53 tpc niri[26290]: 2026-09-07T19:55:53.478919Z  INFO niri::input::touch_swipe_tracker: gesture-debug: motion slot=2 pos=(1200,637) t=5082.604s fingers=3
20:55:53 tpc niri[26290]: 2026-09-07T19:55:53.487815Z  INFO niri::input::touch_swipe_tracker: gesture-debug: motion slot=0 pos=(1390,557) t=5082.613s fingers=3
20:55:53 tpc niri[26290]: 2026-09-07T19:55:53.487924Z  INFO niri::input::touch_swipe_tracker: gesture-debug: motion slot=1 pos=(1550,668) t=5082.613s fingers=3
20:55:53 tpc niri[26290]: 2026-09-07T19:55:53.488015Z  INFO niri::input::touch_swipe_tracker: gesture-debug: motion slot=2 pos=(1207,636) t=5082.613s fingers=3
20:55:53 tpc niri[26290]: 2026-09-07T19:55:53.496859Z  INFO niri::input::touch_swipe_tracker: gesture-debug: motion slot=0 pos=(1395,557) t=5082.622s fingers=3
20:55:53 tpc niri[26290]: 2026-09-07T19:55:53.496989Z  INFO niri::input::touch_swipe_tracker: gesture-debug: motion slot=1 pos=(1554,669) t=5082.622s fingers=3
20:55:53 tpc niri[26290]: 2026-09-07T19:55:53.497037Z  INFO niri::input::touch_swipe_tracker: gesture-debug: motion slot=2 pos=(1212,635) t=5082.622s fingers=3
20:55:53 tpc niri[26290]: 2026-09-07T19:55:53.505727Z  INFO niri::input::touch_swipe_tracker: gesture-debug: motion slot=0 pos=(1399,557) t=5082.631s fingers=3
20:55:53 tpc niri[26290]: 2026-09-07T19:55:53.505786Z  INFO niri::input::touch_swipe_tracker: gesture-debug: motion slot=1 pos=(1558,669) t=5082.631s fingers=3
20:55:53 tpc niri[26290]: 2026-09-07T19:55:53.505817Z  INFO niri::input::touch_swipe_tracker: gesture-debug: motion slot=2 pos=(1216,634) t=5082.631s fingers=3
20:55:53 tpc niri[26290]: 2026-09-07T19:55:53.514867Z  INFO niri::input::touch_swipe_tracker: gesture-debug: motion slot=0 pos=(1403,557) t=5082.64s fingers=3
20:55:53 tpc niri[26290]: 2026-09-07T19:55:53.515025Z  INFO niri::input::touch_swipe_tracker: gesture-debug: motion slot=1 pos=(1561,670) t=5082.64s fingers=3
20:55:53 tpc niri[26290]: 2026-09-07T19:55:53.515073Z  INFO niri::input::touch_swipe_tracker: gesture-debug: motion slot=2 pos=(1220,633) t=5082.64s fingers=3
20:55:53 tpc niri[26290]: 2026-09-07T19:55:53.523696Z  INFO niri::input::touch_swipe_tracker: gesture-debug: motion slot=0 pos=(1406,557) t=5082.649s fingers=3
20:55:53 tpc niri[26290]: 2026-09-07T19:55:53.523773Z  INFO niri::input::touch_swipe_tracker: gesture-debug: motion slot=1 pos=(1563,671) t=5082.649s fingers=3
20:55:53 tpc niri[26290]: 2026-09-07T19:55:53.523827Z  INFO niri::input::touch_swipe_tracker: gesture-debug: motion slot=2 pos=(1224,633) t=5082.649s fingers=3
20:55:53 tpc niri[26290]: 2026-09-07T19:55:53.532975Z  INFO niri::input::touch_swipe_tracker: gesture-debug: motion slot=0 pos=(1409,557) t=5082.658s fingers=3
20:55:53 tpc niri[26290]: 2026-09-07T19:55:53.533060Z  INFO niri::input::touch_swipe_tracker: gesture-debug: motion slot=1 pos=(1565,672) t=5082.658s fingers=3
20:55:53 tpc niri[26290]: 2026-09-07T19:55:53.533090Z  INFO niri::input::touch_swipe_tracker: gesture-debug: motion slot=2 pos=(1226,632) t=5082.658s fingers=3
20:55:53 tpc niri[26290]: 2026-09-07T19:55:53.543097Z  INFO niri::input::touch_swipe_tracker: gesture-debug: motion slot=0 pos=(1410,557) t=5082.668s fingers=3
20:55:53 tpc niri[26290]: 2026-09-07T19:55:53.543174Z  INFO niri::input::touch_swipe_tracker: gesture-debug: motion slot=1 pos=(1567,673) t=5082.668s fingers=3
20:55:53 tpc niri[26290]: 2026-09-07T19:55:53.543205Z  INFO niri::input::touch_swipe_tracker: gesture-debug: motion slot=2 pos=(1228,631) t=5082.668s fingers=3
20:55:53 tpc niri[26290]: 2026-09-07T19:55:53.551692Z  INFO niri::input::touch_swipe_tracker: gesture-debug: motion slot=0 pos=(1412,557) t=5082.677s fingers=3
20:55:53 tpc niri[26290]: 2026-09-07T19:55:53.551757Z  INFO niri::input::touch_swipe_tracker: gesture-debug: motion slot=1 pos=(1567,674) t=5082.677s fingers=3
20:55:53 tpc niri[26290]: 2026-09-07T19:55:53.551804Z  INFO niri::input::touch_swipe_tracker: gesture-debug: motion slot=2 pos=(1229,631) t=5082.677s fingers=3
20:55:53 tpc niri[26290]: 2026-09-07T19:55:53.560714Z  INFO niri::input::touch_swipe_tracker: gesture-debug: motion slot=0 pos=(1413,557) t=5082.686s fingers=3
20:55:53 tpc niri[26290]: 2026-09-07T19:55:53.560786Z  INFO niri::input::touch_swipe_tracker: gesture-debug: motion slot=1 pos=(1568,674) t=5082.686s fingers=3
20:55:53 tpc niri[26290]: 2026-09-07T19:55:53.560815Z  INFO niri::input::touch_swipe_tracker: gesture-debug: motion slot=2 pos=(1230,631) t=5082.686s fingers=3
20:55:53 tpc niri[26290]: 2026-09-07T19:55:53.569785Z  INFO niri::input::touch_swipe_tracker: gesture-debug: motion slot=0 pos=(1413,558) t=5082.695s fingers=3
20:55:53 tpc niri[26290]: 2026-09-07T19:55:53.569849Z  INFO niri::input::touch_swipe_tracker: gesture-debug: motion slot=1 pos=(1568,675) t=5082.695s fingers=3
20:55:53 tpc niri[26290]: 2026-09-07T19:55:53.569877Z  INFO niri::input::touch_swipe_tracker: gesture-debug: motion slot=2 pos=(1231,631) t=5082.695s fingers=3
20:55:53 tpc niri[26290]: 2026-09-07T19:55:53.578738Z  INFO niri::input::touch_swipe_tracker: gesture-debug: motion slot=0 pos=(1413,559) t=5082.704s fingers=3
20:55:53 tpc niri[26290]: 2026-09-07T19:55:53.578808Z  INFO niri::input::touch_swipe_tracker: gesture-debug: motion slot=1 pos=(1568,677) t=5082.704s fingers=3
20:55:53 tpc niri[26290]: 2026-09-07T19:55:53.587853Z  INFO niri::input::touch_swipe_tracker: gesture-debug: motion slot=0 pos=(1412,559) t=5082.713s fingers=3
20:55:53 tpc niri[26290]: 2026-09-07T19:55:53.587918Z  INFO niri::input::touch_swipe_tracker: gesture-debug: motion slot=1 pos=(1567,679) t=5082.713s fingers=3
20:55:53 tpc niri[26290]: 2026-09-07T19:55:53.597558Z  INFO niri::input::touch_swipe_tracker: gesture-debug: motion slot=0 pos=(1410,560) t=5082.722s fingers=3
20:55:53 tpc niri[26290]: 2026-09-07T19:55:53.597650Z  INFO niri::input::touch_swipe_tracker: gesture-debug: motion slot=1 pos=(1563,682) t=5082.722s fingers=3
20:55:53 tpc niri[26290]: 2026-09-07T19:55:53.597720Z  INFO niri::input::touch_swipe_tracker: gesture-debug: motion slot=2 pos=(1229,631) t=5082.722s fingers=3
20:55:53 tpc niri[26290]: 2026-09-07T19:55:53.605676Z  INFO niri::input::touch_swipe_tracker: gesture-debug: motion slot=0 pos=(1406,561) t=5082.731s fingers=3
20:55:53 tpc niri[26290]: 2026-09-07T19:55:53.605744Z  INFO niri::input::touch_swipe_tracker: gesture-debug: motion slot=1 pos=(1558,684) t=5082.731s fingers=3
20:55:53 tpc niri[26290]: 2026-09-07T19:55:53.605773Z  INFO niri::input::touch_swipe_tracker: gesture-debug: motion slot=2 pos=(1226,631) t=5082.731s fingers=3
20:55:53 tpc niri[26290]: 2026-09-07T19:55:53.615785Z  INFO niri::input::touch_swipe_tracker: gesture-debug: motion slot=0 pos=(1400,563) t=5082.741s fingers=3
20:55:53 tpc niri[26290]: 2026-09-07T19:55:53.615924Z  INFO niri::input::touch_swipe_tracker: gesture-debug: motion slot=1 pos=(1550,686) t=5082.741s fingers=3
20:55:53 tpc niri[26290]: 2026-09-07T19:55:53.616091Z  INFO niri::input::touch_swipe_tracker: gesture-debug: motion slot=2 pos=(1220,631) t=5082.741s fingers=3
20:55:53 tpc niri[26290]: 2026-09-07T19:55:53.624756Z  INFO niri::input::touch_swipe_tracker: gesture-debug: motion slot=0 pos=(1392,563) t=5082.75s fingers=3
20:55:53 tpc niri[26290]: 2026-09-07T19:55:53.624860Z  INFO niri::input::touch_swipe_tracker: gesture-debug: motion slot=1 pos=(1541,689) t=5082.75s fingers=3
20:55:53 tpc niri[26290]: 2026-09-07T19:55:53.624926Z  INFO niri::input::touch_swipe_tracker: gesture-debug: motion slot=2 pos=(1212,632) t=5082.75s fingers=3
20:55:53 tpc niri[26290]: 2026-09-07T19:55:53.633761Z  INFO niri::input::touch_swipe_tracker: gesture-debug: motion slot=0 pos=(1381,565) t=5082.759s fingers=3
20:55:53 tpc niri[26290]: 2026-09-07T19:55:53.633875Z  INFO niri::input::touch_swipe_tracker: gesture-debug: motion slot=1 pos=(1529,690) t=5082.759s fingers=3
20:55:53 tpc niri[26290]: 2026-09-07T19:55:53.633969Z  INFO niri::input::touch_swipe_tracker: gesture-debug: motion slot=2 pos=(1203,633) t=5082.759s fingers=3
20:55:53 tpc niri[26290]: 2026-09-07T19:55:53.643221Z  INFO niri::input::touch_swipe_tracker: gesture-debug: motion slot=0 pos=(1367,567) t=5082.768s fingers=3
20:55:53 tpc niri[26290]: 2026-09-07T19:55:53.643291Z  INFO niri::input::touch_swipe_tracker: gesture-debug: motion slot=1 pos=(1514,692) t=5082.768s fingers=3
20:55:53 tpc niri[26290]: 2026-09-07T19:55:53.643319Z  INFO niri::input::touch_swipe_tracker: gesture-debug: motion slot=2 pos=(1190,633) t=5082.768s fingers=3
20:55:53 tpc niri[26290]: 2026-09-07T19:55:53.651680Z  INFO niri::input::touch_swipe_tracker: gesture-debug: motion slot=0 pos=(1351,568) t=5082.777s fingers=3
20:55:53 tpc niri[26290]: 2026-09-07T19:55:53.651736Z  INFO niri::input::touch_swipe_tracker: gesture-debug: motion slot=1 pos=(1496,694) t=5082.777s fingers=3
20:55:53 tpc niri[26290]: 2026-09-07T19:55:53.651775Z  INFO niri::input::touch_swipe_tracker: gesture-debug: motion slot=2 pos=(1176,635) t=5082.777s fingers=3
20:55:53 tpc niri[26290]: 2026-09-07T19:55:53.660666Z  INFO niri::input::touch_swipe_tracker: gesture-debug: motion slot=0 pos=(1331,570) t=5082.786s fingers=3
20:55:53 tpc niri[26290]: 2026-09-07T19:55:53.660716Z  INFO niri::input::touch_swipe_tracker: gesture-debug: motion slot=1 pos=(1477,695) t=5082.786s fingers=3
20:55:53 tpc niri[26290]: 2026-09-07T19:55:53.660749Z  INFO niri::input::touch_swipe_tracker: gesture-debug: motion slot=2 pos=(1158,637) t=5082.786s fingers=3
20:55:53 tpc niri[26290]: 2026-09-07T19:55:53.669696Z  INFO niri::input::touch_swipe_tracker: gesture-debug: motion slot=0 pos=(1310,571) t=5082.795s fingers=3
20:55:53 tpc niri[26290]: 2026-09-07T19:55:53.669755Z  INFO niri::input::touch_swipe_tracker: gesture-debug: motion slot=1 pos=(1455,697) t=5082.795s fingers=3
20:55:53 tpc niri[26290]: 2026-09-07T19:55:53.669804Z  INFO niri::input::touch_swipe_tracker: gesture-debug: motion slot=2 pos=(1138,641) t=5082.795s fingers=3
20:55:53 tpc niri[26290]: 2026-09-07T19:55:53.678749Z  INFO niri::input::touch_swipe_tracker: gesture-debug: motion slot=0 pos=(1285,573) t=5082.804s fingers=3
20:55:53 tpc niri[26290]: 2026-09-07T19:55:53.678834Z  INFO niri::input::touch_swipe_tracker: gesture-debug: motion slot=1 pos=(1431,698) t=5082.804s fingers=3
20:55:53 tpc niri[26290]: 2026-09-07T19:55:53.678872Z  INFO niri::input::touch_swipe_tracker: gesture-debug: motion slot=2 pos=(1115,644) t=5082.804s fingers=3
20:55:53 tpc niri[26290]: 2026-09-07T19:55:53.687630Z  INFO niri::input::touch_swipe_tracker: gesture-debug: motion slot=0 pos=(1259,575) t=5082.813s fingers=3
20:55:53 tpc niri[26290]: 2026-09-07T19:55:53.687684Z  INFO niri::input::touch_swipe_tracker: gesture-debug: motion slot=1 pos=(1407,701) t=5082.813s fingers=3
20:55:53 tpc niri[26290]: 2026-09-07T19:55:53.687715Z  INFO niri::input::touch_swipe_tracker: gesture-debug: motion slot=2 pos=(1089,648) t=5082.813s fingers=3
20:55:53 tpc niri[26290]: 2026-09-07T19:55:53.697726Z  INFO niri::input::touch_swipe_tracker: gesture-debug: motion slot=0 pos=(1227,579) t=5082.823s fingers=3
20:55:53 tpc niri[26290]: 2026-09-07T19:55:53.697776Z  INFO niri::input::touch_swipe_tracker: gesture-debug: motion slot=1 pos=(1380,703) t=5082.823s fingers=3
20:55:53 tpc niri[26290]: 2026-09-07T19:55:53.697797Z  INFO niri::input::touch_swipe_tracker: gesture-debug: motion slot=2 pos=(1058,653) t=5082.823s fingers=3
20:55:53 tpc niri[26290]: 2026-09-07T19:55:53.706701Z  INFO niri::input::touch_swipe_tracker: gesture-debug: motion slot=0 pos=(1191,583) t=5082.832s fingers=3
20:55:53 tpc niri[26290]: 2026-09-07T19:55:53.706747Z  INFO niri::input::touch_swipe_tracker: gesture-debug: motion slot=1 pos=(1350,706) t=5082.832s fingers=3
20:55:53 tpc niri[26290]: 2026-09-07T19:55:53.706771Z  INFO niri::input::touch_swipe_tracker: gesture-debug: motion slot=2 pos=(1024,660) t=5082.832s fingers=3
20:55:53 tpc niri[26290]: 2026-09-07T19:55:53.715777Z  INFO niri::input::touch_swipe_tracker: gesture-debug: motion slot=0 pos=(1152,588) t=5082.841s fingers=3
20:55:53 tpc niri[26290]: 2026-09-07T19:55:53.715902Z  INFO niri::input::touch_swipe_tracker: gesture-debug: motion slot=1 pos=(1317,708) t=5082.841s fingers=3
20:55:53 tpc niri[26290]: 2026-09-07T19:55:53.715964Z  INFO niri::input::touch_swipe_tracker: gesture-debug: motion slot=2 pos=(988,668) t=5082.841s fingers=3
20:55:53 tpc niri[26290]: 2026-09-07T19:55:53.724828Z  INFO niri::input::touch_swipe_tracker: gesture-debug: motion slot=0 pos=(1110,592) t=5082.85s fingers=3
20:55:53 tpc niri[26290]: 2026-09-07T19:55:53.724914Z  INFO niri::input::touch_swipe_tracker: gesture-debug: motion slot=1 pos=(1280,711) t=5082.85s fingers=3
20:55:53 tpc niri[26290]: 2026-09-07T19:55:53.724974Z  INFO niri::input::touch_swipe_tracker: gesture-debug: motion slot=2 pos=(949,678) t=5082.85s fingers=3
20:55:53 tpc niri[26290]: 2026-09-07T19:55:53.734238Z  INFO niri::input::touch_swipe_tracker: gesture-debug: motion slot=0 pos=(1066,599) t=5082.859s fingers=3
20:55:53 tpc niri[26290]: 2026-09-07T19:55:53.734354Z  INFO niri::input::touch_swipe_tracker: gesture-debug: motion slot=1 pos=(1239,715) t=5082.859s fingers=3
20:55:53 tpc niri[26290]: 2026-09-07T19:55:53.734417Z  INFO niri::input::touch_swipe_tracker: gesture-debug: motion slot=2 pos=(907,688) t=5082.859s fingers=3
20:55:53 tpc niri[26290]: 2026-09-07T19:55:53.742857Z  INFO niri::input::touch_swipe_tracker: gesture-debug: motion slot=0 pos=(1018,606) t=5082.868s fingers=3
20:55:53 tpc niri[26290]: 2026-09-07T19:55:53.742983Z  INFO niri::input::touch_swipe_tracker: gesture-debug: motion slot=1 pos=(1195,719) t=5082.868s fingers=3
20:55:53 tpc niri[26290]: 2026-09-07T19:55:53.743035Z  INFO niri::input::touch_swipe_tracker: gesture-debug: motion slot=2 pos=(863,699) t=5082.868s fingers=3
20:55:53 tpc niri[26290]: 2026-09-07T19:55:53.751892Z  INFO niri::input::touch_swipe_tracker: gesture-debug: motion slot=0 pos=(969,614) t=5082.877s fingers=3
20:55:53 tpc niri[26290]: 2026-09-07T19:55:53.752058Z  INFO niri::input::touch_swipe_tracker: gesture-debug: motion slot=1 pos=(1148,724) t=5082.877s fingers=3
20:55:53 tpc niri[26290]: 2026-09-07T19:55:53.752120Z  INFO niri::input::touch_swipe_tracker: gesture-debug: motion slot=2 pos=(816,713) t=5082.877s fingers=3
20:55:53 tpc niri[26290]: 2026-09-07T19:55:53.762062Z  INFO niri::input::touch_swipe_tracker: gesture-debug: motion slot=0 pos=(923,623) t=5082.886s fingers=3
20:55:53 tpc niri[26290]: 2026-09-07T19:55:53.762163Z  INFO niri::input::touch_swipe_tracker: gesture-debug: motion slot=1 pos=(1098,731) t=5082.886s fingers=3
20:55:53 tpc niri[26290]: 2026-09-07T19:55:53.762208Z  INFO niri::input::touch_swipe_tracker: gesture-debug: motion slot=2 pos=(769,727) t=5082.886s fingers=3
20:55:53 tpc niri[26290]: 2026-09-07T19:55:53.770841Z  INFO niri::input::touch_swipe_tracker: gesture-debug: motion slot=0 pos=(879,632) t=5082.896s fingers=3
20:55:53 tpc niri[26290]: 2026-09-07T19:55:53.770973Z  INFO niri::input::touch_swipe_tracker: gesture-debug: motion slot=1 pos=(1047,737) t=5082.896s fingers=3
20:55:53 tpc niri[26290]: 2026-09-07T19:55:53.771048Z  INFO niri::input::touch_swipe_tracker: gesture-debug: motion slot=2 pos=(724,740) t=5082.896s fingers=3
20:55:53 tpc niri[26290]: 2026-09-07T19:55:53.780917Z  INFO niri::input::touch_swipe_tracker: gesture-debug: motion slot=0 pos=(839,641) t=5082.905s fingers=3
20:55:53 tpc niri[26290]: 2026-09-07T19:55:53.781445Z  INFO niri::input::touch_swipe_tracker: gesture-debug: motion slot=1 pos=(997,743) t=5082.905s fingers=3
20:55:53 tpc niri[26290]: 2026-09-07T19:55:53.781489Z  INFO niri::input::touch_swipe_tracker: gesture-debug: motion slot=2 pos=(680,754) t=5082.905s fingers=3
20:55:53 tpc niri[26290]: 2026-09-07T19:55:53.788873Z  INFO niri::input::touch_swipe_tracker: gesture-debug: motion slot=0 pos=(801,649) t=5082.914s fingers=3
20:55:53 tpc niri[26290]: 2026-09-07T19:55:53.788936Z  INFO niri::input::touch_swipe_tracker: gesture-debug: motion slot=1 pos=(951,751) t=5082.914s fingers=3
20:55:53 tpc niri[26290]: 2026-09-07T19:55:53.788987Z  INFO niri::input::touch_swipe_tracker: gesture-debug: motion slot=2 pos=(638,767) t=5082.914s fingers=3
20:55:53 tpc niri[26290]: 2026-09-07T19:55:53.797696Z  INFO niri::input::touch_swipe_tracker: gesture-debug: motion slot=0 pos=(767,657) t=5082.923s fingers=3
20:55:53 tpc niri[26290]: 2026-09-07T19:55:53.797753Z  INFO niri::input::touch_swipe_tracker: gesture-debug: motion slot=1 pos=(905,758) t=5082.923s fingers=3
20:55:53 tpc niri[26290]: 2026-09-07T19:55:53.797782Z  INFO niri::input::touch_swipe_tracker: gesture-debug: motion slot=2 pos=(596,780) t=5082.923s fingers=3
20:55:53 tpc niri[26290]: 2026-09-07T19:55:53.806848Z  INFO niri::input::touch_swipe_tracker: gesture-debug: motion slot=0 pos=(735,665) t=5082.932s fingers=3
20:55:53 tpc niri[26290]: 2026-09-07T19:55:53.806932Z  INFO niri::input::touch_swipe_tracker: gesture-debug: motion slot=1 pos=(895,759) t=5082.932s fingers=3
20:55:53 tpc niri[26290]: 2026-09-07T19:55:53.806990Z  INFO niri::input::touch_swipe_tracker: gesture-debug: motion slot=2 pos=(557,793) t=5082.932s fingers=3
20:55:53 tpc niri[26290]: 2026-09-07T19:55:53.815733Z  INFO niri::input::touch_swipe_tracker: gesture-debug: motion slot=0 pos=(705,672) t=5082.941s fingers=3
20:55:53 tpc niri[26290]: 2026-09-07T19:55:53.815872Z  INFO niri::input::touch_swipe_tracker: gesture-debug: motion slot=1 pos=(893,759) t=5082.941s fingers=3
20:55:53 tpc niri[26290]: 2026-09-07T19:55:53.815936Z  INFO niri::input::touch_swipe_tracker: gesture-debug: motion slot=2 pos=(548,796) t=5082.941s fingers=3
20:55:53 tpc niri[26290]: 2026-09-07T19:55:53.824731Z  INFO niri::input::touch_swipe_tracker: gesture-debug: motion slot=0 pos=(676,678) t=5082.95s fingers=3
20:55:53 tpc niri[26290]: 2026-09-07T19:55:53.824789Z  INFO niri::input::touch_swipe_tracker: gesture-debug: motion slot=1 pos=(892,759) t=5082.95s fingers=3
20:55:53 tpc niri[26290]: 2026-09-07T19:55:53.824818Z  INFO niri::input::touch_swipe_tracker: gesture-debug: motion slot=2 pos=(547,797) t=5082.95s fingers=3
20:55:53 tpc niri[26290]: 2026-09-07T19:55:53.833700Z  INFO niri::input::touch_swipe_tracker: gesture-debug: motion slot=0 pos=(647,684) t=5082.959s fingers=3
20:55:53 tpc niri[26290]: 2026-09-07T19:55:53.843394Z  INFO niri::input::touch_swipe_tracker: gesture-debug: motion slot=0 pos=(620,690) t=5082.968s fingers=3
20:55:53 tpc niri[26290]: 2026-09-07T19:55:53.843441Z  INFO niri::input::touch_swipe_tracker: gesture-debug: up slot=1 t=5082.968s fingers=2: tracked finger lifted, ending gesture
20:55:54 tpc niri[26290]: 2026-09-07T19:55:54.794856Z  INFO niri::input::touch_swipe_tracker: gesture-debug: down slot=0 pos=(704,551) t=5083.92065s fingers=1 phase=Idle
20:55:54 tpc niri[26290]: 2026-09-07T19:55:54.795094Z  INFO niri::input::touch_swipe_tracker: gesture-debug: down slot=1 pos=(552,504) t=5083.92065s fingers=2 phase=Idle
20:55:54 tpc niri[26290]: 2026-09-07T19:55:54.795193Z  INFO niri::input::touch_swipe_tracker: gesture-debug: down slot=2 pos=(418,643) t=5083.92065s fingers=3 phase=Idle
20:55:54 tpc niri[26290]: 2026-09-07T19:55:54.795224Z  INFO niri::input::touch_swipe_tracker: gesture-debug: recognizing: tracking 3 of 3 slots (min 3)
20:55:54 tpc niri[26290]: 2026-09-07T19:55:54.795246Z  INFO niri::input: gesture-debug: gesture owns the touch stream (client touches cancelled)
20:55:54 tpc niri[26290]: 2026-09-07T19:55:54.803805Z  INFO niri::input::touch_swipe_tracker: gesture-debug: motion slot=0 pos=(711,551) t=5083.929672s fingers=3
20:55:54 tpc niri[26290]: 2026-09-07T19:55:54.803860Z  INFO niri::input::touch_swipe_tracker: gesture-debug: motion slot=1 pos=(558,506) t=5083.929672s fingers=3
20:55:54 tpc niri[26290]: 2026-09-07T19:55:54.803879Z  INFO niri::input::touch_swipe_tracker: gesture-debug: motion slot=2 pos=(424,645) t=5083.929672s fingers=3
20:55:54 tpc niri[26290]: 2026-09-07T19:55:54.813843Z  INFO niri::input::touch_swipe_tracker: gesture-debug: motion slot=0 pos=(720,553) t=5083.938655s fingers=3
20:55:54 tpc niri[26290]: 2026-09-07T19:55:54.813913Z  INFO niri::input::touch_swipe_tracker: gesture-debug: motion slot=1 pos=(565,507) t=5083.938655s fingers=3
20:55:54 tpc niri[26290]: 2026-09-07T19:55:54.813960Z  INFO niri::input::touch_swipe_tracker: gesture-debug: motion slot=2 pos=(431,646) t=5083.938655s fingers=3
20:55:54 tpc niri[26290]: 2026-09-07T19:55:54.821789Z  INFO niri::input::touch_swipe_tracker: gesture-debug: motion slot=0 pos=(730,554) t=5083.947624s fingers=3
20:55:54 tpc niri[26290]: 2026-09-07T19:55:54.821837Z  INFO niri::input::touch_swipe_tracker: gesture-debug: recognized: swipe fingers=3 direction=Horizontal delta=(17.3,3.0) t=5083.947624s
20:55:54 tpc niri[26290]: 2026-09-07T19:55:54.821861Z  INFO niri::input: gesture-debug: swipe dispatch: fingers=3 hold=false direction=Horizontal discrete=None
20:55:54 tpc niri[26290]: 2026-09-07T19:55:54.821987Z  INFO niri::input::touch_swipe_tracker: gesture-debug: motion slot=1 pos=(575,508) t=5083.947s fingers=3
20:55:54 tpc niri[26290]: 2026-09-07T19:55:54.822039Z  INFO niri::input::touch_swipe_tracker: gesture-debug: motion slot=2 pos=(439,647) t=5083.947s fingers=3
20:55:54 tpc niri[26290]: 2026-09-07T19:55:54.832278Z  INFO niri::input::touch_swipe_tracker: gesture-debug: motion slot=0 pos=(741,555) t=5083.957s fingers=3
20:55:54 tpc niri[26290]: 2026-09-07T19:55:54.832349Z  INFO niri::input::touch_swipe_tracker: gesture-debug: motion slot=1 pos=(586,509) t=5083.957s fingers=3
20:55:54 tpc niri[26290]: 2026-09-07T19:55:54.832393Z  INFO niri::input::touch_swipe_tracker: gesture-debug: motion slot=2 pos=(449,648) t=5083.957s fingers=3
20:55:54 tpc niri[26290]: 2026-09-07T19:55:54.840662Z  INFO niri::input::touch_swipe_tracker: gesture-debug: motion slot=0 pos=(753,556) t=5083.966s fingers=3
20:55:54 tpc niri[26290]: 2026-09-07T19:55:54.840703Z  INFO niri::input::touch_swipe_tracker: gesture-debug: motion slot=1 pos=(597,510) t=5083.966s fingers=3
20:55:54 tpc niri[26290]: 2026-09-07T19:55:54.840720Z  INFO niri::input::touch_swipe_tracker: gesture-debug: motion slot=2 pos=(460,648) t=5083.966s fingers=3
20:55:54 tpc niri[26290]: 2026-09-07T19:55:54.849674Z  INFO niri::input::touch_swipe_tracker: gesture-debug: motion slot=0 pos=(767,557) t=5083.975s fingers=3
20:55:54 tpc niri[26290]: 2026-09-07T19:55:54.849701Z  INFO niri::input::touch_swipe_tracker: gesture-debug: motion slot=1 pos=(611,510) t=5083.975s fingers=3
20:55:54 tpc niri[26290]: 2026-09-07T19:55:54.849716Z  INFO niri::input::touch_swipe_tracker: gesture-debug: motion slot=2 pos=(472,648) t=5083.975s fingers=3
20:55:54 tpc niri[26290]: 2026-09-07T19:55:54.858748Z  INFO niri::input::touch_swipe_tracker: gesture-debug: motion slot=0 pos=(782,558) t=5083.984s fingers=3
20:55:54 tpc niri[26290]: 2026-09-07T19:55:54.858822Z  INFO niri::input::touch_swipe_tracker: gesture-debug: motion slot=1 pos=(625,510) t=5083.984s fingers=3
20:55:54 tpc niri[26290]: 2026-09-07T19:55:54.858863Z  INFO niri::input::touch_swipe_tracker: gesture-debug: motion slot=2 pos=(486,648) t=5083.984s fingers=3
20:55:54 tpc niri[26290]: 2026-09-07T19:55:54.867701Z  INFO niri::input::touch_swipe_tracker: gesture-debug: motion slot=0 pos=(798,559) t=5083.993s fingers=3
20:55:54 tpc niri[26290]: 2026-09-07T19:55:54.867731Z  INFO niri::input::touch_swipe_tracker: gesture-debug: motion slot=1 pos=(642,510) t=5083.993s fingers=3
20:55:54 tpc niri[26290]: 2026-09-07T19:55:54.867744Z  INFO niri::input::touch_swipe_tracker: gesture-debug: motion slot=2 pos=(501,648) t=5083.993s fingers=3
20:55:54 tpc niri[26290]: 2026-09-07T19:55:54.876713Z  INFO niri::input::touch_swipe_tracker: gesture-debug: motion slot=0 pos=(816,559) t=5084.002s fingers=3
20:55:54 tpc niri[26290]: 2026-09-07T19:55:54.876756Z  INFO niri::input::touch_swipe_tracker: gesture-debug: motion slot=1 pos=(659,510) t=5084.002s fingers=3
20:55:54 tpc niri[26290]: 2026-09-07T19:55:54.876772Z  INFO niri::input::touch_swipe_tracker: gesture-debug: motion slot=2 pos=(518,647) t=5084.002s fingers=3
20:55:54 tpc niri[26290]: 2026-09-07T19:55:54.885695Z  INFO niri::input::touch_swipe_tracker: gesture-debug: motion slot=0 pos=(835,560) t=5084.011s fingers=3
20:55:54 tpc niri[26290]: 2026-09-07T19:55:54.885739Z  INFO niri::input::touch_swipe_tracker: gesture-debug: motion slot=1 pos=(677,510) t=5084.011s fingers=3
20:55:54 tpc niri[26290]: 2026-09-07T19:55:54.885760Z  INFO niri::input::touch_swipe_tracker: gesture-debug: motion slot=2 pos=(535,646) t=5084.011s fingers=3
20:55:54 tpc niri[26290]: 2026-09-07T19:55:54.894670Z  INFO niri::input::touch_swipe_tracker: gesture-debug: motion slot=0 pos=(854,561) t=5084.02s fingers=3
20:55:54 tpc niri[26290]: 2026-09-07T19:55:54.894729Z  INFO niri::input::touch_swipe_tracker: gesture-debug: motion slot=1 pos=(695,510) t=5084.02s fingers=3
20:55:54 tpc niri[26290]: 2026-09-07T19:55:54.894769Z  INFO niri::input::touch_swipe_tracker: gesture-debug: motion slot=2 pos=(552,645) t=5084.02s fingers=3
20:55:54 tpc niri[26290]: 2026-09-07T19:55:54.904690Z  INFO niri::input::touch_swipe_tracker: gesture-debug: motion slot=0 pos=(875,562) t=5084.03s fingers=3
20:55:54 tpc niri[26290]: 2026-09-07T19:55:54.904750Z  INFO niri::input::touch_swipe_tracker: gesture-debug: motion slot=1 pos=(715,510) t=5084.03s fingers=3
20:55:54 tpc niri[26290]: 2026-09-07T19:55:54.904774Z  INFO niri::input::touch_swipe_tracker: gesture-debug: motion slot=2 pos=(571,645) t=5084.03s fingers=3
20:55:54 tpc niri[26290]: 2026-09-07T19:55:54.913768Z  INFO niri::input::touch_swipe_tracker: gesture-debug: motion slot=0 pos=(897,563) t=5084.039s fingers=3
20:55:54 tpc niri[26290]: 2026-09-07T19:55:54.913823Z  INFO niri::input::touch_swipe_tracker: gesture-debug: motion slot=1 pos=(737,510) t=5084.039s fingers=3
20:55:54 tpc niri[26290]: 2026-09-07T19:55:54.913842Z  INFO niri::input::touch_swipe_tracker: gesture-debug: motion slot=2 pos=(591,643) t=5084.039s fingers=3
20:55:54 tpc niri[26290]: 2026-09-07T19:55:54.922700Z  INFO niri::input::touch_swipe_tracker: gesture-debug: motion slot=0 pos=(920,563) t=5084.048s fingers=3
20:55:54 tpc niri[26290]: 2026-09-07T19:55:54.922735Z  INFO niri::input::touch_swipe_tracker: gesture-debug: motion slot=1 pos=(760,510) t=5084.048s fingers=3
20:55:54 tpc niri[26290]: 2026-09-07T19:55:54.922753Z  INFO niri::input::touch_swipe_tracker: gesture-debug: motion slot=2 pos=(612,641) t=5084.048s fingers=3
20:55:54 tpc niri[26290]: 2026-09-07T19:55:54.931825Z  INFO niri::input::touch_swipe_tracker: gesture-debug: motion slot=0 pos=(944,564) t=5084.057s fingers=3
20:55:54 tpc niri[26290]: 2026-09-07T19:55:54.931887Z  INFO niri::input::touch_swipe_tracker: gesture-debug: motion slot=1 pos=(784,510) t=5084.057s fingers=3
20:55:54 tpc niri[26290]: 2026-09-07T19:55:54.931915Z  INFO niri::input::touch_swipe_tracker: gesture-debug: motion slot=2 pos=(634,640) t=5084.057s fingers=3
20:55:54 tpc niri[26290]: 2026-09-07T19:55:54.940845Z  INFO niri::input::touch_swipe_tracker: gesture-debug: motion slot=0 pos=(967,566) t=5084.066s fingers=3
20:55:54 tpc niri[26290]: 2026-09-07T19:55:54.940895Z  INFO niri::input::touch_swipe_tracker: gesture-debug: motion slot=1 pos=(807,510) t=5084.066s fingers=3
20:55:54 tpc niri[26290]: 2026-09-07T19:55:54.940924Z  INFO niri::input::touch_swipe_tracker: gesture-debug: motion slot=2 pos=(656,637) t=5084.066s fingers=3
20:55:54 tpc niri[26290]: 2026-09-07T19:55:54.949644Z  INFO niri::input::touch_swipe_tracker: gesture-debug: motion slot=0 pos=(993,567) t=5084.075s fingers=3
20:55:54 tpc niri[26290]: 2026-09-07T19:55:54.949682Z  INFO niri::input::touch_swipe_tracker: gesture-debug: motion slot=1 pos=(831,510) t=5084.075s fingers=3
20:55:54 tpc niri[26290]: 2026-09-07T19:55:54.949698Z  INFO niri::input::touch_swipe_tracker: gesture-debug: motion slot=2 pos=(679,636) t=5084.075s fingers=3
20:55:54 tpc niri[26290]: 2026-09-07T19:55:54.958627Z  INFO niri::input::touch_swipe_tracker: gesture-debug: motion slot=0 pos=(1023,570) t=5084.084s fingers=3
20:55:54 tpc niri[26290]: 2026-09-07T19:55:54.958675Z  INFO niri::input::touch_swipe_tracker: gesture-debug: motion slot=1 pos=(855,510) t=5084.084s fingers=3
20:55:54 tpc niri[26290]: 2026-09-07T19:55:54.958694Z  INFO niri::input::touch_swipe_tracker: gesture-debug: motion slot=2 pos=(702,634) t=5084.084s fingers=3
20:55:54 tpc niri[26290]: 2026-09-07T19:55:54.967653Z  INFO niri::input::touch_swipe_tracker: gesture-debug: motion slot=0 pos=(1053,572) t=5084.093s fingers=3
20:55:54 tpc niri[26290]: 2026-09-07T19:55:54.967692Z  INFO niri::input::touch_swipe_tracker: gesture-debug: motion slot=1 pos=(879,510) t=5084.093s fingers=3
20:55:54 tpc niri[26290]: 2026-09-07T19:55:54.967709Z  INFO niri::input::touch_swipe_tracker: gesture-debug: motion slot=2 pos=(724,633) t=5084.093s fingers=3
20:55:54 tpc niri[26290]: 2026-09-07T19:55:54.977746Z  INFO niri::input::touch_swipe_tracker: gesture-debug: motion slot=0 pos=(1086,575) t=5084.103s fingers=3
20:55:54 tpc niri[26290]: 2026-09-07T19:55:54.977788Z  INFO niri::input::touch_swipe_tracker: gesture-debug: motion slot=1 pos=(904,510) t=5084.103s fingers=3
20:55:54 tpc niri[26290]: 2026-09-07T19:55:54.977805Z  INFO niri::input::touch_swipe_tracker: gesture-debug: motion slot=2 pos=(747,631) t=5084.103s fingers=3
20:55:54 tpc niri[26290]: 2026-09-07T19:55:54.986629Z  INFO niri::input::touch_swipe_tracker: gesture-debug: motion slot=0 pos=(1120,580) t=5084.112s fingers=3
20:55:54 tpc niri[26290]: 2026-09-07T19:55:54.986667Z  INFO niri::input::touch_swipe_tracker: gesture-debug: motion slot=1 pos=(928,511) t=5084.112s fingers=3
20:55:54 tpc niri[26290]: 2026-09-07T19:55:54.986688Z  INFO niri::input::touch_swipe_tracker: gesture-debug: motion slot=2 pos=(771,630) t=5084.112s fingers=3
20:55:54 tpc niri[26290]: 2026-09-07T19:55:54.995692Z  INFO niri::input::touch_swipe_tracker: gesture-debug: motion slot=0 pos=(1155,586) t=5084.121s fingers=3
20:55:54 tpc niri[26290]: 2026-09-07T19:55:54.995733Z  INFO niri::input::touch_swipe_tracker: gesture-debug: motion slot=1 pos=(951,511) t=5084.121s fingers=3
20:55:54 tpc niri[26290]: 2026-09-07T19:55:54.995750Z  INFO niri::input::touch_swipe_tracker: gesture-debug: motion slot=2 pos=(794,629) t=5084.121s fingers=3
20:55:55 tpc niri[26290]: 2026-09-07T19:55:55.004649Z  INFO niri::input::touch_swipe_tracker: gesture-debug: motion slot=0 pos=(1190,592) t=5084.13s fingers=3
20:55:55 tpc niri[26290]: 2026-09-07T19:55:55.004697Z  INFO niri::input::touch_swipe_tracker: gesture-debug: motion slot=1 pos=(974,512) t=5084.13s fingers=3
20:55:55 tpc niri[26290]: 2026-09-07T19:55:55.004714Z  INFO niri::input::touch_swipe_tracker: gesture-debug: motion slot=2 pos=(817,629) t=5084.13s fingers=3
20:55:55 tpc niri[26290]: 2026-09-07T19:55:55.015094Z  INFO niri::input::touch_swipe_tracker: gesture-debug: motion slot=0 pos=(1197,594) t=5084.139s fingers=3
20:55:55 tpc niri[26290]: 2026-09-07T19:55:55.015197Z  INFO niri::input::touch_swipe_tracker: gesture-debug: motion slot=1 pos=(997,514) t=5084.139s fingers=3
20:55:55 tpc niri[26290]: 2026-09-07T19:55:55.015241Z  INFO niri::input::touch_swipe_tracker: gesture-debug: motion slot=2 pos=(840,628) t=5084.139s fingers=3
20:55:55 tpc niri[26290]: 2026-09-07T19:55:55.023240Z  INFO niri::input::touch_swipe_tracker: gesture-debug: motion slot=0 pos=(1199,594) t=5084.148s fingers=3
20:55:55 tpc niri[26290]: 2026-09-07T19:55:55.023285Z  INFO niri::input::touch_swipe_tracker: gesture-debug: motion slot=1 pos=(1020,515) t=5084.148s fingers=3
20:55:55 tpc niri[26290]: 2026-09-07T19:55:55.023319Z  INFO niri::input::touch_swipe_tracker: gesture-debug: motion slot=2 pos=(861,628) t=5084.148s fingers=3
20:55:55 tpc niri[26290]: 2026-09-07T19:55:55.049614Z  INFO niri::input::touch_swipe_tracker: gesture-debug: up slot=0 t=5084.175s fingers=2: tracked finger lifted, ending gesture
20:55:56 tpc niri[26290]: 2026-09-07T19:55:56.120690Z  INFO niri::input::touch_swipe_tracker: gesture-debug: down slot=0 pos=(226,469) t=5085.246604s fingers=1 phase=Idle
20:55:56 tpc niri[26290]: 2026-09-07T19:55:56.120852Z  INFO niri::input::touch_swipe_tracker: gesture-debug: down slot=1 pos=(367,322) t=5085.246604s fingers=2 phase=Idle
20:55:56 tpc niri[26290]: 2026-09-07T19:55:56.120901Z  INFO niri::input::touch_swipe_tracker: gesture-debug: down slot=2 pos=(780,494) t=5085.246604s fingers=3 phase=Idle
20:55:56 tpc niri[26290]: 2026-09-07T19:55:56.120921Z  INFO niri::input::touch_swipe_tracker: gesture-debug: recognizing: tracking 3 of 3 slots (min 3)
20:55:56 tpc niri[26290]: 2026-09-07T19:55:56.120956Z  INFO niri::input: gesture-debug: gesture owns the touch stream (client touches cancelled)
20:55:56 tpc niri[26290]: 2026-09-07T19:55:56.130942Z  INFO niri::input::touch_swipe_tracker: gesture-debug: motion slot=1 pos=(367,331) t=5085.25559s fingers=3
20:55:56 tpc niri[26290]: 2026-09-07T19:55:56.131041Z  INFO niri::input::touch_swipe_tracker: gesture-debug: motion slot=2 pos=(779,502) t=5085.25559s fingers=3
20:55:56 tpc niri[26290]: 2026-09-07T19:55:56.131080Z  INFO niri::input::touch_swipe_tracker: gesture-debug: down slot=3 pos=(541,328) t=5085.25559s fingers=4 phase=Recognizing
20:55:56 tpc niri[26290]: 2026-09-07T19:55:56.131099Z  INFO niri::input::touch_swipe_tracker: gesture-debug: late join: slot=3 now tracking 4 fingers
20:55:56 tpc niri[26290]: 2026-09-07T19:55:56.138701Z  INFO niri::input::touch_swipe_tracker: gesture-debug: motion slot=0 pos=(226,477) t=5085.264649s fingers=4
20:55:56 tpc niri[26290]: 2026-09-07T19:55:56.138738Z  INFO niri::input::touch_swipe_tracker: gesture-debug: motion slot=1 pos=(367,335) t=5085.264649s fingers=4
20:55:56 tpc niri[26290]: 2026-09-07T19:55:56.138751Z  INFO niri::input::touch_swipe_tracker: gesture-debug: motion slot=2 pos=(778,507) t=5085.264649s fingers=4
20:55:56 tpc niri[26290]: 2026-09-07T19:55:56.138763Z  INFO niri::input::touch_swipe_tracker: gesture-debug: motion slot=3 pos=(543,338) t=5085.264649s fingers=4
20:55:56 tpc niri[26290]: 2026-09-07T19:55:56.147738Z  INFO niri::input::touch_swipe_tracker: gesture-debug: motion slot=0 pos=(226,482) t=5085.273637s fingers=4
20:55:56 tpc niri[26290]: 2026-09-07T19:55:56.147802Z  INFO niri::input::touch_swipe_tracker: gesture-debug: motion slot=1 pos=(367,341) t=5085.273637s fingers=4
20:55:56 tpc niri[26290]: 2026-09-07T19:55:56.147816Z  INFO niri::input::touch_swipe_tracker: gesture-debug: motion slot=2 pos=(776,511) t=5085.273637s fingers=4
20:55:56 tpc niri[26290]: 2026-09-07T19:55:56.147829Z  INFO niri::input::touch_swipe_tracker: gesture-debug: motion slot=3 pos=(544,343) t=5085.273637s fingers=4
20:55:56 tpc niri[26290]: 2026-09-07T19:55:56.156739Z  INFO niri::input::touch_swipe_tracker: gesture-debug: motion slot=0 pos=(226,487) t=5085.282644s fingers=4
20:55:56 tpc niri[26290]: 2026-09-07T19:55:56.156775Z  INFO niri::input::touch_swipe_tracker: gesture-debug: recognized: swipe fingers=4 direction=Vertical delta=(-0.2,17.2) t=5085.282644s
20:55:56 tpc niri[26290]: 2026-09-07T19:55:56.156794Z  INFO niri::input: gesture-debug: swipe dispatch: fingers=4 hold=false direction=Vertical discrete=Some(CloseWindow)
20:55:56 tpc niri[26290]: 2026-09-07T19:55:56.156853Z  INFO niri::input::touch_swipe_tracker: gesture-debug: motion slot=1 pos=(367,347) t=5085.282s fingers=4
20:55:56 tpc niri[26290]: 2026-09-07T19:55:56.156886Z  INFO niri::input::touch_swipe_tracker: gesture-debug: motion slot=2 pos=(775,518) t=5085.282s fingers=4
20:55:56 tpc niri[26290]: 2026-09-07T19:55:56.156912Z  INFO niri::input::touch_swipe_tracker: gesture-debug: motion slot=3 pos=(544,347) t=5085.282s fingers=4
20:55:56 tpc niri[26290]: 2026-09-07T19:55:56.166319Z  INFO niri::input::touch_swipe_tracker: gesture-debug: motion slot=0 pos=(226,494) t=5085.291s fingers=4
20:55:56 tpc niri[26290]: 2026-09-07T19:55:56.166428Z  INFO niri::input::touch_swipe_tracker: gesture-debug: motion slot=1 pos=(367,353) t=5085.291s fingers=4
20:55:56 tpc niri[26290]: 2026-09-07T19:55:56.166467Z  INFO niri::input::touch_swipe_tracker: gesture-debug: motion slot=2 pos=(772,524) t=5085.291s fingers=4
20:55:56 tpc niri[26290]: 2026-09-07T19:55:56.166492Z  INFO niri::input::touch_swipe_tracker: gesture-debug: motion slot=3 pos=(545,353) t=5085.291s fingers=4
20:55:56 tpc niri[26290]: 2026-09-07T19:55:56.174779Z  INFO niri::input::touch_swipe_tracker: gesture-debug: motion slot=0 pos=(226,501) t=5085.3s fingers=4
20:55:56 tpc niri[26290]: 2026-09-07T19:55:56.174842Z  INFO niri::input::touch_swipe_tracker: gesture-debug: motion slot=1 pos=(367,361) t=5085.3s fingers=4
20:55:56 tpc niri[26290]: 2026-09-07T19:55:56.174869Z  INFO niri::input::touch_swipe_tracker: gesture-debug: motion slot=2 pos=(770,531) t=5085.3s fingers=4
20:55:56 tpc niri[26290]: 2026-09-07T19:55:56.174893Z  INFO niri::input::touch_swipe_tracker: gesture-debug: motion slot=3 pos=(546,360) t=5085.3s fingers=4
20:55:56 tpc niri[26290]: 2026-09-07T19:55:56.184716Z  INFO niri::input::touch_swipe_tracker: gesture-debug: motion slot=0 pos=(226,510) t=5085.31s fingers=4
20:55:56 tpc niri[26290]: 2026-09-07T19:55:56.184783Z  INFO niri::input::touch_swipe_tracker: gesture-debug: motion slot=1 pos=(367,369) t=5085.31s fingers=4
20:55:56 tpc niri[26290]: 2026-09-07T19:55:56.184820Z  INFO niri::input::touch_swipe_tracker: gesture-debug: motion slot=2 pos=(767,540) t=5085.31s fingers=4
20:55:56 tpc niri[26290]: 2026-09-07T19:55:56.184855Z  INFO niri::input::touch_swipe_tracker: gesture-debug: motion slot=3 pos=(547,367) t=5085.31s fingers=4
20:55:56 tpc niri[26290]: 2026-09-07T19:55:56.194283Z  INFO niri::input::touch_swipe_tracker: gesture-debug: motion slot=0 pos=(226,519) t=5085.319s fingers=4
20:55:56 tpc niri[26290]: 2026-09-07T19:55:56.194386Z  INFO niri::input::touch_swipe_tracker: gesture-debug: motion slot=1 pos=(367,379) t=5085.319s fingers=4
20:55:56 tpc niri[26290]: 2026-09-07T19:55:56.194432Z  INFO niri::input::touch_swipe_tracker: gesture-debug: motion slot=2 pos=(765,547) t=5085.319s fingers=4
20:55:56 tpc niri[26290]: 2026-09-07T19:55:56.194476Z  INFO niri::input::touch_swipe_tracker: gesture-debug: motion slot=3 pos=(547,376) t=5085.319s fingers=4
20:55:56 tpc niri[26290]: 2026-09-07T19:55:56.202786Z  INFO niri::input::touch_swipe_tracker: gesture-debug: motion slot=0 pos=(225,531) t=5085.328s fingers=4
20:55:56 tpc niri[26290]: 2026-09-07T19:55:56.202860Z  INFO niri::input::touch_swipe_tracker: gesture-debug: motion slot=1 pos=(367,388) t=5085.328s fingers=4
20:55:56 tpc niri[26290]: 2026-09-07T19:55:56.202908Z  INFO niri::input::touch_swipe_tracker: gesture-debug: motion slot=2 pos=(762,558) t=5085.328s fingers=4
20:55:56 tpc niri[26290]: 2026-09-07T19:55:56.202976Z  INFO niri::input::touch_swipe_tracker: gesture-debug: motion slot=3 pos=(547,384) t=5085.328s fingers=4
20:55:56 tpc niri[26290]: 2026-09-07T19:55:56.211763Z  INFO niri::input::touch_swipe_tracker: gesture-debug: motion slot=0 pos=(224,542) t=5085.337s fingers=4
20:55:56 tpc niri[26290]: 2026-09-07T19:55:56.211836Z  INFO niri::input::touch_swipe_tracker: gesture-debug: motion slot=1 pos=(367,400) t=5085.337s fingers=4
20:55:56 tpc niri[26290]: 2026-09-07T19:55:56.211884Z  INFO niri::input::touch_swipe_tracker: gesture-debug: motion slot=2 pos=(760,569) t=5085.337s fingers=4
20:55:56 tpc niri[26290]: 2026-09-07T19:55:56.211928Z  INFO niri::input::touch_swipe_tracker: gesture-debug: motion slot=3 pos=(547,394) t=5085.337s fingers=4
20:55:56 tpc niri[26290]: 2026-09-07T19:55:56.220781Z  INFO niri::input::touch_swipe_tracker: gesture-debug: motion slot=0 pos=(224,555) t=5085.346s fingers=4
20:55:56 tpc niri[26290]: 2026-09-07T19:55:56.220839Z  INFO niri::input::touch_swipe_tracker: gesture-debug: motion slot=1 pos=(365,412) t=5085.346s fingers=4
20:55:56 tpc niri[26290]: 2026-09-07T19:55:56.220867Z  INFO niri::input::touch_swipe_tracker: gesture-debug: motion slot=2 pos=(758,581) t=5085.346s fingers=4
20:55:56 tpc niri[26290]: 2026-09-07T19:55:56.220893Z  INFO niri::input::touch_swipe_tracker: gesture-debug: motion slot=3 pos=(547,405) t=5085.346s fingers=4
20:55:56 tpc niri[26290]: 2026-09-07T19:55:56.230840Z  INFO niri::input::touch_swipe_tracker: gesture-debug: motion slot=0 pos=(224,568) t=5085.355s fingers=4
20:55:56 tpc niri[26290]: 2026-09-07T19:55:56.230896Z  INFO niri::input::touch_swipe_tracker: gesture-debug: motion slot=1 pos=(364,425) t=5085.355s fingers=4
20:55:56 tpc niri[26290]: 2026-09-07T19:55:56.230925Z  INFO niri::input::touch_swipe_tracker: gesture-debug: motion slot=2 pos=(756,594) t=5085.355s fingers=4
20:55:56 tpc niri[26290]: 2026-09-07T19:55:56.230969Z  INFO niri::input::touch_swipe_tracker: gesture-debug: motion slot=3 pos=(547,417) t=5085.355s fingers=4
20:55:56 tpc niri[26290]: 2026-09-07T19:55:56.238750Z  INFO niri::input::touch_swipe_tracker: gesture-debug: motion slot=0 pos=(224,583) t=5085.364s fingers=4
20:55:56 tpc niri[26290]: 2026-09-07T19:55:56.238826Z  INFO niri::input::touch_swipe_tracker: gesture-debug: motion slot=1 pos=(364,439) t=5085.364s fingers=4
20:55:56 tpc niri[26290]: 2026-09-07T19:55:56.238882Z  INFO niri::input::touch_swipe_tracker: gesture-debug: motion slot=2 pos=(754,608) t=5085.364s fingers=4
20:55:56 tpc niri[26290]: 2026-09-07T19:55:56.238934Z  INFO niri::input::touch_swipe_tracker: gesture-debug: motion slot=3 pos=(547,429) t=5085.364s fingers=4
20:55:56 tpc niri[26290]: 2026-09-07T19:55:56.247719Z  INFO niri::input::touch_swipe_tracker: gesture-debug: motion slot=0 pos=(224,598) t=5085.373s fingers=4
20:55:56 tpc niri[26290]: 2026-09-07T19:55:56.247786Z  INFO niri::input::touch_swipe_tracker: gesture-debug: motion slot=1 pos=(363,454) t=5085.373s fingers=4
20:55:56 tpc niri[26290]: 2026-09-07T19:55:56.247831Z  INFO niri::input::touch_swipe_tracker: gesture-debug: motion slot=2 pos=(751,624) t=5085.373s fingers=4
20:55:56 tpc niri[26290]: 2026-09-07T19:55:56.247881Z  INFO niri::input::touch_swipe_tracker: gesture-debug: motion slot=3 pos=(547,442) t=5085.373s fingers=4
20:55:56 tpc niri[26290]: 2026-09-07T19:55:56.257764Z  INFO niri::input::touch_swipe_tracker: gesture-debug: motion slot=0 pos=(224,615) t=5085.383s fingers=4
20:55:56 tpc niri[26290]: 2026-09-07T19:55:56.257822Z  INFO niri::input::touch_swipe_tracker: gesture-debug: motion slot=1 pos=(362,470) t=5085.383s fingers=4
20:55:56 tpc niri[26290]: 2026-09-07T19:55:56.257851Z  INFO niri::input::touch_swipe_tracker: gesture-debug: motion slot=2 pos=(749,641) t=5085.383s fingers=4
20:55:56 tpc niri[26290]: 2026-09-07T19:55:56.257876Z  INFO niri::input::touch_swipe_tracker: gesture-debug: motion slot=3 pos=(547,457) t=5085.383s fingers=4
20:55:56 tpc niri[26290]: 2026-09-07T19:55:56.266734Z  INFO niri::input::touch_swipe_tracker: gesture-debug: motion slot=0 pos=(224,633) t=5085.392s fingers=4
20:55:56 tpc niri[26290]: 2026-09-07T19:55:56.266783Z  INFO niri::input::touch_swipe_tracker: gesture-debug: motion slot=1 pos=(361,487) t=5085.392s fingers=4
20:55:56 tpc niri[26290]: 2026-09-07T19:55:56.266809Z  INFO niri::input::touch_swipe_tracker: gesture-debug: motion slot=2 pos=(746,660) t=5085.392s fingers=4
20:55:56 tpc niri[26290]: 2026-09-07T19:55:56.266832Z  INFO niri::input::touch_swipe_tracker: gesture-debug: motion slot=3 pos=(547,472) t=5085.392s fingers=4
20:55:56 tpc niri[26290]: 2026-09-07T19:55:56.275748Z  INFO niri::input::touch_swipe_tracker: gesture-debug: motion slot=0 pos=(224,652) t=5085.401s fingers=4
20:55:56 tpc niri[26290]: 2026-09-07T19:55:56.275825Z  INFO niri::input::touch_swipe_tracker: gesture-debug: motion slot=1 pos=(360,506) t=5085.401s fingers=4
20:55:56 tpc niri[26290]: 2026-09-07T19:55:56.275876Z  INFO niri::input::touch_swipe_tracker: gesture-debug: motion slot=2 pos=(743,680) t=5085.401s fingers=4
20:55:56 tpc niri[26290]: 2026-09-07T19:55:56.275919Z  INFO niri::input::touch_swipe_tracker: gesture-debug: motion slot=3 pos=(547,488) t=5085.401s fingers=4
20:55:56 tpc niri[26290]: 2026-09-07T19:55:56.284867Z  INFO niri::input::touch_swipe_tracker: gesture-debug: motion slot=0 pos=(224,672) t=5085.41s fingers=4
20:55:56 tpc niri[26290]: 2026-09-07T19:55:56.284961Z  INFO niri::input::touch_swipe_tracker: gesture-debug: motion slot=1 pos=(359,525) t=5085.41s fingers=4
20:55:56 tpc niri[26290]: 2026-09-07T19:55:56.285038Z  INFO niri::input::touch_swipe_tracker: gesture-debug: motion slot=2 pos=(739,701) t=5085.41s fingers=4
20:55:56 tpc niri[26290]: 2026-09-07T19:55:56.285102Z  INFO niri::input::touch_swipe_tracker: gesture-debug: motion slot=3 pos=(546,506) t=5085.41s fingers=4
20:55:56 tpc niri[26290]: 2026-09-07T19:55:56.294461Z  INFO niri::input::touch_swipe_tracker: gesture-debug: motion slot=0 pos=(224,694) t=5085.419s fingers=4
20:55:56 tpc niri[26290]: 2026-09-07T19:55:56.294527Z  INFO niri::input::touch_swipe_tracker: gesture-debug: motion slot=1 pos=(357,544) t=5085.419s fingers=4
20:55:56 tpc niri[26290]: 2026-09-07T19:55:56.294574Z  INFO niri::input::touch_swipe_tracker: gesture-debug: motion slot=2 pos=(734,724) t=5085.419s fingers=4
20:55:56 tpc niri[26290]: 2026-09-07T19:55:56.294600Z  INFO niri::input::touch_swipe_tracker: gesture-debug: motion slot=3 pos=(545,524) t=5085.419s fingers=4
20:55:56 tpc niri[26290]: 2026-09-07T19:55:56.302787Z  INFO niri::input::touch_swipe_tracker: gesture-debug: motion slot=0 pos=(224,716) t=5085.428s fingers=4
20:55:56 tpc niri[26290]: 2026-09-07T19:55:56.302843Z  INFO niri::input::touch_swipe_tracker: gesture-debug: motion slot=1 pos=(355,565) t=5085.428s fingers=4
20:55:56 tpc niri[26290]: 2026-09-07T19:55:56.302871Z  INFO niri::input::touch_swipe_tracker: gesture-debug: motion slot=2 pos=(734,725) t=5085.428s fingers=4
20:55:56 tpc niri[26290]: 2026-09-07T19:55:56.302897Z  INFO niri::input::touch_swipe_tracker: gesture-debug: motion slot=3 pos=(544,543) t=5085.428s fingers=4
20:55:56 tpc niri[26290]: 2026-09-07T19:55:56.311790Z  INFO niri::input::touch_swipe_tracker: gesture-debug: motion slot=1 pos=(354,587) t=5085.437s fingers=4
20:55:56 tpc niri[26290]: 2026-09-07T19:55:56.311849Z  INFO niri::input::touch_swipe_tracker: gesture-debug: motion slot=3 pos=(543,563) t=5085.437s fingers=4
20:55:56 tpc niri[26290]: 2026-09-07T19:55:56.320780Z  INFO niri::input::touch_swipe_tracker: gesture-debug: motion slot=3 pos=(540,585) t=5085.446s fingers=4
20:55:56 tpc niri[26290]: 2026-09-07T19:55:56.331356Z  INFO niri::input::touch_swipe_tracker: gesture-debug: motion slot=3 pos=(537,608) t=5085.455s fingers=4
20:55:56 tpc niri[26290]: 2026-09-07T19:55:56.338736Z  INFO niri::input::touch_swipe_tracker: gesture-debug: up slot=2 t=5085.464s fingers=3: tracked finger lifted, ending gesture
20:55:56 tpc niri[26290]: 2026-09-07T19:55:56.338767Z  INFO niri::input: gesture-debug: discrete gesture completed, action=CloseWindow
20:55:57 tpc niri[26290]: 2026-09-07T19:55:57.354770Z  INFO niri::input::touch_swipe_tracker: gesture-debug: down slot=0 pos=(647,661) t=5086.480673s fingers=1 phase=Idle
20:55:57 tpc niri[26290]: 2026-09-07T19:55:57.355130Z  INFO niri::input::touch_swipe_tracker: gesture-debug: down slot=1 pos=(791,687) t=5086.480673s fingers=2 phase=Idle
20:55:57 tpc niri[26290]: 2026-09-07T19:55:57.372819Z  INFO niri::input::touch_swipe_tracker: gesture-debug: down slot=2 pos=(997,758) t=5086.498685s fingers=3 phase=Idle
20:55:57 tpc niri[26290]: 2026-09-07T19:55:57.372924Z  INFO niri::input::touch_swipe_tracker: gesture-debug: recognizing: tracking 3 of 3 slots (min 3)
20:55:57 tpc niri[26290]: 2026-09-07T19:55:57.372978Z  INFO niri::input: gesture-debug: gesture owns the touch stream (client touches cancelled)
20:55:57 tpc niri[26290]: 2026-09-07T19:55:57.373071Z  INFO niri::input::touch_swipe_tracker: gesture-debug: down slot=3 pos=(501,780) t=5086.498685s fingers=4 phase=Recognizing
20:55:57 tpc niri[26290]: 2026-09-07T19:55:57.373089Z  INFO niri::input::touch_swipe_tracker: gesture-debug: late join: slot=3 now tracking 4 fingers
20:55:57 tpc niri[26290]: 2026-09-07T19:55:57.427665Z  INFO niri::input::touch_swipe_tracker: gesture-debug: motion slot=2 pos=(1001,745) t=5086.553603s fingers=4
20:55:57 tpc niri[26290]: 2026-09-07T19:55:57.436698Z  INFO niri::input::touch_swipe_tracker: gesture-debug: motion slot=2 pos=(1005,737) t=5086.562633s fingers=4
20:55:57 tpc niri[26290]: 2026-09-07T19:55:57.463625Z  INFO niri::input::touch_swipe_tracker: gesture-debug: motion slot=3 pos=(497,776) t=5086.589621s fingers=4
20:55:57 tpc niri[26290]: 2026-09-07T19:55:57.472665Z  INFO niri::input::touch_swipe_tracker: gesture-debug: motion slot=2 pos=(1014,698) t=5086.598623s fingers=4
20:55:57 tpc niri[26290]: 2026-09-07T19:55:57.472685Z  INFO niri::input::touch_swipe_tracker: gesture-debug: recognized: swipe fingers=4 direction=Vertical delta=(3.2,-16.0) t=5086.598623s
20:55:57 tpc niri[26290]: 2026-09-07T19:55:57.472694Z  INFO niri::input: gesture-debug: swipe dispatch: fingers=4 hold=false direction=Vertical discrete=Some(SpawnSh("~/.local/bin/niri-osk.sh"))
20:55:57 tpc niri[26290]: 2026-09-07T19:55:57.481663Z  INFO niri::input::touch_swipe_tracker: gesture-debug: motion slot=2 pos=(1016,682) t=5086.607s fingers=4
20:55:57 tpc niri[26290]: 2026-09-07T19:55:57.481695Z  INFO niri::input::touch_swipe_tracker: gesture-debug: motion slot=3 pos=(496,774) t=5086.607s fingers=4
20:55:57 tpc niri[26290]: 2026-09-07T19:55:57.491699Z  INFO niri::input::touch_swipe_tracker: gesture-debug: motion slot=2 pos=(1018,671) t=5086.617s fingers=4
20:55:57 tpc niri[26290]: 2026-09-07T19:55:57.491735Z  INFO niri::input::touch_swipe_tracker: gesture-debug: motion slot=3 pos=(495,772) t=5086.617s fingers=4
20:55:57 tpc niri[26290]: 2026-09-07T19:55:57.500644Z  INFO niri::input::touch_swipe_tracker: gesture-debug: motion slot=2 pos=(1019,663) t=5086.626s fingers=4
20:55:57 tpc niri[26290]: 2026-09-07T19:55:57.500671Z  INFO niri::input::touch_swipe_tracker: gesture-debug: motion slot=3 pos=(494,770) t=5086.626s fingers=4
20:55:57 tpc niri[26290]: 2026-09-07T19:55:57.509667Z  INFO niri::input::touch_swipe_tracker: gesture-debug: motion slot=0 pos=(647,653) t=5086.635s fingers=4
20:55:57 tpc niri[26290]: 2026-09-07T19:55:57.509700Z  INFO niri::input::touch_swipe_tracker: gesture-debug: motion slot=2 pos=(1019,657) t=5086.635s fingers=4
20:55:57 tpc niri[26290]: 2026-09-07T19:55:57.509712Z  INFO niri::input::touch_swipe_tracker: gesture-debug: motion slot=3 pos=(494,767) t=5086.635s fingers=4
20:55:57 tpc niri[26290]: 2026-09-07T19:55:57.518640Z  INFO niri::input::touch_swipe_tracker: gesture-debug: motion slot=0 pos=(647,649) t=5086.644s fingers=4
20:55:57 tpc niri[26290]: 2026-09-07T19:55:57.518672Z  INFO niri::input::touch_swipe_tracker: gesture-debug: motion slot=1 pos=(791,679) t=5086.644s fingers=4
20:55:57 tpc niri[26290]: 2026-09-07T19:55:57.518684Z  INFO niri::input::touch_swipe_tracker: gesture-debug: motion slot=2 pos=(1019,651) t=5086.644s fingers=4
20:55:57 tpc niri[26290]: 2026-09-07T19:55:57.518693Z  INFO niri::input::touch_swipe_tracker: gesture-debug: motion slot=3 pos=(494,763) t=5086.644s fingers=4
20:55:57 tpc niri[26290]: 2026-09-07T19:55:57.527694Z  INFO niri::input::touch_swipe_tracker: gesture-debug: motion slot=0 pos=(647,645) t=5086.653s fingers=4
20:55:57 tpc niri[26290]: 2026-09-07T19:55:57.527722Z  INFO niri::input::touch_swipe_tracker: gesture-debug: motion slot=1 pos=(791,674) t=5086.653s fingers=4
20:55:57 tpc niri[26290]: 2026-09-07T19:55:57.527735Z  INFO niri::input::touch_swipe_tracker: gesture-debug: motion slot=2 pos=(1019,646) t=5086.653s fingers=4
20:55:57 tpc niri[26290]: 2026-09-07T19:55:57.527745Z  INFO niri::input::touch_swipe_tracker: gesture-debug: motion slot=3 pos=(493,758) t=5086.653s fingers=4
20:55:57 tpc niri[26290]: 2026-09-07T19:55:57.536646Z  INFO niri::input::touch_swipe_tracker: gesture-debug: motion slot=0 pos=(647,639) t=5086.662s fingers=4
20:55:57 tpc niri[26290]: 2026-09-07T19:55:57.536686Z  INFO niri::input::touch_swipe_tracker: gesture-debug: motion slot=1 pos=(791,669) t=5086.662s fingers=4
20:55:57 tpc niri[26290]: 2026-09-07T19:55:57.536699Z  INFO niri::input::touch_swipe_tracker: gesture-debug: motion slot=2 pos=(1019,642) t=5086.662s fingers=4
20:55:57 tpc niri[26290]: 2026-09-07T19:55:57.536710Z  INFO niri::input::touch_swipe_tracker: gesture-debug: motion slot=3 pos=(493,752) t=5086.662s fingers=4
20:55:57 tpc niri[26290]: 2026-09-07T19:55:57.545664Z  INFO niri::input::touch_swipe_tracker: gesture-debug: motion slot=0 pos=(647,633) t=5086.671s fingers=4
20:55:57 tpc niri[26290]: 2026-09-07T19:55:57.545702Z  INFO niri::input::touch_swipe_tracker: gesture-debug: motion slot=1 pos=(791,662) t=5086.671s fingers=4
20:55:57 tpc niri[26290]: 2026-09-07T19:55:57.545715Z  INFO niri::input::touch_swipe_tracker: gesture-debug: motion slot=2 pos=(1017,637) t=5086.671s fingers=4
20:55:57 tpc niri[26290]: 2026-09-07T19:55:57.545727Z  INFO niri::input::touch_swipe_tracker: gesture-debug: motion slot=3 pos=(493,746) t=5086.671s fingers=4
20:55:57 tpc niri[26290]: 2026-09-07T19:55:57.554648Z  INFO niri::input::touch_swipe_tracker: gesture-debug: motion slot=0 pos=(647,625) t=5086.68s fingers=4
20:55:57 tpc niri[26290]: 2026-09-07T19:55:57.554693Z  INFO niri::input::touch_swipe_tracker: gesture-debug: motion slot=1 pos=(791,655) t=5086.68s fingers=4
20:55:57 tpc niri[26290]: 2026-09-07T19:55:57.554719Z  INFO niri::input::touch_swipe_tracker: gesture-debug: motion slot=2 pos=(1014,632) t=5086.68s fingers=4
20:55:57 tpc niri[26290]: 2026-09-07T19:55:57.554738Z  INFO niri::input::touch_swipe_tracker: gesture-debug: motion slot=3 pos=(493,738) t=5086.68s fingers=4
20:55:57 tpc niri[26290]: 2026-09-07T19:55:57.564644Z  INFO niri::input::touch_swipe_tracker: gesture-debug: motion slot=0 pos=(647,617) t=5086.69s fingers=4
20:55:57 tpc niri[26290]: 2026-09-07T19:55:57.564672Z  INFO niri::input::touch_swipe_tracker: gesture-debug: motion slot=1 pos=(791,647) t=5086.69s fingers=4
20:55:57 tpc niri[26290]: 2026-09-07T19:55:57.564685Z  INFO niri::input::touch_swipe_tracker: gesture-debug: motion slot=2 pos=(1012,625) t=5086.69s fingers=4
20:55:57 tpc niri[26290]: 2026-09-07T19:55:57.564697Z  INFO niri::input::touch_swipe_tracker: gesture-debug: motion slot=3 pos=(493,730) t=5086.69s fingers=4
20:55:57 tpc niri[26290]: 2026-09-07T19:55:57.573659Z  INFO niri::input::touch_swipe_tracker: gesture-debug: motion slot=0 pos=(648,608) t=5086.699s fingers=4
20:55:57 tpc niri[26290]: 2026-09-07T19:55:57.573691Z  INFO niri::input::touch_swipe_tracker: gesture-debug: motion slot=1 pos=(791,638) t=5086.699s fingers=4
20:55:57 tpc niri[26290]: 2026-09-07T19:55:57.573704Z  INFO niri::input::touch_swipe_tracker: gesture-debug: motion slot=2 pos=(1010,617) t=5086.699s fingers=4
20:55:57 tpc niri[26290]: 2026-09-07T19:55:57.573715Z  INFO niri::input::touch_swipe_tracker: gesture-debug: motion slot=3 pos=(493,720) t=5086.699s fingers=4
20:55:57 tpc niri[26290]: 2026-09-07T19:55:57.582648Z  INFO niri::input::touch_swipe_tracker: gesture-debug: motion slot=0 pos=(649,599) t=5086.708s fingers=4
20:55:57 tpc niri[26290]: 2026-09-07T19:55:57.582679Z  INFO niri::input::touch_swipe_tracker: gesture-debug: motion slot=1 pos=(792,629) t=5086.708s fingers=4
20:55:57 tpc niri[26290]: 2026-09-07T19:55:57.582691Z  INFO niri::input::touch_swipe_tracker: gesture-debug: motion slot=2 pos=(1007,608) t=5086.708s fingers=4
20:55:57 tpc niri[26290]: 2026-09-07T19:55:57.582703Z  INFO niri::input::touch_swipe_tracker: gesture-debug: motion slot=3 pos=(493,710) t=5086.708s fingers=4
20:55:57 tpc niri[26290]: 2026-09-07T19:55:57.591649Z  INFO niri::input::touch_swipe_tracker: gesture-debug: motion slot=0 pos=(650,588) t=5086.717s fingers=4
20:55:57 tpc niri[26290]: 2026-09-07T19:55:57.591682Z  INFO niri::input::touch_swipe_tracker: gesture-debug: motion slot=1 pos=(792,618) t=5086.717s fingers=4
20:55:57 tpc niri[26290]: 2026-09-07T19:55:57.591693Z  INFO niri::input::touch_swipe_tracker: gesture-debug: motion slot=2 pos=(1006,598) t=5086.717s fingers=4
20:55:57 tpc niri[26290]: 2026-09-07T19:55:57.591703Z  INFO niri::input::touch_swipe_tracker: gesture-debug: motion slot=3 pos=(493,699) t=5086.717s fingers=4
20:55:57 tpc niri[26290]: 2026-09-07T19:55:57.600635Z  INFO niri::input::touch_swipe_tracker: gesture-debug: motion slot=0 pos=(651,577) t=5086.726s fingers=4
20:55:57 tpc niri[26290]: 2026-09-07T19:55:57.600662Z  INFO niri::input::touch_swipe_tracker: gesture-debug: motion slot=1 pos=(793,607) t=5086.726s fingers=4
20:55:57 tpc niri[26290]: 2026-09-07T19:55:57.600673Z  INFO niri::input::touch_swipe_tracker: gesture-debug: motion slot=2 pos=(1005,585) t=5086.726s fingers=4
20:55:57 tpc niri[26290]: 2026-09-07T19:55:57.600682Z  INFO niri::input::touch_swipe_tracker: gesture-debug: motion slot=3 pos=(493,688) t=5086.726s fingers=4
20:55:57 tpc niri[26290]: 2026-09-07T19:55:57.609645Z  INFO niri::input::touch_swipe_tracker: gesture-debug: motion slot=0 pos=(653,565) t=5086.735s fingers=4
20:55:57 tpc niri[26290]: 2026-09-07T19:55:57.609674Z  INFO niri::input::touch_swipe_tracker: gesture-debug: motion slot=1 pos=(794,595) t=5086.735s fingers=4
20:55:57 tpc niri[26290]: 2026-09-07T19:55:57.609685Z  INFO niri::input::touch_swipe_tracker: gesture-debug: motion slot=2 pos=(1005,571) t=5086.735s fingers=4
20:55:57 tpc niri[26290]: 2026-09-07T19:55:57.609695Z  INFO niri::input::touch_swipe_tracker: gesture-debug: motion slot=3 pos=(494,675) t=5086.735s fingers=4
20:55:57 tpc niri[26290]: 2026-09-07T19:55:57.618665Z  INFO niri::input::touch_swipe_tracker: gesture-debug: motion slot=0 pos=(655,552) t=5086.744s fingers=4
20:55:57 tpc niri[26290]: 2026-09-07T19:55:57.618704Z  INFO niri::input::touch_swipe_tracker: gesture-debug: motion slot=1 pos=(796,581) t=5086.744s fingers=4
20:55:57 tpc niri[26290]: 2026-09-07T19:55:57.618722Z  INFO niri::input::touch_swipe_tracker: gesture-debug: motion slot=2 pos=(1005,558) t=5086.744s fingers=4
20:55:57 tpc niri[26290]: 2026-09-07T19:55:57.618740Z  INFO niri::input::touch_swipe_tracker: gesture-debug: motion slot=3 pos=(495,661) t=5086.744s fingers=4
20:55:57 tpc niri[26290]: 2026-09-07T19:55:57.627638Z  INFO niri::input::touch_swipe_tracker: gesture-debug: motion slot=0 pos=(656,539) t=5086.753s fingers=4
20:55:57 tpc niri[26290]: 2026-09-07T19:55:57.627665Z  INFO niri::input::touch_swipe_tracker: gesture-debug: motion slot=1 pos=(797,567) t=5086.753s fingers=4
20:55:57 tpc niri[26290]: 2026-09-07T19:55:57.627675Z  INFO niri::input::touch_swipe_tracker: gesture-debug: motion slot=2 pos=(1005,543) t=5086.753s fingers=4
20:55:57 tpc niri[26290]: 2026-09-07T19:55:57.627685Z  INFO niri::input::touch_swipe_tracker: gesture-debug: motion slot=3 pos=(496,647) t=5086.753s fingers=4
20:55:57 tpc niri[26290]: 2026-09-07T19:55:57.636640Z  INFO niri::input::touch_swipe_tracker: gesture-debug: motion slot=0 pos=(658,524) t=5086.762s fingers=4
20:55:57 tpc niri[26290]: 2026-09-07T19:55:57.636673Z  INFO niri::input::touch_swipe_tracker: gesture-debug: motion slot=1 pos=(799,551) t=5086.762s fingers=4
20:55:57 tpc niri[26290]: 2026-09-07T19:55:57.636692Z  INFO niri::input::touch_swipe_tracker: gesture-debug: motion slot=2 pos=(1005,529) t=5086.762s fingers=4
20:55:57 tpc niri[26290]: 2026-09-07T19:55:57.636710Z  INFO niri::input::touch_swipe_tracker: gesture-debug: motion slot=3 pos=(497,633) t=5086.762s fingers=4
20:55:57 tpc niri[26290]: 2026-09-07T19:55:57.646637Z  INFO niri::input::touch_swipe_tracker: gesture-debug: motion slot=0 pos=(660,509) t=5086.772s fingers=4
20:55:57 tpc niri[26290]: 2026-09-07T19:55:57.646668Z  INFO niri::input::touch_swipe_tracker: gesture-debug: motion slot=1 pos=(801,536) t=5086.772s fingers=4
20:55:57 tpc niri[26290]: 2026-09-07T19:55:57.646685Z  INFO niri::input::touch_swipe_tracker: gesture-debug: motion slot=2 pos=(1005,515) t=5086.772s fingers=4
20:55:57 tpc niri[26290]: 2026-09-07T19:55:57.646698Z  INFO niri::input::touch_swipe_tracker: gesture-debug: motion slot=3 pos=(497,616) t=5086.772s fingers=4
20:55:57 tpc niri[26290]: 2026-09-07T19:55:57.655638Z  INFO niri::input::touch_swipe_tracker: gesture-debug: motion slot=0 pos=(661,493) t=5086.781s fingers=4
20:55:57 tpc niri[26290]: 2026-09-07T19:55:57.655672Z  INFO niri::input::touch_swipe_tracker: gesture-debug: motion slot=1 pos=(801,519) t=5086.781s fingers=4
20:55:57 tpc niri[26290]: 2026-09-07T19:55:57.655683Z  INFO niri::input::touch_swipe_tracker: gesture-debug: motion slot=2 pos=(1005,500) t=5086.781s fingers=4
20:55:57 tpc niri[26290]: 2026-09-07T19:55:57.655693Z  INFO niri::input::touch_swipe_tracker: gesture-debug: motion slot=3 pos=(498,600) t=5086.781s fingers=4
20:55:57 tpc niri[26290]: 2026-09-07T19:55:57.664711Z  INFO niri::input::touch_swipe_tracker: gesture-debug: motion slot=0 pos=(663,477) t=5086.79s fingers=4
20:55:57 tpc niri[26290]: 2026-09-07T19:55:57.664738Z  INFO niri::input::touch_swipe_tracker: gesture-debug: motion slot=1 pos=(802,502) t=5086.79s fingers=4
20:55:57 tpc niri[26290]: 2026-09-07T19:55:57.664750Z  INFO niri::input::touch_swipe_tracker: gesture-debug: motion slot=2 pos=(1004,486) t=5086.79s fingers=4
20:55:57 tpc niri[26290]: 2026-09-07T19:55:57.664760Z  INFO niri::input::touch_swipe_tracker: gesture-debug: motion slot=3 pos=(498,584) t=5086.79s fingers=4
20:55:57 tpc niri[26290]: 2026-09-07T19:55:57.673664Z  INFO niri::input::touch_swipe_tracker: gesture-debug: motion slot=0 pos=(664,460) t=5086.799s fingers=4
20:55:57 tpc niri[26290]: 2026-09-07T19:55:57.673693Z  INFO niri::input::touch_swipe_tracker: gesture-debug: motion slot=1 pos=(803,483) t=5086.799s fingers=4
20:55:57 tpc niri[26290]: 2026-09-07T19:55:57.673706Z  INFO niri::input::touch_swipe_tracker: gesture-debug: motion slot=2 pos=(1003,471) t=5086.799s fingers=4
20:55:57 tpc niri[26290]: 2026-09-07T19:55:57.673717Z  INFO niri::input::touch_swipe_tracker: gesture-debug: motion slot=3 pos=(498,567) t=5086.799s fingers=4
20:55:57 tpc niri[26290]: 2026-09-07T19:55:57.682671Z  INFO niri::input::touch_swipe_tracker: gesture-debug: motion slot=0 pos=(664,443) t=5086.808s fingers=4
20:55:57 tpc niri[26290]: 2026-09-07T19:55:57.682702Z  INFO niri::input::touch_swipe_tracker: gesture-debug: motion slot=1 pos=(803,465) t=5086.808s fingers=4
20:55:57 tpc niri[26290]: 2026-09-07T19:55:57.682728Z  INFO niri::input::touch_swipe_tracker: gesture-debug: motion slot=2 pos=(1002,457) t=5086.808s fingers=4
20:55:57 tpc niri[26290]: 2026-09-07T19:55:57.682749Z  INFO niri::input::touch_swipe_tracker: gesture-debug: motion slot=3 pos=(498,551) t=5086.808s fingers=4
20:55:57 tpc niri[26290]: 2026-09-07T19:55:57.691665Z  INFO niri::input::touch_swipe_tracker: gesture-debug: motion slot=0 pos=(665,425) t=5086.817s fingers=4
20:55:57 tpc niri[26290]: 2026-09-07T19:55:57.691716Z  INFO niri::input::touch_swipe_tracker: gesture-debug: motion slot=1 pos=(803,445) t=5086.817s fingers=4
20:55:57 tpc niri[26290]: 2026-09-07T19:55:57.691740Z  INFO niri::input::touch_swipe_tracker: gesture-debug: motion slot=2 pos=(1001,442) t=5086.817s fingers=4
20:55:57 tpc niri[26290]: 2026-09-07T19:55:57.691759Z  INFO niri::input::touch_swipe_tracker: gesture-debug: motion slot=3 pos=(499,534) t=5086.817s fingers=4
20:55:57 tpc niri[26290]: 2026-09-07T19:55:57.700766Z  INFO niri::input::touch_swipe_tracker: gesture-debug: motion slot=0 pos=(665,408) t=5086.826s fingers=4
20:55:57 tpc niri[26290]: 2026-09-07T19:55:57.700802Z  INFO niri::input::touch_swipe_tracker: gesture-debug: motion slot=1 pos=(803,426) t=5086.826s fingers=4
20:55:57 tpc niri[26290]: 2026-09-07T19:55:57.700816Z  INFO niri::input::touch_swipe_tracker: gesture-debug: motion slot=2 pos=(1001,428) t=5086.826s fingers=4
20:55:57 tpc niri[26290]: 2026-09-07T19:55:57.700828Z  INFO niri::input::touch_swipe_tracker: gesture-debug: motion slot=3 pos=(500,515) t=5086.826s fingers=4
20:55:57 tpc niri[26290]: 2026-09-07T19:55:57.709695Z  INFO niri::input::touch_swipe_tracker: gesture-debug: motion slot=0 pos=(665,390) t=5086.835s fingers=4
20:55:57 tpc niri[26290]: 2026-09-07T19:55:57.709741Z  INFO niri::input::touch_swipe_tracker: gesture-debug: motion slot=1 pos=(803,407) t=5086.835s fingers=4
20:55:57 tpc niri[26290]: 2026-09-07T19:55:57.709763Z  INFO niri::input::touch_swipe_tracker: gesture-debug: motion slot=2 pos=(1000,413) t=5086.835s fingers=4
20:55:57 tpc niri[26290]: 2026-09-07T19:55:57.709784Z  INFO niri::input::touch_swipe_tracker: gesture-debug: motion slot=3 pos=(501,497) t=5086.835s fingers=4
20:55:57 tpc niri[26290]: 2026-09-07T19:55:57.719678Z  INFO niri::input::touch_swipe_tracker: gesture-debug: motion slot=0 pos=(665,372) t=5086.845s fingers=4
20:55:57 tpc niri[26290]: 2026-09-07T19:55:57.719717Z  INFO niri::input::touch_swipe_tracker: gesture-debug: motion slot=1 pos=(803,387) t=5086.845s fingers=4
20:55:57 tpc niri[26290]: 2026-09-07T19:55:57.719739Z  INFO niri::input::touch_swipe_tracker: gesture-debug: motion slot=2 pos=(999,396) t=5086.845s fingers=4
20:55:57 tpc niri[26290]: 2026-09-07T19:55:57.719761Z  INFO niri::input::touch_swipe_tracker: gesture-debug: motion slot=3 pos=(502,478) t=5086.845s fingers=4
20:55:57 tpc niri[26290]: 2026-09-07T19:55:57.728682Z  INFO niri::input::touch_swipe_tracker: gesture-debug: motion slot=0 pos=(666,352) t=5086.854s fingers=4
20:55:57 tpc niri[26290]: 2026-09-07T19:55:57.728723Z  INFO niri::input::touch_swipe_tracker: gesture-debug: motion slot=1 pos=(803,366) t=5086.854s fingers=4
20:55:57 tpc niri[26290]: 2026-09-07T19:55:57.728745Z  INFO niri::input::touch_swipe_tracker: gesture-debug: motion slot=2 pos=(999,380) t=5086.854s fingers=4
20:55:57 tpc niri[26290]: 2026-09-07T19:55:57.728766Z  INFO niri::input::touch_swipe_tracker: gesture-debug: motion slot=3 pos=(504,458) t=5086.854s fingers=4
20:55:57 tpc niri[26290]: 2026-09-07T19:55:57.737744Z  INFO niri::input::touch_swipe_tracker: gesture-debug: motion slot=0 pos=(667,332) t=5086.863s fingers=4
20:55:57 tpc niri[26290]: 2026-09-07T19:55:57.737778Z  INFO niri::input::touch_swipe_tracker: gesture-debug: motion slot=1 pos=(803,345) t=5086.863s fingers=4
20:55:57 tpc niri[26290]: 2026-09-07T19:55:57.737793Z  INFO niri::input::touch_swipe_tracker: gesture-debug: motion slot=2 pos=(999,364) t=5086.863s fingers=4
20:55:57 tpc niri[26290]: 2026-09-07T19:55:57.737806Z  INFO niri::input::touch_swipe_tracker: gesture-debug: motion slot=3 pos=(506,437) t=5086.863s fingers=4
20:55:57 tpc niri[26290]: 2026-09-07T19:55:57.746920Z  INFO niri::input::touch_swipe_tracker: gesture-debug: motion slot=0 pos=(668,311) t=5086.872s fingers=4
20:55:57 tpc niri[26290]: 2026-09-07T19:55:57.746981Z  INFO niri::input::touch_swipe_tracker: gesture-debug: motion slot=1 pos=(804,323) t=5086.872s fingers=4
20:55:57 tpc niri[26290]: 2026-09-07T19:55:57.747004Z  INFO niri::input::touch_swipe_tracker: gesture-debug: motion slot=2 pos=(1000,347) t=5086.872s fingers=4
20:55:57 tpc niri[26290]: 2026-09-07T19:55:57.747023Z  INFO niri::input::touch_swipe_tracker: gesture-debug: motion slot=3 pos=(510,417) t=5086.872s fingers=4
20:55:57 tpc niri[26290]: 2026-09-07T19:55:57.755665Z  INFO niri::input::touch_swipe_tracker: gesture-debug: motion slot=0 pos=(670,290) t=5086.881s fingers=4
20:55:57 tpc niri[26290]: 2026-09-07T19:55:57.755705Z  INFO niri::input::touch_swipe_tracker: gesture-debug: motion slot=1 pos=(805,301) t=5086.881s fingers=4
20:55:57 tpc niri[26290]: 2026-09-07T19:55:57.755726Z  INFO niri::input::touch_swipe_tracker: gesture-debug: motion slot=2 pos=(1001,331) t=5086.881s fingers=4
20:55:57 tpc niri[26290]: 2026-09-07T19:55:57.755744Z  INFO niri::input::touch_swipe_tracker: gesture-debug: motion slot=3 pos=(513,396) t=5086.881s fingers=4
20:55:57 tpc niri[26290]: 2026-09-07T19:55:57.764739Z  INFO niri::input::touch_swipe_tracker: gesture-debug: motion slot=2 pos=(1003,315) t=5086.89s fingers=4
20:55:57 tpc niri[26290]: 2026-09-07T19:55:57.764785Z  INFO niri::input::touch_swipe_tracker: gesture-debug: motion slot=3 pos=(517,374) t=5086.89s fingers=4
20:55:57 tpc niri[26290]: 2026-09-07T19:55:57.773997Z  INFO niri::input::touch_swipe_tracker: gesture-debug: motion slot=2 pos=(1006,297) t=5086.899s fingers=4
20:55:57 tpc niri[26290]: 2026-09-07T19:55:57.774112Z  INFO niri::input::touch_swipe_tracker: gesture-debug: motion slot=3 pos=(517,373) t=5086.899s fingers=4
20:55:57 tpc niri[26290]: 2026-09-07T19:55:57.800822Z  INFO niri::input::touch_swipe_tracker: gesture-debug: up slot=0 t=5086.926s fingers=3: tracked finger lifted, ending gesture
20:55:57 tpc niri[26290]: 2026-09-07T19:55:57.800890Z  INFO niri::input: gesture-debug: discrete gesture completed, action=SpawnSh("~/.local/bin/niri-osk.sh")
20:55:59 tpc niri[26290]: 2026-09-07T19:55:59.136803Z  INFO niri::input::touch_swipe_tracker: gesture-debug: down slot=0 pos=(1230,499) t=5088.262636s fingers=1 phase=Idle
20:55:59 tpc niri[26290]: 2026-09-07T19:55:59.136922Z  INFO niri::input::touch_swipe_tracker: gesture-debug: down slot=1 pos=(877,456) t=5088.262636s fingers=2 phase=Idle
20:55:59 tpc niri[26290]: 2026-09-07T19:55:59.136994Z  INFO niri::input::touch_swipe_tracker: gesture-debug: down slot=2 pos=(758,571) t=5088.262636s fingers=3 phase=Idle
20:55:59 tpc niri[26290]: 2026-09-07T19:55:59.137100Z  INFO niri::input::touch_swipe_tracker: gesture-debug: recognizing: tracking 3 of 3 slots (min 3)
20:55:59 tpc niri[26290]: 2026-09-07T19:55:59.137114Z  INFO niri::input: gesture-debug: gesture owns the touch stream (client touches cancelled)
20:55:59 tpc niri[26290]: 2026-09-07T19:55:59.147795Z  INFO niri::input::touch_swipe_tracker: gesture-debug: down slot=3 pos=(1002,458) t=5088.272623s fingers=4 phase=Recognizing
20:55:59 tpc niri[26290]: 2026-09-07T19:55:59.147862Z  INFO niri::input::touch_swipe_tracker: gesture-debug: late join: slot=3 now tracking 4 fingers
20:55:59 tpc niri[26290]: 2026-09-07T19:55:59.182749Z  INFO niri::input::touch_swipe_tracker: gesture-debug: motion slot=2 pos=(756,566) t=5088.308663s fingers=4
20:55:59 tpc niri[26290]: 2026-09-07T19:55:59.191739Z  INFO niri::input::touch_swipe_tracker: gesture-debug: motion slot=2 pos=(756,564) t=5088.31765s fingers=4
20:55:59 tpc niri[26290]: 2026-09-07T19:55:59.200724Z  INFO niri::input::touch_swipe_tracker: gesture-debug: motion slot=2 pos=(756,562) t=5088.326632s fingers=4
20:55:59 tpc niri[26290]: 2026-09-07T19:55:59.210782Z  INFO niri::input::touch_swipe_tracker: gesture-debug: motion slot=0 pos=(1232,489) t=5088.336686s fingers=4
20:55:59 tpc niri[26290]: 2026-09-07T19:55:59.210822Z  INFO niri::input::touch_swipe_tracker: gesture-debug: motion slot=1 pos=(878,449) t=5088.336686s fingers=4
20:55:59 tpc niri[26290]: 2026-09-07T19:55:59.210835Z  INFO niri::input::touch_swipe_tracker: gesture-debug: motion slot=2 pos=(756,559) t=5088.336686s fingers=4
20:55:59 tpc niri[26290]: 2026-09-07T19:55:59.219742Z  INFO niri::input::touch_swipe_tracker: gesture-debug: motion slot=0 pos=(1233,485) t=5088.345669s fingers=4
20:55:59 tpc niri[26290]: 2026-09-07T19:55:59.219777Z  INFO niri::input::touch_swipe_tracker: gesture-debug: motion slot=1 pos=(878,446) t=5088.345669s fingers=4
20:55:59 tpc niri[26290]: 2026-09-07T19:55:59.219789Z  INFO niri::input::touch_swipe_tracker: gesture-debug: motion slot=2 pos=(756,556) t=5088.345669s fingers=4
20:55:59 tpc niri[26290]: 2026-09-07T19:55:59.228770Z  INFO niri::input::touch_swipe_tracker: gesture-debug: motion slot=0 pos=(1233,481) t=5088.354674s fingers=4
20:55:59 tpc niri[26290]: 2026-09-07T19:55:59.228807Z  INFO niri::input::touch_swipe_tracker: gesture-debug: motion slot=1 pos=(879,444) t=5088.354674s fingers=4
20:55:59 tpc niri[26290]: 2026-09-07T19:55:59.228821Z  INFO niri::input::touch_swipe_tracker: gesture-debug: motion slot=2 pos=(756,553) t=5088.354674s fingers=4
20:55:59 tpc niri[26290]: 2026-09-07T19:55:59.237759Z  INFO niri::input::touch_swipe_tracker: gesture-debug: motion slot=0 pos=(1234,476) t=5088.36369s fingers=4
20:55:59 tpc niri[26290]: 2026-09-07T19:55:59.237794Z  INFO niri::input::touch_swipe_tracker: gesture-debug: motion slot=1 pos=(880,441) t=5088.36369s fingers=4
20:55:59 tpc niri[26290]: 2026-09-07T19:55:59.237807Z  INFO niri::input::touch_swipe_tracker: gesture-debug: motion slot=2 pos=(756,550) t=5088.36369s fingers=4
20:55:59 tpc niri[26290]: 2026-09-07T19:55:59.247505Z  INFO niri::input::touch_swipe_tracker: gesture-debug: motion slot=0 pos=(1234,472) t=5088.372638s fingers=4
20:55:59 tpc niri[26290]: 2026-09-07T19:55:59.247551Z  INFO niri::input::touch_swipe_tracker: gesture-debug: motion slot=1 pos=(881,438) t=5088.372638s fingers=4
20:55:59 tpc niri[26290]: 2026-09-07T19:55:59.247561Z  INFO niri::input::touch_swipe_tracker: gesture-debug: recognized: swipe fingers=4 direction=Vertical delta=(1.5,-16.5) t=5088.372638s
20:55:59 tpc niri[26290]: 2026-09-07T19:55:59.247575Z  INFO niri::input: gesture-debug: swipe dispatch: fingers=4 hold=false direction=Vertical discrete=Some(SpawnSh("~/.local/bin/niri-osk.sh"))
20:55:59 tpc niri[26290]: 2026-09-07T19:55:59.247625Z  INFO niri::input::touch_swipe_tracker: gesture-debug: motion slot=2 pos=(756,547) t=5088.372s fingers=4
20:55:59 tpc niri[26290]: 2026-09-07T19:55:59.247657Z  INFO niri::input::touch_swipe_tracker: gesture-debug: motion slot=3 pos=(1003,450) t=5088.372s fingers=4
20:55:59 tpc niri[26290]: 2026-09-07T19:55:59.256160Z  INFO niri::input::touch_swipe_tracker: gesture-debug: motion slot=0 pos=(1234,468) t=5088.381s fingers=4
20:55:59 tpc niri[26290]: 2026-09-07T19:55:59.256264Z  INFO niri::input::touch_swipe_tracker: gesture-debug: motion slot=1 pos=(882,435) t=5088.381s fingers=4
20:55:59 tpc niri[26290]: 2026-09-07T19:55:59.256313Z  INFO niri::input::touch_swipe_tracker: gesture-debug: motion slot=2 pos=(755,543) t=5088.381s fingers=4
20:55:59 tpc niri[26290]: 2026-09-07T19:55:59.256377Z  INFO niri::input::touch_swipe_tracker: gesture-debug: motion slot=3 pos=(1004,448) t=5088.381s fingers=4
20:55:59 tpc niri[26290]: 2026-09-07T19:55:59.266206Z  INFO niri::input::touch_swipe_tracker: gesture-debug: motion slot=0 pos=(1234,463) t=5088.39s fingers=4
20:55:59 tpc niri[26290]: 2026-09-07T19:55:59.266301Z  INFO niri::input::touch_swipe_tracker: gesture-debug: motion slot=1 pos=(882,431) t=5088.39s fingers=4
20:55:59 tpc niri[26290]: 2026-09-07T19:55:59.266337Z  INFO niri::input::touch_swipe_tracker: gesture-debug: motion slot=2 pos=(754,539) t=5088.39s fingers=4
20:55:59 tpc niri[26290]: 2026-09-07T19:55:59.266365Z  INFO niri::input::touch_swipe_tracker: gesture-debug: motion slot=3 pos=(1005,445) t=5088.39s fingers=4
20:55:59 tpc niri[26290]: 2026-09-07T19:55:59.273848Z  INFO niri::input::touch_swipe_tracker: gesture-debug: motion slot=0 pos=(1234,458) t=5088.399s fingers=4
20:55:59 tpc niri[26290]: 2026-09-07T19:55:59.273913Z  INFO niri::input::touch_swipe_tracker: gesture-debug: motion slot=1 pos=(883,426) t=5088.399s fingers=4
20:55:59 tpc niri[26290]: 2026-09-07T19:55:59.273962Z  INFO niri::input::touch_swipe_tracker: gesture-debug: motion slot=2 pos=(754,533) t=5088.399s fingers=4
20:55:59 tpc niri[26290]: 2026-09-07T19:55:59.273996Z  INFO niri::input::touch_swipe_tracker: gesture-debug: motion slot=3 pos=(1006,441) t=5088.399s fingers=4
20:55:59 tpc niri[26290]: 2026-09-07T19:55:59.283813Z  INFO niri::input::touch_swipe_tracker: gesture-debug: motion slot=0 pos=(1234,454) t=5088.409s fingers=4
20:55:59 tpc niri[26290]: 2026-09-07T19:55:59.283875Z  INFO niri::input::touch_swipe_tracker: gesture-debug: motion slot=1 pos=(884,421) t=5088.409s fingers=4
20:55:59 tpc niri[26290]: 2026-09-07T19:55:59.283906Z  INFO niri::input::touch_swipe_tracker: gesture-debug: motion slot=2 pos=(754,527) t=5088.409s fingers=4
20:55:59 tpc niri[26290]: 2026-09-07T19:55:59.283934Z  INFO niri::input::touch_swipe_tracker: gesture-debug: motion slot=3 pos=(1008,436) t=5088.409s fingers=4
20:55:59 tpc niri[26290]: 2026-09-07T19:55:59.292728Z  INFO niri::input::touch_swipe_tracker: gesture-debug: motion slot=0 pos=(1234,448) t=5088.418s fingers=4
20:55:59 tpc niri[26290]: 2026-09-07T19:55:59.292768Z  INFO niri::input::touch_swipe_tracker: gesture-debug: motion slot=1 pos=(885,414) t=5088.418s fingers=4
20:55:59 tpc niri[26290]: 2026-09-07T19:55:59.292786Z  INFO niri::input::touch_swipe_tracker: gesture-debug: motion slot=2 pos=(754,519) t=5088.418s fingers=4
20:55:59 tpc niri[26290]: 2026-09-07T19:55:59.292803Z  INFO niri::input::touch_swipe_tracker: gesture-debug: motion slot=3 pos=(1010,430) t=5088.418s fingers=4
20:55:59 tpc niri[26290]: 2026-09-07T19:55:59.301700Z  INFO niri::input::touch_swipe_tracker: gesture-debug: motion slot=0 pos=(1234,441) t=5088.427s fingers=4
20:55:59 tpc niri[26290]: 2026-09-07T19:55:59.301736Z  INFO niri::input::touch_swipe_tracker: gesture-debug: motion slot=1 pos=(886,407) t=5088.427s fingers=4
20:55:59 tpc niri[26290]: 2026-09-07T19:55:59.301765Z  INFO niri::input::touch_swipe_tracker: gesture-debug: motion slot=2 pos=(754,511) t=5088.427s fingers=4
20:55:59 tpc niri[26290]: 2026-09-07T19:55:59.301793Z  INFO niri::input::touch_swipe_tracker: gesture-debug: motion slot=3 pos=(1011,424) t=5088.427s fingers=4
20:55:59 tpc niri[26290]: 2026-09-07T19:55:59.310742Z  INFO niri::input::touch_swipe_tracker: gesture-debug: motion slot=0 pos=(1234,433) t=5088.436s fingers=4
20:55:59 tpc niri[26290]: 2026-09-07T19:55:59.310782Z  INFO niri::input::touch_swipe_tracker: gesture-debug: motion slot=1 pos=(887,398) t=5088.436s fingers=4
20:55:59 tpc niri[26290]: 2026-09-07T19:55:59.310800Z  INFO niri::input::touch_swipe_tracker: gesture-debug: motion slot=2 pos=(754,503) t=5088.436s fingers=4
20:55:59 tpc niri[26290]: 2026-09-07T19:55:59.310815Z  INFO niri::input::touch_swipe_tracker: gesture-debug: motion slot=3 pos=(1013,417) t=5088.436s fingers=4
20:55:59 tpc niri[26290]: 2026-09-07T19:55:59.319742Z  INFO niri::input::touch_swipe_tracker: gesture-debug: motion slot=0 pos=(1234,423) t=5088.445s fingers=4
20:55:59 tpc niri[26290]: 2026-09-07T19:55:59.319775Z  INFO niri::input::touch_swipe_tracker: gesture-debug: motion slot=1 pos=(888,388) t=5088.445s fingers=4
20:55:59 tpc niri[26290]: 2026-09-07T19:55:59.319790Z  INFO niri::input::touch_swipe_tracker: gesture-debug: motion slot=2 pos=(754,493) t=5088.445s fingers=4
20:55:59 tpc niri[26290]: 2026-09-07T19:55:59.319804Z  INFO niri::input::touch_swipe_tracker: gesture-debug: motion slot=3 pos=(1014,408) t=5088.445s fingers=4
20:55:59 tpc niri[26290]: 2026-09-07T19:55:59.328769Z  INFO niri::input::touch_swipe_tracker: gesture-debug: motion slot=0 pos=(1235,412) t=5088.454s fingers=4
20:55:59 tpc niri[26290]: 2026-09-07T19:55:59.328800Z  INFO niri::input::touch_swipe_tracker: gesture-debug: motion slot=1 pos=(890,378) t=5088.454s fingers=4
20:55:59 tpc niri[26290]: 2026-09-07T19:55:59.328816Z  INFO niri::input::touch_swipe_tracker: gesture-debug: motion slot=2 pos=(754,482) t=5088.454s fingers=4
20:55:59 tpc niri[26290]: 2026-09-07T19:55:59.328830Z  INFO niri::input::touch_swipe_tracker: gesture-debug: motion slot=3 pos=(1017,398) t=5088.454s fingers=4
20:55:59 tpc niri[26290]: 2026-09-07T19:55:59.337775Z  INFO niri::input::touch_swipe_tracker: gesture-debug: motion slot=0 pos=(1236,398) t=5088.463s fingers=4
20:55:59 tpc niri[26290]: 2026-09-07T19:55:59.337809Z  INFO niri::input::touch_swipe_tracker: gesture-debug: motion slot=1 pos=(891,367) t=5088.463s fingers=4
20:55:59 tpc niri[26290]: 2026-09-07T19:55:59.337824Z  INFO niri::input::touch_swipe_tracker: gesture-debug: motion slot=2 pos=(754,471) t=5088.463s fingers=4
20:55:59 tpc niri[26290]: 2026-09-07T19:55:59.337838Z  INFO niri::input::touch_swipe_tracker: gesture-debug: motion slot=3 pos=(1019,388) t=5088.463s fingers=4
20:55:59 tpc niri[26290]: 2026-09-07T19:55:59.346938Z  INFO niri::input::touch_swipe_tracker: gesture-debug: motion slot=0 pos=(1237,384) t=5088.472s fingers=4
20:55:59 tpc niri[26290]: 2026-09-07T19:55:59.347033Z  INFO niri::input::touch_swipe_tracker: gesture-debug: motion slot=1 pos=(893,355) t=5088.472s fingers=4
20:55:59 tpc niri[26290]: 2026-09-07T19:55:59.347062Z  INFO niri::input::touch_swipe_tracker: gesture-debug: motion slot=2 pos=(754,459) t=5088.472s fingers=4
20:55:59 tpc niri[26290]: 2026-09-07T19:55:59.347085Z  INFO niri::input::touch_swipe_tracker: gesture-debug: motion slot=3 pos=(1020,376) t=5088.472s fingers=4
20:55:59 tpc niri[26290]: 2026-09-07T19:55:59.356678Z  INFO niri::input::touch_swipe_tracker: gesture-debug: motion slot=0 pos=(1237,368) t=5088.482s fingers=4
20:55:59 tpc niri[26290]: 2026-09-07T19:55:59.356723Z  INFO niri::input::touch_swipe_tracker: gesture-debug: motion slot=1 pos=(894,342) t=5088.482s fingers=4
20:55:59 tpc niri[26290]: 2026-09-07T19:55:59.356761Z  INFO niri::input::touch_swipe_tracker: gesture-debug: motion slot=2 pos=(754,446) t=5088.482s fingers=4
20:55:59 tpc niri[26290]: 2026-09-07T19:55:59.356792Z  INFO niri::input::touch_swipe_tracker: gesture-debug: motion slot=3 pos=(1022,364) t=5088.482s fingers=4
20:55:59 tpc niri[26290]: 2026-09-07T19:55:59.365678Z  INFO niri::input::touch_swipe_tracker: gesture-debug: motion slot=0 pos=(1238,353) t=5088.491s fingers=4
20:55:59 tpc niri[26290]: 2026-09-07T19:55:59.365709Z  INFO niri::input::touch_swipe_tracker: gesture-debug: motion slot=1 pos=(895,328) t=5088.491s fingers=4
20:55:59 tpc niri[26290]: 2026-09-07T19:55:59.365725Z  INFO niri::input::touch_swipe_tracker: gesture-debug: motion slot=2 pos=(754,433) t=5088.491s fingers=4
20:55:59 tpc niri[26290]: 2026-09-07T19:55:59.365738Z  INFO niri::input::touch_swipe_tracker: gesture-debug: motion slot=3 pos=(1023,351) t=5088.491s fingers=4
20:55:59 tpc niri[26290]: 2026-09-07T19:55:59.374837Z  INFO niri::input::touch_swipe_tracker: gesture-debug: motion slot=0 pos=(1238,337) t=5088.5s fingers=4
20:55:59 tpc niri[26290]: 2026-09-07T19:55:59.374877Z  INFO niri::input::touch_swipe_tracker: gesture-debug: motion slot=1 pos=(895,314) t=5088.5s fingers=4
20:55:59 tpc niri[26290]: 2026-09-07T19:55:59.374895Z  INFO niri::input::touch_swipe_tracker: gesture-debug: motion slot=2 pos=(754,418) t=5088.5s fingers=4
20:55:59 tpc niri[26290]: 2026-09-07T19:55:59.374913Z  INFO niri::input::touch_swipe_tracker: gesture-debug: motion slot=3 pos=(1025,338) t=5088.5s fingers=4
20:55:59 tpc niri[26290]: 2026-09-07T19:55:59.383825Z  INFO niri::input::touch_swipe_tracker: gesture-debug: motion slot=0 pos=(1238,321) t=5088.509s fingers=4
20:55:59 tpc niri[26290]: 2026-09-07T19:55:59.383876Z  INFO niri::input::touch_swipe_tracker: gesture-debug: motion slot=1 pos=(896,298) t=5088.509s fingers=4
20:55:59 tpc niri[26290]: 2026-09-07T19:55:59.383902Z  INFO niri::input::touch_swipe_tracker: gesture-debug: motion slot=2 pos=(754,403) t=5088.509s fingers=4
20:55:59 tpc niri[26290]: 2026-09-07T19:55:59.383925Z  INFO niri::input::touch_swipe_tracker: gesture-debug: motion slot=3 pos=(1027,323) t=5088.509s fingers=4
20:55:59 tpc niri[26290]: 2026-09-07T19:55:59.392937Z  INFO niri::input::touch_swipe_tracker: gesture-debug: motion slot=0 pos=(1239,306) t=5088.518s fingers=4
20:55:59 tpc niri[26290]: 2026-09-07T19:55:59.393040Z  INFO niri::input::touch_swipe_tracker: gesture-debug: motion slot=1 pos=(897,282) t=5088.518s fingers=4
20:55:59 tpc niri[26290]: 2026-09-07T19:55:59.393082Z  INFO niri::input::touch_swipe_tracker: gesture-debug: motion slot=2 pos=(754,387) t=5088.518s fingers=4
20:55:59 tpc niri[26290]: 2026-09-07T19:55:59.393120Z  INFO niri::input::touch_swipe_tracker: gesture-debug: motion slot=3 pos=(1028,308) t=5088.518s fingers=4
20:55:59 tpc niri[26290]: 2026-09-07T19:55:59.401925Z  INFO niri::input::touch_swipe_tracker: gesture-debug: motion slot=0 pos=(1239,290) t=5088.527s fingers=4
20:55:59 tpc niri[26290]: 2026-09-07T19:55:59.402029Z  INFO niri::input::touch_swipe_tracker: gesture-debug: motion slot=1 pos=(898,266) t=5088.527s fingers=4
20:55:59 tpc niri[26290]: 2026-09-07T19:55:59.402075Z  INFO niri::input::touch_swipe_tracker: gesture-debug: motion slot=2 pos=(755,371) t=5088.527s fingers=4
20:55:59 tpc niri[26290]: 2026-09-07T19:55:59.402116Z  INFO niri::input::touch_swipe_tracker: gesture-debug: motion slot=3 pos=(1030,292) t=5088.527s fingers=4
20:55:59 tpc niri[26290]: 2026-09-07T19:55:59.410904Z  INFO niri::input::touch_swipe_tracker: gesture-debug: motion slot=0 pos=(1239,274) t=5088.536s fingers=4
20:55:59 tpc niri[26290]: 2026-09-07T19:55:59.411088Z  INFO niri::input::touch_swipe_tracker: gesture-debug: motion slot=1 pos=(899,250) t=5088.536s fingers=4
20:55:59 tpc niri[26290]: 2026-09-07T19:55:59.411147Z  INFO niri::input::touch_swipe_tracker: gesture-debug: motion slot=2 pos=(756,354) t=5088.536s fingers=4
20:55:59 tpc niri[26290]: 2026-09-07T19:55:59.411190Z  INFO niri::input::touch_swipe_tracker: gesture-debug: motion slot=3 pos=(1031,276) t=5088.536s fingers=4
20:55:59 tpc niri[26290]: 2026-09-07T19:55:59.419998Z  INFO niri::input::touch_swipe_tracker: gesture-debug: motion slot=0 pos=(1239,260) t=5088.545s fingers=4
20:55:59 tpc niri[26290]: 2026-09-07T19:55:59.420079Z  INFO niri::input::touch_swipe_tracker: gesture-debug: motion slot=1 pos=(900,233) t=5088.545s fingers=4
20:55:59 tpc niri[26290]: 2026-09-07T19:55:59.420124Z  INFO niri::input::touch_swipe_tracker: gesture-debug: motion slot=2 pos=(757,337) t=5088.545s fingers=4
20:55:59 tpc niri[26290]: 2026-09-07T19:55:59.420165Z  INFO niri::input::touch_swipe_tracker: gesture-debug: motion slot=3 pos=(1031,259) t=5088.545s fingers=4
20:55:59 tpc niri[26290]: 2026-09-07T19:55:59.429040Z  INFO niri::input::touch_swipe_tracker: gesture-debug: motion slot=0 pos=(1239,246) t=5088.554s fingers=4
20:55:59 tpc niri[26290]: 2026-09-07T19:55:59.429162Z  INFO niri::input::touch_swipe_tracker: gesture-debug: motion slot=1 pos=(900,216) t=5088.554s fingers=4
20:55:59 tpc niri[26290]: 2026-09-07T19:55:59.429266Z  INFO niri::input::touch_swipe_tracker: gesture-debug: motion slot=2 pos=(758,319) t=5088.554s fingers=4
20:55:59 tpc niri[26290]: 2026-09-07T19:55:59.429337Z  INFO niri::input::touch_swipe_tracker: gesture-debug: motion slot=3 pos=(1031,242) t=5088.554s fingers=4
20:55:59 tpc niri[26290]: 2026-09-07T19:55:59.438989Z  INFO niri::input::touch_swipe_tracker: gesture-debug: motion slot=0 pos=(1239,234) t=5088.564s fingers=4
20:55:59 tpc niri[26290]: 2026-09-07T19:55:59.439163Z  INFO niri::input::touch_swipe_tracker: gesture-debug: motion slot=1 pos=(900,199) t=5088.564s fingers=4
20:55:59 tpc niri[26290]: 2026-09-07T19:55:59.439260Z  INFO niri::input::touch_swipe_tracker: gesture-debug: motion slot=2 pos=(758,302) t=5088.564s fingers=4
20:55:59 tpc niri[26290]: 2026-09-07T19:55:59.439346Z  INFO niri::input::touch_swipe_tracker: gesture-debug: motion slot=3 pos=(1031,225) t=5088.564s fingers=4
20:55:59 tpc niri[26290]: 2026-09-07T19:55:59.447561Z  INFO niri::input::touch_swipe_tracker: gesture-debug: motion slot=0 pos=(1239,223) t=5088.572s fingers=4
20:55:59 tpc niri[26290]: 2026-09-07T19:55:59.447629Z  INFO niri::input::touch_swipe_tracker: gesture-debug: motion slot=2 pos=(760,284) t=5088.572s fingers=4
20:55:59 tpc niri[26290]: 2026-09-07T19:55:59.447682Z  INFO niri::input::touch_swipe_tracker: gesture-debug: motion slot=3 pos=(1031,208) t=5088.572s fingers=4
20:55:59 tpc niri[26290]: 2026-09-07T19:55:59.455995Z  INFO niri::input::touch_swipe_tracker: gesture-debug: motion slot=0 pos=(1239,211) t=5088.581s fingers=4
20:55:59 tpc niri[26290]: 2026-09-07T19:55:59.482728Z  INFO niri::input::touch_swipe_tracker: gesture-debug: up slot=1 t=5088.608s fingers=3: tracked finger lifted, ending gesture
20:55:59 tpc niri[26290]: 2026-09-07T19:55:59.482761Z  INFO niri::input: gesture-debug: discrete gesture completed, action=SpawnSh("~/.local/bin/niri-osk.sh")
