1787603406.686 [20:30:06.685916] {Default Queue}  -> wl_seat#22.get_touch(new id wl_touch#32)
1787603406.740 [20:30:06.740281] {Default Queue}  -> wl_seat#48.get_touch(new id wl_touch#55)
1787603582.536 [20:33:02.535304] {Default Queue} wl_touch#32.down(904, 18876070, wl_surface#67, 0, 1085.44140625, 590.43750000)
1787603582.536 [20:33:02.535483] {Default Queue} wl_touch#55.down(904, 18876070, wl_surface#67, 0, 1085.44140625, 590.43750000)
1787603582.536 [20:33:02.535505] {Default Queue} wl_touch#32.frame()
1787603582.536 [20:33:02.535517] {Default Queue} wl_touch#55.frame()
1787603582.542 [20:33:02.541695] {Default Queue} wl_touch#32.down(906, 18876080, wl_surface#67, 1, 1095.43750000, 458.55859375)
1787603582.542 [20:33:02.541794] {Default Queue} wl_touch#55.down(906, 18876080, wl_surface#67, 1, 1095.43750000, 458.55859375)
1787603582.542 [20:33:02.541816] {Default Queue} wl_touch#32.frame()
1787603582.542 [20:33:02.541828] {Default Queue} wl_touch#55.frame()
1787603582.552 [20:33:02.551659] {Default Queue} wl_touch#32.motion(18876090, 1, 1095.43750000, 450.56640625)
1787603582.552 [20:33:02.551720] {Default Queue} wl_touch#55.motion(18876090, 1, 1095.43750000, 450.56640625)
1787603582.552 [20:33:02.551736] {Default Queue} wl_touch#32.frame()
1787603582.552 [20:33:02.551748] {Default Queue} wl_touch#55.frame()
1787603582.561 [20:33:02.560524] {Default Queue} wl_touch#32.motion(18876099, 1, 1096.43750000, 445.57031250)
1787603582.561 [20:33:02.560593] {Default Queue} wl_touch#55.motion(18876099, 1, 1096.43750000, 445.57031250)
1787603582.561 [20:33:02.560611] {Default Queue} wl_touch#32.frame()
1787603582.561 [20:33:02.560623] {Default Queue} wl_touch#55.frame()
1787603582.572 [20:33:02.571746] {Default Queue} wl_touch#32.motion(18876109, 1, 1098.43750000, 439.57812500)
1787603582.572 [20:33:02.571862] {Default Queue} wl_touch#55.motion(18876109, 1, 1098.43750000, 439.57812500)
1787603582.572 [20:33:02.571880] {Default Queue} wl_touch#32.frame()
1787603582.572 [20:33:02.571890] {Default Queue} wl_touch#55.frame()
1787603582.581 [20:33:02.580868] {Default Queue} wl_touch#32.motion(18876119, 0, 1085.44140625, 598.42968750)
1787603582.581 [20:33:02.580949] {Default Queue} wl_touch#55.motion(18876119, 0, 1085.44140625, 598.42968750)
1787603582.581 [20:33:02.580966] {Default Queue} wl_touch#32.motion(18876119, 1, 1099.43359375, 433.58203125)
1787603582.581 [20:33:02.580986] {Default Queue} wl_touch#55.motion(18876119, 1, 1099.43359375, 433.58203125)
1787603582.581 [20:33:02.580997] {Default Queue} wl_touch#32.frame()
1787603582.581 [20:33:02.581009] {Default Queue} wl_touch#55.frame()
1787603582.591 [20:33:02.590679] {Default Queue} wl_touch#32.motion(18876129, 0, 1085.44140625, 600.42968750)
1787603582.591 [20:33:02.590750] {Default Queue} wl_touch#55.motion(18876129, 0, 1085.44140625, 600.42968750)
1787603582.591 [20:33:02.590794] {Default Queue} wl_touch#32.motion(18876129, 1, 1101.43359375, 425.58984375)
1787603582.591 [20:33:02.590815] {Default Queue} wl_touch#55.motion(18876129, 1, 1101.43359375, 425.58984375)
1787603582.591 [20:33:02.590827] {Default Queue} wl_touch#32.frame()
1787603582.591 [20:33:02.590838] {Default Queue} wl_touch#55.frame()
1787603582.601 [20:33:02.600722] {Default Queue} wl_touch#32.motion(18876139, 0, 1085.44140625, 601.42578125)
1787603582.601 [20:33:02.600825] {Default Queue} wl_touch#55.motion(18876139, 0, 1085.44140625, 601.42578125)
1787603582.601 [20:33:02.600846] {Default Queue} wl_touch#32.motion(18876139, 1, 1102.43359375, 418.59765625)
1787603582.601 [20:33:02.600867] {Default Queue} wl_touch#55.motion(18876139, 1, 1102.43359375, 418.59765625)
1787603582.601 [20:33:02.600879] {Default Queue} wl_touch#32.frame()
1787603582.601 [20:33:02.600891] {Default Queue} wl_touch#55.frame()
1787603582.611 [20:33:02.610666] {Default Queue} wl_touch#32.motion(18876149, 0, 1085.44140625, 603.42578125)
1787603582.611 [20:33:02.610787] {Default Queue} wl_touch#55.motion(18876149, 0, 1085.44140625, 603.42578125)
1787603582.611 [20:33:02.610806] {Default Queue} wl_touch#32.motion(18876149, 1, 1105.43359375, 411.60156250)
1787603582.611 [20:33:02.610828] {Default Queue} wl_touch#55.motion(18876149, 1, 1105.43359375, 411.60156250)
1787603582.611 [20:33:02.610841] {Default Queue} wl_touch#32.frame()
1787603582.611 [20:33:02.610853] {Default Queue} wl_touch#55.frame()
1787603582.622 [20:33:02.621429] {Default Queue} wl_touch#32.motion(18876159, 0, 1085.44140625, 605.42187500)
1787603582.622 [20:33:02.621538] {Default Queue} wl_touch#55.motion(18876159, 0, 1085.44140625, 605.42187500)
1787603582.622 [20:33:02.621607] {Default Queue} wl_touch#32.motion(18876159, 1, 1107.42968750, 404.60937500)
1787603582.622 [20:33:02.621645] {Default Queue} wl_touch#55.motion(18876159, 1, 1107.42968750, 404.60937500)
1787603582.622 [20:33:02.621669] {Default Queue} wl_touch#32.frame()
1787603582.622 [20:33:02.621684] {Default Queue} wl_touch#55.frame()
1787603582.643 [20:33:02.642430] {Default Queue} wl_touch#32.motion(18876168, 0, 1084.44140625, 608.42187500)
1787603582.643 [20:33:02.642503] {Default Queue} wl_touch#55.motion(18876168, 0, 1084.44140625, 608.42187500)
1787603582.643 [20:33:02.642548] {Default Queue} wl_touch#32.motion(18876168, 1, 1109.42968750, 396.61718750)
1787603582.643 [20:33:02.642598] {Default Queue} wl_touch#55.motion(18876168, 1, 1109.42968750, 396.61718750)
1787603582.643 [20:33:02.642634] {Default Queue} wl_touch#32.frame()
1787603582.643 [20:33:02.642677] {Default Queue} wl_touch#55.frame()
1787603582.643 [20:33:02.642871] {Default Queue} wl_touch#32.motion(18876178, 0, 1083.44531250, 610.41796875)
1787603582.643 [20:33:02.642944] {Default Queue} wl_touch#55.motion(18876178, 0, 1083.44531250, 610.41796875)
1787603582.643 [20:33:02.642967] {Default Queue} wl_touch#32.motion(18876178, 1, 1110.42968750, 388.62500000)
1787603582.643 [20:33:02.643007] {Default Queue} wl_touch#55.motion(18876178, 1, 1110.42968750, 388.62500000)
1787603582.643 [20:33:02.643031] {Default Queue} wl_touch#32.frame()
1787603582.643 [20:33:02.643046] {Default Queue} wl_touch#55.frame()
1787603582.650 [20:33:02.649696] {Default Queue} wl_touch#32.motion(18876188, 0, 1082.44531250, 614.41406250)
1787603582.650 [20:33:02.649799] {Default Queue} wl_touch#55.motion(18876188, 0, 1082.44531250, 614.41406250)
1787603582.650 [20:33:02.649817] {Default Queue} wl_touch#32.motion(18876188, 1, 1112.42968750, 380.63281250)
1787603582.650 [20:33:02.649838] {Default Queue} wl_touch#55.motion(18876188, 1, 1112.42968750, 380.63281250)
1787603582.650 [20:33:02.649850] {Default Queue} wl_touch#32.frame()
1787603582.650 [20:33:02.649861] {Default Queue} wl_touch#55.frame()
1787603582.660 [20:33:02.659535] {Default Queue} wl_touch#32.motion(18876198, 0, 1081.44531250, 617.41406250)
1787603582.660 [20:33:02.659580] {Default Queue} wl_touch#55.motion(18876198, 0, 1081.44531250, 617.41406250)
1787603582.660 [20:33:02.659589] {Default Queue} wl_touch#32.motion(18876198, 1, 1114.42578125, 372.64062500)
1787603582.660 [20:33:02.659598] {Default Queue} wl_touch#55.motion(18876198, 1, 1114.42578125, 372.64062500)
1787603582.660 [20:33:02.659604] {Default Queue} wl_touch#32.frame()
1787603582.660 [20:33:02.659611] {Default Queue} wl_touch#55.frame()
1787603582.670 [20:33:02.670256] {Default Queue} wl_touch#32.motion(18876208, 0, 1081.44531250, 621.41015625)
1787603582.670 [20:33:02.670308] {Default Queue} wl_touch#55.motion(18876208, 0, 1081.44531250, 621.41015625)
1787603582.670 [20:33:02.670318] {Default Queue} wl_touch#32.motion(18876208, 1, 1116.42578125, 365.64453125)
1787603582.671 [20:33:02.670329] {Default Queue} wl_touch#55.motion(18876208, 1, 1116.42578125, 365.64453125)
1787603582.671 [20:33:02.670335] {Default Queue} wl_touch#32.frame()
1787603582.671 [20:33:02.670358] {Default Queue} wl_touch#55.frame()
1787603582.679 [20:33:02.679272] {Default Queue} wl_touch#32.motion(18876218, 0, 1081.44531250, 625.40625000)
1787603582.679 [20:33:02.679301] {Default Queue} wl_touch#55.motion(18876218, 0, 1081.44531250, 625.40625000)
1787603582.679 [20:33:02.679307] {Default Queue} wl_touch#32.motion(18876218, 1, 1119.42578125, 358.65234375)
1787603582.679 [20:33:02.679313] {Default Queue} wl_touch#55.motion(18876218, 1, 1119.42578125, 358.65234375)
1787603582.679 [20:33:02.679316] {Default Queue} wl_touch#32.frame()
1787603582.679 [20:33:02.679320] {Default Queue} wl_touch#55.frame()
1787603582.689 [20:33:02.689203] {Default Queue} wl_touch#32.motion(18876228, 0, 1081.44531250, 629.40234375)
1787603582.689 [20:33:02.689231] {Default Queue} wl_touch#55.motion(18876228, 0, 1081.44531250, 629.40234375)
1787603582.689 [20:33:02.689236] {Default Queue} wl_touch#32.motion(18876228, 1, 1121.42578125, 352.65625000)
1787603582.689 [20:33:02.689244] {Default Queue} wl_touch#55.motion(18876228, 1, 1121.42578125, 352.65625000)
1787603582.689 [20:33:02.689248] {Default Queue} wl_touch#32.frame()
1787603582.689 [20:33:02.689252] {Default Queue} wl_touch#55.frame()
1787603582.698 [20:33:02.698194] {Default Queue} wl_touch#32.motion(18876237, 0, 1081.44531250, 633.39843750)
1787603582.698 [20:33:02.698223] {Default Queue} wl_touch#55.motion(18876237, 0, 1081.44531250, 633.39843750)
1787603582.698 [20:33:02.698228] {Default Queue} wl_touch#32.motion(18876237, 1, 1123.42187500, 345.66406250)
1787603582.698 [20:33:02.698235] {Default Queue} wl_touch#55.motion(18876237, 1, 1123.42187500, 345.66406250)
1787603582.698 [20:33:02.698238] {Default Queue} wl_touch#32.frame()
1787603582.698 [20:33:02.698242] {Default Queue} wl_touch#55.frame()
1787603582.708 [20:33:02.708284] {Default Queue} wl_touch#32.motion(18876247, 0, 1081.44531250, 638.39453125)
1787603582.708 [20:33:02.708316] {Default Queue} wl_touch#55.motion(18876247, 0, 1081.44531250, 638.39453125)
1787603582.708 [20:33:02.708322] {Default Queue} wl_touch#32.motion(18876247, 1, 1126.42187500, 339.66796875)
1787603582.708 [20:33:02.708328] {Default Queue} wl_touch#55.motion(18876247, 1, 1126.42187500, 339.66796875)
1787603582.708 [20:33:02.708332] {Default Queue} wl_touch#32.frame()
1787603582.708 [20:33:02.708336] {Default Queue} wl_touch#55.frame()
1787603582.718 [20:33:02.718282] {Default Queue} wl_touch#32.motion(18876257, 0, 1080.44531250, 642.39062500)
1787603582.718 [20:33:02.718312] {Default Queue} wl_touch#55.motion(18876257, 0, 1080.44531250, 642.39062500)
1787603582.718 [20:33:02.718317] {Default Queue} wl_touch#32.motion(18876257, 1, 1128.42187500, 334.67578125)
1787603582.718 [20:33:02.718324] {Default Queue} wl_touch#55.motion(18876257, 1, 1128.42187500, 334.67578125)
1787603582.718 [20:33:02.718327] {Default Queue} wl_touch#32.frame()
1787603582.718 [20:33:02.718331] {Default Queue} wl_touch#55.frame()
1787603582.728 [20:33:02.728294] {Default Queue} wl_touch#32.motion(18876267, 0, 1080.44531250, 647.38281250)
1787603582.728 [20:33:02.728326] {Default Queue} wl_touch#55.motion(18876267, 0, 1080.44531250, 647.38281250)
1787603582.728 [20:33:02.728332] {Default Queue} wl_touch#32.motion(18876267, 1, 1131.41796875, 328.67968750)
1787603582.728 [20:33:02.728339] {Default Queue} wl_touch#55.motion(18876267, 1, 1131.41796875, 328.67968750)
1787603582.728 [20:33:02.728344] {Default Queue} wl_touch#32.frame()
1787603582.728 [20:33:02.728348] {Default Queue} wl_touch#55.frame()
1787603582.738 [20:33:02.738251] {Default Queue} wl_touch#32.motion(18876277, 0, 1079.44531250, 653.37890625)
1787603582.738 [20:33:02.738284] {Default Queue} wl_touch#55.motion(18876277, 0, 1079.44531250, 653.37890625)
1787603582.738 [20:33:02.738292] {Default Queue} wl_touch#32.motion(18876277, 1, 1133.41796875, 323.68359375)
1787603582.738 [20:33:02.738300] {Default Queue} wl_touch#55.motion(18876277, 1, 1133.41796875, 323.68359375)
1787603582.738 [20:33:02.738305] {Default Queue} wl_touch#32.frame()
1787603582.738 [20:33:02.738310] {Default Queue} wl_touch#55.frame()
1787603582.749 [20:33:02.748422] {Default Queue} wl_touch#32.motion(18876287, 0, 1078.44531250, 659.37500000)
1787603582.749 [20:33:02.748470] {Default Queue} wl_touch#55.motion(18876287, 0, 1078.44531250, 659.37500000)
1787603582.749 [20:33:02.748480] {Default Queue} wl_touch#32.motion(18876287, 1, 1136.41796875, 318.68750000)
1787603582.749 [20:33:02.748492] {Default Queue} wl_touch#55.motion(18876287, 1, 1136.41796875, 318.68750000)
1787603582.749 [20:33:02.748500] {Default Queue} wl_touch#32.frame()
1787603582.749 [20:33:02.748507] {Default Queue} wl_touch#55.frame()
1787603582.759 [20:33:02.758734] {Default Queue} wl_touch#32.motion(18876297, 0, 1077.44531250, 664.36718750)
1787603582.759 [20:33:02.758832] {Default Queue} wl_touch#55.motion(18876297, 0, 1077.44531250, 664.36718750)
1787603582.759 [20:33:02.758853] {Default Queue} wl_touch#32.motion(18876297, 1, 1137.41406250, 314.69140625)
1787603582.759 [20:33:02.758874] {Default Queue} wl_touch#55.motion(18876297, 1, 1137.41406250, 314.69140625)
1787603582.759 [20:33:02.758887] {Default Queue} wl_touch#32.frame()
1787603582.759 [20:33:02.758899] {Default Queue} wl_touch#55.frame()
1787603582.769 [20:33:02.768702] {Default Queue} wl_touch#32.motion(18876307, 0, 1076.44921875, 670.36328125)
1787603582.769 [20:33:02.768804] {Default Queue} wl_touch#55.motion(18876307, 0, 1076.44921875, 670.36328125)
1787603582.769 [20:33:02.768821] {Default Queue} wl_touch#32.motion(18876307, 1, 1139.41406250, 310.69531250)
1787603582.769 [20:33:02.768842] {Default Queue} wl_touch#55.motion(18876307, 1, 1139.41406250, 310.69531250)
1787603582.769 [20:33:02.768853] {Default Queue} wl_touch#32.frame()
1787603582.769 [20:33:02.768864] {Default Queue} wl_touch#55.frame()
1787603582.778 [20:33:02.777670] {Default Queue} wl_touch#32.motion(18876316, 0, 1076.44921875, 676.35937500)
1787603582.778 [20:33:02.777797] {Default Queue} wl_touch#55.motion(18876316, 0, 1076.44921875, 676.35937500)
1787603582.778 [20:33:02.777837] {Default Queue} wl_touch#32.motion(18876316, 1, 1140.41406250, 307.69921875)
1787603582.778 [20:33:02.777907] {Default Queue} wl_touch#55.motion(18876316, 1, 1140.41406250, 307.69921875)
1787603582.778 [20:33:02.777921] {Default Queue} wl_touch#32.frame()
1787603582.778 [20:33:02.777932] {Default Queue} wl_touch#55.frame()
1787603582.788 [20:33:02.787916] {Default Queue} wl_touch#32.motion(18876326, 0, 1075.44921875, 683.35156250)
1787603582.788 [20:33:02.788005] {Default Queue} wl_touch#55.motion(18876326, 0, 1075.44921875, 683.35156250)
1787603582.788 [20:33:02.788023] {Default Queue} wl_touch#32.motion(18876326, 1, 1142.41406250, 303.70312500)
1787603582.788 [20:33:02.788045] {Default Queue} wl_touch#55.motion(18876326, 1, 1142.41406250, 303.70312500)
1787603582.788 [20:33:02.788062] {Default Queue} wl_touch#32.frame()
1787603582.788 [20:33:02.788072] {Default Queue} wl_touch#55.frame()
1787603582.798 [20:33:02.797508] {Default Queue} wl_touch#32.motion(18876336, 0, 1074.44921875, 689.34765625)
1787603582.798 [20:33:02.797575] {Default Queue} wl_touch#55.motion(18876336, 0, 1074.44921875, 689.34765625)
1787603582.798 [20:33:02.797592] {Default Queue} wl_touch#32.motion(18876336, 1, 1144.41015625, 301.70312500)
1787603582.798 [20:33:02.797614] {Default Queue} wl_touch#55.motion(18876336, 1, 1144.41015625, 301.70312500)
1787603582.798 [20:33:02.797627] {Default Queue} wl_touch#32.frame()
1787603582.798 [20:33:02.797637] {Default Queue} wl_touch#55.frame()
1787603582.807 [20:33:02.807307] {Default Queue} wl_touch#32.motion(18876346, 0, 1073.44921875, 695.33984375)
1787603582.807 [20:33:02.807343] {Default Queue} wl_touch#55.motion(18876346, 0, 1073.44921875, 695.33984375)
1787603582.807 [20:33:02.807351] {Default Queue} wl_touch#32.motion(18876346, 1, 1145.41015625, 299.70703125)
1787603582.807 [20:33:02.807361] {Default Queue} wl_touch#55.motion(18876346, 1, 1145.41015625, 299.70703125)
1787603582.808 [20:33:02.807366] {Default Queue} wl_touch#32.frame()
1787603582.808 [20:33:02.807372] {Default Queue} wl_touch#55.frame()
1787603582.817 [20:33:02.817336] {Default Queue} wl_touch#32.motion(18876356, 0, 1072.44921875, 702.33203125)
1787603582.817 [20:33:02.817371] {Default Queue} wl_touch#55.motion(18876356, 0, 1072.44921875, 702.33203125)
1787603582.818 [20:33:02.817378] {Default Queue} wl_touch#32.motion(18876356, 1, 1145.41015625, 297.70703125)
1787603582.818 [20:33:02.817386] {Default Queue} wl_touch#55.motion(18876356, 1, 1145.41015625, 297.70703125)
1787603582.818 [20:33:02.817391] {Default Queue} wl_touch#32.frame()
1787603582.818 [20:33:02.817396] {Default Queue} wl_touch#55.frame()
1787603582.828 [20:33:02.827605] {Default Queue} wl_touch#32.motion(18876366, 0, 1071.44921875, 708.32812500)
1787603582.828 [20:33:02.827680] {Default Queue} wl_touch#55.motion(18876366, 0, 1071.44921875, 708.32812500)
1787603582.828 [20:33:02.827696] {Default Queue} wl_touch#32.motion(18876366, 1, 1146.41015625, 295.71093750)
1787603582.828 [20:33:02.827716] {Default Queue} wl_touch#55.motion(18876366, 1, 1146.41015625, 295.71093750)
1787603582.828 [20:33:02.827728] {Default Queue} wl_touch#32.frame()
1787603582.828 [20:33:02.827740] {Default Queue} wl_touch#55.frame()
1787603582.838 [20:33:02.838180] {Default Queue} wl_touch#32.motion(18876376, 0, 1070.44921875, 715.32031250)
1787603582.838 [20:33:02.838233] {Default Queue} wl_touch#55.motion(18876376, 0, 1070.44921875, 715.32031250)
1787603582.838 [20:33:02.838247] {Default Queue} wl_touch#32.motion(18876376, 1, 1147.41015625, 294.71093750)
1787603582.839 [20:33:02.838267] {Default Queue} wl_touch#55.motion(18876376, 1, 1147.41015625, 294.71093750)
1787603582.839 [20:33:02.838279] {Default Queue} wl_touch#32.frame()
1787603582.839 [20:33:02.838290] {Default Queue} wl_touch#55.frame()
1787603582.847 [20:33:02.846702] {Default Queue} wl_touch#32.motion(18876385, 0, 1068.45312500, 720.31640625)
1787603582.847 [20:33:02.846827] {Default Queue} wl_touch#55.motion(18876385, 0, 1068.45312500, 720.31640625)
1787603582.847 [20:33:02.846845] {Default Queue} wl_touch#32.motion(18876385, 1, 1148.41015625, 292.71484375)
1787603582.847 [20:33:02.846865] {Default Queue} wl_touch#55.motion(18876385, 1, 1148.41015625, 292.71484375)
1787603582.847 [20:33:02.846878] {Default Queue} wl_touch#32.frame()
1787603582.847 [20:33:02.846889] {Default Queue} wl_touch#55.frame()
1787603582.857 [20:33:02.856652] {Default Queue} wl_touch#32.motion(18876395, 0, 1067.45312500, 727.31250000)
1787603582.857 [20:33:02.856727] {Default Queue} wl_touch#55.motion(18876395, 0, 1067.45312500, 727.31250000)
1787603582.857 [20:33:02.856744] {Default Queue} wl_touch#32.motion(18876395, 1, 1149.41015625, 290.71484375)
1787603582.857 [20:33:02.856789] {Default Queue} wl_touch#55.motion(18876395, 1, 1149.41015625, 290.71484375)
1787603582.857 [20:33:02.856802] {Default Queue} wl_touch#32.frame()
1787603582.857 [20:33:02.856813] {Default Queue} wl_touch#55.frame()
1787603582.867 [20:33:02.866656] {Default Queue} wl_touch#32.motion(18876405, 0, 1065.45312500, 733.30468750)
1787603582.867 [20:33:02.866735] {Default Queue} wl_touch#55.motion(18876405, 0, 1065.45312500, 733.30468750)
1787603582.867 [20:33:02.866752] {Default Queue} wl_touch#32.motion(18876405, 1, 1149.41015625, 289.71484375)
1787603582.867 [20:33:02.866794] {Default Queue} wl_touch#55.motion(18876405, 1, 1149.41015625, 289.71484375)
1787603582.867 [20:33:02.866806] {Default Queue} wl_touch#32.frame()
1787603582.867 [20:33:02.866817] {Default Queue} wl_touch#55.frame()
1787603582.877 [20:33:02.876809] {Default Queue} wl_touch#32.motion(18876415, 0, 1063.45312500, 739.30078125)
1787603582.877 [20:33:02.876871] {Default Queue} wl_touch#55.motion(18876415, 0, 1063.45312500, 739.30078125)
1787603582.877 [20:33:02.876887] {Default Queue} wl_touch#32.motion(18876415, 1, 1150.41015625, 287.71875000)
1787603582.877 [20:33:02.876908] {Default Queue} wl_touch#55.motion(18876415, 1, 1150.41015625, 287.71875000)
1787603582.877 [20:33:02.876920] {Default Queue} wl_touch#32.frame()
1787603582.877 [20:33:02.876931] {Default Queue} wl_touch#55.frame()
1787603582.888 [20:33:02.888224] {Default Queue} wl_touch#32.motion(18876425, 0, 1063.45312500, 744.29687500)
1787603582.888 [20:33:02.888295] {Default Queue} wl_touch#55.motion(18876425, 0, 1063.45312500, 744.29687500)
1787603582.889 [20:33:02.888312] {Default Queue} wl_touch#32.motion(18876425, 1, 1151.41015625, 286.71875000)
1787603582.889 [20:33:02.888337] {Default Queue} wl_touch#55.motion(18876425, 1, 1151.41015625, 286.71875000)
1787603582.889 [20:33:02.888364] {Default Queue} wl_touch#32.frame()
1787603582.889 [20:33:02.888386] {Default Queue} wl_touch#55.frame()
1787603582.897 [20:33:02.896644] {Default Queue} wl_touch#32.motion(18876435, 0, 1062.45312500, 750.28906250)
1787603582.897 [20:33:02.896729] {Default Queue} wl_touch#55.motion(18876435, 0, 1062.45312500, 750.28906250)
1787603582.897 [20:33:02.896747] {Default Queue} wl_touch#32.motion(18876435, 1, 1152.40625000, 286.71875000)
1787603582.897 [20:33:02.896790] {Default Queue} wl_touch#55.motion(18876435, 1, 1152.40625000, 286.71875000)
1787603582.897 [20:33:02.896804] {Default Queue} wl_touch#32.frame()
1787603582.897 [20:33:02.896816] {Default Queue} wl_touch#55.frame()
1787603582.907 [20:33:02.906662] {Default Queue} wl_touch#32.motion(18876445, 0, 1061.45703125, 755.28515625)
1787603582.907 [20:33:02.906737] {Default Queue} wl_touch#55.motion(18876445, 0, 1061.45703125, 755.28515625)
1787603582.907 [20:33:02.906828] {Default Queue} wl_touch#32.motion(18876445, 1, 1153.40625000, 285.71875000)
1787603582.907 [20:33:02.906867] {Default Queue} wl_touch#55.motion(18876445, 1, 1153.40625000, 285.71875000)
1787603582.907 [20:33:02.906881] {Default Queue} wl_touch#32.frame()
1787603582.907 [20:33:02.906913] {Default Queue} wl_touch#55.frame()
1787603582.916 [20:33:02.915523] {Default Queue} wl_touch#32.motion(18876454, 0, 1060.45703125, 760.28125000)
1787603582.916 [20:33:02.915612] {Default Queue} wl_touch#55.motion(18876454, 0, 1060.45703125, 760.28125000)
1787603582.916 [20:33:02.915629] {Default Queue} wl_touch#32.motion(18876454, 1, 1153.40625000, 284.71875000)
1787603582.916 [20:33:02.915649] {Default Queue} wl_touch#55.motion(18876454, 1, 1153.40625000, 284.71875000)
1787603582.916 [20:33:02.915661] {Default Queue} wl_touch#32.frame()
1787603582.916 [20:33:02.915672] {Default Queue} wl_touch#55.frame()
1787603582.926 [20:33:02.925793] {Default Queue} wl_touch#32.motion(18876464, 0, 1059.45703125, 764.27734375)
1787603582.926 [20:33:02.925850] {Default Queue} wl_touch#55.motion(18876464, 0, 1059.45703125, 764.27734375)
1787603582.926 [20:33:02.925863] {Default Queue} wl_touch#32.motion(18876464, 1, 1154.40625000, 283.72265625)
1787603582.926 [20:33:02.925883] {Default Queue} wl_touch#55.motion(18876464, 1, 1154.40625000, 283.72265625)
1787603582.926 [20:33:02.925895] {Default Queue} wl_touch#32.frame()
1787603582.926 [20:33:02.925906] {Default Queue} wl_touch#55.frame()
1787603582.936 [20:33:02.935634] {Default Queue} wl_touch#32.motion(18876474, 0, 1058.45703125, 768.27343750)
1787603582.936 [20:33:02.935712] {Default Queue} wl_touch#55.motion(18876474, 0, 1058.45703125, 768.27343750)
1787603582.936 [20:33:02.935729] {Default Queue} wl_touch#32.motion(18876474, 1, 1155.40625000, 282.72265625)
1787603582.936 [20:33:02.935750] {Default Queue} wl_touch#55.motion(18876474, 1, 1155.40625000, 282.72265625)
1787603582.936 [20:33:02.935789] {Default Queue} wl_touch#32.frame()
1787603582.936 [20:33:02.935806] {Default Queue} wl_touch#55.frame()
1787603582.946 [20:33:02.945672] {Default Queue} wl_touch#32.motion(18876484, 0, 1056.45703125, 772.26953125)
1787603582.946 [20:33:02.945752] {Default Queue} wl_touch#55.motion(18876484, 0, 1056.45703125, 772.26953125)
1787603582.946 [20:33:02.945794] {Default Queue} wl_touch#32.motion(18876484, 1, 1156.40625000, 282.72265625)
1787603582.946 [20:33:02.945816] {Default Queue} wl_touch#55.motion(18876484, 1, 1156.40625000, 282.72265625)
1787603582.946 [20:33:02.945829] {Default Queue} wl_touch#32.frame()
1787603582.946 [20:33:02.945841] {Default Queue} wl_touch#55.frame()
1787603582.956 [20:33:02.955491] {Default Queue} wl_touch#32.motion(18876494, 0, 1055.45703125, 776.26562500)
1787603582.956 [20:33:02.955545] {Default Queue} wl_touch#55.motion(18876494, 0, 1055.45703125, 776.26562500)
1787603582.956 [20:33:02.955559] {Default Queue} wl_touch#32.motion(18876494, 1, 1156.40625000, 281.72265625)
1787603582.956 [20:33:02.955579] {Default Queue} wl_touch#55.motion(18876494, 1, 1156.40625000, 281.72265625)
1787603582.956 [20:33:02.955590] {Default Queue} wl_touch#32.frame()
1787603582.956 [20:33:02.955600] {Default Queue} wl_touch#55.frame()
1787603582.966 [20:33:02.965701] {Default Queue} wl_touch#32.motion(18876504, 0, 1053.46093750, 780.26171875)
1787603582.966 [20:33:02.965801] {Default Queue} wl_touch#55.motion(18876504, 0, 1053.46093750, 780.26171875)
1787603582.966 [20:33:02.965819] {Default Queue} wl_touch#32.motion(18876504, 1, 1156.40625000, 280.72265625)
1787603582.966 [20:33:02.965839] {Default Queue} wl_touch#55.motion(18876504, 1, 1156.40625000, 280.72265625)
1787603582.966 [20:33:02.965851] {Default Queue} wl_touch#32.frame()
1787603582.966 [20:33:02.965862] {Default Queue} wl_touch#55.frame()
1787603582.976 [20:33:02.975614] {Default Queue} wl_touch#32.motion(18876514, 0, 1051.46093750, 784.25781250)
1787603582.976 [20:33:02.975671] {Default Queue} wl_touch#55.motion(18876514, 0, 1051.46093750, 784.25781250)
1787603582.976 [20:33:02.975687] {Default Queue} wl_touch#32.motion(18876514, 1, 1156.40625000, 279.72656250)
1787603582.976 [20:33:02.975706] {Default Queue} wl_touch#55.motion(18876514, 1, 1156.40625000, 279.72656250)
1787603582.976 [20:33:02.975718] {Default Queue} wl_touch#32.frame()
1787603582.976 [20:33:02.975728] {Default Queue} wl_touch#55.frame()
1787603582.985 [20:33:02.984723] {Default Queue} wl_touch#32.motion(18876523, 0, 1050.46093750, 787.25390625)
1787603582.985 [20:33:02.984830] {Default Queue} wl_touch#55.motion(18876523, 0, 1050.46093750, 787.25390625)
1787603582.985 [20:33:02.984849] {Default Queue} wl_touch#32.motion(18876523, 1, 1156.40625000, 278.72656250)
1787603582.985 [20:33:02.984870] {Default Queue} wl_touch#55.motion(18876523, 1, 1156.40625000, 278.72656250)
1787603582.985 [20:33:02.984883] {Default Queue} wl_touch#32.frame()
1787603582.985 [20:33:02.984895] {Default Queue} wl_touch#55.frame()
1787603582.995 [20:33:02.994694] {Default Queue} wl_touch#32.motion(18876533, 0, 1048.46093750, 791.25000000)
1787603582.995 [20:33:02.994781] {Default Queue} wl_touch#55.motion(18876533, 0, 1048.46093750, 791.25000000)
1787603582.995 [20:33:02.994799] {Default Queue} wl_touch#32.motion(18876533, 1, 1157.40625000, 278.72656250)
1787603582.995 [20:33:02.994821] {Default Queue} wl_touch#55.motion(18876533, 1, 1157.40625000, 278.72656250)
1787603582.995 [20:33:02.994833] {Default Queue} wl_touch#32.frame()
1787603582.995 [20:33:02.994845] {Default Queue} wl_touch#55.frame()
1787603583.005 [20:33:03.004691] {Default Queue} wl_touch#32.motion(18876543, 0, 1045.46484375, 798.24609375)
1787603583.005 [20:33:03.004755] {Default Queue} wl_touch#55.motion(18876543, 0, 1045.46484375, 798.24609375)
1787603583.005 [20:33:03.004808] {Default Queue} wl_touch#32.motion(18876543, 1, 1158.40625000, 276.72656250)
1787603583.005 [20:33:03.004846] {Default Queue} wl_touch#55.motion(18876543, 1, 1158.40625000, 276.72656250)
1787603583.005 [20:33:03.004870] {Default Queue} wl_touch#32.frame()
1787603583.005 [20:33:03.004885] {Default Queue} wl_touch#55.frame()
1787603583.015 [20:33:03.014596] {Default Queue} wl_touch#32.motion(18876553, 0, 1042.46484375, 805.23828125)
1787603583.015 [20:33:03.014672] {Default Queue} wl_touch#55.motion(18876553, 0, 1042.46484375, 805.23828125)
1787603583.015 [20:33:03.014690] {Default Queue} wl_touch#32.motion(18876553, 1, 1158.40625000, 275.73046875)
1787603583.015 [20:33:03.014711] {Default Queue} wl_touch#55.motion(18876553, 1, 1158.40625000, 275.73046875)
1787603583.015 [20:33:03.014724] {Default Queue} wl_touch#32.frame()
1787603583.015 [20:33:03.014737] {Default Queue} wl_touch#55.frame()
1787603583.025 [20:33:03.024613] {Default Queue} wl_touch#32.motion(18876563, 0, 1038.46875000, 810.23437500)
1787603583.025 [20:33:03.024687] {Default Queue} wl_touch#55.motion(18876563, 0, 1038.46875000, 810.23437500)
1787603583.025 [20:33:03.024705] {Default Queue} wl_touch#32.motion(18876563, 1, 1159.40234375, 274.73046875)
1787603583.025 [20:33:03.024727] {Default Queue} wl_touch#55.motion(18876563, 1, 1159.40234375, 274.73046875)
1787603583.025 [20:33:03.024738] {Default Queue} wl_touch#32.frame()
1787603583.025 [20:33:03.024750] {Default Queue} wl_touch#55.frame()
1787603583.035 [20:33:03.034629] {Default Queue} wl_touch#32.motion(18876573, 0, 1036.46875000, 815.23046875)
1787603583.035 [20:33:03.034703] {Default Queue} wl_touch#55.motion(18876573, 0, 1036.46875000, 815.23046875)
1787603583.035 [20:33:03.034720] {Default Queue} wl_touch#32.motion(18876573, 1, 1160.40234375, 274.73046875)
1787603583.035 [20:33:03.034741] {Default Queue} wl_touch#55.motion(18876573, 1, 1160.40234375, 274.73046875)
1787603583.035 [20:33:03.034752] {Default Queue} wl_touch#32.frame()
1787603583.035 [20:33:03.034793] {Default Queue} wl_touch#55.frame()
1787603583.045 [20:33:03.044632] {Default Queue} wl_touch#32.motion(18876583, 0, 1033.46875000, 820.22656250)
1787603583.045 [20:33:03.044704] {Default Queue} wl_touch#55.motion(18876583, 0, 1033.46875000, 820.22656250)
1787603583.045 [20:33:03.044720] {Default Queue} wl_touch#32.motion(18876583, 1, 1161.40234375, 273.73046875)
1787603583.045 [20:33:03.044740] {Default Queue} wl_touch#55.motion(18876583, 1, 1161.40234375, 273.73046875)
1787603583.045 [20:33:03.044752] {Default Queue} wl_touch#32.frame()
1787603583.045 [20:33:03.044795] {Default Queue} wl_touch#55.frame()
1787603583.055 [20:33:03.055001] {Default Queue} wl_touch#32.motion(18876592, 0, 1032.46875000, 824.22265625)
1787603583.055 [20:33:03.055052] {Default Queue} wl_touch#55.motion(18876592, 0, 1032.46875000, 824.22265625)
1787603583.055 [20:33:03.055065] {Default Queue} wl_touch#32.motion(18876592, 1, 1161.40234375, 272.73046875)
1787603583.055 [20:33:03.055085] {Default Queue} wl_touch#55.motion(18876592, 1, 1161.40234375, 272.73046875)
1787603583.055 [20:33:03.055097] {Default Queue} wl_touch#32.frame()
1787603583.055 [20:33:03.055107] {Default Queue} wl_touch#55.frame()
1787603583.064 [20:33:03.063698] {Default Queue} wl_touch#32.motion(18876602, 0, 1030.47265625, 827.21875000)
1787603583.064 [20:33:03.063795] {Default Queue} wl_touch#55.motion(18876602, 0, 1030.47265625, 827.21875000)
1787603583.064 [20:33:03.063814] {Default Queue} wl_touch#32.frame()
1787603583.064 [20:33:03.063826] {Default Queue} wl_touch#55.frame()
1787603583.074 [20:33:03.073521] {Default Queue} wl_touch#32.motion(18876612, 0, 1029.47265625, 830.21484375)
1787603583.074 [20:33:03.073598] {Default Queue} wl_touch#55.motion(18876612, 0, 1029.47265625, 830.21484375)
1787603583.074 [20:33:03.073615] {Default Queue} wl_touch#32.frame()
1787603583.074 [20:33:03.073627] {Default Queue} wl_touch#55.frame()
1787603583.084 [20:33:03.083705] {Default Queue} wl_touch#32.motion(18876622, 0, 1028.47265625, 833.21093750)
1787603583.084 [20:33:03.083812] {Default Queue} wl_touch#55.motion(18876622, 0, 1028.47265625, 833.21093750)
1787603583.084 [20:33:03.083831] {Default Queue} wl_touch#32.frame()
1787603583.084 [20:33:03.083844] {Default Queue} wl_touch#55.frame()
1787603583.094 [20:33:03.093480] {Default Queue} wl_touch#32.motion(18876632, 0, 1027.47265625, 834.21093750)
1787603583.094 [20:33:03.093550] {Default Queue} wl_touch#55.motion(18876632, 0, 1027.47265625, 834.21093750)
1787603583.094 [20:33:03.093567] {Default Queue} wl_touch#32.frame()
1787603583.094 [20:33:03.093579] {Default Queue} wl_touch#55.frame()
1787603583.105 [20:33:03.104524] {Default Queue} wl_touch#32.motion(18876642, 0, 1026.47265625, 835.21093750)
1787603583.105 [20:33:03.104587] {Default Queue} wl_touch#55.motion(18876642, 0, 1026.47265625, 835.21093750)
1787603583.105 [20:33:03.104602] {Default Queue} wl_touch#32.motion(18876642, 1, 1162.40234375, 272.73046875)
1787603583.105 [20:33:03.104623] {Default Queue} wl_touch#55.motion(18876642, 1, 1162.40234375, 272.73046875)
1787603583.105 [20:33:03.104636] {Default Queue} wl_touch#32.frame()
1787603583.105 [20:33:03.104648] {Default Queue} wl_touch#55.frame()
1787603583.114 [20:33:03.113716] {Default Queue} wl_touch#32.motion(18876652, 0, 1025.47265625, 836.21093750)
1787603583.114 [20:33:03.113816] {Default Queue} wl_touch#55.motion(18876652, 0, 1025.47265625, 836.21093750)
1787603583.114 [20:33:03.113833] {Default Queue} wl_touch#32.motion(18876652, 1, 1162.40234375, 273.73046875)
1787603583.114 [20:33:03.113855] {Default Queue} wl_touch#55.motion(18876652, 1, 1162.40234375, 273.73046875)
1787603583.114 [20:33:03.113867] {Default Queue} wl_touch#32.frame()
1787603583.114 [20:33:03.113878] {Default Queue} wl_touch#55.frame()
1787603583.124 [20:33:03.123855] {Default Queue} wl_touch#32.motion(18876662, 0, 1025.47265625, 837.20703125)
1787603583.124 [20:33:03.123933] {Default Queue} wl_touch#55.motion(18876662, 0, 1025.47265625, 837.20703125)
1787603583.124 [20:33:03.123953] {Default Queue} wl_touch#32.motion(18876662, 1, 1162.40234375, 274.73046875)
1787603583.124 [20:33:03.123975] {Default Queue} wl_touch#55.motion(18876662, 1, 1162.40234375, 274.73046875)
1787603583.124 [20:33:03.123987] {Default Queue} wl_touch#32.frame()
1787603583.124 [20:33:03.123998] {Default Queue} wl_touch#55.frame()
1787603583.133 [20:33:03.132652] {Default Queue} wl_touch#32.motion(18876671, 1, 1162.40234375, 276.72656250)
1787603583.133 [20:33:03.132722] {Default Queue} wl_touch#55.motion(18876671, 1, 1162.40234375, 276.72656250)
1787603583.133 [20:33:03.132739] {Default Queue} wl_touch#32.frame()
1787603583.133 [20:33:03.132751] {Default Queue} wl_touch#55.frame()
1787603583.143 [20:33:03.142613] {Default Queue} wl_touch#32.motion(18876681, 1, 1162.40234375, 278.72656250)
1787603583.143 [20:33:03.142687] {Default Queue} wl_touch#55.motion(18876681, 1, 1162.40234375, 278.72656250)
1787603583.143 [20:33:03.142711] {Default Queue} wl_touch#32.frame()
1787603583.143 [20:33:03.142725] {Default Queue} wl_touch#55.frame()
1787603583.155 [20:33:03.154858] {Default Queue} wl_touch#32.motion(18876691, 0, 1025.47265625, 836.21093750)
1787603583.155 [20:33:03.154916] {Default Queue} wl_touch#55.motion(18876691, 0, 1025.47265625, 836.21093750)
1787603583.155 [20:33:03.154931] {Default Queue} wl_touch#32.motion(18876691, 1, 1161.40234375, 282.72265625)
1787603583.155 [20:33:03.154949] {Default Queue} wl_touch#55.motion(18876691, 1, 1161.40234375, 282.72265625)
1787603583.155 [20:33:03.154961] {Default Queue} wl_touch#32.frame()
1787603583.155 [20:33:03.154971] {Default Queue} wl_touch#55.frame()
1787603583.163 [20:33:03.162755] {Default Queue} wl_touch#32.motion(18876701, 0, 1025.47265625, 835.21093750)
1787603583.163 [20:33:03.162853] {Default Queue} wl_touch#55.motion(18876701, 0, 1025.47265625, 835.21093750)
1787603583.163 [20:33:03.162869] {Default Queue} wl_touch#32.motion(18876701, 1, 1160.40234375, 286.71875000)
1787603583.163 [20:33:03.162890] {Default Queue} wl_touch#55.motion(18876701, 1, 1160.40234375, 286.71875000)
1787603583.163 [20:33:03.162902] {Default Queue} wl_touch#32.frame()
1787603583.163 [20:33:03.162912] {Default Queue} wl_touch#55.frame()
1787603583.173 [20:33:03.172404] {Default Queue} wl_touch#32.motion(18876711, 0, 1025.47265625, 834.21093750)
1787603583.173 [20:33:03.172466] {Default Queue} wl_touch#55.motion(18876711, 0, 1025.47265625, 834.21093750)
1787603583.173 [20:33:03.172482] {Default Queue} wl_touch#32.motion(18876711, 1, 1159.40234375, 290.71484375)
1787603583.173 [20:33:03.172512] {Default Queue} wl_touch#55.motion(18876711, 1, 1159.40234375, 290.71484375)
1787603583.173 [20:33:03.172533] {Default Queue} wl_touch#32.frame()
1787603583.173 [20:33:03.172553] {Default Queue} wl_touch#55.frame()
1787603583.183 [20:33:03.182643] {Default Queue} wl_touch#32.motion(18876721, 0, 1026.47265625, 834.21093750)
1787603583.183 [20:33:03.182714] {Default Queue} wl_touch#55.motion(18876721, 0, 1026.47265625, 834.21093750)
1787603583.183 [20:33:03.182731] {Default Queue} wl_touch#32.motion(18876721, 1, 1158.40625000, 294.71093750)
1787603583.183 [20:33:03.182754] {Default Queue} wl_touch#55.motion(18876721, 1, 1158.40625000, 294.71093750)
1787603583.183 [20:33:03.182789] {Default Queue} wl_touch#32.frame()
1787603583.183 [20:33:03.182800] {Default Queue} wl_touch#55.frame()
1787603583.193 [20:33:03.192524] {Default Queue} wl_touch#32.motion(18876731, 0, 1027.47265625, 833.21093750)
1787603583.193 [20:33:03.192812] {Default Queue} wl_touch#55.motion(18876731, 0, 1027.47265625, 833.21093750)
1787603583.193 [20:33:03.192856] {Default Queue} wl_touch#32.motion(18876731, 1, 1158.40625000, 298.70703125)
1787603583.193 [20:33:03.192914] {Default Queue} wl_touch#55.motion(18876731, 1, 1158.40625000, 298.70703125)
1787603583.193 [20:33:03.192939] {Default Queue} wl_touch#32.frame()
1787603583.193 [20:33:03.192961] {Default Queue} wl_touch#55.frame()
1787603583.202 [20:33:03.201748] {Default Queue} wl_touch#32.motion(18876740, 0, 1028.47265625, 832.21484375)
1787603583.202 [20:33:03.201866] {Default Queue} wl_touch#55.motion(18876740, 0, 1028.47265625, 832.21484375)
1787603583.202 [20:33:03.201883] {Default Queue} wl_touch#32.motion(18876740, 1, 1158.40625000, 299.70703125)
1787603583.202 [20:33:03.201904] {Default Queue} wl_touch#55.motion(18876740, 1, 1158.40625000, 299.70703125)
1787603583.202 [20:33:03.201916] {Default Queue} wl_touch#32.frame()
1787603583.202 [20:33:03.201928] {Default Queue} wl_touch#55.frame()
1787603583.212 [20:33:03.211645] {Default Queue} wl_touch#32.motion(18876750, 0, 1029.47265625, 831.21484375)
1787603583.212 [20:33:03.211725] {Default Queue} wl_touch#55.motion(18876750, 0, 1029.47265625, 831.21484375)
1787603583.212 [20:33:03.211741] {Default Queue} wl_touch#32.motion(18876750, 1, 1158.40625000, 301.70312500)
1787603583.212 [20:33:03.211792] {Default Queue} wl_touch#55.motion(18876750, 1, 1158.40625000, 301.70312500)
1787603583.212 [20:33:03.211825] {Default Queue} wl_touch#32.frame()
1787603583.212 [20:33:03.211852] {Default Queue} wl_touch#55.frame()
1787603583.222 [20:33:03.221811] {Default Queue} wl_touch#32.motion(18876760, 0, 1029.47265625, 830.21484375)
1787603583.222 [20:33:03.221877] {Default Queue} wl_touch#55.motion(18876760, 0, 1029.47265625, 830.21484375)
1787603583.222 [20:33:03.221905] {Default Queue} wl_touch#32.motion(18876760, 1, 1158.40625000, 303.70312500)
1787603583.222 [20:33:03.221939] {Default Queue} wl_touch#55.motion(18876760, 1, 1158.40625000, 303.70312500)
1787603583.222 [20:33:03.221963] {Default Queue} wl_touch#32.frame()
1787603583.222 [20:33:03.221978] {Default Queue} wl_touch#55.frame()
1787603583.232 [20:33:03.231648] {Default Queue} wl_touch#32.motion(18876770, 0, 1030.47265625, 829.21484375)
1787603583.232 [20:33:03.231723] {Default Queue} wl_touch#55.motion(18876770, 0, 1030.47265625, 829.21484375)
1787603583.232 [20:33:03.231740] {Default Queue} wl_touch#32.motion(18876770, 1, 1158.40625000, 307.69921875)
1787603583.232 [20:33:03.231780] {Default Queue} wl_touch#55.motion(18876770, 1, 1158.40625000, 307.69921875)
1787603583.232 [20:33:03.231793] {Default Queue} wl_touch#32.frame()
1787603583.232 [20:33:03.231804] {Default Queue} wl_touch#55.frame()
1787603583.242 [20:33:03.241621] {Default Queue} wl_touch#32.motion(18876780, 0, 1031.47265625, 827.21875000)
1787603583.242 [20:33:03.241718] {Default Queue} wl_touch#55.motion(18876780, 0, 1031.47265625, 827.21875000)
1787603583.242 [20:33:03.241749] {Default Queue} wl_touch#32.motion(18876780, 1, 1157.40625000, 310.69531250)
1787603583.242 [20:33:03.241827] {Default Queue} wl_touch#55.motion(18876780, 1, 1157.40625000, 310.69531250)
1787603583.242 [20:33:03.241864] {Default Queue} wl_touch#32.frame()
1787603583.242 [20:33:03.241888] {Default Queue} wl_touch#55.frame()
1787603583.252 [20:33:03.251678] {Default Queue} wl_touch#32.motion(18876790, 0, 1033.46875000, 826.21875000)
1787603583.252 [20:33:03.251756] {Default Queue} wl_touch#55.motion(18876790, 0, 1033.46875000, 826.21875000)
1787603583.252 [20:33:03.251807] {Default Queue} wl_touch#32.motion(18876790, 1, 1156.40625000, 314.69140625)
1787603583.252 [20:33:03.251829] {Default Queue} wl_touch#55.motion(18876790, 1, 1156.40625000, 314.69140625)
1787603583.252 [20:33:03.251841] {Default Queue} wl_touch#32.frame()
1787603583.252 [20:33:03.251853] {Default Queue} wl_touch#55.frame()
1787603583.262 [20:33:03.261785] {Default Queue} wl_touch#32.motion(18876800, 0, 1034.46875000, 824.22265625)
1787603583.262 [20:33:03.261869] {Default Queue} wl_touch#55.motion(18876800, 0, 1034.46875000, 824.22265625)
1787603583.262 [20:33:03.261885] {Default Queue} wl_touch#32.motion(18876800, 1, 1155.40625000, 318.68750000)
1787603583.262 [20:33:03.261907] {Default Queue} wl_touch#55.motion(18876800, 1, 1155.40625000, 318.68750000)
1787603583.262 [20:33:03.261927] {Default Queue} wl_touch#32.frame()
1787603583.262 [20:33:03.261950] {Default Queue} wl_touch#55.frame()
1787603583.272 [20:33:03.271914] {Default Queue} wl_touch#32.motion(18876809, 0, 1035.46875000, 822.22265625)
1787603583.272 [20:33:03.271969] {Default Queue} wl_touch#55.motion(18876809, 0, 1035.46875000, 822.22265625)
1787603583.272 [20:33:03.271984] {Default Queue} wl_touch#32.motion(18876809, 1, 1154.40625000, 322.68359375)
1787603583.272 [20:33:03.272003] {Default Queue} wl_touch#55.motion(18876809, 1, 1154.40625000, 322.68359375)
1787603583.272 [20:33:03.272015] {Default Queue} wl_touch#32.frame()
1787603583.272 [20:33:03.272025] {Default Queue} wl_touch#55.frame()
1787603583.281 [20:33:03.280666] {Default Queue} wl_touch#32.motion(18876819, 0, 1036.46875000, 821.22265625)
1787603583.281 [20:33:03.280753] {Default Queue} wl_touch#55.motion(18876819, 0, 1036.46875000, 821.22265625)
1787603583.281 [20:33:03.280813] {Default Queue} wl_touch#32.motion(18876819, 1, 1153.40625000, 326.68359375)
1787603583.281 [20:33:03.280867] {Default Queue} wl_touch#55.motion(18876819, 1, 1153.40625000, 326.68359375)
1787603583.281 [20:33:03.280904] {Default Queue} wl_touch#32.frame()
1787603583.281 [20:33:03.280915] {Default Queue} wl_touch#55.frame()
1787603583.291 [20:33:03.290757] {Default Queue} wl_touch#32.motion(18876829, 0, 1038.46875000, 819.22656250)
1787603583.291 [20:33:03.290854] {Default Queue} wl_touch#55.motion(18876829, 0, 1038.46875000, 819.22656250)
1787603583.291 [20:33:03.290872] {Default Queue} wl_touch#32.motion(18876829, 1, 1152.40625000, 330.67968750)
1787603583.291 [20:33:03.290892] {Default Queue} wl_touch#55.motion(18876829, 1, 1152.40625000, 330.67968750)
1787603583.291 [20:33:03.290904] {Default Queue} wl_touch#32.frame()
1787603583.291 [20:33:03.290921] {Default Queue} wl_touch#55.frame()
1787603583.301 [20:33:03.300668] {Default Queue} wl_touch#32.motion(18876839, 0, 1038.46875000, 818.22656250)
1787603583.301 [20:33:03.300740] {Default Queue} wl_touch#55.motion(18876839, 0, 1038.46875000, 818.22656250)
1787603583.301 [20:33:03.300756] {Default Queue} wl_touch#32.motion(18876839, 1, 1151.41015625, 334.67578125)
1787603583.301 [20:33:03.300802] {Default Queue} wl_touch#55.motion(18876839, 1, 1151.41015625, 334.67578125)
1787603583.301 [20:33:03.300814] {Default Queue} wl_touch#32.frame()
1787603583.301 [20:33:03.300825] {Default Queue} wl_touch#55.frame()
1787603583.311 [20:33:03.310626] {Default Queue} wl_touch#32.motion(18876849, 0, 1040.46484375, 816.22656250)
1787603583.311 [20:33:03.310694] {Default Queue} wl_touch#55.motion(18876849, 0, 1040.46484375, 816.22656250)
1787603583.311 [20:33:03.310710] {Default Queue} wl_touch#32.motion(18876849, 1, 1149.41015625, 338.67187500)
1787603583.311 [20:33:03.310729] {Default Queue} wl_touch#55.motion(18876849, 1, 1149.41015625, 338.67187500)
1787603583.311 [20:33:03.310740] {Default Queue} wl_touch#32.frame()
1787603583.311 [20:33:03.310751] {Default Queue} wl_touch#55.frame()
1787603583.322 [20:33:03.321457] {Default Queue} wl_touch#32.motion(18876859, 0, 1042.46484375, 814.23046875)
1787603583.322 [20:33:03.321510] {Default Queue} wl_touch#55.motion(18876859, 0, 1042.46484375, 814.23046875)
1787603583.322 [20:33:03.321524] {Default Queue} wl_touch#32.motion(18876859, 1, 1149.41015625, 342.66796875)
1787603583.322 [20:33:03.321543] {Default Queue} wl_touch#55.motion(18876859, 1, 1149.41015625, 342.66796875)
1787603583.322 [20:33:03.321554] {Default Queue} wl_touch#32.frame()
1787603583.322 [20:33:03.321565] {Default Queue} wl_touch#55.frame()
1787603583.331 [20:33:03.330673] {Default Queue} wl_touch#32.motion(18876869, 0, 1043.46484375, 812.23046875)
1787603583.331 [20:33:03.330746] {Default Queue} wl_touch#55.motion(18876869, 0, 1043.46484375, 812.23046875)
1787603583.331 [20:33:03.330789] {Default Queue} wl_touch#32.motion(18876869, 1, 1147.41015625, 346.66406250)
1787603583.331 [20:33:03.330812] {Default Queue} wl_touch#55.motion(18876869, 1, 1147.41015625, 346.66406250)
1787603583.331 [20:33:03.330824] {Default Queue} wl_touch#32.frame()
1787603583.331 [20:33:03.330835] {Default Queue} wl_touch#55.frame()
1787603583.341 [20:33:03.340661] {Default Queue} wl_touch#32.motion(18876879, 0, 1045.46484375, 810.23437500)
1787603583.341 [20:33:03.340801] {Default Queue} wl_touch#55.motion(18876879, 0, 1045.46484375, 810.23437500)
1787603583.341 [20:33:03.340861] {Default Queue} wl_touch#32.motion(18876879, 1, 1146.41015625, 350.66015625)
1787603583.341 [20:33:03.340990] {Default Queue} wl_touch#55.motion(18876879, 1, 1146.41015625, 350.66015625)
1787603583.341 [20:33:03.341034] {Default Queue} wl_touch#32.frame()
1787603583.341 [20:33:03.341058] {Default Queue} wl_touch#55.frame()
1787603583.350 [20:33:03.349725] {Default Queue} wl_touch#32.motion(18876888, 0, 1046.46484375, 807.23828125)
1787603583.350 [20:33:03.349822] {Default Queue} wl_touch#55.motion(18876888, 0, 1046.46484375, 807.23828125)
1787603583.350 [20:33:03.349853] {Default Queue} wl_touch#32.motion(18876888, 1, 1145.41015625, 354.65625000)
1787603583.350 [20:33:03.349883] {Default Queue} wl_touch#55.motion(18876888, 1, 1145.41015625, 354.65625000)
1787603583.350 [20:33:03.349924] {Default Queue} wl_touch#32.frame()
1787603583.350 [20:33:03.349939] {Default Queue} wl_touch#55.frame()
1787603583.360 [20:33:03.359710] {Default Queue} wl_touch#32.motion(18876898, 0, 1046.46484375, 805.23828125)
1787603583.360 [20:33:03.359833] {Default Queue} wl_touch#55.motion(18876898, 0, 1046.46484375, 805.23828125)
1787603583.360 [20:33:03.359872] {Default Queue} wl_touch#32.motion(18876898, 1, 1143.41406250, 358.65234375)
1787603583.360 [20:33:03.359898] {Default Queue} wl_touch#55.motion(18876898, 1, 1143.41406250, 358.65234375)
1787603583.360 [20:33:03.359911] {Default Queue} wl_touch#32.frame()
1787603583.360 [20:33:03.359927] {Default Queue} wl_touch#55.frame()
1787603583.372 [20:33:03.371356] {Default Queue} wl_touch#32.motion(18876908, 0, 1047.46093750, 802.24218750)
1787603583.372 [20:33:03.371413] {Default Queue} wl_touch#55.motion(18876908, 0, 1047.46093750, 802.24218750)
1787603583.372 [20:33:03.371427] {Default Queue} wl_touch#32.motion(18876908, 1, 1141.41406250, 363.64843750)
1787603583.372 [20:33:03.371447] {Default Queue} wl_touch#55.motion(18876908, 1, 1141.41406250, 363.64843750)
1787603583.372 [20:33:03.371458] {Default Queue} wl_touch#32.frame()
1787603583.372 [20:33:03.371469] {Default Queue} wl_touch#55.frame()
1787603583.380 [20:33:03.379821] {Default Queue} wl_touch#32.motion(18876918, 0, 1048.46093750, 800.24218750)
1787603583.380 [20:33:03.379898] {Default Queue} wl_touch#55.motion(18876918, 0, 1048.46093750, 800.24218750)
1787603583.380 [20:33:03.379915] {Default Queue} wl_touch#32.motion(18876918, 1, 1140.41406250, 368.64453125)
1787603583.380 [20:33:03.379952] {Default Queue} wl_touch#55.motion(18876918, 1, 1140.41406250, 368.64453125)
1787603583.380 [20:33:03.379964] {Default Queue} wl_touch#32.frame()
1787603583.380 [20:33:03.379976] {Default Queue} wl_touch#55.frame()
1787603583.390 [20:33:03.389674] {Default Queue} wl_touch#32.motion(18876928, 0, 1049.46093750, 798.24609375)
1787603583.390 [20:33:03.389844] {Default Queue} wl_touch#55.motion(18876928, 0, 1049.46093750, 798.24609375)
1787603583.390 [20:33:03.389877] {Default Queue} wl_touch#32.motion(18876928, 1, 1138.41406250, 372.64062500)
1787603583.390 [20:33:03.389929] {Default Queue} wl_touch#55.motion(18876928, 1, 1138.41406250, 372.64062500)
1787603583.390 [20:33:03.389948] {Default Queue} wl_touch#32.frame()
1787603583.390 [20:33:03.389964] {Default Queue} wl_touch#55.frame()
1787603583.400 [20:33:03.399621] {Default Queue} wl_touch#32.motion(18876938, 0, 1050.46093750, 795.24609375)
1787603583.400 [20:33:03.399692] {Default Queue} wl_touch#55.motion(18876938, 0, 1050.46093750, 795.24609375)
1787603583.400 [20:33:03.399708] {Default Queue} wl_touch#32.motion(18876938, 1, 1136.41796875, 377.63281250)
1787603583.400 [20:33:03.399727] {Default Queue} wl_touch#55.motion(18876938, 1, 1136.41796875, 377.63281250)
1787603583.400 [20:33:03.399739] {Default Queue} wl_touch#32.frame()
1787603583.400 [20:33:03.399750] {Default Queue} wl_touch#55.frame()
1787603583.410 [20:33:03.409660] {Default Queue} wl_touch#32.motion(18876948, 0, 1051.46093750, 793.25000000)
1787603583.410 [20:33:03.409752] {Default Queue} wl_touch#55.motion(18876948, 0, 1051.46093750, 793.25000000)
1787603583.410 [20:33:03.409815] {Default Queue} wl_touch#32.motion(18876948, 1, 1135.41796875, 381.62890625)
1787603583.410 [20:33:03.409858] {Default Queue} wl_touch#55.motion(18876948, 1, 1135.41796875, 381.62890625)
1787603583.410 [20:33:03.409884] {Default Queue} wl_touch#32.frame()
1787603583.410 [20:33:03.409906] {Default Queue} wl_touch#55.frame()
1787603583.419 [20:33:03.418806] {Default Queue} wl_touch#32.motion(18876957, 0, 1053.46093750, 789.25390625)
1787603583.419 [20:33:03.418889] {Default Queue} wl_touch#55.motion(18876957, 0, 1053.46093750, 789.25390625)
1787603583.419 [20:33:03.418906] {Default Queue} wl_touch#32.motion(18876957, 1, 1133.41796875, 385.62890625)
1787603583.419 [20:33:03.418927] {Default Queue} wl_touch#55.motion(18876957, 1, 1133.41796875, 385.62890625)
1787603583.419 [20:33:03.418939] {Default Queue} wl_touch#32.frame()
1787603583.419 [20:33:03.418950] {Default Queue} wl_touch#55.frame()
1787603583.429 [20:33:03.428617] {Default Queue} wl_touch#32.motion(18876967, 0, 1055.45703125, 786.25781250)
1787603583.429 [20:33:03.428682] {Default Queue} wl_touch#55.motion(18876967, 0, 1055.45703125, 786.25781250)
1787603583.429 [20:33:03.428698] {Default Queue} wl_touch#32.motion(18876967, 1, 1132.41796875, 389.62500000)
1787603583.429 [20:33:03.428717] {Default Queue} wl_touch#55.motion(18876967, 1, 1132.41796875, 389.62500000)
1787603583.429 [20:33:03.428729] {Default Queue} wl_touch#32.frame()
1787603583.429 [20:33:03.428741] {Default Queue} wl_touch#55.frame()
1787603583.439 [20:33:03.438660] {Default Queue} wl_touch#32.motion(18876977, 0, 1056.45703125, 783.25781250)
1787603583.439 [20:33:03.438735] {Default Queue} wl_touch#55.motion(18876977, 0, 1056.45703125, 783.25781250)
1787603583.439 [20:33:03.438792] {Default Queue} wl_touch#32.motion(18876977, 1, 1130.41796875, 393.62109375)
1787603583.439 [20:33:03.438886] {Default Queue} wl_touch#55.motion(18876977, 1, 1130.41796875, 393.62109375)
1787603583.439 [20:33:03.438911] {Default Queue} wl_touch#32.frame()
1787603583.439 [20:33:03.438937] {Default Queue} wl_touch#55.frame()
1787603583.449 [20:33:03.448640] {Default Queue} wl_touch#32.motion(18876987, 0, 1058.45703125, 780.26171875)
1787603583.449 [20:33:03.448716] {Default Queue} wl_touch#55.motion(18876987, 0, 1058.45703125, 780.26171875)
1787603583.449 [20:33:03.448732] {Default Queue} wl_touch#32.motion(18876987, 1, 1128.42187500, 397.61718750)
1787603583.449 [20:33:03.448752] {Default Queue} wl_touch#55.motion(18876987, 1, 1128.42187500, 397.61718750)
1787603583.449 [20:33:03.448789] {Default Queue} wl_touch#32.frame()
1787603583.449 [20:33:03.448801] {Default Queue} wl_touch#55.frame()
1787603583.459 [20:33:03.458649] {Default Queue} wl_touch#32.motion(18876997, 0, 1059.45703125, 777.26562500)
1787603583.459 [20:33:03.458738] {Default Queue} wl_touch#55.motion(18876997, 0, 1059.45703125, 777.26562500)
1787603583.459 [20:33:03.458794] {Default Queue} wl_touch#32.motion(18876997, 1, 1127.42187500, 401.61328125)
1787603583.459 [20:33:03.458851] {Default Queue} wl_touch#55.motion(18876997, 1, 1127.42187500, 401.61328125)
1787603583.459 [20:33:03.458878] {Default Queue} wl_touch#32.frame()
1787603583.459 [20:33:03.458898] {Default Queue} wl_touch#55.frame()
1787603583.469 [20:33:03.468547] {Default Queue} wl_touch#32.motion(18877007, 0, 1061.45703125, 774.26562500)
1787603583.469 [20:33:03.468620] {Default Queue} wl_touch#55.motion(18877007, 0, 1061.45703125, 774.26562500)
1787603583.469 [20:33:03.468636] {Default Queue} wl_touch#32.motion(18877007, 1, 1125.42187500, 405.60937500)
1787603583.469 [20:33:03.468655] {Default Queue} wl_touch#55.motion(18877007, 1, 1125.42187500, 405.60937500)
1787603583.469 [20:33:03.468667] {Default Queue} wl_touch#32.frame()
1787603583.469 [20:33:03.468710] {Default Queue} wl_touch#55.frame()
1787603583.479 [20:33:03.478678] {Default Queue} wl_touch#32.motion(18877017, 0, 1063.45312500, 772.26953125)
1787603583.479 [20:33:03.478787] {Default Queue} wl_touch#55.motion(18877017, 0, 1063.45312500, 772.26953125)
1787603583.479 [20:33:03.478805] {Default Queue} wl_touch#32.motion(18877017, 1, 1123.42187500, 410.60546875)
1787603583.479 [20:33:03.478826] {Default Queue} wl_touch#55.motion(18877017, 1, 1123.42187500, 410.60546875)
1787603583.479 [20:33:03.478838] {Default Queue} wl_touch#32.frame()
1787603583.479 [20:33:03.478852] {Default Queue} wl_touch#55.frame()
1787603583.488 [20:33:03.487958] {Default Queue} wl_touch#32.motion(18877026, 0, 1063.45312500, 769.27343750)
1787603583.488 [20:33:03.488013] {Default Queue} wl_touch#55.motion(18877026, 0, 1063.45312500, 769.27343750)
1787603583.488 [20:33:03.488043] {Default Queue} wl_touch#32.motion(18877026, 1, 1122.42187500, 415.59765625)
1787603583.488 [20:33:03.488076] {Default Queue} wl_touch#55.motion(18877026, 1, 1122.42187500, 415.59765625)
1787603583.488 [20:33:03.488092] {Default Queue} wl_touch#32.frame()
1787603583.488 [20:33:03.488107] {Default Queue} wl_touch#55.frame()
1787603583.498 [20:33:03.497520] {Default Queue} wl_touch#32.motion(18877036, 0, 1064.45312500, 767.27343750)
1787603583.498 [20:33:03.497587] {Default Queue} wl_touch#55.motion(18877036, 0, 1064.45312500, 767.27343750)
1787603583.498 [20:33:03.497603] {Default Queue} wl_touch#32.motion(18877036, 1, 1120.42578125, 419.59375000)
1787603583.498 [20:33:03.497623] {Default Queue} wl_touch#55.motion(18877036, 1, 1120.42578125, 419.59375000)
1787603583.498 [20:33:03.497635] {Default Queue} wl_touch#32.frame()
1787603583.498 [20:33:03.497647] {Default Queue} wl_touch#55.frame()
1787603583.508 [20:33:03.507679] {Default Queue} wl_touch#32.motion(18877046, 0, 1065.45312500, 765.27734375)
1787603583.508 [20:33:03.507755] {Default Queue} wl_touch#55.motion(18877046, 0, 1065.45312500, 765.27734375)
1787603583.508 [20:33:03.507898] {Default Queue} wl_touch#32.motion(18877046, 1, 1119.42578125, 423.59375000)
1787603583.508 [20:33:03.507940] {Default Queue} wl_touch#55.motion(18877046, 1, 1119.42578125, 423.59375000)
1787603583.508 [20:33:03.507965] {Default Queue} wl_touch#32.frame()
1787603583.508 [20:33:03.507984] {Default Queue} wl_touch#55.frame()
1787603583.518 [20:33:03.517656] {Default Queue} wl_touch#32.motion(18877056, 0, 1066.45312500, 762.27734375)
1787603583.518 [20:33:03.517726] {Default Queue} wl_touch#55.motion(18877056, 0, 1066.45312500, 762.27734375)
1787603583.518 [20:33:03.517743] {Default Queue} wl_touch#32.motion(18877056, 1, 1117.42578125, 427.58984375)
1787603583.518 [20:33:03.517796] {Default Queue} wl_touch#55.motion(18877056, 1, 1117.42578125, 427.58984375)
1787603583.518 [20:33:03.517810] {Default Queue} wl_touch#32.frame()
1787603583.518 [20:33:03.517822] {Default Queue} wl_touch#55.frame()
1787603583.528 [20:33:03.527928] {Default Queue} wl_touch#32.motion(18877066, 0, 1067.45312500, 760.28125000)
1787603583.528 [20:33:03.527993] {Default Queue} wl_touch#55.motion(18877066, 0, 1067.45312500, 760.28125000)
1787603583.528 [20:33:03.528010] {Default Queue} wl_touch#32.motion(18877066, 1, 1115.42578125, 431.58593750)
1787603583.528 [20:33:03.528030] {Default Queue} wl_touch#55.motion(18877066, 1, 1115.42578125, 431.58593750)
1787603583.528 [20:33:03.528042] {Default Queue} wl_touch#32.frame()
1787603583.528 [20:33:03.528053] {Default Queue} wl_touch#55.frame()
1787603583.538 [20:33:03.538010] {Default Queue} wl_touch#32.motion(18877076, 0, 1068.45312500, 757.28125000)
1787603583.538 [20:33:03.538060] {Default Queue} wl_touch#55.motion(18877076, 0, 1068.45312500, 757.28125000)
1787603583.538 [20:33:03.538074] {Default Queue} wl_touch#32.motion(18877076, 1, 1114.42578125, 435.58203125)
1787603583.538 [20:33:03.538094] {Default Queue} wl_touch#55.motion(18877076, 1, 1114.42578125, 435.58203125)
1787603583.538 [20:33:03.538106] {Default Queue} wl_touch#32.frame()
1787603583.538 [20:33:03.538116] {Default Queue} wl_touch#55.frame()
1787603583.548 [20:33:03.547662] {Default Queue} wl_touch#32.motion(18877086, 0, 1068.45312500, 755.28515625)
1787603583.548 [20:33:03.547733] {Default Queue} wl_touch#55.motion(18877086, 0, 1068.45312500, 755.28515625)
1787603583.548 [20:33:03.547749] {Default Queue} wl_touch#32.motion(18877086, 1, 1113.42968750, 438.57812500)
1787603583.548 [20:33:03.547806] {Default Queue} wl_touch#55.motion(18877086, 1, 1113.42968750, 438.57812500)
1787603583.548 [20:33:03.547826] {Default Queue} wl_touch#32.frame()
1787603583.548 [20:33:03.547838] {Default Queue} wl_touch#55.frame()
1787603583.557 [20:33:03.556699] {Default Queue} wl_touch#32.motion(18877095, 0, 1069.44921875, 753.28515625)
1787603583.557 [20:33:03.556849] {Default Queue} wl_touch#55.motion(18877095, 0, 1069.44921875, 753.28515625)
1787603583.557 [20:33:03.556891] {Default Queue} wl_touch#32.motion(18877095, 1, 1112.42968750, 442.57421875)
1787603583.557 [20:33:03.556944] {Default Queue} wl_touch#55.motion(18877095, 1, 1112.42968750, 442.57421875)
1787603583.557 [20:33:03.556972] {Default Queue} wl_touch#32.frame()
1787603583.557 [20:33:03.556999] {Default Queue} wl_touch#55.frame()
1787603583.567 [20:33:03.566720] {Default Queue} wl_touch#32.motion(18877105, 0, 1070.44921875, 749.28906250)
1787603583.567 [20:33:03.566827] {Default Queue} wl_touch#55.motion(18877105, 0, 1070.44921875, 749.28906250)
1787603583.567 [20:33:03.566868] {Default Queue} wl_touch#32.motion(18877105, 1, 1111.42968750, 445.57031250)
1787603583.567 [20:33:03.566889] {Default Queue} wl_touch#55.motion(18877105, 1, 1111.42968750, 445.57031250)
1787603583.567 [20:33:03.566900] {Default Queue} wl_touch#32.frame()
1787603583.567 [20:33:03.566911] {Default Queue} wl_touch#55.frame()
1787603583.577 [20:33:03.576654] {Default Queue} wl_touch#32.motion(18877115, 0, 1071.44921875, 746.29296875)
1787603583.577 [20:33:03.576785] {Default Queue} wl_touch#55.motion(18877115, 0, 1071.44921875, 746.29296875)
1787603583.577 [20:33:03.576826] {Default Queue} wl_touch#32.motion(18877115, 1, 1110.42968750, 448.57031250)
1787603583.577 [20:33:03.576883] {Default Queue} wl_touch#55.motion(18877115, 1, 1110.42968750, 448.57031250)
1787603583.577 [20:33:03.576912] {Default Queue} wl_touch#32.frame()
1787603583.577 [20:33:03.576926] {Default Queue} wl_touch#55.frame()
1787603583.588 [20:33:03.588063] {Default Queue} wl_touch#32.motion(18877125, 0, 1072.44921875, 743.29687500)
1787603583.588 [20:33:03.588116] {Default Queue} wl_touch#55.motion(18877125, 0, 1072.44921875, 743.29687500)
1787603583.588 [20:33:03.588131] {Default Queue} wl_touch#32.motion(18877125, 1, 1110.42968750, 451.56640625)
1787603583.588 [20:33:03.588153] {Default Queue} wl_touch#55.motion(18877125, 1, 1110.42968750, 451.56640625)
1787603583.588 [20:33:03.588165] {Default Queue} wl_touch#32.frame()
1787603583.588 [20:33:03.588186] {Default Queue} wl_touch#55.frame()
1787603583.597 [20:33:03.596682] {Default Queue} wl_touch#32.motion(18877135, 0, 1072.44921875, 740.29687500)
1787603583.597 [20:33:03.596802] {Default Queue} wl_touch#55.motion(18877135, 0, 1072.44921875, 740.29687500)
1787603583.597 [20:33:03.596851] {Default Queue} wl_touch#32.motion(18877135, 1, 1109.42968750, 454.56250000)
1787603583.597 [20:33:03.596909] {Default Queue} wl_touch#55.motion(18877135, 1, 1109.42968750, 454.56250000)
1787603583.597 [20:33:03.596960] {Default Queue} wl_touch#32.frame()
1787603583.597 [20:33:03.596991] {Default Queue} wl_touch#55.frame()
1787603583.607 [20:33:03.606689] {Default Queue} wl_touch#32.motion(18877145, 0, 1073.44921875, 736.30078125)
1787603583.607 [20:33:03.606816] {Default Queue} wl_touch#55.motion(18877145, 0, 1073.44921875, 736.30078125)
1787603583.607 [20:33:03.606838] {Default Queue} wl_touch#32.motion(18877145, 1, 1108.42968750, 458.55859375)
1787603583.607 [20:33:03.606862] {Default Queue} wl_touch#55.motion(18877145, 1, 1108.42968750, 458.55859375)
1787603583.607 [20:33:03.606874] {Default Queue} wl_touch#32.frame()
1787603583.607 [20:33:03.606885] {Default Queue} wl_touch#55.frame()
1787603583.617 [20:33:03.616705] {Default Queue} wl_touch#32.motion(18877155, 0, 1074.44921875, 733.30468750)
1787603583.617 [20:33:03.616804] {Default Queue} wl_touch#55.motion(18877155, 0, 1074.44921875, 733.30468750)
1787603583.617 [20:33:03.616821] {Default Queue} wl_touch#32.motion(18877155, 1, 1107.42968750, 461.55859375)
1787603583.617 [20:33:03.616840] {Default Queue} wl_touch#55.motion(18877155, 1, 1107.42968750, 461.55859375)
1787603583.617 [20:33:03.616852] {Default Queue} wl_touch#32.frame()
1787603583.617 [20:33:03.616864] {Default Queue} wl_touch#55.frame()
1787603583.627 [20:33:03.626786] {Default Queue} wl_touch#32.motion(18877165, 0, 1075.44921875, 730.30859375)
1787603583.627 [20:33:03.626894] {Default Queue} wl_touch#55.motion(18877165, 0, 1075.44921875, 730.30859375)
1787603583.627 [20:33:03.626933] {Default Queue} wl_touch#32.motion(18877165, 1, 1106.43359375, 463.55468750)
1787603583.627 [20:33:03.626992] {Default Queue} wl_touch#55.motion(18877165, 1, 1106.43359375, 463.55468750)
1787603583.627 [20:33:03.627024] {Default Queue} wl_touch#32.frame()
1787603583.627 [20:33:03.627042] {Default Queue} wl_touch#55.frame()
1787603583.636 [20:33:03.635714] {Default Queue} wl_touch#32.motion(18877174, 0, 1076.44921875, 727.31250000)
1787603583.636 [20:33:03.635813] {Default Queue} wl_touch#55.motion(18877174, 0, 1076.44921875, 727.31250000)
1787603583.636 [20:33:03.635830] {Default Queue} wl_touch#32.motion(18877174, 1, 1106.43359375, 466.55078125)
1787603583.636 [20:33:03.635851] {Default Queue} wl_touch#55.motion(18877174, 1, 1106.43359375, 466.55078125)
1787603583.636 [20:33:03.635863] {Default Queue} wl_touch#32.frame()
1787603583.636 [20:33:03.635875] {Default Queue} wl_touch#55.frame()
1787603583.646 [20:33:03.645742] {Default Queue} wl_touch#32.motion(18877184, 0, 1076.44921875, 724.31250000)
1787603583.646 [20:33:03.645865] {Default Queue} wl_touch#55.motion(18877184, 0, 1076.44921875, 724.31250000)
1787603583.646 [20:33:03.645913] {Default Queue} wl_touch#32.motion(18877184, 1, 1105.43359375, 468.55078125)
1787603583.646 [20:33:03.645975] {Default Queue} wl_touch#55.motion(18877184, 1, 1105.43359375, 468.55078125)
1787603583.646 [20:33:03.646015] {Default Queue} wl_touch#32.frame()
1787603583.646 [20:33:03.646053] {Default Queue} wl_touch#55.frame()
1787603583.656 [20:33:03.655555] {Default Queue} wl_touch#32.motion(18877194, 0, 1077.44531250, 720.31640625)
1787603583.656 [20:33:03.655646] {Default Queue} wl_touch#55.motion(18877194, 0, 1077.44531250, 720.31640625)
1787603583.656 [20:33:03.655674] {Default Queue} wl_touch#32.motion(18877194, 1, 1104.43359375, 470.54687500)
1787603583.656 [20:33:03.655710] {Default Queue} wl_touch#55.motion(18877194, 1, 1104.43359375, 470.54687500)
1787603583.656 [20:33:03.655733] {Default Queue} wl_touch#32.frame()
1787603583.656 [20:33:03.655752] {Default Queue} wl_touch#55.frame()
1787603583.666 [20:33:03.665728] {Default Queue} wl_touch#32.motion(18877204, 0, 1078.44531250, 717.32031250)
1787603583.666 [20:33:03.665829] {Default Queue} wl_touch#55.motion(18877204, 0, 1078.44531250, 717.32031250)
1787603583.666 [20:33:03.665849] {Default Queue} wl_touch#32.motion(18877204, 1, 1103.43359375, 471.54687500)
1787603583.666 [20:33:03.665871] {Default Queue} wl_touch#55.motion(18877204, 1, 1103.43359375, 471.54687500)
1787603583.666 [20:33:03.665883] {Default Queue} wl_touch#32.frame()
1787603583.666 [20:33:03.665894] {Default Queue} wl_touch#55.frame()
1787603583.676 [20:33:03.675615] {Default Queue} wl_touch#32.motion(18877214, 0, 1079.44531250, 714.32421875)
1787603583.676 [20:33:03.675688] {Default Queue} wl_touch#55.motion(18877214, 0, 1079.44531250, 714.32421875)
1787603583.676 [20:33:03.675705] {Default Queue} wl_touch#32.motion(18877214, 1, 1102.43359375, 474.54296875)
1787603583.676 [20:33:03.675725] {Default Queue} wl_touch#55.motion(18877214, 1, 1102.43359375, 474.54296875)
1787603583.676 [20:33:03.675739] {Default Queue} wl_touch#32.frame()
1787603583.676 [20:33:03.675751] {Default Queue} wl_touch#55.frame()
1787603583.686 [20:33:03.685843] {Default Queue} wl_touch#32.motion(18877224, 0, 1080.44531250, 711.32421875)
1787603583.686 [20:33:03.685924] {Default Queue} wl_touch#55.motion(18877224, 0, 1080.44531250, 711.32421875)
1787603583.686 [20:33:03.685940] {Default Queue} wl_touch#32.motion(18877224, 1, 1102.43359375, 476.54296875)
1787603583.686 [20:33:03.685960] {Default Queue} wl_touch#55.motion(18877224, 1, 1102.43359375, 476.54296875)
1787603583.686 [20:33:03.685971] {Default Queue} wl_touch#32.frame()
1787603583.686 [20:33:03.685983] {Default Queue} wl_touch#55.frame()
1787603583.696 [20:33:03.695869] {Default Queue} wl_touch#32.motion(18877234, 0, 1080.44531250, 708.32812500)
1787603583.696 [20:33:03.695951] {Default Queue} wl_touch#55.motion(18877234, 0, 1080.44531250, 708.32812500)
1787603583.696 [20:33:03.695977] {Default Queue} wl_touch#32.motion(18877234, 1, 1101.43359375, 479.53906250)
1787603583.696 [20:33:03.696003] {Default Queue} wl_touch#55.motion(18877234, 1, 1101.43359375, 479.53906250)
1787603583.696 [20:33:03.696019] {Default Queue} wl_touch#32.frame()
1787603583.696 [20:33:03.696045] {Default Queue} wl_touch#55.frame()
1787603583.705 [20:33:03.704605] {Default Queue} wl_touch#32.motion(18877243, 0, 1081.44531250, 704.33203125)
1787603583.705 [20:33:03.704674] {Default Queue} wl_touch#55.motion(18877243, 0, 1081.44531250, 704.33203125)
1787603583.705 [20:33:03.704698] {Default Queue} wl_touch#32.motion(18877243, 1, 1100.43359375, 482.53906250)
1787603583.705 [20:33:03.704733] {Default Queue} wl_touch#55.motion(18877243, 1, 1100.43359375, 482.53906250)
1787603583.705 [20:33:03.704749] {Default Queue} wl_touch#32.frame()
1787603583.705 [20:33:03.704787] {Default Queue} wl_touch#55.frame()
1787603583.715 [20:33:03.714566] {Default Queue} wl_touch#32.motion(18877253, 0, 1082.44531250, 701.33593750)
1787603583.715 [20:33:03.714629] {Default Queue} wl_touch#55.motion(18877253, 0, 1082.44531250, 701.33593750)
1787603583.715 [20:33:03.714646] {Default Queue} wl_touch#32.motion(18877253, 1, 1099.43359375, 485.53515625)
1787603583.715 [20:33:03.714665] {Default Queue} wl_touch#55.motion(18877253, 1, 1099.43359375, 485.53515625)
1787603583.715 [20:33:03.714677] {Default Queue} wl_touch#32.frame()
1787603583.715 [20:33:03.714688] {Default Queue} wl_touch#55.frame()
1787603583.725 [20:33:03.724628] {Default Queue} wl_touch#32.motion(18877263, 0, 1083.44531250, 698.33593750)
1787603583.725 [20:33:03.724711] {Default Queue} wl_touch#55.motion(18877263, 0, 1083.44531250, 698.33593750)
1787603583.725 [20:33:03.724745] {Default Queue} wl_touch#32.motion(18877263, 1, 1098.43750000, 488.53125000)
1787603583.725 [20:33:03.724894] {Default Queue} wl_touch#55.motion(18877263, 1, 1098.43750000, 488.53125000)
1787603583.725 [20:33:03.724941] {Default Queue} wl_touch#32.frame()
1787603583.725 [20:33:03.724961] {Default Queue} wl_touch#55.frame()
1787603583.735 [20:33:03.734587] {Default Queue} wl_touch#32.motion(18877273, 0, 1084.44140625, 695.33984375)
1787603583.735 [20:33:03.734662] {Default Queue} wl_touch#55.motion(18877273, 0, 1084.44140625, 695.33984375)
1787603583.735 [20:33:03.734679] {Default Queue} wl_touch#32.motion(18877273, 1, 1097.43750000, 491.52734375)
1787603583.735 [20:33:03.734698] {Default Queue} wl_touch#55.motion(18877273, 1, 1097.43750000, 491.52734375)
1787603583.735 [20:33:03.734710] {Default Queue} wl_touch#32.frame()
1787603583.735 [20:33:03.734722] {Default Queue} wl_touch#55.frame()
1787603583.745 [20:33:03.744827] {Default Queue} wl_touch#32.motion(18877283, 0, 1085.44140625, 691.34375000)
1787603583.745 [20:33:03.744930] {Default Queue} wl_touch#55.motion(18877283, 0, 1085.44140625, 691.34375000)
1787603583.745 [20:33:03.744971] {Default Queue} wl_touch#32.motion(18877283, 1, 1095.43750000, 495.52343750)
1787603583.745 [20:33:03.745028] {Default Queue} wl_touch#55.motion(18877283, 1, 1095.43750000, 495.52343750)
1787603583.745 [20:33:03.745061] {Default Queue} wl_touch#32.frame()
1787603583.745 [20:33:03.745084] {Default Queue} wl_touch#55.frame()
1787603583.755 [20:33:03.754871] {Default Queue} wl_touch#32.motion(18877293, 0, 1085.44140625, 689.34765625)
1787603583.755 [20:33:03.754929] {Default Queue} wl_touch#55.motion(18877293, 0, 1085.44140625, 689.34765625)
1787603583.755 [20:33:03.754950] {Default Queue} wl_touch#32.motion(18877293, 1, 1093.43750000, 497.52343750)
1787603583.755 [20:33:03.754993] {Default Queue} wl_touch#55.motion(18877293, 1, 1093.43750000, 497.52343750)
1787603583.755 [20:33:03.755012] {Default Queue} wl_touch#32.frame()
1787603583.755 [20:33:03.755028] {Default Queue} wl_touch#55.frame()
1787603583.765 [20:33:03.764743] {Default Queue} wl_touch#32.motion(18877303, 0, 1085.44140625, 687.34765625)
1787603583.765 [20:33:03.764869] {Default Queue} wl_touch#55.motion(18877303, 0, 1085.44140625, 687.34765625)
1787603583.765 [20:33:03.764898] {Default Queue} wl_touch#32.motion(18877303, 1, 1092.43750000, 499.52343750)
1787603583.765 [20:33:03.764933] {Default Queue} wl_touch#55.motion(18877303, 1, 1092.43750000, 499.52343750)
1787603583.765 [20:33:03.764955] {Default Queue} wl_touch#32.frame()
1787603583.765 [20:33:03.764973] {Default Queue} wl_touch#55.frame()
1787603583.774 [20:33:03.773561] {Default Queue} wl_touch#32.motion(18877312, 0, 1085.44140625, 684.35156250)
1787603583.774 [20:33:03.773647] {Default Queue} wl_touch#55.motion(18877312, 0, 1085.44140625, 684.35156250)
1787603583.774 [20:33:03.773670] {Default Queue} wl_touch#32.motion(18877312, 1, 1090.44140625, 501.51953125)
1787603583.774 [20:33:03.773706] {Default Queue} wl_touch#55.motion(18877312, 1, 1090.44140625, 501.51953125)
1787603583.774 [20:33:03.773737] {Default Queue} wl_touch#32.frame()
1787603583.774 [20:33:03.773756] {Default Queue} wl_touch#55.frame()
1787603583.784 [20:33:03.783730] {Default Queue} wl_touch#32.motion(18877322, 0, 1085.44140625, 682.35156250)
1787603583.784 [20:33:03.783826] {Default Queue} wl_touch#55.motion(18877322, 0, 1085.44140625, 682.35156250)
1787603583.784 [20:33:03.783843] {Default Queue} wl_touch#32.motion(18877322, 1, 1089.44140625, 503.51953125)
1787603583.784 [20:33:03.783863] {Default Queue} wl_touch#55.motion(18877322, 1, 1089.44140625, 503.51953125)
1787603583.784 [20:33:03.783874] {Default Queue} wl_touch#32.frame()
1787603583.784 [20:33:03.783885] {Default Queue} wl_touch#55.frame()
1787603583.794 [20:33:03.793665] {Default Queue} wl_touch#32.motion(18877332, 0, 1085.44140625, 679.35546875)
1787603583.794 [20:33:03.793740] {Default Queue} wl_touch#55.motion(18877332, 0, 1085.44140625, 679.35546875)
1787603583.794 [20:33:03.793784] {Default Queue} wl_touch#32.motion(18877332, 1, 1087.44140625, 504.51562500)
1787603583.794 [20:33:03.793829] {Default Queue} wl_touch#55.motion(18877332, 1, 1087.44140625, 504.51562500)
1787603583.794 [20:33:03.793850] {Default Queue} wl_touch#32.frame()
1787603583.794 [20:33:03.793862] {Default Queue} wl_touch#55.frame()
1787603583.805 [20:33:03.804670] {Default Queue} wl_touch#32.motion(18877342, 0, 1085.44140625, 675.35937500)
1787603583.805 [20:33:03.804786] {Default Queue} wl_touch#55.motion(18877342, 0, 1085.44140625, 675.35937500)
1787603583.805 [20:33:03.804814] {Default Queue} wl_touch#32.motion(18877342, 1, 1085.44140625, 507.51562500)
1787603583.805 [20:33:03.804847] {Default Queue} wl_touch#55.motion(18877342, 1, 1085.44140625, 507.51562500)
1787603583.805 [20:33:03.804866] {Default Queue} wl_touch#32.frame()
1787603583.805 [20:33:03.804881] {Default Queue} wl_touch#55.frame()
1787603583.814 [20:33:03.813619] {Default Queue} wl_touch#32.motion(18877352, 0, 1085.44140625, 672.36328125)
1787603583.814 [20:33:03.813698] {Default Queue} wl_touch#55.motion(18877352, 0, 1085.44140625, 672.36328125)
1787603583.814 [20:33:03.813716] {Default Queue} wl_touch#32.motion(18877352, 1, 1084.44140625, 510.51171875)
1787603583.814 [20:33:03.813741] {Default Queue} wl_touch#55.motion(18877352, 1, 1084.44140625, 510.51171875)
1787603583.814 [20:33:03.813757] {Default Queue} wl_touch#32.frame()
1787603583.814 [20:33:03.813807] {Default Queue} wl_touch#55.frame()
1787603583.824 [20:33:03.823641] {Default Queue} wl_touch#32.motion(18877362, 0, 1085.44140625, 669.36328125)
1787603583.824 [20:33:03.823714] {Default Queue} wl_touch#55.motion(18877362, 0, 1085.44140625, 669.36328125)
1787603583.824 [20:33:03.823731] {Default Queue} wl_touch#32.motion(18877362, 1, 1082.44531250, 514.50781250)
1787603583.824 [20:33:03.823757] {Default Queue} wl_touch#55.motion(18877362, 1, 1082.44531250, 514.50781250)
1787603583.824 [20:33:03.823812] {Default Queue} wl_touch#32.frame()
1787603583.824 [20:33:03.823827] {Default Queue} wl_touch#55.frame()
1787603583.834 [20:33:03.833707] {Default Queue} wl_touch#32.motion(18877372, 0, 1085.44140625, 667.36718750)
1787603583.834 [20:33:03.833811] {Default Queue} wl_touch#55.motion(18877372, 0, 1085.44140625, 667.36718750)
1787603583.834 [20:33:03.833831] {Default Queue} wl_touch#32.motion(18877372, 1, 1080.44531250, 517.50390625)
1787603583.834 [20:33:03.833853] {Default Queue} wl_touch#55.motion(18877372, 1, 1080.44531250, 517.50390625)
1787603583.834 [20:33:03.833865] {Default Queue} wl_touch#32.frame()
1787603583.834 [20:33:03.833877] {Default Queue} wl_touch#55.frame()
1787603583.844 [20:33:03.843536] {Default Queue} wl_touch#32.motion(18877382, 0, 1084.44140625, 664.36718750)
1787603583.844 [20:33:03.843632] {Default Queue} wl_touch#55.motion(18877382, 0, 1084.44140625, 664.36718750)
1787603583.844 [20:33:03.843679] {Default Queue} wl_touch#32.motion(18877382, 1, 1079.44531250, 520.50390625)
1787603583.844 [20:33:03.843726] {Default Queue} wl_touch#55.motion(18877382, 1, 1079.44531250, 520.50390625)
1787603583.844 [20:33:03.843751] {Default Queue} wl_touch#32.frame()
1787603583.844 [20:33:03.843798] {Default Queue} wl_touch#55.frame()
1787603583.853 [20:33:03.852651] {Default Queue} wl_touch#32.motion(18877391, 0, 1083.44531250, 662.37109375)
1787603583.853 [20:33:03.852730] {Default Queue} wl_touch#55.motion(18877391, 0, 1083.44531250, 662.37109375)
1787603583.853 [20:33:03.852755] {Default Queue} wl_touch#32.motion(18877391, 1, 1078.44531250, 523.50000000)
1787603583.853 [20:33:03.852818] {Default Queue} wl_touch#55.motion(18877391, 1, 1078.44531250, 523.50000000)
1787603583.853 [20:33:03.852849] {Default Queue} wl_touch#32.frame()
1787603583.853 [20:33:03.852868] {Default Queue} wl_touch#55.frame()
1787603583.866 [20:33:03.865864] {Default Queue} wl_touch#32.motion(18877401, 0, 1083.44531250, 659.37500000)
1787603583.866 [20:33:03.865912] {Default Queue} wl_touch#55.motion(18877401, 0, 1083.44531250, 659.37500000)
1787603583.866 [20:33:03.865943] {Default Queue} wl_touch#32.motion(18877401, 1, 1077.44531250, 524.50000000)
1787603583.866 [20:33:03.865978] {Default Queue} wl_touch#55.motion(18877401, 1, 1077.44531250, 524.50000000)
1787603583.866 [20:33:03.866003] {Default Queue} wl_touch#32.frame()
1787603583.866 [20:33:03.866034] {Default Queue} wl_touch#55.frame()
1787603583.873 [20:33:03.872737] {Default Queue} wl_touch#32.motion(18877411, 0, 1083.44531250, 657.37500000)
1787603583.873 [20:33:03.872888] {Default Queue} wl_touch#55.motion(18877411, 0, 1083.44531250, 657.37500000)
1787603583.873 [20:33:03.872903] {Default Queue} wl_touch#32.motion(18877411, 1, 1076.44921875, 526.49609375)
1787603583.873 [20:33:03.872923] {Default Queue} wl_touch#55.motion(18877411, 1, 1076.44921875, 526.49609375)
1787603583.873 [20:33:03.872935] {Default Queue} wl_touch#32.frame()
1787603583.873 [20:33:03.872960] {Default Queue} wl_touch#55.frame()
1787603583.883 [20:33:03.882800] {Default Queue} wl_touch#32.motion(18877421, 0, 1082.44531250, 654.37890625)
1787603583.883 [20:33:03.883164] {Default Queue} wl_touch#55.motion(18877421, 0, 1082.44531250, 654.37890625)
1787603583.883 [20:33:03.883207] {Default Queue} wl_touch#32.motion(18877421, 1, 1076.44921875, 528.49609375)
1787603583.883 [20:33:03.883282] {Default Queue} wl_touch#55.motion(18877421, 1, 1076.44921875, 528.49609375)
1787603583.883 [20:33:03.883315] {Default Queue} wl_touch#32.frame()
1787603583.883 [20:33:03.883342] {Default Queue} wl_touch#55.frame()
1787603583.893 [20:33:03.892747] {Default Queue} wl_touch#32.motion(18877431, 0, 1081.44531250, 653.37890625)
1787603583.893 [20:33:03.892855] {Default Queue} wl_touch#55.motion(18877431, 0, 1081.44531250, 653.37890625)
1787603583.893 [20:33:03.892871] {Default Queue} wl_touch#32.motion(18877431, 1, 1075.44921875, 528.49609375)
1787603583.893 [20:33:03.892892] {Default Queue} wl_touch#55.motion(18877431, 1, 1075.44921875, 528.49609375)
1787603583.893 [20:33:03.892904] {Default Queue} wl_touch#32.frame()
1787603583.893 [20:33:03.892915] {Default Queue} wl_touch#55.frame()
1787603583.906 [20:33:03.905376] {Default Queue} wl_touch#32.motion(18877441, 0, 1080.44531250, 651.38281250)
1787603583.906 [20:33:03.905448] {Default Queue} wl_touch#55.motion(18877441, 0, 1080.44531250, 651.38281250)
1787603583.906 [20:33:03.905464] {Default Queue} wl_touch#32.motion(18877441, 1, 1074.44921875, 529.49218750)
1787603583.906 [20:33:03.905485] {Default Queue} wl_touch#55.motion(18877441, 1, 1074.44921875, 529.49218750)
1787603583.906 [20:33:03.905497] {Default Queue} wl_touch#32.frame()
1787603583.906 [20:33:03.905507] {Default Queue} wl_touch#55.frame()
1787603583.913 [20:33:03.912636] {Default Queue} wl_touch#32.motion(18877451, 0, 1080.44531250, 650.38281250)
1787603583.913 [20:33:03.912716] {Default Queue} wl_touch#55.motion(18877451, 0, 1080.44531250, 650.38281250)
1787603583.913 [20:33:03.912734] {Default Queue} wl_touch#32.motion(18877451, 1, 1073.44921875, 530.49218750)
1787603583.913 [20:33:03.912757] {Default Queue} wl_touch#55.motion(18877451, 1, 1073.44921875, 530.49218750)
1787603583.913 [20:33:03.912817] {Default Queue} wl_touch#32.frame()
1787603583.913 [20:33:03.912831] {Default Queue} wl_touch#55.frame()
1787603583.922 [20:33:03.921796] {Default Queue} wl_touch#32.motion(18877460, 0, 1079.44531250, 648.38281250)
1787603583.922 [20:33:03.921883] {Default Queue} wl_touch#55.motion(18877460, 0, 1079.44531250, 648.38281250)
1787603583.922 [20:33:03.921908] {Default Queue} wl_touch#32.motion(18877460, 1, 1073.44921875, 531.49218750)
1787603583.922 [20:33:03.921945] {Default Queue} wl_touch#55.motion(18877460, 1, 1073.44921875, 531.49218750)
1787603583.922 [20:33:03.921961] {Default Queue} wl_touch#32.frame()
1787603583.922 [20:33:03.921987] {Default Queue} wl_touch#55.frame()
1787603583.932 [20:33:03.931650] {Default Queue} wl_touch#32.motion(18877470, 0, 1079.44531250, 646.38671875)
1787603583.932 [20:33:03.931735] {Default Queue} wl_touch#55.motion(18877470, 0, 1079.44531250, 646.38671875)
1787603583.932 [20:33:03.931752] {Default Queue} wl_touch#32.motion(18877470, 1, 1072.44921875, 532.49218750)
1787603583.932 [20:33:03.931801] {Default Queue} wl_touch#55.motion(18877470, 1, 1072.44921875, 532.49218750)
1787603583.932 [20:33:03.931813] {Default Queue} wl_touch#32.frame()
1787603583.932 [20:33:03.931848] {Default Queue} wl_touch#55.frame()
1787603583.942 [20:33:03.941640] {Default Queue} wl_touch#32.motion(18877480, 0, 1078.44531250, 645.38671875)
1787603583.942 [20:33:03.941717] {Default Queue} wl_touch#55.motion(18877480, 0, 1078.44531250, 645.38671875)
1787603583.942 [20:33:03.941743] {Default Queue} wl_touch#32.frame()
1787603583.942 [20:33:03.941755] {Default Queue} wl_touch#55.frame()
1787603583.952 [20:33:03.951797] {Default Queue} wl_touch#32.motion(18877490, 0, 1078.44531250, 644.38671875)
1787603583.952 [20:33:03.951899] {Default Queue} wl_touch#55.motion(18877490, 0, 1078.44531250, 644.38671875)
1787603583.952 [20:33:03.951915] {Default Queue} wl_touch#32.motion(18877490, 1, 1072.44921875, 533.48828125)
1787603583.952 [20:33:03.951936] {Default Queue} wl_touch#55.motion(18877490, 1, 1072.44921875, 533.48828125)
1787603583.952 [20:33:03.951948] {Default Queue} wl_touch#32.frame()
1787603583.952 [20:33:03.951959] {Default Queue} wl_touch#55.frame()
1787603583.962 [20:33:03.961567] {Default Queue} wl_touch#32.motion(18877500, 0, 1078.44531250, 643.38671875)
1787603583.962 [20:33:03.961649] {Default Queue} wl_touch#55.motion(18877500, 0, 1078.44531250, 643.38671875)
1787603583.962 [20:33:03.961671] {Default Queue} wl_touch#32.motion(18877500, 1, 1072.44921875, 534.48828125)
1787603583.962 [20:33:03.961694] {Default Queue} wl_touch#55.motion(18877500, 1, 1072.44921875, 534.48828125)
1787603583.962 [20:33:03.961713] {Default Queue} wl_touch#32.frame()
1787603583.962 [20:33:03.961727] {Default Queue} wl_touch#55.frame()
1787603583.972 [20:33:03.971538] {Default Queue} wl_touch#32.motion(18877510, 0, 1078.44531250, 642.39062500)
1787603583.972 [20:33:03.971656] {Default Queue} wl_touch#55.motion(18877510, 0, 1078.44531250, 642.39062500)
1787603583.972 [20:33:03.971697] {Default Queue} wl_touch#32.motion(18877510, 1, 1072.44921875, 535.48828125)
1787603583.972 [20:33:03.971755] {Default Queue} wl_touch#55.motion(18877510, 1, 1072.44921875, 535.48828125)
1787603583.972 [20:33:03.971819] {Default Queue} wl_touch#32.frame()
1787603583.972 [20:33:03.971847] {Default Queue} wl_touch#55.frame()
1787603583.982 [20:33:03.981623] {Default Queue} wl_touch#32.motion(18877520, 1, 1072.44921875, 536.48828125)
1787603583.982 [20:33:03.981699] {Default Queue} wl_touch#55.motion(18877520, 1, 1072.44921875, 536.48828125)
1787603583.982 [20:33:03.981716] {Default Queue} wl_touch#32.frame()
1787603583.982 [20:33:03.981728] {Default Queue} wl_touch#55.frame()
1787603583.991 [20:33:03.990706] {Default Queue} wl_touch#32.motion(18877529, 0, 1078.44531250, 641.39062500)
1787603583.991 [20:33:03.990786] {Default Queue} wl_touch#55.motion(18877529, 0, 1078.44531250, 641.39062500)
1787603583.991 [20:33:03.990802] {Default Queue} wl_touch#32.frame()
1787603583.991 [20:33:03.990814] {Default Queue} wl_touch#55.frame()
1787603584.001 [20:33:04.000749] {Default Queue} wl_touch#32.motion(18877539, 0, 1078.44531250, 640.39062500)
1787603584.001 [20:33:04.000859] {Default Queue} wl_touch#55.motion(18877539, 0, 1078.44531250, 640.39062500)
1787603584.001 [20:33:04.000878] {Default Queue} wl_touch#32.frame()
1787603584.001 [20:33:04.000929] {Default Queue} wl_touch#55.frame()
1787603584.011 [20:33:04.010662] {Default Queue} wl_touch#32.motion(18877549, 0, 1077.44531250, 639.39062500)
1787603584.011 [20:33:04.010739] {Default Queue} wl_touch#55.motion(18877549, 0, 1077.44531250, 639.39062500)
1787603584.011 [20:33:04.010756] {Default Queue} wl_touch#32.frame()
1787603584.011 [20:33:04.010800] {Default Queue} wl_touch#55.frame()
1787603584.139 [20:33:04.138687] {Default Queue} wl_touch#32.motion(18877677, 0, 1077.44531250, 638.39453125)
1787603584.139 [20:33:04.138818] {Default Queue} wl_touch#55.motion(18877677, 0, 1077.44531250, 638.39453125)
1787603584.139 [20:33:04.138845] {Default Queue} wl_touch#32.frame()
1787603584.139 [20:33:04.138861] {Default Queue} wl_touch#55.frame()
1787603584.159 [20:33:04.158479] {Default Queue} wl_touch#32.motion(18877697, 0, 1076.44921875, 638.39453125)
1787603584.159 [20:33:04.158552] {Default Queue} wl_touch#55.motion(18877697, 0, 1076.44921875, 638.39453125)
1787603584.159 [20:33:04.158576] {Default Queue} wl_touch#32.frame()
1787603584.159 [20:33:04.158592] {Default Queue} wl_touch#55.frame()
1787603584.222 [20:33:04.221620] {Default Queue} wl_touch#32.up(907, 18877758, 0)
1787603584.222 [20:33:04.221711] {Default Queue} wl_touch#55.up(907, 18877758, 0)
1787603584.222 [20:33:04.221726] {Default Queue} wl_touch#32.frame()
1787603584.222 [20:33:04.221738] {Default Queue} wl_touch#55.frame()
1787603584.241 [20:33:04.240565] {Default Queue} wl_touch#32.up(908, 18877779, 1)
1787603584.241 [20:33:04.240649] {Default Queue} wl_touch#55.up(908, 18877779, 1)
1787603584.241 [20:33:04.240673] {Default Queue} wl_touch#32.frame()
1787603584.241 [20:33:04.240690] {Default Queue} wl_touch#55.frame()
1787603585.249 [20:33:05.248944] {Default Queue} wl_touch#32.down(909, 18878785, wl_surface#67, 0, 1097.43750000, 391.62109375)
1787603585.249 [20:33:05.249059] {Default Queue} wl_touch#55.down(909, 18878785, wl_surface#67, 0, 1097.43750000, 391.62109375)
1787603585.249 [20:33:05.249077] {Default Queue} wl_touch#32.frame()
1787603585.249 [20:33:05.249090] {Default Queue} wl_touch#55.frame()
1787603585.276 [20:33:05.276358] {Default Queue} wl_touch#32.motion(18878815, 0, 1098.43750000, 401.61328125)
1787603585.276 [20:33:05.276391] {Default Queue} wl_touch#55.motion(18878815, 0, 1098.43750000, 401.61328125)
1787603585.276 [20:33:05.276396] {Default Queue} wl_touch#32.frame()
1787603585.277 [20:33:05.276401] {Default Queue} wl_touch#55.frame()
1787603585.286 [20:33:05.285500] {Default Queue} wl_touch#32.motion(18878824, 0, 1098.43750000, 407.60546875)
1787603585.286 [20:33:05.285543] {Default Queue} wl_touch#55.motion(18878824, 0, 1098.43750000, 407.60546875)
1787603585.286 [20:33:05.285550] {Default Queue} wl_touch#32.frame()
1787603585.286 [20:33:05.285557] {Default Queue} wl_touch#55.frame()
1787603585.296 [20:33:05.295552] {Default Queue} wl_touch#32.motion(18878834, 0, 1098.43750000, 413.60156250)
1787603585.296 [20:33:05.295605] {Default Queue} wl_touch#55.motion(18878834, 0, 1098.43750000, 413.60156250)
1787603585.296 [20:33:05.295616] {Default Queue} wl_touch#32.frame()
1787603585.296 [20:33:05.295625] {Default Queue} wl_touch#55.frame()
1787603585.306 [20:33:05.305602] {Default Queue} wl_touch#32.motion(18878844, 0, 1097.43750000, 421.59375000)
1787603585.306 [20:33:05.305686] {Default Queue} wl_touch#55.motion(18878844, 0, 1097.43750000, 421.59375000)
1787603585.306 [20:33:05.305723] {Default Queue} wl_touch#32.frame()
1787603585.306 [20:33:05.305747] {Default Queue} wl_touch#55.frame()
1787603585.316 [20:33:05.315355] {Default Queue} wl_touch#32.motion(18878854, 0, 1097.43750000, 429.58593750)
1787603585.316 [20:33:05.315390] {Default Queue} wl_touch#55.motion(18878854, 0, 1097.43750000, 429.58593750)
1787603585.316 [20:33:05.315396] {Default Queue} wl_touch#32.frame()
1787603585.316 [20:33:05.315401] {Default Queue} wl_touch#55.frame()
1787603585.325 [20:33:05.325266] {Default Queue} wl_touch#32.motion(18878864, 0, 1097.43750000, 438.57812500)
1787603585.325 [20:33:05.325306] {Default Queue} wl_touch#55.motion(18878864, 0, 1097.43750000, 438.57812500)
1787603585.325 [20:33:05.325313] {Default Queue} wl_touch#32.frame()
1787603585.325 [20:33:05.325319] {Default Queue} wl_touch#55.frame()
1787603585.336 [20:33:05.335525] {Default Queue} wl_touch#32.motion(18878874, 0, 1097.43750000, 448.57031250)
1787603585.336 [20:33:05.335583] {Default Queue} wl_touch#55.motion(18878874, 0, 1097.43750000, 448.57031250)
1787603585.336 [20:33:05.335596] {Default Queue} wl_touch#32.frame()
1787603585.336 [20:33:05.335605] {Default Queue} wl_touch#55.frame()
1787603585.346 [20:33:05.345618] {Default Queue} wl_touch#32.motion(18878884, 0, 1097.43750000, 458.55859375)
1787603585.346 [20:33:05.345693] {Default Queue} wl_touch#55.motion(18878884, 0, 1097.43750000, 458.55859375)
1787603585.346 [20:33:05.345712] {Default Queue} wl_touch#32.frame()
1787603585.346 [20:33:05.345727] {Default Queue} wl_touch#55.frame()
1787603585.355 [20:33:05.354755] {Default Queue} wl_touch#32.motion(18878893, 0, 1097.43750000, 470.54687500)
1787603585.355 [20:33:05.354881] {Default Queue} wl_touch#55.motion(18878893, 0, 1097.43750000, 470.54687500)
1787603585.355 [20:33:05.354908] {Default Queue} wl_touch#32.frame()
1787603585.355 [20:33:05.354933] {Default Queue} wl_touch#55.frame()
1787603585.365 [20:33:05.364562] {Default Queue} wl_touch#32.motion(18878903, 0, 1097.43750000, 482.53906250)
1787603585.365 [20:33:05.364640] {Default Queue} wl_touch#55.motion(18878903, 0, 1097.43750000, 482.53906250)
1787603585.365 [20:33:05.364658] {Default Queue} wl_touch#32.frame()
1787603585.365 [20:33:05.364670] {Default Queue} wl_touch#55.frame()
1787603585.375 [20:33:05.374622] {Default Queue} wl_touch#32.motion(18878913, 0, 1097.43750000, 494.52734375)
1787603585.375 [20:33:05.374714] {Default Queue} wl_touch#55.motion(18878913, 0, 1097.43750000, 494.52734375)
1787603585.375 [20:33:05.374733] {Default Queue} wl_touch#32.frame()
1787603585.375 [20:33:05.374746] {Default Queue} wl_touch#55.frame()
1787603585.385 [20:33:05.384741] {Default Queue} wl_touch#32.motion(18878923, 0, 1097.43750000, 506.51562500)
1787603585.385 [20:33:05.384852] {Default Queue} wl_touch#55.motion(18878923, 0, 1097.43750000, 506.51562500)
1787603585.385 [20:33:05.384870] {Default Queue} wl_touch#32.frame()
1787603585.385 [20:33:05.384881] {Default Queue} wl_touch#55.frame()
1787603585.395 [20:33:05.394820] {Default Queue} wl_touch#32.motion(18878933, 0, 1097.43750000, 519.50390625)
1787603585.395 [20:33:05.394898] {Default Queue} wl_touch#55.motion(18878933, 0, 1097.43750000, 519.50390625)
1787603585.395 [20:33:05.394915] {Default Queue} wl_touch#32.frame()
1787603585.395 [20:33:05.394927] {Default Queue} wl_touch#55.frame()
1787603585.405 [20:33:05.404867] {Default Queue} wl_touch#32.motion(18878943, 0, 1097.43750000, 533.48828125)
1787603585.405 [20:33:05.404981] {Default Queue} wl_touch#55.motion(18878943, 0, 1097.43750000, 533.48828125)
1787603585.405 [20:33:05.405090] {Default Queue} wl_touch#32.frame()
1787603585.405 [20:33:05.405112] {Default Queue} wl_touch#55.frame()
1787603585.415 [20:33:05.414794] {Default Queue} wl_touch#32.motion(18878953, 0, 1097.43750000, 548.47656250)
1787603585.415 [20:33:05.414871] {Default Queue} wl_touch#55.motion(18878953, 0, 1097.43750000, 548.47656250)
1787603585.415 [20:33:05.414888] {Default Queue} wl_touch#32.frame()
1787603585.415 [20:33:05.414900] {Default Queue} wl_touch#55.frame()
1787603585.424 [20:33:05.423592] {Default Queue} wl_touch#32.motion(18878962, 0, 1097.43750000, 562.46484375)
1787603585.424 [20:33:05.423667] {Default Queue} wl_touch#55.motion(18878962, 0, 1097.43750000, 562.46484375)
1787603585.424 [20:33:05.423688] {Default Queue} wl_touch#32.frame()
1787603585.424 [20:33:05.423701] {Default Queue} wl_touch#55.frame()
1787603585.434 [20:33:05.433736] {Default Queue} wl_touch#32.motion(18878972, 0, 1097.43750000, 577.44921875)
1787603585.434 [20:33:05.433855] {Default Queue} wl_touch#55.motion(18878972, 0, 1097.43750000, 577.44921875)
1787603585.434 [20:33:05.433873] {Default Queue} wl_touch#32.frame()
1787603585.434 [20:33:05.433888] {Default Queue} wl_touch#55.frame()
1787603585.444 [20:33:05.443578] {Default Queue} wl_touch#32.motion(18878982, 0, 1097.43750000, 592.43750000)
1787603585.444 [20:33:05.443654] {Default Queue} wl_touch#55.motion(18878982, 0, 1097.43750000, 592.43750000)
1787603585.444 [20:33:05.443671] {Default Queue} wl_touch#32.frame()
1787603585.444 [20:33:05.443683] {Default Queue} wl_touch#55.frame()
1787603585.455 [20:33:05.454803] {Default Queue} wl_touch#32.motion(18878992, 0, 1097.43750000, 607.42187500)
1787603585.455 [20:33:05.454903] {Default Queue} wl_touch#55.motion(18878992, 0, 1097.43750000, 607.42187500)
1787603585.455 [20:33:05.454940] {Default Queue} wl_touch#32.frame()
1787603585.455 [20:33:05.454967] {Default Queue} wl_touch#55.frame()
1787603585.464 [20:33:05.463585] {Default Queue} wl_touch#32.motion(18879002, 0, 1097.43750000, 622.40625000)
1787603585.464 [20:33:05.463655] {Default Queue} wl_touch#55.motion(18879002, 0, 1097.43750000, 622.40625000)
1787603585.464 [20:33:05.463672] {Default Queue} wl_touch#32.frame()
1787603585.464 [20:33:05.463683] {Default Queue} wl_touch#55.frame()
1787603585.474 [20:33:05.473666] {Default Queue} wl_touch#32.motion(18879012, 0, 1097.43750000, 638.39453125)
1787603585.474 [20:33:05.473740] {Default Queue} wl_touch#55.motion(18879012, 0, 1097.43750000, 638.39453125)
1787603585.474 [20:33:05.473784] {Default Queue} wl_touch#32.frame()
1787603585.474 [20:33:05.473798] {Default Queue} wl_touch#55.frame()
1787603585.484 [20:33:05.483661] {Default Queue} wl_touch#32.motion(18879022, 0, 1096.43750000, 654.37890625)
1787603585.484 [20:33:05.483732] {Default Queue} wl_touch#55.motion(18879022, 0, 1096.43750000, 654.37890625)
1787603585.484 [20:33:05.483749] {Default Queue} wl_touch#32.frame()
1787603585.484 [20:33:05.483793] {Default Queue} wl_touch#55.frame()
1787603585.494 [20:33:05.493645] {Default Queue} wl_touch#32.motion(18879032, 0, 1095.43750000, 669.36328125)
1787603585.494 [20:33:05.493708] {Default Queue} wl_touch#55.motion(18879032, 0, 1095.43750000, 669.36328125)
1787603585.494 [20:33:05.493723] {Default Queue} wl_touch#32.frame()
1787603585.494 [20:33:05.493733] {Default Queue} wl_touch#55.frame()
1787603585.504 [20:33:05.504293] {Default Queue} wl_touch#32.motion(18879041, 0, 1094.43750000, 685.34765625)
1787603585.505 [20:33:05.504381] {Default Queue} wl_touch#55.motion(18879041, 0, 1094.43750000, 685.34765625)
1787603585.505 [20:33:05.504417] {Default Queue} wl_touch#32.frame()
1787603585.505 [20:33:05.504436] {Default Queue} wl_touch#55.frame()
1787603585.513 [20:33:05.512570] {Default Queue} wl_touch#32.motion(18879051, 0, 1093.43750000, 700.33593750)
1787603585.513 [20:33:05.512641] {Default Queue} wl_touch#55.motion(18879051, 0, 1093.43750000, 700.33593750)
1787603585.513 [20:33:05.512659] {Default Queue} wl_touch#32.frame()
1787603585.513 [20:33:05.512671] {Default Queue} wl_touch#55.frame()
1787603585.523 [20:33:05.522353] {Default Queue} wl_touch#32.motion(18879061, 0, 1093.43750000, 716.32031250)
1787603585.523 [20:33:05.522412] {Default Queue} wl_touch#55.motion(18879061, 0, 1093.43750000, 716.32031250)
1787603585.523 [20:33:05.522428] {Default Queue} wl_touch#32.frame()
1787603585.523 [20:33:05.522440] {Default Queue} wl_touch#55.frame()
1787603585.533 [20:33:05.532747] {Default Queue} wl_touch#32.motion(18879071, 0, 1093.43750000, 731.30859375)
1787603585.533 [20:33:05.532852] {Default Queue} wl_touch#55.motion(18879071, 0, 1093.43750000, 731.30859375)
1787603585.533 [20:33:05.532869] {Default Queue} wl_touch#32.frame()
1787603585.533 [20:33:05.532882] {Default Queue} wl_touch#55.frame()
1787603585.543 [20:33:05.542696] {Default Queue} wl_touch#32.motion(18879081, 0, 1093.43750000, 746.29296875)
1787603585.543 [20:33:05.542774] {Default Queue} wl_touch#55.motion(18879081, 0, 1093.43750000, 746.29296875)
1787603585.543 [20:33:05.542790] {Default Queue} wl_touch#32.frame()
1787603585.543 [20:33:05.542804] {Default Queue} wl_touch#55.frame()
1787603585.555 [20:33:05.554684] {Default Queue} wl_touch#32.motion(18879091, 0, 1093.43750000, 761.27734375)
1787603585.555 [20:33:05.554748] {Default Queue} wl_touch#55.motion(18879091, 0, 1093.43750000, 761.27734375)
1787603585.555 [20:33:05.554799] {Default Queue} wl_touch#32.frame()
1787603585.555 [20:33:05.554823] {Default Queue} wl_touch#55.frame()
1787603585.563 [20:33:05.562703] {Default Queue} wl_touch#32.motion(18879101, 0, 1093.43750000, 775.26562500)
1787603585.563 [20:33:05.562809] {Default Queue} wl_touch#55.motion(18879101, 0, 1093.43750000, 775.26562500)
1787603585.563 [20:33:05.562829] {Default Queue} wl_touch#32.frame()
1787603585.563 [20:33:05.562841] {Default Queue} wl_touch#55.frame()
1787603585.572 [20:33:05.571474] {Default Queue} wl_touch#32.motion(18879110, 0, 1093.43750000, 789.25390625)
1787603585.572 [20:33:05.571530] {Default Queue} wl_touch#55.motion(18879110, 0, 1093.43750000, 789.25390625)
1787603585.572 [20:33:05.571546] {Default Queue} wl_touch#32.frame()
1787603585.572 [20:33:05.571557] {Default Queue} wl_touch#55.frame()
1787603585.582 [20:33:05.581732] {Default Queue} wl_touch#32.motion(18879120, 0, 1093.43750000, 802.24218750)
1787603585.582 [20:33:05.581840] {Default Queue} wl_touch#55.motion(18879120, 0, 1093.43750000, 802.24218750)
1787603585.582 [20:33:05.581859] {Default Queue} wl_touch#32.frame()
1787603585.582 [20:33:05.581871] {Default Queue} wl_touch#55.frame()
1787603585.592 [20:33:05.591582] {Default Queue} wl_touch#32.motion(18879130, 0, 1093.43750000, 814.23046875)
1787603585.592 [20:33:05.591649] {Default Queue} wl_touch#55.motion(18879130, 0, 1093.43750000, 814.23046875)
1787603585.592 [20:33:05.591666] {Default Queue} wl_touch#32.frame()
1787603585.592 [20:33:05.591677] {Default Queue} wl_touch#55.frame()
1787603585.602 [20:33:05.601810] {Default Queue} wl_touch#32.motion(18879140, 0, 1093.43750000, 825.21875000)
1787603585.602 [20:33:05.601899] {Default Queue} wl_touch#55.motion(18879140, 0, 1093.43750000, 825.21875000)
1787603585.602 [20:33:05.601916] {Default Queue} wl_touch#32.frame()
1787603585.602 [20:33:05.601930] {Default Queue} wl_touch#55.frame()
1787603585.612 [20:33:05.611667] {Default Queue} wl_touch#32.motion(18879150, 0, 1093.43750000, 836.21093750)
1787603585.612 [20:33:05.611741] {Default Queue} wl_touch#55.motion(18879150, 0, 1093.43750000, 836.21093750)
1787603585.612 [20:33:05.611778] {Default Queue} wl_touch#32.frame()
1787603585.612 [20:33:05.611792] {Default Queue} wl_touch#55.frame()
1787603585.622 [20:33:05.621731] {Default Queue} wl_touch#32.motion(18879160, 0, 1093.43750000, 847.19921875)
1787603585.622 [20:33:05.621864] {Default Queue} wl_touch#55.motion(18879160, 0, 1093.43750000, 847.19921875)
1787603585.622 [20:33:05.621896] {Default Queue} wl_touch#32.frame()
1787603585.622 [20:33:05.621912] {Default Queue} wl_touch#55.frame()
1787603585.632 [20:33:05.631757] {Default Queue} wl_touch#32.motion(18879170, 0, 1093.43750000, 856.19140625)
1787603585.632 [20:33:05.631862] {Default Queue} wl_touch#55.motion(18879170, 0, 1093.43750000, 856.19140625)
1787603585.632 [20:33:05.631879] {Default Queue} wl_touch#32.frame()
1787603585.632 [20:33:05.631891] {Default Queue} wl_touch#55.frame()
1787603585.641 [20:33:05.640630] {Default Queue} wl_touch#32.motion(18879179, 0, 1093.43750000, 865.18359375)
1787603585.641 [20:33:05.640705] {Default Queue} wl_touch#55.motion(18879179, 0, 1093.43750000, 865.18359375)
1787603585.641 [20:33:05.640722] {Default Queue} wl_touch#32.frame()
1787603585.641 [20:33:05.640740] {Default Queue} wl_touch#55.frame()
1787603585.651 [20:33:05.650808] {Default Queue} wl_touch#32.motion(18879189, 0, 1093.43750000, 874.17578125)
1787603585.651 [20:33:05.650893] {Default Queue} wl_touch#55.motion(18879189, 0, 1093.43750000, 874.17578125)
1787603585.651 [20:33:05.650911] {Default Queue} wl_touch#32.frame()
1787603585.651 [20:33:05.650924] {Default Queue} wl_touch#55.frame()
1787603585.661 [20:33:05.660685] {Default Queue} wl_touch#32.motion(18879199, 0, 1093.43750000, 882.16796875)
1787603585.661 [20:33:05.660798] {Default Queue} wl_touch#55.motion(18879199, 0, 1093.43750000, 882.16796875)
1787603585.661 [20:33:05.660818] {Default Queue} wl_touch#32.frame()
1787603585.661 [20:33:05.660829] {Default Queue} wl_touch#55.frame()
1787603585.672 [20:33:05.671278] {Default Queue} wl_touch#32.motion(18879209, 0, 1093.43750000, 890.16015625)
1787603585.672 [20:33:05.671391] {Default Queue} wl_touch#55.motion(18879209, 0, 1093.43750000, 890.16015625)
1787603585.672 [20:33:05.671440] {Default Queue} wl_touch#32.frame()
1787603585.672 [20:33:05.671470] {Default Queue} wl_touch#55.frame()
1787603585.681 [20:33:05.680723] {Default Queue} wl_touch#32.motion(18879219, 0, 1093.43750000, 896.15625000)
1787603585.681 [20:33:05.680825] {Default Queue} wl_touch#55.motion(18879219, 0, 1093.43750000, 896.15625000)
1787603585.681 [20:33:05.680842] {Default Queue} wl_touch#32.frame()
1787603585.681 [20:33:05.680855] {Default Queue} wl_touch#55.frame()
1787603585.691 [20:33:05.690693] {Default Queue} wl_touch#32.motion(18879229, 0, 1093.43750000, 903.14843750)
1787603585.691 [20:33:05.690808] {Default Queue} wl_touch#55.motion(18879229, 0, 1093.43750000, 903.14843750)
1787603585.691 [20:33:05.690845] {Default Queue} wl_touch#32.frame()
1787603585.691 [20:33:05.690864] {Default Queue} wl_touch#55.frame()
1787603585.701 [20:33:05.700742] {Default Queue} wl_touch#32.motion(18879239, 0, 1093.43750000, 908.14453125)
1787603585.701 [20:33:05.700873] {Default Queue} wl_touch#55.motion(18879239, 0, 1093.43750000, 908.14453125)
1787603585.701 [20:33:05.700900] {Default Queue} wl_touch#32.frame()
1787603585.701 [20:33:05.700912] {Default Queue} wl_touch#55.frame()
1787603585.710 [20:33:05.709684] {Default Queue} wl_touch#32.motion(18879248, 0, 1093.43750000, 913.13671875)
1787603585.710 [20:33:05.709789] {Default Queue} wl_touch#55.motion(18879248, 0, 1093.43750000, 913.13671875)
1787603585.710 [20:33:05.709809] {Default Queue} wl_touch#32.frame()
1787603585.710 [20:33:05.709821] {Default Queue} wl_touch#55.frame()
1787603585.722 [20:33:05.721455] {Default Queue} wl_touch#32.motion(18879258, 0, 1093.43750000, 917.13671875)
1787603585.722 [20:33:05.721542] {Default Queue} wl_touch#55.motion(18879258, 0, 1093.43750000, 917.13671875)
1787603585.722 [20:33:05.721566] {Default Queue} wl_touch#32.frame()
1787603585.722 [20:33:05.721581] {Default Queue} wl_touch#55.frame()
1787603585.730 [20:33:05.729617] {Default Queue} wl_touch#32.motion(18879268, 0, 1093.43750000, 920.13281250)
1787603585.730 [20:33:05.729688] {Default Queue} wl_touch#55.motion(18879268, 0, 1093.43750000, 920.13281250)
1787603585.730 [20:33:05.729705] {Default Queue} wl_touch#32.frame()
1787603585.730 [20:33:05.729717] {Default Queue} wl_touch#55.frame()
1787603585.740 [20:33:05.739578] {Default Queue} wl_touch#32.motion(18879278, 0, 1093.43750000, 923.12890625)
1787603585.740 [20:33:05.739652] {Default Queue} wl_touch#55.motion(18879278, 0, 1093.43750000, 923.12890625)
1787603585.740 [20:33:05.739670] {Default Queue} wl_touch#32.frame()
1787603585.740 [20:33:05.739687] {Default Queue} wl_touch#55.frame()
1787603585.750 [20:33:05.749714] {Default Queue} wl_touch#32.motion(18879288, 0, 1093.43750000, 925.12890625)
1787603585.750 [20:33:05.749829] {Default Queue} wl_touch#55.motion(18879288, 0, 1093.43750000, 925.12890625)
1787603585.750 [20:33:05.749849] {Default Queue} wl_touch#32.frame()
1787603585.750 [20:33:05.749862] {Default Queue} wl_touch#55.frame()
1787603585.760 [20:33:05.759616] {Default Queue} wl_touch#32.motion(18879298, 0, 1093.43750000, 927.12500000)
1787603585.760 [20:33:05.759689] {Default Queue} wl_touch#55.motion(18879298, 0, 1093.43750000, 927.12500000)
1787603585.760 [20:33:05.759706] {Default Queue} wl_touch#32.frame()
1787603585.760 [20:33:05.759719] {Default Queue} wl_touch#55.frame()
1787603585.772 [20:33:05.771554] {Default Queue} wl_touch#32.motion(18879308, 0, 1093.43750000, 929.12500000)
1787603585.772 [20:33:05.771629] {Default Queue} wl_touch#55.motion(18879308, 0, 1093.43750000, 929.12500000)
1787603585.772 [20:33:05.771647] {Default Queue} wl_touch#32.frame()
1787603585.772 [20:33:05.771664] {Default Queue} wl_touch#55.frame()
1787603585.799 [20:33:05.798806] {Default Queue} wl_touch#32.motion(18879337, 0, 1093.43750000, 928.12500000)
1787603585.799 [20:33:05.798883] {Default Queue} wl_touch#55.motion(18879337, 0, 1093.43750000, 928.12500000)
1787603585.799 [20:33:05.798901] {Default Queue} wl_touch#32.frame()
1787603585.799 [20:33:05.798913] {Default Queue} wl_touch#55.frame()
1787603585.809 [20:33:05.808619] {Default Queue} wl_touch#32.motion(18879347, 0, 1093.43750000, 924.12890625)
1787603585.809 [20:33:05.808689] {Default Queue} wl_touch#55.motion(18879347, 0, 1093.43750000, 924.12890625)
1787603585.809 [20:33:05.808707] {Default Queue} wl_touch#32.frame()
1787603585.809 [20:33:05.808718] {Default Queue} wl_touch#55.frame()
1787603585.819 [20:33:05.818744] {Default Queue} wl_touch#32.motion(18879357, 0, 1093.43750000, 920.13281250)
1787603585.819 [20:33:05.818851] {Default Queue} wl_touch#55.motion(18879357, 0, 1093.43750000, 920.13281250)
1787603585.819 [20:33:05.818874] {Default Queue} wl_touch#32.frame()
1787603585.819 [20:33:05.818887] {Default Queue} wl_touch#55.frame()
1787603585.829 [20:33:05.828708] {Default Queue} wl_touch#32.motion(18879367, 0, 1093.43750000, 916.13671875)
1787603585.829 [20:33:05.828804] {Default Queue} wl_touch#55.motion(18879367, 0, 1093.43750000, 916.13671875)
1787603585.829 [20:33:05.828821] {Default Queue} wl_touch#32.frame()
1787603585.829 [20:33:05.828833] {Default Queue} wl_touch#55.frame()
1787603585.839 [20:33:05.838773] {Default Queue} wl_touch#32.motion(18879377, 0, 1092.43750000, 909.14062500)
1787603585.839 [20:33:05.838835] {Default Queue} wl_touch#55.motion(18879377, 0, 1092.43750000, 909.14062500)
1787603585.839 [20:33:05.838851] {Default Queue} wl_touch#32.frame()
1787603585.839 [20:33:05.838862] {Default Queue} wl_touch#55.frame()
1787603585.849 [20:33:05.848797] {Default Queue} wl_touch#32.motion(18879387, 0, 1091.44140625, 902.14843750)
1787603585.849 [20:33:05.848875] {Default Queue} wl_touch#55.motion(18879387, 0, 1091.44140625, 902.14843750)
1787603585.849 [20:33:05.848893] {Default Queue} wl_touch#32.frame()
1787603585.849 [20:33:05.848905] {Default Queue} wl_touch#55.frame()
1787603585.858 [20:33:05.857573] {Default Queue} wl_touch#32.motion(18879396, 0, 1090.44140625, 894.15625000)
1787603585.858 [20:33:05.857649] {Default Queue} wl_touch#55.motion(18879396, 0, 1090.44140625, 894.15625000)
1787603585.858 [20:33:05.857667] {Default Queue} wl_touch#32.frame()
1787603585.858 [20:33:05.857679] {Default Queue} wl_touch#55.frame()
1787603585.868 [20:33:05.867755] {Default Queue} wl_touch#32.motion(18879406, 0, 1089.44140625, 885.16406250)
1787603585.868 [20:33:05.867855] {Default Queue} wl_touch#55.motion(18879406, 0, 1089.44140625, 885.16406250)
1787603585.868 [20:33:05.867873] {Default Queue} wl_touch#32.frame()
1787603585.868 [20:33:05.867885] {Default Queue} wl_touch#55.frame()
1787603585.878 [20:33:05.877593] {Default Queue} wl_touch#32.motion(18879416, 0, 1089.44140625, 875.17187500)
1787603585.878 [20:33:05.877672] {Default Queue} wl_touch#55.motion(18879416, 0, 1089.44140625, 875.17187500)
1787603585.878 [20:33:05.877700] {Default Queue} wl_touch#32.frame()
1787603585.878 [20:33:05.877713] {Default Queue} wl_touch#55.frame()
1787603585.888 [20:33:05.888031] {Default Queue} wl_touch#32.motion(18879426, 0, 1088.44140625, 865.18359375)
1787603585.888 [20:33:05.888107] {Default Queue} wl_touch#55.motion(18879426, 0, 1088.44140625, 865.18359375)
1787603585.888 [20:33:05.888125] {Default Queue} wl_touch#32.frame()
1787603585.888 [20:33:05.888145] {Default Queue} wl_touch#55.frame()
1787603585.898 [20:33:05.897643] {Default Queue} wl_touch#32.motion(18879436, 0, 1087.44140625, 853.19531250)
1787603585.898 [20:33:05.897725] {Default Queue} wl_touch#55.motion(18879436, 0, 1087.44140625, 853.19531250)
1787603585.898 [20:33:05.897742] {Default Queue} wl_touch#32.frame()
1787603585.898 [20:33:05.897754] {Default Queue} wl_touch#55.frame()
1787603585.908 [20:33:05.907666] {Default Queue} wl_touch#32.motion(18879446, 0, 1087.44140625, 840.20703125)
1787603585.908 [20:33:05.907742] {Default Queue} wl_touch#55.motion(18879446, 0, 1087.44140625, 840.20703125)
1787603585.908 [20:33:05.907800] {Default Queue} wl_touch#32.frame()
1787603585.908 [20:33:05.907841] {Default Queue} wl_touch#55.frame()
1787603585.918 [20:33:05.917757] {Default Queue} wl_touch#32.motion(18879456, 0, 1087.44140625, 826.21875000)
1787603585.918 [20:33:05.917881] {Default Queue} wl_touch#55.motion(18879456, 0, 1087.44140625, 826.21875000)
1787603585.918 [20:33:05.917901] {Default Queue} wl_touch#32.frame()
1787603585.918 [20:33:05.917913] {Default Queue} wl_touch#55.frame()
1787603585.927 [20:33:05.926790] {Default Queue} wl_touch#32.motion(18879465, 0, 1087.44140625, 812.23046875)
1787603585.927 [20:33:05.926869] {Default Queue} wl_touch#55.motion(18879465, 0, 1087.44140625, 812.23046875)
1787603585.927 [20:33:05.926885] {Default Queue} wl_touch#32.frame()
1787603585.927 [20:33:05.926898] {Default Queue} wl_touch#55.frame()
1787603585.938 [20:33:05.938168] {Default Queue} wl_touch#32.motion(18879475, 0, 1086.44140625, 796.24609375)
1787603585.939 [20:33:05.938245] {Default Queue} wl_touch#55.motion(18879475, 0, 1086.44140625, 796.24609375)
1787603585.939 [20:33:05.938280] {Default Queue} wl_touch#32.frame()
1787603585.939 [20:33:05.938294] {Default Queue} wl_touch#55.frame()
1787603585.947 [20:33:05.946620] {Default Queue} wl_touch#32.motion(18879485, 0, 1085.44140625, 780.26171875)
1787603585.947 [20:33:05.946697] {Default Queue} wl_touch#55.motion(18879485, 0, 1085.44140625, 780.26171875)
1787603585.947 [20:33:05.946715] {Default Queue} wl_touch#32.frame()
1787603585.947 [20:33:05.946727] {Default Queue} wl_touch#55.frame()
1787603585.957 [20:33:05.956611] {Default Queue} wl_touch#32.motion(18879495, 0, 1085.44140625, 764.27734375)
1787603585.957 [20:33:05.956692] {Default Queue} wl_touch#55.motion(18879495, 0, 1085.44140625, 764.27734375)
1787603585.957 [20:33:05.956723] {Default Queue} wl_touch#32.frame()
1787603585.957 [20:33:05.956743] {Default Queue} wl_touch#55.frame()
1787603585.967 [20:33:05.966716] {Default Queue} wl_touch#32.motion(18879505, 0, 1084.44140625, 748.29296875)
1787603585.967 [20:33:05.966822] {Default Queue} wl_touch#55.motion(18879505, 0, 1084.44140625, 748.29296875)
1787603585.967 [20:33:05.966840] {Default Queue} wl_touch#32.frame()
1787603585.967 [20:33:05.966853] {Default Queue} wl_touch#55.frame()
1787603585.977 [20:33:05.976644] {Default Queue} wl_touch#32.motion(18879515, 0, 1083.44531250, 732.30468750)
1787603585.977 [20:33:05.976717] {Default Queue} wl_touch#55.motion(18879515, 0, 1083.44531250, 732.30468750)
1787603585.977 [20:33:05.976735] {Default Queue} wl_touch#32.frame()
1787603585.977 [20:33:05.976747] {Default Queue} wl_touch#55.frame()
1787603585.988 [20:33:05.988060] {Default Queue} wl_touch#32.motion(18879525, 0, 1081.44531250, 716.32031250)
1787603585.989 [20:33:05.988137] {Default Queue} wl_touch#55.motion(18879525, 0, 1081.44531250, 716.32031250)
1787603585.989 [20:33:05.988154] {Default Queue} wl_touch#32.frame()
1787603585.989 [20:33:05.988171] {Default Queue} wl_touch#55.frame()
1787603585.996 [20:33:05.995683] {Default Queue} wl_touch#32.motion(18879534, 0, 1080.44531250, 699.33593750)
1787603585.996 [20:33:05.995756] {Default Queue} wl_touch#55.motion(18879534, 0, 1080.44531250, 699.33593750)
1787603585.996 [20:33:05.995792] {Default Queue} wl_touch#32.frame()
1787603585.996 [20:33:05.995804] {Default Queue} wl_touch#55.frame()
1787603586.006 [20:33:06.005626] {Default Queue} wl_touch#32.motion(18879544, 0, 1079.44531250, 683.35156250)
1787603586.006 [20:33:06.005693] {Default Queue} wl_touch#55.motion(18879544, 0, 1079.44531250, 683.35156250)
1787603586.006 [20:33:06.005710] {Default Queue} wl_touch#32.frame()
1787603586.006 [20:33:06.005723] {Default Queue} wl_touch#55.frame()
1787603586.016 [20:33:06.015537] {Default Queue} wl_touch#32.motion(18879554, 0, 1078.44531250, 665.36718750)
1787603586.016 [20:33:06.015610] {Default Queue} wl_touch#55.motion(18879554, 0, 1078.44531250, 665.36718750)
1787603586.016 [20:33:06.015628] {Default Queue} wl_touch#32.frame()
1787603586.016 [20:33:06.015640] {Default Queue} wl_touch#55.frame()
1787603586.026 [20:33:06.025683] {Default Queue} wl_touch#32.motion(18879564, 0, 1077.44531250, 647.38281250)
1787603586.026 [20:33:06.025787] {Default Queue} wl_touch#55.motion(18879564, 0, 1077.44531250, 647.38281250)
1787603586.026 [20:33:06.025805] {Default Queue} wl_touch#32.frame()
1787603586.026 [20:33:06.025818] {Default Queue} wl_touch#55.frame()
1787603586.036 [20:33:06.035793] {Default Queue} wl_touch#32.motion(18879574, 0, 1077.44531250, 629.40234375)
1787603586.036 [20:33:06.035877] {Default Queue} wl_touch#55.motion(18879574, 0, 1077.44531250, 629.40234375)
1787603586.036 [20:33:06.035896] {Default Queue} wl_touch#32.frame()
1787603586.036 [20:33:06.035916] {Default Queue} wl_touch#55.frame()
1787603586.046 [20:33:06.045682] {Default Queue} wl_touch#32.motion(18879584, 0, 1077.44531250, 609.41796875)
1787603586.046 [20:33:06.045753] {Default Queue} wl_touch#55.motion(18879584, 0, 1077.44531250, 609.41796875)
1787603586.046 [20:33:06.045794] {Default Queue} wl_touch#32.frame()
1787603586.046 [20:33:06.045807] {Default Queue} wl_touch#55.frame()
1787603586.056 [20:33:06.055737] {Default Queue} wl_touch#32.motion(18879594, 0, 1077.44531250, 589.43750000)
1787603586.056 [20:33:06.055826] {Default Queue} wl_touch#55.motion(18879594, 0, 1077.44531250, 589.43750000)
1787603586.056 [20:33:06.055848] {Default Queue} wl_touch#32.frame()
1787603586.056 [20:33:06.055863] {Default Queue} wl_touch#55.frame()
1787603586.066 [20:33:06.065578] {Default Queue} wl_touch#32.motion(18879604, 0, 1077.44531250, 569.45703125)
1787603586.066 [20:33:06.065651] {Default Queue} wl_touch#55.motion(18879604, 0, 1077.44531250, 569.45703125)
1787603586.066 [20:33:06.065668] {Default Queue} wl_touch#32.frame()
1787603586.066 [20:33:06.065680] {Default Queue} wl_touch#55.frame()
1787603586.075 [20:33:06.074609] {Default Queue} wl_touch#32.motion(18879613, 0, 1077.44531250, 549.47656250)
1787603586.075 [20:33:06.074695] {Default Queue} wl_touch#55.motion(18879613, 0, 1077.44531250, 549.47656250)
1787603586.075 [20:33:06.074723] {Default Queue} wl_touch#32.frame()
1787603586.075 [20:33:06.074742] {Default Queue} wl_touch#55.frame()
1787603586.085 [20:33:06.084734] {Default Queue} wl_touch#32.motion(18879623, 0, 1078.44531250, 529.49218750)
1787603586.085 [20:33:06.084856] {Default Queue} wl_touch#55.motion(18879623, 0, 1078.44531250, 529.49218750)
1787603586.085 [20:33:06.084881] {Default Queue} wl_touch#32.frame()
1787603586.085 [20:33:06.084894] {Default Queue} wl_touch#55.frame()
1787603586.095 [20:33:06.094706] {Default Queue} wl_touch#32.motion(18879633, 0, 1079.44531250, 510.51171875)
1787603586.095 [20:33:06.094812] {Default Queue} wl_touch#55.motion(18879633, 0, 1079.44531250, 510.51171875)
1787603586.095 [20:33:06.094838] {Default Queue} wl_touch#32.frame()
1787603586.095 [20:33:06.094852] {Default Queue} wl_touch#55.frame()
1787603586.105 [20:33:06.104750] {Default Queue} wl_touch#32.motion(18879643, 0, 1080.44531250, 491.52734375)
1787603586.105 [20:33:06.104875] {Default Queue} wl_touch#55.motion(18879643, 0, 1080.44531250, 491.52734375)
1787603586.105 [20:33:06.104898] {Default Queue} wl_touch#32.frame()
1787603586.105 [20:33:06.104916] {Default Queue} wl_touch#55.frame()
1787603586.115 [20:33:06.114708] {Default Queue} wl_touch#32.motion(18879653, 0, 1080.44531250, 474.54296875)
1787603586.115 [20:33:06.114824] {Default Queue} wl_touch#55.motion(18879653, 0, 1080.44531250, 474.54296875)
1787603586.115 [20:33:06.114843] {Default Queue} wl_touch#32.frame()
1787603586.115 [20:33:06.114856] {Default Queue} wl_touch#55.frame()
1787603586.125 [20:33:06.124566] {Default Queue} wl_touch#32.motion(18879663, 0, 1080.44531250, 458.55859375)
1787603586.125 [20:33:06.124628] {Default Queue} wl_touch#55.motion(18879663, 0, 1080.44531250, 458.55859375)
1787603586.125 [20:33:06.124645] {Default Queue} wl_touch#32.frame()
1787603586.125 [20:33:06.124656] {Default Queue} wl_touch#55.frame()
1787603586.135 [20:33:06.134745] {Default Queue} wl_touch#32.motion(18879673, 0, 1080.44531250, 444.57421875)
1787603586.135 [20:33:06.134865] {Default Queue} wl_touch#55.motion(18879673, 0, 1080.44531250, 444.57421875)
1787603586.135 [20:33:06.134884] {Default Queue} wl_touch#32.frame()
1787603586.135 [20:33:06.134897] {Default Queue} wl_touch#55.frame()
1787603586.144 [20:33:06.143576] {Default Queue} wl_touch#32.motion(18879682, 0, 1080.44531250, 431.58593750)
1787603586.144 [20:33:06.143651] {Default Queue} wl_touch#55.motion(18879682, 0, 1080.44531250, 431.58593750)
1787603586.144 [20:33:06.143668] {Default Queue} wl_touch#32.frame()
1787603586.144 [20:33:06.143681] {Default Queue} wl_touch#55.frame()
1787603586.155 [20:33:06.154577] {Default Queue} wl_touch#32.motion(18879692, 0, 1080.44531250, 419.59375000)
1787603586.155 [20:33:06.154650] {Default Queue} wl_touch#55.motion(18879692, 0, 1080.44531250, 419.59375000)
1787603586.155 [20:33:06.154666] {Default Queue} wl_touch#32.frame()
1787603586.155 [20:33:06.154689] {Default Queue} wl_touch#55.frame()
1787603586.164 [20:33:06.163696] {Default Queue} wl_touch#32.motion(18879702, 0, 1080.44531250, 409.60546875)
1787603586.164 [20:33:06.163792] {Default Queue} wl_touch#55.motion(18879702, 0, 1080.44531250, 409.60546875)
1787603586.164 [20:33:06.163809] {Default Queue} wl_touch#32.frame()
1787603586.164 [20:33:06.163821] {Default Queue} wl_touch#55.frame()
1787603586.174 [20:33:06.173696] {Default Queue} wl_touch#32.motion(18879712, 0, 1080.44531250, 400.61328125)
1787603586.174 [20:33:06.173857] {Default Queue} wl_touch#55.motion(18879712, 0, 1080.44531250, 400.61328125)
1787603586.174 [20:33:06.173891] {Default Queue} wl_touch#32.frame()
1787603586.174 [20:33:06.173922] {Default Queue} wl_touch#55.frame()
1787603586.184 [20:33:06.183757] {Default Queue} wl_touch#32.motion(18879722, 0, 1080.44531250, 392.62109375)
1787603586.184 [20:33:06.183860] {Default Queue} wl_touch#55.motion(18879722, 0, 1080.44531250, 392.62109375)
1787603586.184 [20:33:06.183878] {Default Queue} wl_touch#32.frame()
1787603586.184 [20:33:06.183891] {Default Queue} wl_touch#55.frame()
1787603586.194 [20:33:06.193598] {Default Queue} wl_touch#32.motion(18879732, 0, 1080.44531250, 384.62890625)
1787603586.194 [20:33:06.193673] {Default Queue} wl_touch#55.motion(18879732, 0, 1080.44531250, 384.62890625)
1787603586.194 [20:33:06.193690] {Default Queue} wl_touch#32.frame()
1787603586.194 [20:33:06.193702] {Default Queue} wl_touch#55.frame()
1787603586.205 [20:33:06.204745] {Default Queue} wl_touch#32.motion(18879742, 0, 1080.44531250, 378.63281250)
1787603586.205 [20:33:06.204871] {Default Queue} wl_touch#55.motion(18879742, 0, 1080.44531250, 378.63281250)
1787603586.205 [20:33:06.204906] {Default Queue} wl_touch#32.frame()
1787603586.205 [20:33:06.204926] {Default Queue} wl_touch#55.frame()
1787603586.213 [20:33:06.212555] {Default Queue} wl_touch#32.motion(18879751, 0, 1080.44531250, 372.64062500)
1787603586.213 [20:33:06.212614] {Default Queue} wl_touch#55.motion(18879751, 0, 1080.44531250, 372.64062500)
1787603586.213 [20:33:06.212652] {Default Queue} wl_touch#32.frame()
1787603586.213 [20:33:06.212665] {Default Queue} wl_touch#55.frame()
1787603586.223 [20:33:06.222508] {Default Queue} wl_touch#32.motion(18879761, 0, 1080.44531250, 368.64453125)
1787603586.223 [20:33:06.222578] {Default Queue} wl_touch#55.motion(18879761, 0, 1080.44531250, 368.64453125)
1787603586.223 [20:33:06.222607] {Default Queue} wl_touch#32.frame()
1787603586.223 [20:33:06.222626] {Default Queue} wl_touch#55.frame()
1787603586.233 [20:33:06.232788] {Default Queue} wl_touch#32.motion(18879771, 0, 1080.44531250, 364.64843750)
1787603586.233 [20:33:06.232867] {Default Queue} wl_touch#55.motion(18879771, 0, 1080.44531250, 364.64843750)
1787603586.233 [20:33:06.232884] {Default Queue} wl_touch#32.frame()
1787603586.233 [20:33:06.232898] {Default Queue} wl_touch#55.frame()
1787603586.243 [20:33:06.242847] {Default Queue} wl_touch#32.motion(18879781, 0, 1080.44531250, 360.64843750)
1787603586.243 [20:33:06.242925] {Default Queue} wl_touch#55.motion(18879781, 0, 1080.44531250, 360.64843750)
1787603586.243 [20:33:06.242958] {Default Queue} wl_touch#32.frame()
1787603586.243 [20:33:06.242970] {Default Queue} wl_touch#55.frame()
1787603586.255 [20:33:06.254777] {Default Queue} wl_touch#32.motion(18879791, 0, 1080.44531250, 358.65234375)
1787603586.255 [20:33:06.254856] {Default Queue} wl_touch#55.motion(18879791, 0, 1080.44531250, 358.65234375)
1787603586.255 [20:33:06.254871] {Default Queue} wl_touch#32.frame()
1787603586.255 [20:33:06.254882] {Default Queue} wl_touch#55.frame()
1787603586.263 [20:33:06.262663] {Default Queue} wl_touch#32.motion(18879801, 0, 1080.44531250, 356.65234375)
1787603586.263 [20:33:06.262733] {Default Queue} wl_touch#55.motion(18879801, 0, 1080.44531250, 356.65234375)
1787603586.263 [20:33:06.262749] {Default Queue} wl_touch#32.frame()
1787603586.263 [20:33:06.262783] {Default Queue} wl_touch#55.frame()
1787603586.273 [20:33:06.272456] {Default Queue} wl_touch#32.motion(18879811, 0, 1080.44531250, 354.65625000)
1787603586.273 [20:33:06.272516] {Default Queue} wl_touch#55.motion(18879811, 0, 1080.44531250, 354.65625000)
1787603586.273 [20:33:06.272531] {Default Queue} wl_touch#32.frame()
1787603586.273 [20:33:06.272543] {Default Queue} wl_touch#55.frame()
1787603586.283 [20:33:06.282664] {Default Queue} wl_touch#32.motion(18879821, 0, 1080.44531250, 353.65625000)
1787603586.283 [20:33:06.282743] {Default Queue} wl_touch#55.motion(18879821, 0, 1080.44531250, 353.65625000)
1787603586.283 [20:33:06.282788] {Default Queue} wl_touch#32.frame()
1787603586.283 [20:33:06.282802] {Default Queue} wl_touch#55.frame()
1787603586.292 [20:33:06.291700] {Default Queue} wl_touch#32.motion(18879830, 0, 1080.44531250, 352.65625000)
1787603586.292 [20:33:06.291779] {Default Queue} wl_touch#55.motion(18879830, 0, 1080.44531250, 352.65625000)
1787603586.292 [20:33:06.291816] {Default Queue} wl_touch#32.frame()
1787603586.292 [20:33:06.291828] {Default Queue} wl_touch#55.frame()
1787603586.312 [20:33:06.311653] {Default Queue} wl_touch#32.motion(18879850, 0, 1080.44531250, 351.66015625)
1787603586.312 [20:33:06.311729] {Default Queue} wl_touch#55.motion(18879850, 0, 1080.44531250, 351.66015625)
1787603586.312 [20:33:06.311747] {Default Queue} wl_touch#32.frame()
1787603586.312 [20:33:06.311787] {Default Queue} wl_touch#55.frame()
1787603586.352 [20:33:06.351708] {Default Queue} wl_touch#32.motion(18879890, 0, 1081.44531250, 352.65625000)
1787603586.352 [20:33:06.351821] {Default Queue} wl_touch#55.motion(18879890, 0, 1081.44531250, 352.65625000)
1787603586.352 [20:33:06.351841] {Default Queue} wl_touch#32.frame()
1787603586.352 [20:33:06.351854] {Default Queue} wl_touch#55.frame()
1787603586.361 [20:33:06.360626] {Default Queue} wl_touch#32.motion(18879899, 0, 1082.44531250, 353.65625000)
1787603586.361 [20:33:06.360696] {Default Queue} wl_touch#55.motion(18879899, 0, 1082.44531250, 353.65625000)
1787603586.361 [20:33:06.360712] {Default Queue} wl_touch#32.frame()
1787603586.361 [20:33:06.360724] {Default Queue} wl_touch#55.frame()
1787603586.371 [20:33:06.371205] {Default Queue} wl_touch#32.motion(18879909, 0, 1084.44140625, 356.65234375)
1787603586.372 [20:33:06.371290] {Default Queue} wl_touch#55.motion(18879909, 0, 1084.44140625, 356.65234375)
1787603586.372 [20:33:06.371306] {Default Queue} wl_touch#32.frame()
1787603586.372 [20:33:06.371323] {Default Queue} wl_touch#55.frame()
1787603586.381 [20:33:06.380682] {Default Queue} wl_touch#32.motion(18879919, 0, 1085.44140625, 360.64843750)
1787603586.381 [20:33:06.380780] {Default Queue} wl_touch#55.motion(18879919, 0, 1085.44140625, 360.64843750)
1787603586.381 [20:33:06.380798] {Default Queue} wl_touch#32.frame()
1787603586.381 [20:33:06.380811] {Default Queue} wl_touch#55.frame()
1787603586.391 [20:33:06.390684] {Default Queue} wl_touch#32.motion(18879929, 0, 1085.44140625, 366.64453125)
1787603586.391 [20:33:06.390899] {Default Queue} wl_touch#55.motion(18879929, 0, 1085.44140625, 366.64453125)
1787603586.391 [20:33:06.390936] {Default Queue} wl_touch#32.frame()
1787603586.391 [20:33:06.390955] {Default Queue} wl_touch#55.frame()
1787603586.401 [20:33:06.400731] {Default Queue} wl_touch#32.motion(18879939, 0, 1086.44140625, 373.63671875)
1787603586.401 [20:33:06.400830] {Default Queue} wl_touch#55.motion(18879939, 0, 1086.44140625, 373.63671875)
1787603586.401 [20:33:06.400868] {Default Queue} wl_touch#32.frame()
1787603586.401 [20:33:06.400883] {Default Queue} wl_touch#55.frame()
1787603586.411 [20:33:06.410640] {Default Queue} wl_touch#32.motion(18879949, 0, 1087.44140625, 382.62890625)
1787603586.411 [20:33:06.410712] {Default Queue} wl_touch#55.motion(18879949, 0, 1087.44140625, 382.62890625)
1787603586.411 [20:33:06.410730] {Default Queue} wl_touch#32.frame()
1787603586.411 [20:33:06.410742] {Default Queue} wl_touch#55.frame()
1787603586.421 [20:33:06.421127] {Default Queue} wl_touch#32.motion(18879959, 0, 1087.44140625, 392.62109375)
1787603586.421 [20:33:06.421185] {Default Queue} wl_touch#55.motion(18879959, 0, 1087.44140625, 392.62109375)
1787603586.421 [20:33:06.421200] {Default Queue} wl_touch#32.frame()
1787603586.422 [20:33:06.421213] {Default Queue} wl_touch#55.frame()
1787603586.430 [20:33:06.429619] {Default Queue} wl_touch#32.motion(18879968, 0, 1087.44140625, 403.60937500)
1787603586.430 [20:33:06.429687] {Default Queue} wl_touch#55.motion(18879968, 0, 1087.44140625, 403.60937500)
1787603586.430 [20:33:06.429704] {Default Queue} wl_touch#32.frame()
1787603586.430 [20:33:06.429715] {Default Queue} wl_touch#55.frame()
1787603586.440 [20:33:06.439827] {Default Queue} wl_touch#32.motion(18879978, 0, 1087.44140625, 416.59765625)
1787603586.440 [20:33:06.439901] {Default Queue} wl_touch#55.motion(18879978, 0, 1087.44140625, 416.59765625)
1787603586.440 [20:33:06.439920] {Default Queue} wl_touch#32.frame()
1787603586.440 [20:33:06.439933] {Default Queue} wl_touch#55.frame()
1787603586.450 [20:33:06.449811] {Default Queue} wl_touch#32.motion(18879988, 0, 1086.44140625, 429.58593750)
1787603586.450 [20:33:06.449891] {Default Queue} wl_touch#55.motion(18879988, 0, 1086.44140625, 429.58593750)
1787603586.450 [20:33:06.449909] {Default Queue} wl_touch#32.frame()
1787603586.450 [20:33:06.449920] {Default Queue} wl_touch#55.frame()
1787603586.460 [20:33:06.459615] {Default Queue} wl_touch#32.motion(18879998, 0, 1085.44140625, 445.57031250)
1787603586.460 [20:33:06.459687] {Default Queue} wl_touch#55.motion(18879998, 0, 1085.44140625, 445.57031250)
1787603586.460 [20:33:06.459705] {Default Queue} wl_touch#32.frame()
1787603586.460 [20:33:06.459716] {Default Queue} wl_touch#55.frame()
1787603586.472 [20:33:06.471437] {Default Queue} wl_touch#32.motion(18880008, 0, 1085.44140625, 461.55859375)
1787603586.472 [20:33:06.471516] {Default Queue} wl_touch#55.motion(18880008, 0, 1085.44140625, 461.55859375)
1787603586.472 [20:33:06.471533] {Default Queue} wl_touch#32.frame()
1787603586.472 [20:33:06.471551] {Default Queue} wl_touch#55.frame()
1787603586.480 [20:33:06.479581] {Default Queue} wl_touch#32.motion(18880018, 0, 1083.44531250, 478.54296875)
1787603586.480 [20:33:06.479676] {Default Queue} wl_touch#55.motion(18880018, 0, 1083.44531250, 478.54296875)
1787603586.480 [20:33:06.479710] {Default Queue} wl_touch#32.frame()
1787603586.480 [20:33:06.479734] {Default Queue} wl_touch#55.frame()
1787603586.490 [20:33:06.489553] {Default Queue} wl_touch#32.motion(18880028, 0, 1081.44531250, 495.52343750)
1787603586.490 [20:33:06.489632] {Default Queue} wl_touch#55.motion(18880028, 0, 1081.44531250, 495.52343750)
1787603586.490 [20:33:06.489659] {Default Queue} wl_touch#32.frame()
1787603586.490 [20:33:06.489679] {Default Queue} wl_touch#55.frame()
1787603586.499 [20:33:06.498715] {Default Queue} wl_touch#32.motion(18880037, 0, 1080.44531250, 514.50781250)
1787603586.499 [20:33:06.498823] {Default Queue} wl_touch#55.motion(18880037, 0, 1080.44531250, 514.50781250)
1787603586.499 [20:33:06.498842] {Default Queue} wl_touch#32.frame()
1787603586.499 [20:33:06.498854] {Default Queue} wl_touch#55.frame()
1787603586.509 [20:33:06.508585] {Default Queue} wl_touch#32.motion(18880047, 0, 1078.44531250, 532.49218750)
1787603586.509 [20:33:06.508647] {Default Queue} wl_touch#55.motion(18880047, 0, 1078.44531250, 532.49218750)
1787603586.509 [20:33:06.508664] {Default Queue} wl_touch#32.frame()
1787603586.509 [20:33:06.508675] {Default Queue} wl_touch#55.frame()
1787603586.519 [20:33:06.518803] {Default Queue} wl_touch#32.motion(18880057, 0, 1076.44921875, 551.47265625)
1787603586.519 [20:33:06.518894] {Default Queue} wl_touch#55.motion(18880057, 0, 1076.44921875, 551.47265625)
1787603586.519 [20:33:06.518915] {Default Queue} wl_touch#32.frame()
1787603586.519 [20:33:06.518930] {Default Queue} wl_touch#55.frame()
1787603586.529 [20:33:06.528677] {Default Queue} wl_touch#32.motion(18880067, 0, 1076.44921875, 569.45703125)
1787603586.529 [20:33:06.528748] {Default Queue} wl_touch#55.motion(18880067, 0, 1076.44921875, 569.45703125)
1787603586.529 [20:33:06.528790] {Default Queue} wl_touch#32.frame()
1787603586.529 [20:33:06.528803] {Default Queue} wl_touch#55.frame()
1787603586.539 [20:33:06.538577] {Default Queue} wl_touch#32.motion(18880077, 0, 1075.44921875, 589.43750000)
1787603586.539 [20:33:06.538651] {Default Queue} wl_touch#55.motion(18880077, 0, 1075.44921875, 589.43750000)
1787603586.539 [20:33:06.538675] {Default Queue} wl_touch#32.frame()
1787603586.539 [20:33:06.538696] {Default Queue} wl_touch#55.frame()
1787603586.549 [20:33:06.548790] {Default Queue} wl_touch#32.motion(18880087, 0, 1074.44921875, 608.42187500)
1787603586.549 [20:33:06.548872] {Default Queue} wl_touch#55.motion(18880087, 0, 1074.44921875, 608.42187500)
1787603586.549 [20:33:06.548890] {Default Queue} wl_touch#32.frame()
1787603586.549 [20:33:06.548902] {Default Queue} wl_touch#55.frame()
1787603586.559 [20:33:06.558663] {Default Queue} wl_touch#32.motion(18880097, 0, 1073.44921875, 627.40234375)
1787603586.559 [20:33:06.558755] {Default Queue} wl_touch#55.motion(18880097, 0, 1073.44921875, 627.40234375)
1787603586.559 [20:33:06.558806] {Default Queue} wl_touch#32.frame()
1787603586.559 [20:33:06.558848] {Default Queue} wl_touch#55.frame()
1787603586.569 [20:33:06.568734] {Default Queue} wl_touch#32.motion(18880107, 0, 1072.44921875, 646.38671875)
1787603586.569 [20:33:06.568843] {Default Queue} wl_touch#55.motion(18880107, 0, 1072.44921875, 646.38671875)
1787603586.569 [20:33:06.568862] {Default Queue} wl_touch#32.frame()
1787603586.569 [20:33:06.568874] {Default Queue} wl_touch#55.frame()
1787603586.578 [20:33:06.577747] {Default Queue} wl_touch#32.motion(18880116, 0, 1072.44921875, 666.36718750)
1787603586.578 [20:33:06.577904] {Default Queue} wl_touch#55.motion(18880116, 0, 1072.44921875, 666.36718750)
1787603586.578 [20:33:06.577920] {Default Queue} wl_touch#32.frame()
1787603586.578 [20:33:06.577932] {Default Queue} wl_touch#55.frame()
1787603586.589 [20:33:06.588248] {Default Queue} wl_touch#32.motion(18880126, 0, 1071.44921875, 685.34765625)
1787603586.589 [20:33:06.588320] {Default Queue} wl_touch#55.motion(18880126, 0, 1071.44921875, 685.34765625)
1787603586.589 [20:33:06.588336] {Default Queue} wl_touch#32.frame()
1787603586.589 [20:33:06.588346] {Default Queue} wl_touch#55.frame()
1787603586.598 [20:33:06.597613] {Default Queue} wl_touch#32.motion(18880136, 0, 1070.44921875, 704.33203125)
1787603586.598 [20:33:06.597683] {Default Queue} wl_touch#55.motion(18880136, 0, 1070.44921875, 704.33203125)
1787603586.598 [20:33:06.597700] {Default Queue} wl_touch#32.frame()
1787603586.598 [20:33:06.597712] {Default Queue} wl_touch#55.frame()
1787603586.608 [20:33:06.607602] {Default Queue} wl_touch#32.motion(18880146, 0, 1070.44921875, 721.31640625)
1787603586.608 [20:33:06.607669] {Default Queue} wl_touch#55.motion(18880146, 0, 1070.44921875, 721.31640625)
1787603586.608 [20:33:06.607685] {Default Queue} wl_touch#32.frame()
1787603586.608 [20:33:06.607697] {Default Queue} wl_touch#55.frame()
1787603586.618 [20:33:06.617812] {Default Queue} wl_touch#32.motion(18880156, 0, 1070.44921875, 738.30078125)
1787603586.618 [20:33:06.617894] {Default Queue} wl_touch#55.motion(18880156, 0, 1070.44921875, 738.30078125)
1787603586.618 [20:33:06.617911] {Default Queue} wl_touch#32.frame()
1787603586.618 [20:33:06.617923] {Default Queue} wl_touch#55.frame()
1787603586.628 [20:33:06.627597] {Default Queue} wl_touch#32.motion(18880166, 0, 1070.44921875, 754.28515625)
1787603586.628 [20:33:06.627674] {Default Queue} wl_touch#55.motion(18880166, 0, 1070.44921875, 754.28515625)
1787603586.628 [20:33:06.627691] {Default Queue} wl_touch#32.frame()
1787603586.628 [20:33:06.627703] {Default Queue} wl_touch#55.frame()
1787603586.638 [20:33:06.637988] {Default Queue} wl_touch#32.motion(18880176, 0, 1070.44921875, 769.27343750)
1787603586.638 [20:33:06.638077] {Default Queue} wl_touch#55.motion(18880176, 0, 1070.44921875, 769.27343750)
1787603586.638 [20:33:06.638099] {Default Queue} wl_touch#32.frame()
1787603586.638 [20:33:06.638121] {Default Queue} wl_touch#55.frame()
1787603586.647 [20:33:06.646733] {Default Queue} wl_touch#32.motion(18880185, 0, 1070.44921875, 782.26171875)
1787603586.647 [20:33:06.646822] {Default Queue} wl_touch#55.motion(18880185, 0, 1070.44921875, 782.26171875)
1787603586.647 [20:33:06.646841] {Default Queue} wl_touch#32.frame()
1787603586.647 [20:33:06.646853] {Default Queue} wl_touch#55.frame()
1787603586.657 [20:33:06.656647] {Default Queue} wl_touch#32.motion(18880195, 0, 1071.44921875, 794.25000000)
1787603586.657 [20:33:06.656723] {Default Queue} wl_touch#55.motion(18880195, 0, 1071.44921875, 794.25000000)
1787603586.657 [20:33:06.656741] {Default Queue} wl_touch#32.frame()
1787603586.657 [20:33:06.656754] {Default Queue} wl_touch#55.frame()
1787603586.667 [20:33:06.666606] {Default Queue} wl_touch#32.motion(18880205, 0, 1072.44921875, 804.23828125)
1787603586.667 [20:33:06.666681] {Default Queue} wl_touch#55.motion(18880205, 0, 1072.44921875, 804.23828125)
1787603586.667 [20:33:06.666699] {Default Queue} wl_touch#32.frame()
1787603586.667 [20:33:06.666710] {Default Queue} wl_touch#55.frame()
1787603586.678 [20:33:06.676647] {Default Queue} wl_touch#32.motion(18880215, 0, 1072.44921875, 813.23046875)
1787603586.678 [20:33:06.676734] {Default Queue} wl_touch#55.motion(18880215, 0, 1072.44921875, 813.23046875)
1787603586.678 [20:33:06.676752] {Default Queue} wl_touch#32.frame()
1787603586.678 [20:33:06.676811] {Default Queue} wl_touch#55.frame()
1787603586.688 [20:33:06.688010] {Default Queue} wl_touch#32.motion(18880225, 0, 1073.44921875, 821.22265625)
1787603586.688 [20:33:06.688106] {Default Queue} wl_touch#55.motion(18880225, 0, 1073.44921875, 821.22265625)
1787603586.688 [20:33:06.688127] {Default Queue} wl_touch#32.frame()
1787603586.688 [20:33:06.688139] {Default Queue} wl_touch#55.frame()
1787603586.697 [20:33:06.696621] {Default Queue} wl_touch#32.motion(18880235, 0, 1074.44921875, 827.21875000)
1787603586.697 [20:33:06.696694] {Default Queue} wl_touch#55.motion(18880235, 0, 1074.44921875, 827.21875000)
1787603586.697 [20:33:06.696711] {Default Queue} wl_touch#32.frame()
1787603586.697 [20:33:06.696723] {Default Queue} wl_touch#55.frame()
1787603586.707 [20:33:06.706701] {Default Queue} wl_touch#32.motion(18880245, 0, 1075.44921875, 833.21093750)
1787603586.707 [20:33:06.706836] {Default Queue} wl_touch#55.motion(18880245, 0, 1075.44921875, 833.21093750)
1787603586.707 [20:33:06.706857] {Default Queue} wl_touch#32.frame()
1787603586.707 [20:33:06.706870] {Default Queue} wl_touch#55.frame()
1787603586.716 [20:33:06.715788] {Default Queue} wl_touch#32.motion(18880254, 0, 1075.44921875, 837.20703125)
1787603586.716 [20:33:06.715868] {Default Queue} wl_touch#55.motion(18880254, 0, 1075.44921875, 837.20703125)
1787603586.716 [20:33:06.715886] {Default Queue} wl_touch#32.frame()
1787603586.716 [20:33:06.715898] {Default Queue} wl_touch#55.frame()
1787603586.726 [20:33:06.725554] {Default Queue} wl_touch#32.motion(18880264, 0, 1075.44921875, 840.20703125)
1787603586.726 [20:33:06.725621] {Default Queue} wl_touch#55.motion(18880264, 0, 1075.44921875, 840.20703125)
1787603586.726 [20:33:06.725638] {Default Queue} wl_touch#32.frame()
1787603586.726 [20:33:06.725650] {Default Queue} wl_touch#55.frame()
1787603586.738 [20:33:06.737933] {Default Queue} wl_touch#32.motion(18880274, 0, 1075.44921875, 843.20312500)
1787603586.738 [20:33:06.738003] {Default Queue} wl_touch#55.motion(18880274, 0, 1075.44921875, 843.20312500)
1787603586.738 [20:33:06.738019] {Default Queue} wl_touch#32.frame()
1787603586.738 [20:33:06.738030] {Default Queue} wl_touch#55.frame()
1787603586.756 [20:33:06.755546] {Default Queue} wl_touch#32.motion(18880294, 0, 1076.44921875, 843.20312500)
1787603586.756 [20:33:06.755614] {Default Queue} wl_touch#55.motion(18880294, 0, 1076.44921875, 843.20312500)
1787603586.756 [20:33:06.755632] {Default Queue} wl_touch#32.frame()
1787603586.756 [20:33:06.755658] {Default Queue} wl_touch#55.frame()
1787603586.766 [20:33:06.765735] {Default Queue} wl_touch#32.motion(18880304, 0, 1076.44921875, 842.20312500)
1787603586.766 [20:33:06.765841] {Default Queue} wl_touch#55.motion(18880304, 0, 1076.44921875, 842.20312500)
1787603586.766 [20:33:06.765860] {Default Queue} wl_touch#32.frame()
1787603586.766 [20:33:06.765872] {Default Queue} wl_touch#55.frame()
1787603586.776 [20:33:06.776032] {Default Queue} wl_touch#32.motion(18880314, 0, 1077.44531250, 839.20703125)
1787603586.776 [20:33:06.776104] {Default Queue} wl_touch#55.motion(18880314, 0, 1077.44531250, 839.20703125)
1787603586.776 [20:33:06.776121] {Default Queue} wl_touch#32.frame()
1787603586.776 [20:33:06.776133] {Default Queue} wl_touch#55.frame()
1787603586.785 [20:33:06.784825] {Default Queue} wl_touch#32.motion(18880323, 0, 1077.44531250, 834.21093750)
1787603586.785 [20:33:06.784903] {Default Queue} wl_touch#55.motion(18880323, 0, 1077.44531250, 834.21093750)
1787603586.785 [20:33:06.784920] {Default Queue} wl_touch#32.frame()
1787603586.785 [20:33:06.784932] {Default Queue} wl_touch#55.frame()
1787603586.795 [20:33:06.794699] {Default Queue} wl_touch#32.motion(18880333, 0, 1077.44531250, 828.21875000)
1787603586.795 [20:33:06.794816] {Default Queue} wl_touch#55.motion(18880333, 0, 1077.44531250, 828.21875000)
1787603586.795 [20:33:06.794834] {Default Queue} wl_touch#32.frame()
1787603586.795 [20:33:06.794847] {Default Queue} wl_touch#55.frame()
1787603586.805 [20:33:06.804822] {Default Queue} wl_touch#32.motion(18880343, 0, 1077.44531250, 821.22265625)
1787603586.805 [20:33:06.804921] {Default Queue} wl_touch#55.motion(18880343, 0, 1077.44531250, 821.22265625)
1787603586.805 [20:33:06.804948] {Default Queue} wl_touch#32.frame()
1787603586.805 [20:33:06.804961] {Default Queue} wl_touch#55.frame()
1787603586.815 [20:33:06.814738] {Default Queue} wl_touch#32.motion(18880353, 0, 1077.44531250, 813.23046875)
1787603586.815 [20:33:06.814855] {Default Queue} wl_touch#55.motion(18880353, 0, 1077.44531250, 813.23046875)
1787603586.815 [20:33:06.814873] {Default Queue} wl_touch#32.frame()
1787603586.815 [20:33:06.814885] {Default Queue} wl_touch#55.frame()
1787603586.825 [20:33:06.824620] {Default Queue} wl_touch#32.motion(18880363, 0, 1077.44531250, 803.24218750)
1787603586.825 [20:33:06.824679] {Default Queue} wl_touch#55.motion(18880363, 0, 1077.44531250, 803.24218750)
1787603586.825 [20:33:06.824696] {Default Queue} wl_touch#32.frame()
1787603586.825 [20:33:06.824708] {Default Queue} wl_touch#55.frame()
1787603586.835 [20:33:06.835010] {Default Queue} wl_touch#32.motion(18880373, 0, 1077.44531250, 793.25000000)
1787603586.835 [20:33:06.835099] {Default Queue} wl_touch#55.motion(18880373, 0, 1077.44531250, 793.25000000)
1787603586.835 [20:33:06.835116] {Default Queue} wl_touch#32.frame()
1787603586.835 [20:33:06.835129] {Default Queue} wl_touch#55.frame()
1787603586.845 [20:33:06.844705] {Default Queue} wl_touch#32.motion(18880383, 0, 1077.44531250, 781.26171875)
1787603586.845 [20:33:06.844810] {Default Queue} wl_touch#55.motion(18880383, 0, 1077.44531250, 781.26171875)
1787603586.845 [20:33:06.844830] {Default Queue} wl_touch#32.frame()
1787603586.845 [20:33:06.844843] {Default Queue} wl_touch#55.frame()
1787603586.855 [20:33:06.854920] {Default Queue} wl_touch#32.motion(18880393, 0, 1077.44531250, 769.27343750)
1787603586.855 [20:33:06.854996] {Default Queue} wl_touch#55.motion(18880393, 0, 1077.44531250, 769.27343750)
1787603586.855 [20:33:06.855029] {Default Queue} wl_touch#32.frame()
1787603586.855 [20:33:06.855057] {Default Queue} wl_touch#55.frame()
1787603586.864 [20:33:06.863607] {Default Queue} wl_touch#32.motion(18880402, 0, 1078.44531250, 755.28515625)
1787603586.864 [20:33:06.863681] {Default Queue} wl_touch#55.motion(18880402, 0, 1078.44531250, 755.28515625)
1787603586.864 [20:33:06.863699] {Default Queue} wl_touch#32.frame()
1787603586.864 [20:33:06.863711] {Default Queue} wl_touch#55.frame()
1787603586.874 [20:33:06.873605] {Default Queue} wl_touch#32.motion(18880412, 0, 1079.44531250, 740.29687500)
1787603586.874 [20:33:06.873679] {Default Queue} wl_touch#55.motion(18880412, 0, 1079.44531250, 740.29687500)
1787603586.874 [20:33:06.873697] {Default Queue} wl_touch#32.frame()
1787603586.874 [20:33:06.873709] {Default Queue} wl_touch#55.frame()
1787603586.884 [20:33:06.883631] {Default Queue} wl_touch#32.motion(18880422, 0, 1080.44531250, 726.31250000)
1787603586.884 [20:33:06.883709] {Default Queue} wl_touch#55.motion(18880422, 0, 1080.44531250, 726.31250000)
1787603586.884 [20:33:06.883726] {Default Queue} wl_touch#32.frame()
1787603586.884 [20:33:06.883738] {Default Queue} wl_touch#55.frame()
1787603586.894 [20:33:06.893631] {Default Queue} wl_touch#32.motion(18880432, 0, 1080.44531250, 711.32421875)
1787603586.894 [20:33:06.893739] {Default Queue} wl_touch#55.motion(18880432, 0, 1080.44531250, 711.32421875)
1787603586.894 [20:33:06.893804] {Default Queue} wl_touch#32.frame()
1787603586.894 [20:33:06.893823] {Default Queue} wl_touch#55.frame()
1787603586.905 [20:33:06.904589] {Default Queue} wl_touch#32.motion(18880442, 0, 1081.44531250, 695.33984375)
1787603586.905 [20:33:06.904687] {Default Queue} wl_touch#55.motion(18880442, 0, 1081.44531250, 695.33984375)
1787603586.905 [20:33:06.904725] {Default Queue} wl_touch#32.frame()
1787603586.905 [20:33:06.904752] {Default Queue} wl_touch#55.frame()
1787603586.914 [20:33:06.913660] {Default Queue} wl_touch#32.motion(18880452, 0, 1082.44531250, 680.35546875)
1787603586.914 [20:33:06.913733] {Default Queue} wl_touch#55.motion(18880452, 0, 1082.44531250, 680.35546875)
1787603586.914 [20:33:06.913750] {Default Queue} wl_touch#32.frame()
1787603586.914 [20:33:06.913784] {Default Queue} wl_touch#55.frame()
1787603586.924 [20:33:06.923656] {Default Queue} wl_touch#32.motion(18880462, 0, 1082.44531250, 666.36718750)
1787603586.924 [20:33:06.923730] {Default Queue} wl_touch#55.motion(18880462, 0, 1082.44531250, 666.36718750)
1787603586.924 [20:33:06.923750] {Default Queue} wl_touch#32.frame()
1787603586.924 [20:33:06.923791] {Default Queue} wl_touch#55.frame()
1787603586.933 [20:33:06.932803] {Default Queue} wl_touch#32.motion(18880471, 0, 1082.44531250, 651.38281250)
1787603586.933 [20:33:06.932883] {Default Queue} wl_touch#55.motion(18880471, 0, 1082.44531250, 651.38281250)
1787603586.933 [20:33:06.932900] {Default Queue} wl_touch#32.frame()
1787603586.933 [20:33:06.932913] {Default Queue} wl_touch#55.frame()
1787603586.943 [20:33:06.942729] {Default Queue} wl_touch#32.motion(18880481, 0, 1082.44531250, 638.39453125)
1787603586.943 [20:33:06.942815] {Default Queue} wl_touch#55.motion(18880481, 0, 1082.44531250, 638.39453125)
1787603586.943 [20:33:06.942833] {Default Queue} wl_touch#32.frame()
1787603586.943 [20:33:06.942845] {Default Queue} wl_touch#55.frame()
1787603586.955 [20:33:06.954576] {Default Queue} wl_touch#32.motion(18880491, 0, 1082.44531250, 626.40234375)
1787603586.955 [20:33:06.954630] {Default Queue} wl_touch#55.motion(18880491, 0, 1082.44531250, 626.40234375)
1787603586.955 [20:33:06.954644] {Default Queue} wl_touch#32.frame()
1787603586.955 [20:33:06.954655] {Default Queue} wl_touch#55.frame()
1787603586.963 [20:33:06.962734] {Default Queue} wl_touch#32.motion(18880501, 0, 1082.44531250, 614.41406250)
1787603586.963 [20:33:06.962837] {Default Queue} wl_touch#55.motion(18880501, 0, 1082.44531250, 614.41406250)
1787603586.963 [20:33:06.962854] {Default Queue} wl_touch#32.frame()
1787603586.963 [20:33:06.962867] {Default Queue} wl_touch#55.frame()
1787603586.973 [20:33:06.972582] {Default Queue} wl_touch#32.motion(18880511, 0, 1082.44531250, 604.42578125)
1787603586.973 [20:33:06.972652] {Default Queue} wl_touch#55.motion(18880511, 0, 1082.44531250, 604.42578125)
1787603586.973 [20:33:06.972713] {Default Queue} wl_touch#32.frame()
1787603586.973 [20:33:06.972731] {Default Queue} wl_touch#55.frame()
1787603586.983 [20:33:06.982622] {Default Queue} wl_touch#32.motion(18880521, 0, 1082.44531250, 594.43359375)
1787603586.983 [20:33:06.982695] {Default Queue} wl_touch#55.motion(18880521, 0, 1082.44531250, 594.43359375)
1787603586.983 [20:33:06.982713] {Default Queue} wl_touch#32.frame()
1787603586.983 [20:33:06.982725] {Default Queue} wl_touch#55.frame()
1787603586.993 [20:33:06.992733] {Default Queue} wl_touch#32.motion(18880531, 0, 1081.44531250, 586.44140625)
1787603586.993 [20:33:06.992815] {Default Queue} wl_touch#55.motion(18880531, 0, 1081.44531250, 586.44140625)
1787603586.993 [20:33:06.992831] {Default Queue} wl_touch#32.frame()
1787603586.993 [20:33:06.992842] {Default Queue} wl_touch#55.frame()
1787603587.002 [20:33:07.001563] {Default Queue} wl_touch#32.motion(18880540, 0, 1080.44531250, 579.44921875)
1787603587.002 [20:33:07.001658] {Default Queue} wl_touch#55.motion(18880540, 0, 1080.44531250, 579.44921875)
1787603587.002 [20:33:07.001676] {Default Queue} wl_touch#32.frame()
1787603587.002 [20:33:07.001689] {Default Queue} wl_touch#55.frame()
1787603587.012 [20:33:07.011823] {Default Queue} wl_touch#32.motion(18880550, 0, 1080.44531250, 573.45312500)
1787603587.012 [20:33:07.011901] {Default Queue} wl_touch#55.motion(18880550, 0, 1080.44531250, 573.45312500)
1787603587.012 [20:33:07.011919] {Default Queue} wl_touch#32.frame()
1787603587.012 [20:33:07.011932] {Default Queue} wl_touch#55.frame()
1787603587.022 [20:33:07.021814] {Default Queue} wl_touch#32.motion(18880560, 0, 1080.44531250, 567.45703125)
1787603587.022 [20:33:07.021928] {Default Queue} wl_touch#55.motion(18880560, 0, 1080.44531250, 567.45703125)
1787603587.022 [20:33:07.021948] {Default Queue} wl_touch#32.frame()
1787603587.022 [20:33:07.021961] {Default Queue} wl_touch#55.frame()
1787603587.032 [20:33:07.031800] {Default Queue} wl_touch#32.motion(18880570, 0, 1079.44531250, 562.46484375)
1787603587.032 [20:33:07.031879] {Default Queue} wl_touch#55.motion(18880570, 0, 1079.44531250, 562.46484375)
1787603587.032 [20:33:07.031896] {Default Queue} wl_touch#32.frame()
1787603587.032 [20:33:07.031909] {Default Queue} wl_touch#55.frame()
1787603587.042 [20:33:07.041588] {Default Queue} wl_touch#32.motion(18880580, 0, 1078.44531250, 558.46875000)
1787603587.042 [20:33:07.041647] {Default Queue} wl_touch#55.motion(18880580, 0, 1078.44531250, 558.46875000)
1787603587.042 [20:33:07.041662] {Default Queue} wl_touch#32.frame()
1787603587.042 [20:33:07.041673] {Default Queue} wl_touch#55.frame()
1787603587.052 [20:33:07.051824] {Default Queue} wl_touch#32.motion(18880590, 0, 1077.44531250, 555.46875000)
1787603587.052 [20:33:07.051905] {Default Queue} wl_touch#55.motion(18880590, 0, 1077.44531250, 555.46875000)
1787603587.052 [20:33:07.051924] {Default Queue} wl_touch#32.frame()
1787603587.052 [20:33:07.051938] {Default Queue} wl_touch#55.frame()
1787603587.062 [20:33:07.061665] {Default Queue} wl_touch#32.motion(18880600, 0, 1076.44921875, 552.47265625)
1787603587.062 [20:33:07.061749] {Default Queue} wl_touch#55.motion(18880600, 0, 1076.44921875, 552.47265625)
1787603587.062 [20:33:07.061790] {Default Queue} wl_touch#32.frame()
1787603587.062 [20:33:07.061803] {Default Queue} wl_touch#55.frame()
1787603587.071 [20:33:07.071116] {Default Queue} wl_touch#32.motion(18880609, 0, 1075.44921875, 552.47265625)
1787603587.071 [20:33:07.071219] {Default Queue} wl_touch#55.motion(18880609, 0, 1075.44921875, 552.47265625)
1787603587.071 [20:33:07.071256] {Default Queue} wl_touch#32.frame()
1787603587.071 [20:33:07.071281] {Default Queue} wl_touch#55.frame()
1787603587.123 [20:33:07.122529] {Default Queue} wl_touch#32.up(910, 18880661, 0)
1787603587.123 [20:33:07.122608] {Default Queue} wl_touch#55.up(910, 18880661, 0)
1787603587.123 [20:33:07.122625] {Default Queue} wl_touch#32.frame()
1787603587.123 [20:33:07.122636] {Default Queue} wl_touch#55.frame()
1787603588.751 [20:33:08.750741] {Default Queue} wl_touch#32.down(911, 18882287, wl_surface#67, 0, 1232.36718750, 441.57421875)
1787603588.751 [20:33:08.750857] {Default Queue} wl_touch#55.down(911, 18882287, wl_surface#67, 0, 1232.36718750, 441.57421875)
1787603588.751 [20:33:08.750882] {Default Queue} wl_touch#32.down(912, 18882287, wl_surface#67, 1, 931.52343750, 465.55468750)
1787603588.751 [20:33:08.750905] {Default Queue} wl_touch#55.down(912, 18882287, wl_surface#67, 1, 931.52343750, 465.55468750)
1787603588.751 [20:33:08.750919] {Default Queue} wl_touch#32.frame()
1787603588.751 [20:33:08.750929] {Default Queue} wl_touch#55.frame()
1787603588.758 [20:33:08.757727] {Default Queue} wl_touch#32.up(914, 18882296, 1)
1787603588.758 [20:33:08.757824] {Default Queue} wl_touch#55.up(914, 18882296, 1)
1787603588.758 [20:33:08.757844] {Default Queue} wl_touch#32.up(915, 18882296, 0)
1787603588.758 [20:33:08.757872] {Default Queue} wl_touch#55.up(915, 18882296, 0)
1787603588.758 [20:33:08.757884] {Default Queue} wl_touch#32.frame()
1787603588.758 [20:33:08.757895] {Default Queue} wl_touch#55.frame()
1787603591.430 [20:33:11.429918] {Default Queue} wl_touch#32.down(921, 18884965, wl_surface#67, 0, 1003.48437500, 585.44140625)
1787603591.430 [20:33:11.430042] {Default Queue} wl_touch#55.down(921, 18884965, wl_surface#67, 0, 1003.48437500, 585.44140625)
1787603591.430 [20:33:11.430064] {Default Queue} wl_touch#32.frame()
1787603591.430 [20:33:11.430080] {Default Queue} wl_touch#55.frame()
1787603591.481 [20:33:11.480906] {Default Queue} wl_touch#32.motion(18885019, 0, 1000.48828125, 598.42968750)
1787603591.481 [20:33:11.481041] {Default Queue} wl_touch#55.motion(18885019, 0, 1000.48828125, 598.42968750)
1787603591.481 [20:33:11.481105] {Default Queue} wl_touch#32.frame()
1787603591.481 [20:33:11.481121] {Default Queue} wl_touch#55.frame()
1787603591.491 [20:33:11.490798] {Default Queue} wl_touch#32.motion(18885029, 0, 1000.48828125, 599.42968750)
1787603591.491 [20:33:11.490872] {Default Queue} wl_touch#55.motion(18885029, 0, 1000.48828125, 599.42968750)
1787603591.491 [20:33:11.490889] {Default Queue} wl_touch#32.frame()
1787603591.491 [20:33:11.490901] {Default Queue} wl_touch#55.frame()
1787603591.501 [20:33:11.500868] {Default Queue} wl_touch#32.motion(18885039, 0, 1000.48828125, 600.42968750)
1787603591.501 [20:33:11.500948] {Default Queue} wl_touch#55.motion(18885039, 0, 1000.48828125, 600.42968750)
1787603591.501 [20:33:11.500965] {Default Queue} wl_touch#32.frame()
1787603591.501 [20:33:11.500978] {Default Queue} wl_touch#55.frame()
1787603591.511 [20:33:11.510866] {Default Queue} wl_touch#32.motion(18885049, 0, 999.48828125, 601.42578125)
1787603591.511 [20:33:11.510946] {Default Queue} wl_touch#55.motion(18885049, 0, 999.48828125, 601.42578125)
1787603591.511 [20:33:11.510962] {Default Queue} wl_touch#32.frame()
1787603591.511 [20:33:11.510975] {Default Queue} wl_touch#55.frame()
1787603591.521 [20:33:11.520531] {Default Queue} wl_touch#32.motion(18885059, 0, 999.48828125, 603.42578125)
1787603591.521 [20:33:11.520586] {Default Queue} wl_touch#55.motion(18885059, 0, 999.48828125, 603.42578125)
1787603591.521 [20:33:11.520595] {Default Queue} wl_touch#32.frame()
1787603591.521 [20:33:11.520603] {Default Queue} wl_touch#55.frame()
1787603591.531 [20:33:11.530409] {Default Queue} wl_touch#32.motion(18885069, 0, 998.48828125, 605.42187500)
1787603591.531 [20:33:11.530442] {Default Queue} wl_touch#55.motion(18885069, 0, 998.48828125, 605.42187500)
1787603591.531 [20:33:11.530450] {Default Queue} wl_touch#32.frame()
1787603591.531 [20:33:11.530455] {Default Queue} wl_touch#55.frame()
1787603591.541 [20:33:11.540774] {Default Queue} wl_touch#32.motion(18885079, 0, 997.48828125, 607.42187500)
1787603591.541 [20:33:11.540829] {Default Queue} wl_touch#55.motion(18885079, 0, 997.48828125, 607.42187500)
1787603591.541 [20:33:11.540841] {Default Queue} wl_touch#32.frame()
1787603591.541 [20:33:11.540849] {Default Queue} wl_touch#55.frame()
1787603591.551 [20:33:11.550905] {Default Queue} wl_touch#32.motion(18885089, 0, 995.48828125, 609.41796875)
1787603591.551 [20:33:11.550984] {Default Queue} wl_touch#55.motion(18885089, 0, 995.48828125, 609.41796875)
1787603591.551 [20:33:11.551001] {Default Queue} wl_touch#32.frame()
1787603591.551 [20:33:11.551013] {Default Queue} wl_touch#55.frame()
1787603591.561 [20:33:11.560804] {Default Queue} wl_touch#32.motion(18885099, 0, 994.48828125, 612.41796875)
1787603591.561 [20:33:11.560939] {Default Queue} wl_touch#55.motion(18885099, 0, 994.48828125, 612.41796875)
1787603591.561 [20:33:11.560976] {Default Queue} wl_touch#32.frame()
1787603591.561 [20:33:11.560999] {Default Queue} wl_touch#55.frame()
1787603591.571 [20:33:11.570735] {Default Queue} wl_touch#32.motion(18885108, 0, 992.49218750, 614.41406250)
1787603591.571 [20:33:11.570841] {Default Queue} wl_touch#55.motion(18885108, 0, 992.49218750, 614.41406250)
1787603591.571 [20:33:11.570862] {Default Queue} wl_touch#32.frame()
1787603591.571 [20:33:11.570880] {Default Queue} wl_touch#55.frame()
1787603591.580 [20:33:11.579720] {Default Queue} wl_touch#32.motion(18885118, 0, 990.49218750, 618.41015625)
1787603591.580 [20:33:11.579845] {Default Queue} wl_touch#55.motion(18885118, 0, 990.49218750, 618.41015625)
1787603591.580 [20:33:11.579872] {Default Queue} wl_touch#32.frame()
1787603591.580 [20:33:11.579908] {Default Queue} wl_touch#55.frame()
1787603591.590 [20:33:11.589674] {Default Queue} wl_touch#32.motion(18885128, 0, 987.49218750, 621.41015625)
1787603591.590 [20:33:11.589748] {Default Queue} wl_touch#55.motion(18885128, 0, 987.49218750, 621.41015625)
1787603591.590 [20:33:11.589794] {Default Queue} wl_touch#32.frame()
1787603591.590 [20:33:11.589819] {Default Queue} wl_touch#55.frame()
1787603591.600 [20:33:11.599885] {Default Queue} wl_touch#32.motion(18885138, 0, 985.49609375, 624.40625000)
1787603591.600 [20:33:11.599964] {Default Queue} wl_touch#55.motion(18885138, 0, 985.49609375, 624.40625000)
1787603591.600 [20:33:11.599981] {Default Queue} wl_touch#32.down(922, 18885138, wl_surface#67, 1, 1070.44921875, 436.57812500)
1787603591.600 [20:33:11.600012] {Default Queue} wl_touch#55.down(922, 18885138, wl_surface#67, 1, 1070.44921875, 436.57812500)
1787603591.600 [20:33:11.600027] {Default Queue} wl_touch#32.frame()
1787603591.600 [20:33:11.600038] {Default Queue} wl_touch#55.frame()
1787603591.610 [20:33:11.609693] {Default Queue} wl_touch#32.motion(18885148, 0, 982.49609375, 627.40234375)
1787603591.610 [20:33:11.609837] {Default Queue} wl_touch#55.motion(18885148, 0, 982.49609375, 627.40234375)
1787603591.610 [20:33:11.609861] {Default Queue} wl_touch#32.motion(18885148, 1, 1072.44921875, 433.58203125)
1787603591.610 [20:33:11.609903] {Default Queue} wl_touch#55.motion(18885148, 1, 1072.44921875, 433.58203125)
1787603591.610 [20:33:11.609915] {Default Queue} wl_touch#32.frame()
1787603591.610 [20:33:11.609926] {Default Queue} wl_touch#55.frame()
1787603591.621 [20:33:11.620874] {Default Queue} wl_touch#32.motion(18885158, 0, 978.50000000, 634.39843750)
1787603591.621 [20:33:11.620968] {Default Queue} wl_touch#55.motion(18885158, 0, 978.50000000, 634.39843750)
1787603591.621 [20:33:11.620992] {Default Queue} wl_touch#32.motion(18885158, 1, 1077.44531250, 425.58984375)
1787603591.621 [20:33:11.621021] {Default Queue} wl_touch#55.motion(18885158, 1, 1077.44531250, 425.58984375)
1787603591.621 [20:33:11.621052] {Default Queue} wl_touch#32.frame()
1787603591.621 [20:33:11.621075] {Default Queue} wl_touch#55.frame()
1787603591.629 [20:33:11.628747] {Default Queue} wl_touch#32.motion(18885167, 0, 973.50000000, 638.39453125)
1787603591.629 [20:33:11.628844] {Default Queue} wl_touch#55.motion(18885167, 0, 973.50000000, 638.39453125)
1787603591.629 [20:33:11.628861] {Default Queue} wl_touch#32.motion(18885167, 1, 1082.44531250, 419.59375000)
1787603591.629 [20:33:11.628901] {Default Queue} wl_touch#55.motion(18885167, 1, 1082.44531250, 419.59375000)
1787603591.629 [20:33:11.628914] {Default Queue} wl_touch#32.frame()
1787603591.629 [20:33:11.628926] {Default Queue} wl_touch#55.frame()
1787603591.639 [20:33:11.638559] {Default Queue} wl_touch#32.motion(18885177, 0, 968.50390625, 643.38671875)
1787603591.639 [20:33:11.638618] {Default Queue} wl_touch#55.motion(18885177, 0, 968.50390625, 643.38671875)
1787603591.639 [20:33:11.638635] {Default Queue} wl_touch#32.motion(18885177, 1, 1085.44140625, 412.60156250)
1787603591.639 [20:33:11.638655] {Default Queue} wl_touch#55.motion(18885177, 1, 1085.44140625, 412.60156250)
1787603591.639 [20:33:11.638669] {Default Queue} wl_touch#32.frame()
1787603591.639 [20:33:11.638681] {Default Queue} wl_touch#55.frame()
1787603591.649 [20:33:11.648852] {Default Queue} wl_touch#32.motion(18885187, 0, 963.50781250, 649.38281250)
1787603591.649 [20:33:11.648932] {Default Queue} wl_touch#55.motion(18885187, 0, 963.50781250, 649.38281250)
1787603591.649 [20:33:11.648950] {Default Queue} wl_touch#32.motion(18885187, 1, 1090.44140625, 404.60937500)
1787603591.649 [20:33:11.648971] {Default Queue} wl_touch#55.motion(18885187, 1, 1090.44140625, 404.60937500)
1787603591.649 [20:33:11.648984] {Default Queue} wl_touch#32.frame()
1787603591.649 [20:33:11.648995] {Default Queue} wl_touch#55.frame()
1787603591.659 [20:33:11.658736] {Default Queue} wl_touch#32.motion(18885197, 0, 958.50781250, 654.37890625)
1787603591.659 [20:33:11.658839] {Default Queue} wl_touch#55.motion(18885197, 0, 958.50781250, 654.37890625)
1787603591.659 [20:33:11.658863] {Default Queue} wl_touch#32.motion(18885197, 1, 1096.43750000, 395.61718750)
1787603591.659 [20:33:11.658883] {Default Queue} wl_touch#55.motion(18885197, 1, 1096.43750000, 395.61718750)
1787603591.659 [20:33:11.658895] {Default Queue} wl_touch#32.frame()
1787603591.659 [20:33:11.658907] {Default Queue} wl_touch#55.frame()
1787603591.668 [20:33:11.667964] {Default Queue} wl_touch#32.motion(18885206, 0, 954.51171875, 659.37500000)
1787603591.668 [20:33:11.668063] {Default Queue} wl_touch#55.motion(18885206, 0, 954.51171875, 659.37500000)
1787603591.668 [20:33:11.668081] {Default Queue} wl_touch#32.motion(18885206, 1, 1102.43359375, 387.62500000)
1787603591.668 [20:33:11.668102] {Default Queue} wl_touch#55.motion(18885206, 1, 1102.43359375, 387.62500000)
1787603591.668 [20:33:11.668115] {Default Queue} wl_touch#32.frame()
1787603591.668 [20:33:11.668128] {Default Queue} wl_touch#55.frame()
1787603591.677 [20:33:11.676811] {Default Queue} wl_touch#32.motion(18885215, 0, 950.51171875, 664.36718750)
1787603591.677 [20:33:11.676887] {Default Queue} wl_touch#55.motion(18885215, 0, 950.51171875, 664.36718750)
1787603591.677 [20:33:11.676903] {Default Queue} wl_touch#32.motion(18885215, 1, 1107.42968750, 380.63281250)
1787603591.677 [20:33:11.676924] {Default Queue} wl_touch#55.motion(18885215, 1, 1107.42968750, 380.63281250)
1787603591.677 [20:33:11.676936] {Default Queue} wl_touch#32.frame()
1787603591.677 [20:33:11.676947] {Default Queue} wl_touch#55.frame()
1787603591.687 [20:33:11.687118] {Default Queue} wl_touch#32.motion(18885224, 0, 947.51562500, 668.36718750)
1787603591.687 [20:33:11.687197] {Default Queue} wl_touch#55.motion(18885224, 0, 947.51562500, 668.36718750)
1787603591.687 [20:33:11.687224] {Default Queue} wl_touch#32.motion(18885224, 1, 1111.42968750, 375.63671875)
1787603591.687 [20:33:11.687258] {Default Queue} wl_touch#55.motion(18885224, 1, 1111.42968750, 375.63671875)
1787603591.687 [20:33:11.687282] {Default Queue} wl_touch#32.frame()
1787603591.687 [20:33:11.687298] {Default Queue} wl_touch#55.frame()
1787603591.695 [20:33:11.694830] {Default Queue} wl_touch#32.motion(18885233, 0, 943.51562500, 671.36328125)
1787603591.695 [20:33:11.694905] {Default Queue} wl_touch#55.motion(18885233, 0, 943.51562500, 671.36328125)
1787603591.695 [20:33:11.694922] {Default Queue} wl_touch#32.motion(18885233, 1, 1115.42578125, 370.64062500)
1787603591.695 [20:33:11.694942] {Default Queue} wl_touch#55.motion(18885233, 1, 1115.42578125, 370.64062500)
1787603591.695 [20:33:11.694954] {Default Queue} wl_touch#32.frame()
1787603591.695 [20:33:11.694965] {Default Queue} wl_touch#55.frame()
1787603591.705 [20:33:11.704344] {Default Queue} wl_touch#32.motion(18885242, 0, 941.51562500, 675.35937500)
1787603591.705 [20:33:11.704436] {Default Queue} wl_touch#55.motion(18885242, 0, 941.51562500, 675.35937500)
1787603591.705 [20:33:11.704484] {Default Queue} wl_touch#32.motion(18885242, 1, 1118.42578125, 365.64453125)
1787603591.705 [20:33:11.704522] {Default Queue} wl_touch#55.motion(18885242, 1, 1118.42578125, 365.64453125)
1787603591.705 [20:33:11.704539] {Default Queue} wl_touch#32.frame()
1787603591.705 [20:33:11.704556] {Default Queue} wl_touch#55.frame()
1787603591.714 [20:33:11.713601] {Default Queue} wl_touch#32.motion(18885252, 0, 939.51953125, 677.35546875)
1787603591.714 [20:33:11.713653] {Default Queue} wl_touch#55.motion(18885252, 0, 939.51953125, 677.35546875)
1787603591.714 [20:33:11.713664] {Default Queue} wl_touch#32.motion(18885252, 1, 1121.42578125, 360.64843750)
1787603591.714 [20:33:11.713677] {Default Queue} wl_touch#55.motion(18885252, 1, 1121.42578125, 360.64843750)
1787603591.714 [20:33:11.713687] {Default Queue} wl_touch#32.frame()
1787603591.714 [20:33:11.713695] {Default Queue} wl_touch#55.frame()
1787603591.723 [20:33:11.722439] {Default Queue} wl_touch#32.motion(18885261, 0, 936.51953125, 680.35546875)
1787603591.723 [20:33:11.722476] {Default Queue} wl_touch#55.motion(18885261, 0, 936.51953125, 680.35546875)
1787603591.723 [20:33:11.722482] {Default Queue} wl_touch#32.motion(18885261, 1, 1124.42187500, 356.65234375)
1787603591.723 [20:33:11.722490] {Default Queue} wl_touch#55.motion(18885261, 1, 1124.42187500, 356.65234375)
1787603591.723 [20:33:11.722495] {Default Queue} wl_touch#32.frame()
1787603591.723 [20:33:11.722500] {Default Queue} wl_touch#55.frame()
1787603591.732 [20:33:11.731443] {Default Queue} wl_touch#32.motion(18885270, 0, 934.51953125, 684.35156250)
1787603591.732 [20:33:11.731475] {Default Queue} wl_touch#55.motion(18885270, 0, 934.51953125, 684.35156250)
1787603591.732 [20:33:11.731480] {Default Queue} wl_touch#32.motion(18885270, 1, 1128.42187500, 351.66015625)
1787603591.732 [20:33:11.731487] {Default Queue} wl_touch#55.motion(18885270, 1, 1128.42187500, 351.66015625)
1787603591.732 [20:33:11.731491] {Default Queue} wl_touch#32.frame()
1787603591.732 [20:33:11.731496] {Default Queue} wl_touch#55.frame()
1787603591.740 [20:33:11.740301] {Default Queue} wl_touch#32.motion(18885279, 0, 931.52343750, 687.34765625)
1787603591.740 [20:33:11.740324] {Default Queue} wl_touch#55.motion(18885279, 0, 931.52343750, 687.34765625)
1787603591.740 [20:33:11.740329] {Default Queue} wl_touch#32.motion(18885279, 1, 1132.41796875, 346.66406250)
1787603591.740 [20:33:11.740335] {Default Queue} wl_touch#55.motion(18885279, 1, 1132.41796875, 346.66406250)
1787603591.740 [20:33:11.740339] {Default Queue} wl_touch#32.frame()
1787603591.740 [20:33:11.740343] {Default Queue} wl_touch#55.frame()
1787603591.750 [20:33:11.749394] {Default Queue} wl_touch#32.motion(18885288, 0, 929.52343750, 691.34375000)
1787603591.750 [20:33:11.749424] {Default Queue} wl_touch#55.motion(18885288, 0, 929.52343750, 691.34375000)
1787603591.750 [20:33:11.749429] {Default Queue} wl_touch#32.motion(18885288, 1, 1136.41796875, 341.66796875)
1787603591.750 [20:33:11.749437] {Default Queue} wl_touch#55.motion(18885288, 1, 1136.41796875, 341.66796875)
1787603591.750 [20:33:11.749441] {Default Queue} wl_touch#32.frame()
1787603591.750 [20:33:11.749445] {Default Queue} wl_touch#55.frame()
1787603591.759 [20:33:11.758600] {Default Queue} wl_touch#32.motion(18885297, 0, 926.52343750, 695.33984375)
1787603591.759 [20:33:11.758645] {Default Queue} wl_touch#55.motion(18885297, 0, 926.52343750, 695.33984375)
1787603591.759 [20:33:11.758651] {Default Queue} wl_touch#32.motion(18885297, 1, 1140.41406250, 336.67187500)
1787603591.759 [20:33:11.758659] {Default Queue} wl_touch#55.motion(18885297, 1, 1140.41406250, 336.67187500)
1787603591.759 [20:33:11.758662] {Default Queue} wl_touch#32.frame()
1787603591.759 [20:33:11.758667] {Default Queue} wl_touch#55.frame()
1787603591.768 [20:33:11.767541] {Default Queue} wl_touch#32.motion(18885306, 0, 924.52734375, 699.33593750)
1787603591.768 [20:33:11.767571] {Default Queue} wl_touch#55.motion(18885306, 0, 924.52734375, 699.33593750)
1787603591.768 [20:33:11.767576] {Default Queue} wl_touch#32.motion(18885306, 1, 1145.41015625, 331.67578125)
1787603591.768 [20:33:11.767583] {Default Queue} wl_touch#55.motion(18885306, 1, 1145.41015625, 331.67578125)
1787603591.768 [20:33:11.767587] {Default Queue} wl_touch#32.frame()
1787603591.768 [20:33:11.767591] {Default Queue} wl_touch#55.frame()
1787603591.776 [20:33:11.776339] {Default Queue} wl_touch#32.motion(18885315, 0, 922.52734375, 704.33203125)
1787603591.776 [20:33:11.776368] {Default Queue} wl_touch#55.motion(18885315, 0, 922.52734375, 704.33203125)
1787603591.776 [20:33:11.776373] {Default Queue} wl_touch#32.motion(18885315, 1, 1149.41015625, 327.67968750)
1787603591.776 [20:33:11.776380] {Default Queue} wl_touch#55.motion(18885315, 1, 1149.41015625, 327.67968750)
1787603591.777 [20:33:11.776384] {Default Queue} wl_touch#32.frame()
1787603591.777 [20:33:11.776388] {Default Queue} wl_touch#55.frame()
1787603591.787 [20:33:11.786629] {Default Queue} wl_touch#32.motion(18885325, 0, 918.53125000, 708.32812500)
1787603591.787 [20:33:11.786669] {Default Queue} wl_touch#55.motion(18885325, 0, 918.53125000, 708.32812500)
1787603591.787 [20:33:11.786676] {Default Queue} wl_touch#32.motion(18885325, 1, 1152.40625000, 322.68359375)
1787603591.787 [20:33:11.786685] {Default Queue} wl_touch#55.motion(18885325, 1, 1152.40625000, 322.68359375)
1787603591.787 [20:33:11.786690] {Default Queue} wl_touch#32.frame()
1787603591.787 [20:33:11.786696] {Default Queue} wl_touch#55.frame()
1787603591.796 [20:33:11.795427] {Default Queue} wl_touch#32.motion(18885334, 0, 915.53125000, 713.32421875)
1787603591.796 [20:33:11.795463] {Default Queue} wl_touch#55.motion(18885334, 0, 915.53125000, 713.32421875)
1787603591.796 [20:33:11.795470] {Default Queue} wl_touch#32.motion(18885334, 1, 1155.40625000, 318.68750000)
1787603591.796 [20:33:11.795479] {Default Queue} wl_touch#55.motion(18885334, 1, 1155.40625000, 318.68750000)
1787603591.796 [20:33:11.795484] {Default Queue} wl_touch#32.frame()
1787603591.796 [20:33:11.795490] {Default Queue} wl_touch#55.frame()
1787603591.805 [20:33:11.804472] {Default Queue} wl_touch#32.motion(18885343, 0, 913.53125000, 717.32031250)
1787603591.805 [20:33:11.804524] {Default Queue} wl_touch#55.motion(18885343, 0, 913.53125000, 717.32031250)
1787603591.805 [20:33:11.804536] {Default Queue} wl_touch#32.motion(18885343, 1, 1158.40625000, 315.69140625)
1787603591.805 [20:33:11.804551] {Default Queue} wl_touch#55.motion(18885343, 1, 1158.40625000, 315.69140625)
1787603591.805 [20:33:11.804560] {Default Queue} wl_touch#32.frame()
1787603591.805 [20:33:11.804569] {Default Queue} wl_touch#55.frame()
1787603591.814 [20:33:11.813684] {Default Queue} wl_touch#32.motion(18885352, 0, 910.53515625, 721.31640625)
1787603591.814 [20:33:11.813814] {Default Queue} wl_touch#55.motion(18885352, 0, 910.53515625, 721.31640625)
1787603591.814 [20:33:11.813832] {Default Queue} wl_touch#32.motion(18885352, 1, 1161.40234375, 311.69531250)
1787603591.814 [20:33:11.813854] {Default Queue} wl_touch#55.motion(18885352, 1, 1161.40234375, 311.69531250)
1787603591.814 [20:33:11.813884] {Default Queue} wl_touch#32.frame()
1787603591.814 [20:33:11.813895] {Default Queue} wl_touch#55.frame()
1787603591.823 [20:33:11.822750] {Default Queue} wl_touch#32.motion(18885361, 0, 908.53515625, 726.31250000)
1787603591.823 [20:33:11.822842] {Default Queue} wl_touch#55.motion(18885361, 0, 908.53515625, 726.31250000)
1787603591.823 [20:33:11.822859] {Default Queue} wl_touch#32.motion(18885361, 1, 1163.40234375, 309.69921875)
1787603591.823 [20:33:11.822885] {Default Queue} wl_touch#55.motion(18885361, 1, 1163.40234375, 309.69921875)
1787603591.823 [20:33:11.822898] {Default Queue} wl_touch#32.frame()
1787603591.823 [20:33:11.822910] {Default Queue} wl_touch#55.frame()
1787603591.832 [20:33:11.831738] {Default Queue} wl_touch#32.motion(18885370, 0, 905.53515625, 730.30859375)
1787603591.832 [20:33:11.831825] {Default Queue} wl_touch#55.motion(18885370, 0, 905.53515625, 730.30859375)
1787603591.832 [20:33:11.831842] {Default Queue} wl_touch#32.motion(18885370, 1, 1166.40234375, 307.69921875)
1787603591.832 [20:33:11.831862] {Default Queue} wl_touch#55.motion(18885370, 1, 1166.40234375, 307.69921875)
1787603591.832 [20:33:11.831874] {Default Queue} wl_touch#32.frame()
1787603591.832 [20:33:11.831885] {Default Queue} wl_touch#55.frame()
1787603591.841 [20:33:11.840726] {Default Queue} wl_touch#32.motion(18885379, 0, 902.53906250, 734.30468750)
1787603591.841 [20:33:11.840813] {Default Queue} wl_touch#55.motion(18885379, 0, 902.53906250, 734.30468750)
1787603591.841 [20:33:11.840831] {Default Queue} wl_touch#32.motion(18885379, 1, 1168.39843750, 304.70312500)
1787603591.841 [20:33:11.840851] {Default Queue} wl_touch#55.motion(18885379, 1, 1168.39843750, 304.70312500)
1787603591.841 [20:33:11.840863] {Default Queue} wl_touch#32.frame()
1787603591.841 [20:33:11.840909] {Default Queue} wl_touch#55.frame()
1787603591.850 [20:33:11.849869] {Default Queue} wl_touch#32.motion(18885388, 0, 899.53906250, 738.30078125)
1787603591.850 [20:33:11.849937] {Default Queue} wl_touch#55.motion(18885388, 0, 899.53906250, 738.30078125)
1787603591.850 [20:33:11.849953] {Default Queue} wl_touch#32.motion(18885388, 1, 1170.39843750, 302.70312500)
1787603591.850 [20:33:11.849973] {Default Queue} wl_touch#55.motion(18885388, 1, 1170.39843750, 302.70312500)
1787603591.850 [20:33:11.849985] {Default Queue} wl_touch#32.frame()
1787603591.850 [20:33:11.849996] {Default Queue} wl_touch#55.frame()
1787603591.860 [20:33:11.859723] {Default Queue} wl_touch#32.motion(18885398, 0, 896.53906250, 742.29687500)
1787603591.860 [20:33:11.859821] {Default Queue} wl_touch#55.motion(18885398, 0, 896.53906250, 742.29687500)
1787603591.860 [20:33:11.859839] {Default Queue} wl_touch#32.motion(18885398, 1, 1173.39843750, 299.70703125)
1787603591.860 [20:33:11.859859] {Default Queue} wl_touch#55.motion(18885398, 1, 1173.39843750, 299.70703125)
1787603591.860 [20:33:11.859871] {Default Queue} wl_touch#32.frame()
1787603591.860 [20:33:11.859885] {Default Queue} wl_touch#55.frame()
1787603591.871 [20:33:11.870674] {Default Queue} wl_touch#32.motion(18885407, 0, 893.54296875, 747.29296875)
1787603591.871 [20:33:11.870726] {Default Queue} wl_touch#55.motion(18885407, 0, 893.54296875, 747.29296875)
1787603591.871 [20:33:11.870740] {Default Queue} wl_touch#32.motion(18885407, 1, 1175.39453125, 297.70703125)
1787603591.871 [20:33:11.870777] {Default Queue} wl_touch#55.motion(18885407, 1, 1175.39453125, 297.70703125)
1787603591.871 [20:33:11.870789] {Default Queue} wl_touch#32.frame()
1787603591.871 [20:33:11.870799] {Default Queue} wl_touch#55.frame()
1787603591.878 [20:33:11.877827] {Default Queue} wl_touch#32.motion(18885416, 0, 890.54296875, 752.28906250)
1787603591.878 [20:33:11.877897] {Default Queue} wl_touch#55.motion(18885416, 0, 890.54296875, 752.28906250)
1787603591.878 [20:33:11.877914] {Default Queue} wl_touch#32.motion(18885416, 1, 1178.39453125, 294.71093750)
1787603591.878 [20:33:11.877935] {Default Queue} wl_touch#55.motion(18885416, 1, 1178.39453125, 294.71093750)
1787603591.878 [20:33:11.877947] {Default Queue} wl_touch#32.frame()
1787603591.878 [20:33:11.877957] {Default Queue} wl_touch#55.frame()
1787603591.888 [20:33:11.887379] {Default Queue} wl_touch#32.motion(18885425, 0, 887.54687500, 757.28125000)
1787603591.888 [20:33:11.887445] {Default Queue} wl_touch#55.motion(18885425, 0, 887.54687500, 757.28125000)
1787603591.888 [20:33:11.887473] {Default Queue} wl_touch#32.motion(18885425, 1, 1181.39453125, 290.71484375)
1787603591.888 [20:33:11.887512] {Default Queue} wl_touch#55.motion(18885425, 1, 1181.39453125, 290.71484375)
1787603591.888 [20:33:11.887529] {Default Queue} wl_touch#32.frame()
1787603591.888 [20:33:11.887545] {Default Queue} wl_touch#55.frame()
1787603591.896 [20:33:11.895695] {Default Queue} wl_touch#32.motion(18885434, 0, 883.54687500, 761.27734375)
1787603591.896 [20:33:11.895776] {Default Queue} wl_touch#55.motion(18885434, 0, 883.54687500, 761.27734375)
1787603591.896 [20:33:11.895793] {Default Queue} wl_touch#32.motion(18885434, 1, 1184.39062500, 287.71875000)
1787603591.896 [20:33:11.895812] {Default Queue} wl_touch#55.motion(18885434, 1, 1184.39062500, 287.71875000)
1787603591.896 [20:33:11.895823] {Default Queue} wl_touch#32.frame()
1787603591.896 [20:33:11.895834] {Default Queue} wl_touch#55.frame()
1787603591.905 [20:33:11.904802] {Default Queue} wl_touch#32.motion(18885443, 0, 880.55078125, 765.27734375)
1787603591.905 [20:33:11.904895] {Default Queue} wl_touch#55.motion(18885443, 0, 880.55078125, 765.27734375)
1787603591.905 [20:33:11.904913] {Default Queue} wl_touch#32.motion(18885443, 1, 1188.39062500, 285.71875000)
1787603591.905 [20:33:11.904936] {Default Queue} wl_touch#55.motion(18885443, 1, 1188.39062500, 285.71875000)
1787603591.905 [20:33:11.904949] {Default Queue} wl_touch#32.frame()
1787603591.905 [20:33:11.904960] {Default Queue} wl_touch#55.frame()
1787603591.914 [20:33:11.913914] {Default Queue} wl_touch#32.motion(18885452, 0, 878.55078125, 770.26953125)
1787603591.914 [20:33:11.913980] {Default Queue} wl_touch#55.motion(18885452, 0, 878.55078125, 770.26953125)
1787603591.914 [20:33:11.913997] {Default Queue} wl_touch#32.motion(18885452, 1, 1192.38671875, 282.72265625)
1787603591.914 [20:33:11.914016] {Default Queue} wl_touch#55.motion(18885452, 1, 1192.38671875, 282.72265625)
1787603591.914 [20:33:11.914027] {Default Queue} wl_touch#32.frame()
1787603591.914 [20:33:11.914039] {Default Queue} wl_touch#55.frame()
1787603591.923 [20:33:11.922731] {Default Queue} wl_touch#32.motion(18885461, 0, 875.55078125, 774.26562500)
1787603591.923 [20:33:11.922828] {Default Queue} wl_touch#55.motion(18885461, 0, 875.55078125, 774.26562500)
1787603591.923 [20:33:11.922865] {Default Queue} wl_touch#32.motion(18885461, 1, 1196.38671875, 280.72265625)
1787603591.923 [20:33:11.922887] {Default Queue} wl_touch#55.motion(18885461, 1, 1196.38671875, 280.72265625)
1787603591.923 [20:33:11.922898] {Default Queue} wl_touch#32.frame()
1787603591.923 [20:33:11.922909] {Default Queue} wl_touch#55.frame()
1787603591.933 [20:33:11.932809] {Default Queue} wl_touch#32.motion(18885471, 0, 873.55468750, 778.26171875)
1787603591.933 [20:33:11.932882] {Default Queue} wl_touch#55.motion(18885471, 0, 873.55468750, 778.26171875)
1787603591.933 [20:33:11.932898] {Default Queue} wl_touch#32.motion(18885471, 1, 1200.38281250, 278.72656250)
1787603591.933 [20:33:11.932917] {Default Queue} wl_touch#55.motion(18885471, 1, 1200.38281250, 278.72656250)
1787603591.933 [20:33:11.932928] {Default Queue} wl_touch#32.frame()
1787603591.933 [20:33:11.932940] {Default Queue} wl_touch#55.frame()
1787603591.942 [20:33:11.941706] {Default Queue} wl_touch#32.motion(18885480, 0, 870.55468750, 781.26171875)
1787603591.942 [20:33:11.941814] {Default Queue} wl_touch#55.motion(18885480, 0, 870.55468750, 781.26171875)
1787603591.942 [20:33:11.941836] {Default Queue} wl_touch#32.motion(18885480, 1, 1203.38281250, 276.72656250)
1787603591.942 [20:33:11.941859] {Default Queue} wl_touch#55.motion(18885480, 1, 1203.38281250, 276.72656250)
1787603591.942 [20:33:11.941872] {Default Queue} wl_touch#32.frame()
1787603591.942 [20:33:11.941885] {Default Queue} wl_touch#55.frame()
1787603591.951 [20:33:11.950895] {Default Queue} wl_touch#32.motion(18885489, 0, 869.55468750, 785.25781250)
1787603591.951 [20:33:11.950994] {Default Queue} wl_touch#55.motion(18885489, 0, 869.55468750, 785.25781250)
1787603591.951 [20:33:11.951012] {Default Queue} wl_touch#32.motion(18885489, 1, 1205.37890625, 275.73046875)
1787603591.951 [20:33:11.951032] {Default Queue} wl_touch#55.motion(18885489, 1, 1205.37890625, 275.73046875)
1787603591.951 [20:33:11.951047] {Default Queue} wl_touch#32.frame()
1787603591.951 [20:33:11.951059] {Default Queue} wl_touch#55.frame()
1787603591.960 [20:33:11.959738] {Default Queue} wl_touch#32.motion(18885498, 0, 867.55468750, 788.25390625)
1787603591.960 [20:33:11.959821] {Default Queue} wl_touch#55.motion(18885498, 0, 867.55468750, 788.25390625)
1787603591.960 [20:33:11.959838] {Default Queue} wl_touch#32.motion(18885498, 1, 1208.37890625, 274.73046875)
1787603591.960 [20:33:11.959876] {Default Queue} wl_touch#55.motion(18885498, 1, 1208.37890625, 274.73046875)
1787603591.960 [20:33:11.959888] {Default Queue} wl_touch#32.frame()
1787603591.960 [20:33:11.959899] {Default Queue} wl_touch#55.frame()
1787603591.971 [20:33:11.970472] {Default Queue} wl_touch#32.motion(18885507, 0, 866.55468750, 790.25390625)
1787603591.971 [20:33:11.970521] {Default Queue} wl_touch#55.motion(18885507, 0, 866.55468750, 790.25390625)
1787603591.971 [20:33:11.970535] {Default Queue} wl_touch#32.motion(18885507, 1, 1210.37890625, 274.73046875)
1787603591.971 [20:33:11.970554] {Default Queue} wl_touch#55.motion(18885507, 1, 1210.37890625, 274.73046875)
1787603591.971 [20:33:11.970566] {Default Queue} wl_touch#32.frame()
1787603591.971 [20:33:11.970576] {Default Queue} wl_touch#55.frame()
1787603591.978 [20:33:11.977799] {Default Queue} wl_touch#32.motion(18885516, 0, 865.55859375, 793.25000000)
1787603591.978 [20:33:11.977872] {Default Queue} wl_touch#55.motion(18885516, 0, 865.55859375, 793.25000000)
1787603591.978 [20:33:11.977890] {Default Queue} wl_touch#32.motion(18885516, 1, 1212.37500000, 274.73046875)
1787603591.978 [20:33:11.977909] {Default Queue} wl_touch#55.motion(18885516, 1, 1212.37500000, 274.73046875)
1787603591.978 [20:33:11.977921] {Default Queue} wl_touch#32.frame()
1787603591.978 [20:33:11.977933] {Default Queue} wl_touch#55.frame()
1787603591.987 [20:33:11.987124] {Default Queue} wl_touch#32.motion(18885525, 0, 864.55859375, 795.24609375)
1787603591.987 [20:33:11.987184] {Default Queue} wl_touch#55.motion(18885525, 0, 864.55859375, 795.24609375)
1787603591.987 [20:33:11.987199] {Default Queue} wl_touch#32.motion(18885525, 1, 1213.37500000, 274.73046875)
1787603591.987 [20:33:11.987240] {Default Queue} wl_touch#55.motion(18885525, 1, 1213.37500000, 274.73046875)
1787603591.987 [20:33:11.987268] {Default Queue} wl_touch#32.frame()
1787603591.987 [20:33:11.987280] {Default Queue} wl_touch#55.frame()
1787603591.996 [20:33:11.995850] {Default Queue} wl_touch#32.motion(18885534, 0, 862.55859375, 798.24609375)
1787603591.996 [20:33:11.995921] {Default Queue} wl_touch#55.motion(18885534, 0, 862.55859375, 798.24609375)
1787603591.996 [20:33:11.995936] {Default Queue} wl_touch#32.motion(18885534, 1, 1214.37500000, 274.73046875)
1787603591.996 [20:33:11.995957] {Default Queue} wl_touch#55.motion(18885534, 1, 1214.37500000, 274.73046875)
1787603591.996 [20:33:11.995968] {Default Queue} wl_touch#32.frame()
1787603591.996 [20:33:11.995980] {Default Queue} wl_touch#55.frame()
1787603592.006 [20:33:12.005682] {Default Queue} wl_touch#32.motion(18885544, 0, 861.55859375, 800.24218750)
1787603592.006 [20:33:12.005786] {Default Queue} wl_touch#55.motion(18885544, 0, 861.55859375, 800.24218750)
1787603592.006 [20:33:12.005805] {Default Queue} wl_touch#32.motion(18885544, 1, 1216.37500000, 274.73046875)
1787603592.006 [20:33:12.005849] {Default Queue} wl_touch#55.motion(18885544, 1, 1216.37500000, 274.73046875)
1787603592.006 [20:33:12.005881] {Default Queue} wl_touch#32.frame()
1787603592.006 [20:33:12.005897] {Default Queue} wl_touch#55.frame()
1787603592.015 [20:33:12.014797] {Default Queue} wl_touch#32.motion(18885553, 0, 860.55859375, 802.24218750)
1787603592.015 [20:33:12.014871] {Default Queue} wl_touch#55.motion(18885553, 0, 860.55859375, 802.24218750)
1787603592.015 [20:33:12.014887] {Default Queue} wl_touch#32.motion(18885553, 1, 1218.37500000, 274.73046875)
1787603592.015 [20:33:12.014908] {Default Queue} wl_touch#55.motion(18885553, 1, 1218.37500000, 274.73046875)
1787603592.015 [20:33:12.014921] {Default Queue} wl_touch#32.frame()
1787603592.015 [20:33:12.014933] {Default Queue} wl_touch#55.frame()
1787603592.024 [20:33:12.023835] {Default Queue} wl_touch#32.motion(18885562, 0, 858.56250000, 804.23828125)
1787603592.024 [20:33:12.023911] {Default Queue} wl_touch#55.motion(18885562, 0, 858.56250000, 804.23828125)
1787603592.024 [20:33:12.023929] {Default Queue} wl_touch#32.motion(18885562, 1, 1219.37109375, 274.73046875)
1787603592.024 [20:33:12.023949] {Default Queue} wl_touch#55.motion(18885562, 1, 1219.37109375, 274.73046875)
1787603592.024 [20:33:12.023966] {Default Queue} wl_touch#32.frame()
1787603592.024 [20:33:12.023979] {Default Queue} wl_touch#55.frame()
1787603592.033 [20:33:12.032774] {Default Queue} wl_touch#32.motion(18885571, 0, 858.56250000, 806.23828125)
1787603592.033 [20:33:12.032847] {Default Queue} wl_touch#55.motion(18885571, 0, 858.56250000, 806.23828125)
1787603592.033 [20:33:12.032863] {Default Queue} wl_touch#32.motion(18885571, 1, 1220.37109375, 274.73046875)
1787603592.033 [20:33:12.032885] {Default Queue} wl_touch#55.motion(18885571, 1, 1220.37109375, 274.73046875)
1787603592.033 [20:33:12.032897] {Default Queue} wl_touch#32.frame()
1787603592.033 [20:33:12.032908] {Default Queue} wl_touch#55.frame()
1787603592.042 [20:33:12.041669] {Default Queue} wl_touch#32.motion(18885580, 0, 857.56250000, 808.23437500)
1787603592.042 [20:33:12.041739] {Default Queue} wl_touch#55.motion(18885580, 0, 857.56250000, 808.23437500)
1787603592.042 [20:33:12.041755] {Default Queue} wl_touch#32.motion(18885580, 1, 1221.37109375, 274.73046875)
1787603592.042 [20:33:12.041814] {Default Queue} wl_touch#55.motion(18885580, 1, 1221.37109375, 274.73046875)
1787603592.042 [20:33:12.041827] {Default Queue} wl_touch#32.frame()
1787603592.042 [20:33:12.041838] {Default Queue} wl_touch#55.frame()
1787603592.051 [20:33:12.050744] {Default Queue} wl_touch#32.motion(18885589, 0, 856.56250000, 810.23437500)
1787603592.051 [20:33:12.050840] {Default Queue} wl_touch#55.motion(18885589, 0, 856.56250000, 810.23437500)
1787603592.051 [20:33:12.050856] {Default Queue} wl_touch#32.motion(18885589, 1, 1222.37109375, 273.73046875)
1787603592.051 [20:33:12.050880] {Default Queue} wl_touch#55.motion(18885589, 1, 1222.37109375, 273.73046875)
1787603592.051 [20:33:12.050892] {Default Queue} wl_touch#32.frame()
1787603592.051 [20:33:12.050903] {Default Queue} wl_touch#55.frame()
1787603592.060 [20:33:12.059701] {Default Queue} wl_touch#32.motion(18885598, 0, 855.56250000, 810.23437500)
1787603592.060 [20:33:12.059785] {Default Queue} wl_touch#55.motion(18885598, 0, 855.56250000, 810.23437500)
1787603592.060 [20:33:12.059801] {Default Queue} wl_touch#32.frame()
1787603592.060 [20:33:12.059813] {Default Queue} wl_touch#55.frame()
1787603592.071 [20:33:12.070595] {Default Queue} wl_touch#32.motion(18885607, 0, 854.56250000, 811.23437500)
1787603592.071 [20:33:12.070646] {Default Queue} wl_touch#55.motion(18885607, 0, 854.56250000, 811.23437500)
1787603592.071 [20:33:12.070661] {Default Queue} wl_touch#32.motion(18885607, 1, 1223.37109375, 273.73046875)
1787603592.071 [20:33:12.070679] {Default Queue} wl_touch#55.motion(18885607, 1, 1223.37109375, 273.73046875)
1787603592.071 [20:33:12.070691] {Default Queue} wl_touch#32.frame()
1787603592.071 [20:33:12.070701] {Default Queue} wl_touch#55.frame()
1787603592.079 [20:33:12.078923] {Default Queue} wl_touch#32.motion(18885617, 0, 853.56250000, 812.23046875)
1787603592.079 [20:33:12.079002] {Default Queue} wl_touch#55.motion(18885617, 0, 853.56250000, 812.23046875)
1787603592.079 [20:33:12.079038] {Default Queue} wl_touch#32.motion(18885617, 1, 1224.37109375, 273.73046875)
1787603592.079 [20:33:12.079060] {Default Queue} wl_touch#55.motion(18885617, 1, 1224.37109375, 273.73046875)
1787603592.079 [20:33:12.079072] {Default Queue} wl_touch#32.frame()
1787603592.079 [20:33:12.079084] {Default Queue} wl_touch#55.frame()
1787603592.088 [20:33:12.087659] {Default Queue} wl_touch#32.motion(18885626, 0, 853.56250000, 813.23046875)
1787603592.088 [20:33:12.087726] {Default Queue} wl_touch#55.motion(18885626, 0, 853.56250000, 813.23046875)
1787603592.088 [20:33:12.087751] {Default Queue} wl_touch#32.frame()
1787603592.088 [20:33:12.087795] {Default Queue} wl_touch#55.frame()
1787603592.097 [20:33:12.096811] {Default Queue} wl_touch#32.motion(18885635, 0, 853.56250000, 814.23046875)
1787603592.097 [20:33:12.096888] {Default Queue} wl_touch#55.motion(18885635, 0, 853.56250000, 814.23046875)
1787603592.097 [20:33:12.096904] {Default Queue} wl_touch#32.frame()
1787603592.097 [20:33:12.096916] {Default Queue} wl_touch#55.frame()
1787603592.106 [20:33:12.105700] {Default Queue} wl_touch#32.motion(18885644, 1, 1224.37109375, 274.73046875)
1787603592.106 [20:33:12.105801] {Default Queue} wl_touch#55.motion(18885644, 1, 1224.37109375, 274.73046875)
1787603592.106 [20:33:12.105822] {Default Queue} wl_touch#32.frame()
1787603592.106 [20:33:12.105834] {Default Queue} wl_touch#55.frame()
1787603592.124 [20:33:12.123711] {Default Queue} wl_touch#32.motion(18885662, 1, 1224.37109375, 277.72656250)
1787603592.124 [20:33:12.123848] {Default Queue} wl_touch#55.motion(18885662, 1, 1224.37109375, 277.72656250)
1787603592.124 [20:33:12.123888] {Default Queue} wl_touch#32.frame()
1787603592.124 [20:33:12.123901] {Default Queue} wl_touch#55.frame()
1787603592.133 [20:33:12.132672] {Default Queue} wl_touch#32.motion(18885671, 0, 855.56250000, 812.23046875)
1787603592.133 [20:33:12.132744] {Default Queue} wl_touch#55.motion(18885671, 0, 855.56250000, 812.23046875)
1787603592.133 [20:33:12.132786] {Default Queue} wl_touch#32.motion(18885671, 1, 1223.37109375, 279.72656250)
1787603592.133 [20:33:12.132811] {Default Queue} wl_touch#55.motion(18885671, 1, 1223.37109375, 279.72656250)
1787603592.133 [20:33:12.132823] {Default Queue} wl_touch#32.frame()
1787603592.133 [20:33:12.132834] {Default Queue} wl_touch#55.frame()
1787603592.142 [20:33:12.141679] {Default Queue} wl_touch#32.motion(18885680, 0, 858.56250000, 810.23437500)
1787603592.142 [20:33:12.141749] {Default Queue} wl_touch#55.motion(18885680, 0, 858.56250000, 810.23437500)
1787603592.142 [20:33:12.141784] {Default Queue} wl_touch#32.motion(18885680, 1, 1221.37109375, 282.72265625)
1787603592.142 [20:33:12.141806] {Default Queue} wl_touch#55.motion(18885680, 1, 1221.37109375, 282.72265625)
1787603592.142 [20:33:12.141818] {Default Queue} wl_touch#32.frame()
1787603592.142 [20:33:12.141829] {Default Queue} wl_touch#55.frame()
1787603592.151 [20:33:12.150756] {Default Queue} wl_touch#32.motion(18885689, 0, 862.55859375, 806.23828125)
1787603592.151 [20:33:12.150864] {Default Queue} wl_touch#55.motion(18885689, 0, 862.55859375, 806.23828125)
1787603592.151 [20:33:12.150882] {Default Queue} wl_touch#32.motion(18885689, 1, 1218.37500000, 287.71875000)
1787603592.151 [20:33:12.150922] {Default Queue} wl_touch#55.motion(18885689, 1, 1218.37500000, 287.71875000)
1787603592.151 [20:33:12.150935] {Default Queue} wl_touch#32.frame()
1787603592.151 [20:33:12.150946] {Default Queue} wl_touch#55.frame()
1787603592.161 [20:33:12.160792] {Default Queue} wl_touch#32.motion(18885699, 0, 866.55468750, 802.24218750)
1787603592.161 [20:33:12.160888] {Default Queue} wl_touch#55.motion(18885699, 0, 866.55468750, 802.24218750)
1787603592.161 [20:33:12.160905] {Default Queue} wl_touch#32.motion(18885699, 1, 1215.37500000, 292.71484375)
1787603592.161 [20:33:12.160926] {Default Queue} wl_touch#55.motion(18885699, 1, 1215.37500000, 292.71484375)
1787603592.161 [20:33:12.160953] {Default Queue} wl_touch#32.frame()
1787603592.161 [20:33:12.160967] {Default Queue} wl_touch#55.frame()
1787603592.171 [20:33:12.170642] {Default Queue} wl_touch#32.motion(18885708, 0, 870.55468750, 798.24609375)
1787603592.171 [20:33:12.170703] {Default Queue} wl_touch#55.motion(18885708, 0, 870.55468750, 798.24609375)
1787603592.171 [20:33:12.170729] {Default Queue} wl_touch#32.motion(18885708, 1, 1210.37890625, 297.70703125)
1787603592.171 [20:33:12.170790] {Default Queue} wl_touch#55.motion(18885708, 1, 1210.37890625, 297.70703125)
1787603592.171 [20:33:12.170814] {Default Queue} wl_touch#32.frame()
1787603592.171 [20:33:12.170831] {Default Queue} wl_touch#55.frame()
1787603592.179 [20:33:12.178849] {Default Queue} wl_touch#32.motion(18885717, 0, 875.55078125, 794.25000000)
1787603592.179 [20:33:12.178912] {Default Queue} wl_touch#55.motion(18885717, 0, 875.55078125, 794.25000000)
1787603592.179 [20:33:12.178947] {Default Queue} wl_touch#32.motion(18885717, 1, 1205.37890625, 303.70312500)
1787603592.179 [20:33:12.178969] {Default Queue} wl_touch#55.motion(18885717, 1, 1205.37890625, 303.70312500)
1787603592.179 [20:33:12.178982] {Default Queue} wl_touch#32.frame()
1787603592.179 [20:33:12.178994] {Default Queue} wl_touch#55.frame()
1787603592.188 [20:33:12.187673] {Default Queue} wl_touch#32.motion(18885726, 0, 879.55078125, 791.25000000)
1787603592.188 [20:33:12.187738] {Default Queue} wl_touch#55.motion(18885726, 0, 879.55078125, 791.25000000)
1787603592.188 [20:33:12.187779] {Default Queue} wl_touch#32.motion(18885726, 1, 1201.38281250, 308.69921875)
1787603592.188 [20:33:12.187829] {Default Queue} wl_touch#55.motion(18885726, 1, 1201.38281250, 308.69921875)
1787603592.188 [20:33:12.187850] {Default Queue} wl_touch#32.frame()
1787603592.188 [20:33:12.187866] {Default Queue} wl_touch#55.frame()
1787603592.197 [20:33:12.196806] {Default Queue} wl_touch#32.motion(18885735, 0, 883.54687500, 788.25390625)
1787603592.197 [20:33:12.196895] {Default Queue} wl_touch#55.motion(18885735, 0, 883.54687500, 788.25390625)
1787603592.197 [20:33:12.196911] {Default Queue} wl_touch#32.motion(18885735, 1, 1197.38281250, 314.69140625)
1787603592.197 [20:33:12.196931] {Default Queue} wl_touch#55.motion(18885735, 1, 1197.38281250, 314.69140625)
1787603592.197 [20:33:12.196942] {Default Queue} wl_touch#32.frame()
1787603592.197 [20:33:12.196953] {Default Queue} wl_touch#55.frame()
1787603592.206 [20:33:12.205665] {Default Queue} wl_touch#32.motion(18885744, 0, 886.54687500, 785.25781250)
1787603592.206 [20:33:12.205738] {Default Queue} wl_touch#55.motion(18885744, 0, 886.54687500, 785.25781250)
1787603592.206 [20:33:12.205756] {Default Queue} wl_touch#32.motion(18885744, 1, 1194.38671875, 319.68750000)
1787603592.206 [20:33:12.205812] {Default Queue} wl_touch#55.motion(18885744, 1, 1194.38671875, 319.68750000)
1787603592.206 [20:33:12.205827] {Default Queue} wl_touch#32.frame()
1787603592.206 [20:33:12.205839] {Default Queue} wl_touch#55.frame()
1787603592.215 [20:33:12.214689] {Default Queue} wl_touch#32.motion(18885753, 0, 889.54296875, 781.26171875)
1787603592.215 [20:33:12.214800] {Default Queue} wl_touch#55.motion(18885753, 0, 889.54296875, 781.26171875)
1787603592.215 [20:33:12.214818] {Default Queue} wl_touch#32.motion(18885753, 1, 1191.38671875, 325.68359375)
1787603592.215 [20:33:12.214840] {Default Queue} wl_touch#55.motion(18885753, 1, 1191.38671875, 325.68359375)
1787603592.215 [20:33:12.214852] {Default Queue} wl_touch#32.frame()
1787603592.215 [20:33:12.214864] {Default Queue} wl_touch#55.frame()
1787603592.224 [20:33:12.223781] {Default Queue} wl_touch#32.motion(18885762, 0, 894.54296875, 777.26562500)
1787603592.224 [20:33:12.223856] {Default Queue} wl_touch#55.motion(18885762, 0, 894.54296875, 777.26562500)
1787603592.224 [20:33:12.223873] {Default Queue} wl_touch#32.motion(18885762, 1, 1187.39062500, 331.67578125)
1787603592.224 [20:33:12.223906] {Default Queue} wl_touch#55.motion(18885762, 1, 1187.39062500, 331.67578125)
1787603592.224 [20:33:12.223933] {Default Queue} wl_touch#32.frame()
1787603592.224 [20:33:12.223947] {Default Queue} wl_touch#55.frame()
1787603592.234 [20:33:12.233749] {Default Queue} wl_touch#32.motion(18885772, 0, 899.53906250, 773.26953125)
1787603592.234 [20:33:12.233839] {Default Queue} wl_touch#55.motion(18885772, 0, 899.53906250, 773.26953125)
1787603592.234 [20:33:12.233855] {Default Queue} wl_touch#32.motion(18885772, 1, 1182.39062500, 339.66796875)
1787603592.234 [20:33:12.233875] {Default Queue} wl_touch#55.motion(18885772, 1, 1182.39062500, 339.66796875)
1787603592.234 [20:33:12.233887] {Default Queue} wl_touch#32.frame()
1787603592.234 [20:33:12.233899] {Default Queue} wl_touch#55.frame()
1787603592.243 [20:33:12.242822] {Default Queue} wl_touch#32.motion(18885781, 0, 904.53515625, 769.27343750)
1787603592.243 [20:33:12.242923] {Default Queue} wl_touch#55.motion(18885781, 0, 904.53515625, 769.27343750)
1787603592.243 [20:33:12.242955] {Default Queue} wl_touch#32.motion(18885781, 1, 1176.39453125, 346.66406250)
1787603592.243 [20:33:12.243002] {Default Queue} wl_touch#55.motion(18885781, 1, 1176.39453125, 346.66406250)
1787603592.243 [20:33:12.243018] {Default Queue} wl_touch#32.frame()
1787603592.243 [20:33:12.243033] {Default Queue} wl_touch#55.frame()
1787603592.252 [20:33:12.251851] {Default Queue} wl_touch#32.motion(18885790, 0, 909.53515625, 766.27343750)
1787603592.252 [20:33:12.251949] {Default Queue} wl_touch#55.motion(18885790, 0, 909.53515625, 766.27343750)
1787603592.252 [20:33:12.251966] {Default Queue} wl_touch#32.motion(18885790, 1, 1170.39843750, 354.65625000)
1787603592.252 [20:33:12.251986] {Default Queue} wl_touch#55.motion(18885790, 1, 1170.39843750, 354.65625000)
1787603592.252 [20:33:12.251998] {Default Queue} wl_touch#32.frame()
1787603592.252 [20:33:12.252009] {Default Queue} wl_touch#55.frame()
1787603592.261 [20:33:12.260925] {Default Queue} wl_touch#32.motion(18885799, 0, 913.53125000, 763.27734375)
1787603592.261 [20:33:12.260993] {Default Queue} wl_touch#55.motion(18885799, 0, 913.53125000, 763.27734375)
1787603592.261 [20:33:12.261010] {Default Queue} wl_touch#32.motion(18885799, 1, 1165.40234375, 361.64843750)
1787603592.261 [20:33:12.261031] {Default Queue} wl_touch#55.motion(18885799, 1, 1165.40234375, 361.64843750)
1787603592.261 [20:33:12.261043] {Default Queue} wl_touch#32.frame()
1787603592.261 [20:33:12.261056] {Default Queue} wl_touch#55.frame()
1787603592.271 [20:33:12.270627] {Default Queue} wl_touch#32.motion(18885808, 0, 916.53125000, 760.28125000)
1787603592.271 [20:33:12.270681] {Default Queue} wl_touch#55.motion(18885808, 0, 916.53125000, 760.28125000)
1787603592.271 [20:33:12.270695] {Default Queue} wl_touch#32.motion(18885808, 1, 1160.40234375, 368.64453125)
1787603592.271 [20:33:12.270716] {Default Queue} wl_touch#55.motion(18885808, 1, 1160.40234375, 368.64453125)
1787603592.271 [20:33:12.270730] {Default Queue} wl_touch#32.frame()
1787603592.271 [20:33:12.270752] {Default Queue} wl_touch#55.frame()
1787603592.279 [20:33:12.278813] {Default Queue} wl_touch#32.motion(18885817, 0, 919.52734375, 757.28125000)
1787603592.279 [20:33:12.278898] {Default Queue} wl_touch#55.motion(18885817, 0, 919.52734375, 757.28125000)
1787603592.279 [20:33:12.278929] {Default Queue} wl_touch#32.motion(18885817, 1, 1155.40625000, 375.63671875)
1787603592.279 [20:33:12.278966] {Default Queue} wl_touch#55.motion(18885817, 1, 1155.40625000, 375.63671875)
1787603592.279 [20:33:12.278999] {Default Queue} wl_touch#32.frame()
1787603592.279 [20:33:12.279016] {Default Queue} wl_touch#55.frame()
1787603592.288 [20:33:12.287820] {Default Queue} wl_touch#32.motion(18885826, 0, 922.52734375, 754.28515625)
1787603592.288 [20:33:12.287897] {Default Queue} wl_touch#55.motion(18885826, 0, 922.52734375, 754.28515625)
1787603592.288 [20:33:12.287913] {Default Queue} wl_touch#32.motion(18885826, 1, 1150.41015625, 380.63281250)
1787603592.288 [20:33:12.287935] {Default Queue} wl_touch#55.motion(18885826, 1, 1150.41015625, 380.63281250)
1787603592.288 [20:33:12.287961] {Default Queue} wl_touch#32.frame()
1787603592.288 [20:33:12.287975] {Default Queue} wl_touch#55.frame()
1787603592.297 [20:33:12.296715] {Default Queue} wl_touch#32.motion(18885835, 0, 926.52343750, 752.28906250)
1787603592.297 [20:33:12.296798] {Default Queue} wl_touch#55.motion(18885835, 0, 926.52343750, 752.28906250)
1787603592.297 [20:33:12.296814] {Default Queue} wl_touch#32.motion(18885835, 1, 1146.41015625, 387.62500000)
1787603592.297 [20:33:12.296833] {Default Queue} wl_touch#55.motion(18885835, 1, 1146.41015625, 387.62500000)
1787603592.297 [20:33:12.296845] {Default Queue} wl_touch#32.frame()
1787603592.297 [20:33:12.296856] {Default Queue} wl_touch#55.frame()
1787603592.307 [20:33:12.306741] {Default Queue} wl_touch#32.motion(18885845, 0, 929.52343750, 749.28906250)
1787603592.307 [20:33:12.306839] {Default Queue} wl_touch#55.motion(18885845, 0, 929.52343750, 749.28906250)
1787603592.307 [20:33:12.306857] {Default Queue} wl_touch#32.motion(18885845, 1, 1141.41406250, 393.62109375)
1787603592.307 [20:33:12.306878] {Default Queue} wl_touch#55.motion(18885845, 1, 1141.41406250, 393.62109375)
1787603592.307 [20:33:12.306893] {Default Queue} wl_touch#32.frame()
1787603592.307 [20:33:12.306906] {Default Queue} wl_touch#55.frame()
1787603592.316 [20:33:12.315688] {Default Queue} wl_touch#32.motion(18885854, 0, 932.52343750, 747.29296875)
1787603592.316 [20:33:12.315856] {Default Queue} wl_touch#55.motion(18885854, 0, 932.52343750, 747.29296875)
1787603592.316 [20:33:12.315882] {Default Queue} wl_touch#32.motion(18885854, 1, 1136.41796875, 399.61328125)
1787603592.316 [20:33:12.315913] {Default Queue} wl_touch#55.motion(18885854, 1, 1136.41796875, 399.61328125)
1787603592.316 [20:33:12.315927] {Default Queue} wl_touch#32.frame()
1787603592.316 [20:33:12.315940] {Default Queue} wl_touch#55.frame()
1787603592.325 [20:33:12.324847] {Default Queue} wl_touch#32.motion(18885863, 0, 935.51953125, 744.29687500)
1787603592.325 [20:33:12.324948] {Default Queue} wl_touch#55.motion(18885863, 0, 935.51953125, 744.29687500)
1787603592.325 [20:33:12.324965] {Default Queue} wl_touch#32.motion(18885863, 1, 1132.41796875, 405.60937500)
1787603592.325 [20:33:12.324988] {Default Queue} wl_touch#55.motion(18885863, 1, 1132.41796875, 405.60937500)
1787603592.325 [20:33:12.325002] {Default Queue} wl_touch#32.frame()
1787603592.325 [20:33:12.325023] {Default Queue} wl_touch#55.frame()
1787603592.334 [20:33:12.333811] {Default Queue} wl_touch#32.motion(18885872, 0, 938.51953125, 742.29687500)
1787603592.334 [20:33:12.333891] {Default Queue} wl_touch#55.motion(18885872, 0, 938.51953125, 742.29687500)
1787603592.334 [20:33:12.333924] {Default Queue} wl_touch#32.motion(18885872, 1, 1128.42187500, 411.60156250)
1787603592.334 [20:33:12.333945] {Default Queue} wl_touch#55.motion(18885872, 1, 1128.42187500, 411.60156250)
1787603592.334 [20:33:12.333957] {Default Queue} wl_touch#32.frame()
1787603592.334 [20:33:12.333967] {Default Queue} wl_touch#55.frame()
1787603592.344 [20:33:12.342823] {Default Queue} wl_touch#32.motion(18885881, 0, 940.51953125, 740.29687500)
1787603592.344 [20:33:12.342955] {Default Queue} wl_touch#55.motion(18885881, 0, 940.51953125, 740.29687500)
1787603592.344 [20:33:12.342994] {Default Queue} wl_touch#32.motion(18885881, 1, 1124.42187500, 417.59765625)
1787603592.344 [20:33:12.343050] {Default Queue} wl_touch#55.motion(18885881, 1, 1124.42187500, 417.59765625)
1787603592.344 [20:33:12.343082] {Default Queue} wl_touch#32.frame()
1787603592.344 [20:33:12.343106] {Default Queue} wl_touch#55.frame()
1787603592.352 [20:33:12.351839] {Default Queue} wl_touch#32.motion(18885890, 0, 942.51562500, 738.30078125)
1787603592.352 [20:33:12.351913] {Default Queue} wl_touch#55.motion(18885890, 0, 942.51562500, 738.30078125)
1787603592.352 [20:33:12.351929] {Default Queue} wl_touch#32.motion(18885890, 1, 1120.42578125, 423.59375000)
1787603592.352 [20:33:12.351950] {Default Queue} wl_touch#55.motion(18885890, 1, 1120.42578125, 423.59375000)
1787603592.352 [20:33:12.351962] {Default Queue} wl_touch#32.frame()
1787603592.352 [20:33:12.351973] {Default Queue} wl_touch#55.frame()
1787603592.361 [20:33:12.360826] {Default Queue} wl_touch#32.motion(18885899, 0, 943.51562500, 736.30078125)
1787603592.361 [20:33:12.360926] {Default Queue} wl_touch#55.motion(18885899, 0, 943.51562500, 736.30078125)
1787603592.361 [20:33:12.360981] {Default Queue} wl_touch#32.motion(18885899, 1, 1116.42578125, 429.58593750)
1787603592.361 [20:33:12.361025] {Default Queue} wl_touch#55.motion(18885899, 1, 1116.42578125, 429.58593750)
1787603592.361 [20:33:12.361050] {Default Queue} wl_touch#32.frame()
1787603592.361 [20:33:12.361069] {Default Queue} wl_touch#55.frame()
1787603592.371 [20:33:12.370604] {Default Queue} wl_touch#32.motion(18885908, 0, 945.51562500, 733.30468750)
1787603592.371 [20:33:12.370675] {Default Queue} wl_touch#55.motion(18885908, 0, 945.51562500, 733.30468750)
1787603592.371 [20:33:12.370696] {Default Queue} wl_touch#32.motion(18885908, 1, 1112.42968750, 436.57812500)
1787603592.371 [20:33:12.370731] {Default Queue} wl_touch#55.motion(18885908, 1, 1112.42968750, 436.57812500)
1787603592.371 [20:33:12.370778] {Default Queue} wl_touch#32.frame()
1787603592.371 [20:33:12.370799] {Default Queue} wl_touch#55.frame()
1787603592.380 [20:33:12.379708] {Default Queue} wl_touch#32.motion(18885918, 0, 947.51562500, 731.30859375)
1787603592.380 [20:33:12.379811] {Default Queue} wl_touch#55.motion(18885918, 0, 947.51562500, 731.30859375)
1787603592.380 [20:33:12.379827] {Default Queue} wl_touch#32.motion(18885918, 1, 1108.42968750, 442.57421875)
1787603592.380 [20:33:12.379848] {Default Queue} wl_touch#55.motion(18885918, 1, 1108.42968750, 442.57421875)
1787603592.380 [20:33:12.379860] {Default Queue} wl_touch#32.frame()
1787603592.380 [20:33:12.379870] {Default Queue} wl_touch#55.frame()
1787603592.389 [20:33:12.388528] {Default Queue} wl_touch#32.motion(18885927, 0, 948.51562500, 728.30859375)
1787603592.389 [20:33:12.388580] {Default Queue} wl_touch#55.motion(18885927, 0, 948.51562500, 728.30859375)
1787603592.389 [20:33:12.388591] {Default Queue} wl_touch#32.motion(18885927, 1, 1105.43359375, 448.57031250)
1787603592.389 [20:33:12.388607] {Default Queue} wl_touch#55.motion(18885927, 1, 1105.43359375, 448.57031250)
1787603592.389 [20:33:12.388616] {Default Queue} wl_touch#32.frame()
1787603592.389 [20:33:12.388627] {Default Queue} wl_touch#55.frame()
1787603592.398 [20:33:12.397679] {Default Queue} wl_touch#32.motion(18885936, 0, 951.51171875, 726.31250000)
1787603592.398 [20:33:12.397732] {Default Queue} wl_touch#55.motion(18885936, 0, 951.51171875, 726.31250000)
1787603592.398 [20:33:12.397744] {Default Queue} wl_touch#32.motion(18885936, 1, 1102.43359375, 453.56250000)
1787603592.398 [20:33:12.397756] {Default Queue} wl_touch#55.motion(18885936, 1, 1102.43359375, 453.56250000)
1787603592.398 [20:33:12.397790] {Default Queue} wl_touch#32.frame()
1787603592.398 [20:33:12.397807] {Default Queue} wl_touch#55.frame()
1787603592.407 [20:33:12.406586] {Default Queue} wl_touch#32.motion(18885945, 0, 952.51171875, 724.31250000)
1787603592.407 [20:33:12.406662] {Default Queue} wl_touch#55.motion(18885945, 0, 952.51171875, 724.31250000)
1787603592.407 [20:33:12.406691] {Default Queue} wl_touch#32.motion(18885945, 1, 1099.43359375, 458.55859375)
1787603592.407 [20:33:12.406727] {Default Queue} wl_touch#55.motion(18885945, 1, 1099.43359375, 458.55859375)
1787603592.407 [20:33:12.406750] {Default Queue} wl_touch#32.frame()
1787603592.407 [20:33:12.406780] {Default Queue} wl_touch#55.frame()
1787603592.416 [20:33:12.415613] {Default Queue} wl_touch#32.motion(18885954, 0, 954.51171875, 723.31250000)
1787603592.416 [20:33:12.415666] {Default Queue} wl_touch#55.motion(18885954, 0, 954.51171875, 723.31250000)
1787603592.416 [20:33:12.415676] {Default Queue} wl_touch#32.motion(18885954, 1, 1097.43750000, 463.55468750)
1787603592.416 [20:33:12.415692] {Default Queue} wl_touch#55.motion(18885954, 1, 1097.43750000, 463.55468750)
1787603592.416 [20:33:12.415700] {Default Queue} wl_touch#32.frame()
1787603592.416 [20:33:12.415708] {Default Queue} wl_touch#55.frame()
1787603592.425 [20:33:12.424582] {Default Queue} wl_touch#32.motion(18885963, 0, 956.50781250, 721.31640625)
1787603592.425 [20:33:12.424662] {Default Queue} wl_touch#55.motion(18885963, 0, 956.50781250, 721.31640625)
1787603592.425 [20:33:12.424687] {Default Queue} wl_touch#32.motion(18885963, 1, 1094.43750000, 469.55078125)
1787603592.425 [20:33:12.424722] {Default Queue} wl_touch#55.motion(18885963, 1, 1094.43750000, 469.55078125)
1787603592.425 [20:33:12.424747] {Default Queue} wl_touch#32.frame()
1787603592.425 [20:33:12.424782] {Default Queue} wl_touch#55.frame()
1787603592.434 [20:33:12.433588] {Default Queue} wl_touch#32.motion(18885972, 0, 959.50781250, 719.31640625)
1787603592.434 [20:33:12.433640] {Default Queue} wl_touch#55.motion(18885972, 0, 959.50781250, 719.31640625)
1787603592.434 [20:33:12.433651] {Default Queue} wl_touch#32.motion(18885972, 1, 1091.44140625, 474.54296875)
1787603592.434 [20:33:12.433664] {Default Queue} wl_touch#55.motion(18885972, 1, 1091.44140625, 474.54296875)
1787603592.434 [20:33:12.433672] {Default Queue} wl_touch#32.frame()
1787603592.434 [20:33:12.433680] {Default Queue} wl_touch#55.frame()
1787603592.444 [20:33:12.443732] {Default Queue} wl_touch#32.motion(18885982, 0, 960.50781250, 718.32031250)
1787603592.444 [20:33:12.443796] {Default Queue} wl_touch#55.motion(18885982, 0, 960.50781250, 718.32031250)
1787603592.444 [20:33:12.443809] {Default Queue} wl_touch#32.motion(18885982, 1, 1089.44140625, 477.54296875)
1787603592.444 [20:33:12.443823] {Default Queue} wl_touch#55.motion(18885982, 1, 1089.44140625, 477.54296875)
1787603592.444 [20:33:12.443832] {Default Queue} wl_touch#32.frame()
1787603592.444 [20:33:12.443839] {Default Queue} wl_touch#55.frame()
1787603592.454 [20:33:12.453574] {Default Queue} wl_touch#32.motion(18885992, 0, 960.50781250, 717.32031250)
1787603592.454 [20:33:12.453618] {Default Queue} wl_touch#55.motion(18885992, 0, 960.50781250, 717.32031250)
1787603592.454 [20:33:12.453629] {Default Queue} wl_touch#32.motion(18885992, 1, 1087.44140625, 481.53906250)
1787603592.454 [20:33:12.453656] {Default Queue} wl_touch#55.motion(18885992, 1, 1087.44140625, 481.53906250)
1787603592.454 [20:33:12.453667] {Default Queue} wl_touch#32.frame()
1787603592.454 [20:33:12.453676] {Default Queue} wl_touch#55.frame()
1787603592.464 [20:33:12.463622] {Default Queue} wl_touch#32.motion(18886002, 0, 962.50781250, 716.32031250)
1787603592.464 [20:33:12.463677] {Default Queue} wl_touch#55.motion(18886002, 0, 962.50781250, 716.32031250)
1787603592.464 [20:33:12.463689] {Default Queue} wl_touch#32.motion(18886002, 1, 1085.44140625, 485.53515625)
1787603592.464 [20:33:12.463705] {Default Queue} wl_touch#55.motion(18886002, 1, 1085.44140625, 485.53515625)
1787603592.464 [20:33:12.463714] {Default Queue} wl_touch#32.frame()
1787603592.464 [20:33:12.463723] {Default Queue} wl_touch#55.frame()
1787603592.474 [20:33:12.473523] {Default Queue} wl_touch#32.motion(18886012, 0, 963.50781250, 714.32421875)
1787603592.474 [20:33:12.473573] {Default Queue} wl_touch#55.motion(18886012, 0, 963.50781250, 714.32421875)
1787603592.474 [20:33:12.473585] {Default Queue} wl_touch#32.motion(18886012, 1, 1082.44531250, 489.53125000)
1787603592.474 [20:33:12.473599] {Default Queue} wl_touch#55.motion(18886012, 1, 1082.44531250, 489.53125000)
1787603592.474 [20:33:12.473608] {Default Queue} wl_touch#32.frame()
1787603592.474 [20:33:12.473617] {Default Queue} wl_touch#55.frame()
1787603592.484 [20:33:12.483547] {Default Queue} wl_touch#32.motion(18886022, 0, 965.50390625, 712.32421875)
1787603592.484 [20:33:12.483597] {Default Queue} wl_touch#55.motion(18886022, 0, 965.50390625, 712.32421875)
1787603592.484 [20:33:12.483608] {Default Queue} wl_touch#32.motion(18886022, 1, 1080.44531250, 493.52734375)
1787603592.484 [20:33:12.483621] {Default Queue} wl_touch#55.motion(18886022, 1, 1080.44531250, 493.52734375)
1787603592.484 [20:33:12.483629] {Default Queue} wl_touch#32.frame()
1787603592.484 [20:33:12.483637] {Default Queue} wl_touch#55.frame()
1787603592.494 [20:33:12.493606] {Default Queue} wl_touch#32.motion(18886032, 0, 965.50390625, 711.32421875)
1787603592.494 [20:33:12.493676] {Default Queue} wl_touch#55.motion(18886032, 0, 965.50390625, 711.32421875)
1787603592.494 [20:33:12.493695] {Default Queue} wl_touch#32.motion(18886032, 1, 1077.44531250, 498.52343750)
1787603592.494 [20:33:12.493721] {Default Queue} wl_touch#55.motion(18886032, 1, 1077.44531250, 498.52343750)
1787603592.494 [20:33:12.493736] {Default Queue} wl_touch#32.frame()
1787603592.494 [20:33:12.493748] {Default Queue} wl_touch#55.frame()
1787603592.504 [20:33:12.502990] {Default Queue} wl_touch#32.motion(18886041, 0, 967.50390625, 708.32812500)
1787603592.504 [20:33:12.503051] {Default Queue} wl_touch#55.motion(18886041, 0, 967.50390625, 708.32812500)
1787603592.504 [20:33:12.503067] {Default Queue} wl_touch#32.motion(18886041, 1, 1074.44921875, 503.51953125)
1787603592.504 [20:33:12.503091] {Default Queue} wl_touch#55.motion(18886041, 1, 1074.44921875, 503.51953125)
1787603592.504 [20:33:12.503105] {Default Queue} wl_touch#32.frame()
1787603592.504 [20:33:12.503114] {Default Queue} wl_touch#55.frame()
1787603592.513 [20:33:12.512621] {Default Queue} wl_touch#32.motion(18886051, 0, 968.50390625, 707.32812500)
1787603592.513 [20:33:12.512718] {Default Queue} wl_touch#55.motion(18886051, 0, 968.50390625, 707.32812500)
1787603592.513 [20:33:12.512743] {Default Queue} wl_touch#32.motion(18886051, 1, 1071.44921875, 508.51171875)
1787603592.513 [20:33:12.512792] {Default Queue} wl_touch#55.motion(18886051, 1, 1071.44921875, 508.51171875)
1787603592.513 [20:33:12.512815] {Default Queue} wl_touch#32.frame()
1787603592.513 [20:33:12.512836] {Default Queue} wl_touch#55.frame()
1787603592.523 [20:33:12.522550] {Default Queue} wl_touch#32.motion(18886061, 0, 969.50390625, 705.33203125)
1787603592.523 [20:33:12.522603] {Default Queue} wl_touch#55.motion(18886061, 0, 969.50390625, 705.33203125)
1787603592.523 [20:33:12.522614] {Default Queue} wl_touch#32.motion(18886061, 1, 1068.45312500, 513.50781250)
1787603592.523 [20:33:12.522628] {Default Queue} wl_touch#55.motion(18886061, 1, 1068.45312500, 513.50781250)
1787603592.523 [20:33:12.522637] {Default Queue} wl_touch#32.frame()
1787603592.523 [20:33:12.522645] {Default Queue} wl_touch#55.frame()
1787603592.533 [20:33:12.532602] {Default Queue} wl_touch#32.motion(18886071, 0, 970.50390625, 704.33203125)
1787603592.533 [20:33:12.532654] {Default Queue} wl_touch#55.motion(18886071, 0, 970.50390625, 704.33203125)
1787603592.533 [20:33:12.532665] {Default Queue} wl_touch#32.motion(18886071, 1, 1064.45312500, 517.50390625)
1787603592.533 [20:33:12.532678] {Default Queue} wl_touch#55.motion(18886071, 1, 1064.45312500, 517.50390625)
1787603592.533 [20:33:12.532686] {Default Queue} wl_touch#32.frame()
1787603592.533 [20:33:12.532693] {Default Queue} wl_touch#55.frame()
1787603592.543 [20:33:12.542405] {Default Queue} wl_touch#32.motion(18886081, 0, 972.50000000, 702.33203125)
1787603592.543 [20:33:12.542454] {Default Queue} wl_touch#55.motion(18886081, 0, 972.50000000, 702.33203125)
1787603592.543 [20:33:12.542466] {Default Queue} wl_touch#32.motion(18886081, 1, 1061.45703125, 521.50000000)
1787603592.543 [20:33:12.542481] {Default Queue} wl_touch#55.motion(18886081, 1, 1061.45703125, 521.50000000)
1787603592.543 [20:33:12.542493] {Default Queue} wl_touch#32.frame()
1787603592.543 [20:33:12.542501] {Default Queue} wl_touch#55.frame()
1787603592.554 [20:33:12.553456] {Default Queue} wl_touch#32.motion(18886091, 0, 973.50000000, 700.33593750)
1787603592.554 [20:33:12.553523] {Default Queue} wl_touch#55.motion(18886091, 0, 973.50000000, 700.33593750)
1787603592.554 [20:33:12.553539] {Default Queue} wl_touch#32.motion(18886091, 1, 1059.45703125, 525.49609375)
1787603592.554 [20:33:12.553560] {Default Queue} wl_touch#55.motion(18886091, 1, 1059.45703125, 525.49609375)
1787603592.554 [20:33:12.553572] {Default Queue} wl_touch#32.frame()
1787603592.554 [20:33:12.553584] {Default Queue} wl_touch#55.frame()
1787603592.563 [20:33:12.562414] {Default Queue} wl_touch#32.motion(18886101, 0, 975.50000000, 699.33593750)
1787603592.563 [20:33:12.562468] {Default Queue} wl_touch#55.motion(18886101, 0, 975.50000000, 699.33593750)
1787603592.563 [20:33:12.562480] {Default Queue} wl_touch#32.motion(18886101, 1, 1056.45703125, 531.49218750)
1787603592.563 [20:33:12.562494] {Default Queue} wl_touch#55.motion(18886101, 1, 1056.45703125, 531.49218750)
1787603592.563 [20:33:12.562501] {Default Queue} wl_touch#32.frame()
1787603592.563 [20:33:12.562509] {Default Queue} wl_touch#55.frame()
1787603592.573 [20:33:12.572650] {Default Queue} wl_touch#32.motion(18886111, 0, 977.50000000, 697.33984375)
1787603592.573 [20:33:12.572690] {Default Queue} wl_touch#55.motion(18886111, 0, 977.50000000, 697.33984375)
1787603592.573 [20:33:12.572700] {Default Queue} wl_touch#32.motion(18886111, 1, 1053.46093750, 536.48828125)
1787603592.573 [20:33:12.572714] {Default Queue} wl_touch#55.motion(18886111, 1, 1053.46093750, 536.48828125)
1787603592.573 [20:33:12.572722] {Default Queue} wl_touch#32.frame()
1787603592.573 [20:33:12.572729] {Default Queue} wl_touch#55.frame()
1787603592.582 [20:33:12.581529] {Default Queue} wl_touch#32.motion(18886120, 0, 978.50000000, 695.33984375)
1787603592.582 [20:33:12.581583] {Default Queue} wl_touch#55.motion(18886120, 0, 978.50000000, 695.33984375)
1787603592.582 [20:33:12.581595] {Default Queue} wl_touch#32.frame()
1787603592.582 [20:33:12.581603] {Default Queue} wl_touch#55.frame()
1787603592.592 [20:33:12.591704] {Default Queue} wl_touch#32.motion(18886130, 0, 982.49609375, 691.34375000)
1787603592.592 [20:33:12.591758] {Default Queue} wl_touch#55.motion(18886130, 0, 982.49609375, 691.34375000)
1787603592.592 [20:33:12.591790] {Default Queue} wl_touch#32.frame()
1787603592.592 [20:33:12.591800] {Default Queue} wl_touch#55.frame()
1787603592.602 [20:33:12.601851] {Default Queue} wl_touch#32.motion(18886140, 0, 984.49609375, 687.34765625)
1787603592.602 [20:33:12.601921] {Default Queue} wl_touch#55.motion(18886140, 0, 984.49609375, 687.34765625)
1787603592.602 [20:33:12.601937] {Default Queue} wl_touch#32.frame()
1787603592.602 [20:33:12.601949] {Default Queue} wl_touch#55.frame()
1787603592.612 [20:33:12.611784] {Default Queue} wl_touch#32.motion(18886150, 0, 986.49609375, 684.35156250)
1787603592.612 [20:33:12.611868] {Default Queue} wl_touch#55.motion(18886150, 0, 986.49609375, 684.35156250)
1787603592.612 [20:33:12.611883] {Default Queue} wl_touch#32.motion(18886150, 1, 1046.46484375, 550.47265625)
1787603592.612 [20:33:12.611905] {Default Queue} wl_touch#55.motion(18886150, 1, 1046.46484375, 550.47265625)
1787603592.612 [20:33:12.611916] {Default Queue} wl_touch#32.frame()
1787603592.612 [20:33:12.611926] {Default Queue} wl_touch#55.frame()
1787603592.623 [20:33:12.622636] {Default Queue} wl_touch#32.motion(18886160, 0, 986.49609375, 683.35156250)
1787603592.623 [20:33:12.622721] {Default Queue} wl_touch#55.motion(18886160, 0, 986.49609375, 683.35156250)
1787603592.623 [20:33:12.622738] {Default Queue} wl_touch#32.motion(18886160, 1, 1042.46484375, 556.46875000)
1787603592.623 [20:33:12.622756] {Default Queue} wl_touch#55.motion(18886160, 1, 1042.46484375, 556.46875000)
1787603592.623 [20:33:12.622808] {Default Queue} wl_touch#32.frame()
1787603592.623 [20:33:12.622820] {Default Queue} wl_touch#55.frame()
1787603592.642 [20:33:12.641583] {Default Queue} wl_touch#32.motion(18886180, 0, 986.49609375, 680.35546875)
1787603592.642 [20:33:12.641646] {Default Queue} wl_touch#55.motion(18886180, 0, 986.49609375, 680.35546875)
1787603592.642 [20:33:12.641661] {Default Queue} wl_touch#32.motion(18886180, 1, 1038.46875000, 564.46093750)
1787603592.642 [20:33:12.641679] {Default Queue} wl_touch#55.motion(18886180, 1, 1038.46875000, 564.46093750)
1787603592.642 [20:33:12.641689] {Default Queue} wl_touch#32.frame()
1787603592.642 [20:33:12.641700] {Default Queue} wl_touch#55.frame()
1787603592.651 [20:33:12.650686] {Default Queue} wl_touch#32.motion(18886189, 0, 986.49609375, 679.35546875)
1787603592.651 [20:33:12.650747] {Default Queue} wl_touch#55.motion(18886189, 0, 986.49609375, 679.35546875)
1787603592.651 [20:33:12.650789] {Default Queue} wl_touch#32.frame()
1787603592.651 [20:33:12.650812] {Default Queue} wl_touch#55.frame()
1787603592.661 [20:33:12.660786] {Default Queue} wl_touch#32.motion(18886199, 0, 987.49218750, 677.35546875)
1787603592.661 [20:33:12.660855] {Default Queue} wl_touch#55.motion(18886199, 0, 987.49218750, 677.35546875)
1787603592.661 [20:33:12.660870] {Default Queue} wl_touch#32.motion(18886199, 1, 1034.46875000, 571.45312500)
1787603592.661 [20:33:12.660889] {Default Queue} wl_touch#55.motion(18886199, 1, 1034.46875000, 571.45312500)
1787603592.661 [20:33:12.660903] {Default Queue} wl_touch#32.frame()
1787603592.661 [20:33:12.660931] {Default Queue} wl_touch#55.frame()
1787603592.673 [20:33:12.672843] {Default Queue} wl_touch#32.motion(18886209, 0, 987.49218750, 676.35937500)
1787603592.673 [20:33:12.672949] {Default Queue} wl_touch#55.motion(18886209, 0, 987.49218750, 676.35937500)
1787603592.673 [20:33:12.672981] {Default Queue} wl_touch#32.frame()
1787603592.673 [20:33:12.673004] {Default Queue} wl_touch#55.frame()
1787603592.681 [20:33:12.680833] {Default Queue} wl_touch#32.motion(18886219, 0, 988.49218750, 674.35937500)
1787603592.681 [20:33:12.680928] {Default Queue} wl_touch#55.motion(18886219, 0, 988.49218750, 674.35937500)
1787603592.681 [20:33:12.680952] {Default Queue} wl_touch#32.motion(18886219, 1, 1032.46875000, 576.44921875)
1787603592.681 [20:33:12.680983] {Default Queue} wl_touch#55.motion(18886219, 1, 1032.46875000, 576.44921875)
1787603592.681 [20:33:12.681012] {Default Queue} wl_touch#32.frame()
1787603592.681 [20:33:12.681033] {Default Queue} wl_touch#55.frame()
1787603592.691 [20:33:12.690881] {Default Queue} wl_touch#32.motion(18886229, 0, 989.49218750, 673.35937500)
1787603592.691 [20:33:12.690955] {Default Queue} wl_touch#55.motion(18886229, 0, 989.49218750, 673.35937500)
1787603592.691 [20:33:12.690973] {Default Queue} wl_touch#32.frame()
1787603592.691 [20:33:12.690985] {Default Queue} wl_touch#55.frame()
1787603592.723 [20:33:12.722522] {Default Queue} wl_touch#32.up(923, 18886260, 1)
1787603592.723 [20:33:12.722604] {Default Queue} wl_touch#55.up(923, 18886260, 1)
1787603592.723 [20:33:12.722635] {Default Queue} wl_touch#32.frame()
1787603592.723 [20:33:12.722672] {Default Queue} wl_touch#55.frame()
1787603592.743 [20:33:12.742515] {Default Queue} wl_touch#32.up(924, 18886281, 0)
1787603592.743 [20:33:12.742633] {Default Queue} wl_touch#55.up(924, 18886281, 0)
1787603592.743 [20:33:12.742662] {Default Queue} wl_touch#32.frame()
1787603592.743 [20:33:12.742685] {Default Queue} wl_touch#55.frame()
1787603593.192 [20:33:13.191781] {Default Queue} wl_touch#32.down(925, 18886730, wl_surface#67, 0, 1072.44921875, 650.38281250)
1787603593.192 [20:33:13.191867] {Default Queue} wl_touch#55.down(925, 18886730, wl_surface#67, 0, 1072.44921875, 650.38281250)
1787603593.192 [20:33:13.191904] {Default Queue} wl_touch#32.frame()
1787603593.192 [20:33:13.191916] {Default Queue} wl_touch#55.frame()
1787603593.210 [20:33:13.209614] {Default Queue} wl_touch#32.down(926, 18886748, wl_surface#67, 1, 1192.38671875, 720.31640625)
1787603593.210 [20:33:13.209677] {Default Queue} wl_touch#55.down(926, 18886748, wl_surface#67, 1, 1192.38671875, 720.31640625)
1787603593.210 [20:33:13.209696] {Default Queue} wl_touch#32.frame()
1787603593.210 [20:33:13.209711] {Default Queue} wl_touch#55.frame()
1787603593.225 [20:33:13.224657] {Default Queue} wl_touch#32.up(928, 18886758, 0)
1787603593.225 [20:33:13.224750] {Default Queue} wl_touch#55.up(928, 18886758, 0)
1787603593.225 [20:33:13.224800] {Default Queue} wl_touch#32.up(929, 18886758, 1)
1787603593.225 [20:33:13.224831] {Default Queue} wl_touch#55.up(929, 18886758, 1)
1787603593.225 [20:33:13.224850] {Default Queue} wl_touch#32.frame()
1787603593.225 [20:33:13.224866] {Default Queue} wl_touch#55.frame()
1787603595.433 [20:33:15.432413] {Default Queue} wl_touch#32.down(934, 18888968, wl_surface#67, 0, 1105.43359375, 716.32031250)
1787603595.433 [20:33:15.432537] {Default Queue} wl_touch#55.down(934, 18888968, wl_surface#67, 0, 1105.43359375, 716.32031250)
1787603595.433 [20:33:15.432561] {Default Queue} wl_touch#32.frame()
1787603595.433 [20:33:15.432575] {Default Queue} wl_touch#55.frame()
1787603595.449 [20:33:15.448241] {Default Queue} wl_touch#32.down(935, 18888986, wl_surface#67, 1, 1239.36328125, 818.22656250)
1787603595.449 [20:33:15.448338] {Default Queue} wl_touch#55.down(935, 18888986, wl_surface#67, 1, 1239.36328125, 818.22656250)
1787603595.449 [20:33:15.448361] {Default Queue} wl_touch#32.frame()
1787603595.449 [20:33:15.448375] {Default Queue} wl_touch#55.frame()
1787603595.458 [20:33:15.457875] {Default Queue} wl_touch#32.up(937, 18888996, 1)
1787603595.458 [20:33:15.457943] {Default Queue} wl_touch#55.up(937, 18888996, 1)
1787603595.458 [20:33:15.457960] {Default Queue} wl_touch#32.up(938, 18888996, 0)
1787603595.458 [20:33:15.457992] {Default Queue} wl_touch#55.up(938, 18888996, 0)
1787603595.458 [20:33:15.458004] {Default Queue} wl_touch#32.frame()
1787603595.458 [20:33:15.458016] {Default Queue} wl_touch#55.frame()
1787603597.800 [20:33:17.799404] {Default Queue} wl_touch#32.down(943, 18891335, wl_surface#67, 0, 693.64843750, 475.54296875)
1787603597.800 [20:33:17.799516] {Default Queue} wl_touch#55.down(943, 18891335, wl_surface#67, 0, 693.64843750, 475.54296875)
1787603597.800 [20:33:17.799536] {Default Queue} wl_touch#32.down(944, 18891335, wl_surface#67, 1, 841.57031250, 523.50000000)
1787603597.800 [20:33:17.799559] {Default Queue} wl_touch#55.down(944, 18891335, wl_surface#67, 1, 841.57031250, 523.50000000)
1787603597.800 [20:33:17.799573] {Default Queue} wl_touch#32.up(946, 18891335, 1)
1787603597.800 [20:33:17.799595] {Default Queue} wl_touch#55.up(946, 18891335, 1)
1787603597.800 [20:33:17.799607] {Default Queue} wl_touch#32.up(947, 18891335, 0)
1787603597.800 [20:33:17.799639] {Default Queue} wl_touch#55.up(947, 18891335, 0)
1787603597.800 [20:33:17.799649] {Default Queue} wl_touch#32.frame()
1787603597.800 [20:33:17.799661] {Default Queue} wl_touch#55.frame()
1787603600.848 [20:33:20.848109] {Default Queue} wl_touch#32.down(952, 18894384, wl_surface#67, 0, 1265.34765625, 495.52343750)
1787603600.849 [20:33:20.848228] {Default Queue} wl_touch#55.down(952, 18894384, wl_surface#67, 0, 1265.34765625, 495.52343750)
1787603600.849 [20:33:20.848249] {Default Queue} wl_touch#32.down(953, 18894384, wl_surface#67, 1, 1003.48437500, 514.50781250)
1787603600.849 [20:33:20.848271] {Default Queue} wl_touch#55.down(953, 18894384, wl_surface#67, 1, 1003.48437500, 514.50781250)
1787603600.849 [20:33:20.848284] {Default Queue} wl_touch#32.frame()
1787603600.849 [20:33:20.848297] {Default Queue} wl_touch#55.frame()
1787603600.855 [20:33:20.854985] {Default Queue} wl_touch#32.up(954, 18894393, 0)
1787603600.855 [20:33:20.855095] {Default Queue} wl_touch#55.up(954, 18894393, 0)
1787603600.855 [20:33:20.855131] {Default Queue} wl_touch#32.up(956, 18894393, 1)
1787603600.855 [20:33:20.855189] {Default Queue} wl_touch#55.up(956, 18894393, 1)
1787603600.855 [20:33:20.855222] {Default Queue} wl_touch#32.frame()
1787603600.855 [20:33:20.855247] {Default Queue} wl_touch#55.frame()
1787603603.596 [20:33:23.595222] {Default Queue} wl_touch#32.down(962, 18897132, wl_surface#67, 0, 1084.44140625, 639.39062500)
1787603603.596 [20:33:23.595294] {Default Queue} wl_touch#55.down(962, 18897132, wl_surface#67, 0, 1084.44140625, 639.39062500)
1787603603.596 [20:33:23.595309] {Default Queue} wl_touch#32.frame()
1787603603.596 [20:33:23.595318] {Default Queue} wl_touch#55.frame()
1787603603.604 [20:33:23.604037] {Default Queue} wl_touch#32.motion(18897142, 0, 1083.44531250, 644.38671875)
1787603603.604 [20:33:23.604094] {Default Queue} wl_touch#55.motion(18897142, 0, 1083.44531250, 644.38671875)
1787603603.604 [20:33:23.604130] {Default Queue} wl_touch#32.down(963, 18897142, wl_surface#67, 1, 1070.44921875, 465.55468750)
1787603603.604 [20:33:23.604161] {Default Queue} wl_touch#55.down(963, 18897142, wl_surface#67, 1, 1070.44921875, 465.55468750)
1787603603.604 [20:33:23.604175] {Default Queue} wl_touch#32.frame()
1787603603.604 [20:33:23.604187] {Default Queue} wl_touch#55.frame()
1787603603.613 [20:33:23.613020] {Default Queue} wl_touch#32.motion(18897151, 0, 1081.44531250, 649.38281250)
1787603603.613 [20:33:23.613096] {Default Queue} wl_touch#55.motion(18897151, 0, 1081.44531250, 649.38281250)
1787603603.613 [20:33:23.613113] {Default Queue} wl_touch#32.motion(18897151, 1, 1070.44921875, 456.56250000)
1787603603.613 [20:33:23.613133] {Default Queue} wl_touch#55.motion(18897151, 1, 1070.44921875, 456.56250000)
1787603603.613 [20:33:23.613145] {Default Queue} wl_touch#32.frame()
1787603603.613 [20:33:23.613157] {Default Queue} wl_touch#55.frame()
1787603603.623 [20:33:23.622903] {Default Queue} wl_touch#32.motion(18897161, 0, 1080.44531250, 654.37890625)
1787603603.623 [20:33:23.622961] {Default Queue} wl_touch#55.motion(18897161, 0, 1080.44531250, 654.37890625)
1787603603.623 [20:33:23.622976] {Default Queue} wl_touch#32.motion(18897161, 1, 1071.44921875, 446.57031250)
1787603603.623 [20:33:23.622996] {Default Queue} wl_touch#55.motion(18897161, 1, 1071.44921875, 446.57031250)
1787603603.623 [20:33:23.623007] {Default Queue} wl_touch#32.frame()
1787603603.623 [20:33:23.623018] {Default Queue} wl_touch#55.frame()
1787603603.633 [20:33:23.633057] {Default Queue} wl_touch#32.motion(18897171, 0, 1078.44531250, 660.37109375)
1787603603.633 [20:33:23.633145] {Default Queue} wl_touch#55.motion(18897171, 0, 1078.44531250, 660.37109375)
1787603603.633 [20:33:23.633163] {Default Queue} wl_touch#32.motion(18897171, 1, 1072.44921875, 434.58203125)
1787603603.633 [20:33:23.633184] {Default Queue} wl_touch#55.motion(18897171, 1, 1072.44921875, 434.58203125)
1787603603.633 [20:33:23.633196] {Default Queue} wl_touch#32.frame()
1787603603.633 [20:33:23.633207] {Default Queue} wl_touch#55.frame()
1787603603.643 [20:33:23.642898] {Default Queue} wl_touch#32.motion(18897181, 0, 1076.44921875, 666.36718750)
1787603603.643 [20:33:23.642981] {Default Queue} wl_touch#55.motion(18897181, 0, 1076.44921875, 666.36718750)
1787603603.643 [20:33:23.643000] {Default Queue} wl_touch#32.motion(18897181, 1, 1074.44921875, 423.59375000)
1787603603.643 [20:33:23.643021] {Default Queue} wl_touch#55.motion(18897181, 1, 1074.44921875, 423.59375000)
1787603603.643 [20:33:23.643034] {Default Queue} wl_touch#32.frame()
1787603603.643 [20:33:23.643046] {Default Queue} wl_touch#55.frame()
1787603603.653 [20:33:23.652752] {Default Queue} wl_touch#32.motion(18897191, 0, 1075.44921875, 671.36328125)
1787603603.653 [20:33:23.652836] {Default Queue} wl_touch#55.motion(18897191, 0, 1075.44921875, 671.36328125)
1787603603.653 [20:33:23.652856] {Default Queue} wl_touch#32.motion(18897191, 1, 1076.44921875, 412.60156250)
1787603603.653 [20:33:23.652883] {Default Queue} wl_touch#55.motion(18897191, 1, 1076.44921875, 412.60156250)
1787603603.653 [20:33:23.652902] {Default Queue} wl_touch#32.frame()
1787603603.653 [20:33:23.652919] {Default Queue} wl_touch#55.frame()
1787603603.663 [20:33:23.662717] {Default Queue} wl_touch#32.motion(18897201, 0, 1073.44921875, 677.35546875)
1787603603.663 [20:33:23.662792] {Default Queue} wl_touch#55.motion(18897201, 0, 1073.44921875, 677.35546875)
1787603603.663 [20:33:23.662835] {Default Queue} wl_touch#32.motion(18897201, 1, 1079.44531250, 401.61328125)
1787603603.663 [20:33:23.662860] {Default Queue} wl_touch#55.motion(18897201, 1, 1079.44531250, 401.61328125)
1787603603.663 [20:33:23.662885] {Default Queue} wl_touch#32.frame()
1787603603.663 [20:33:23.662899] {Default Queue} wl_touch#55.frame()
1787603603.673 [20:33:23.672818] {Default Queue} wl_touch#32.motion(18897211, 0, 1072.44921875, 683.35156250)
1787603603.673 [20:33:23.672891] {Default Queue} wl_touch#55.motion(18897211, 0, 1072.44921875, 683.35156250)
1787603603.673 [20:33:23.672910] {Default Queue} wl_touch#32.motion(18897211, 1, 1081.44531250, 391.62109375)
1787603603.673 [20:33:23.672952] {Default Queue} wl_touch#55.motion(18897211, 1, 1081.44531250, 391.62109375)
1787603603.673 [20:33:23.672978] {Default Queue} wl_touch#32.frame()
1787603603.673 [20:33:23.672994] {Default Queue} wl_touch#55.frame()
1787603603.682 [20:33:23.681909] {Default Queue} wl_touch#32.motion(18897220, 0, 1070.44921875, 690.34375000)
1787603603.682 [20:33:23.681963] {Default Queue} wl_touch#55.motion(18897220, 0, 1070.44921875, 690.34375000)
1787603603.682 [20:33:23.681974] {Default Queue} wl_touch#32.motion(18897220, 1, 1084.44140625, 381.62890625)
1787603603.682 [20:33:23.681987] {Default Queue} wl_touch#55.motion(18897220, 1, 1084.44140625, 381.62890625)
1787603603.682 [20:33:23.681994] {Default Queue} wl_touch#32.frame()
1787603603.682 [20:33:23.682003] {Default Queue} wl_touch#55.frame()
1787603603.692 [20:33:23.691745] {Default Queue} wl_touch#32.motion(18897230, 0, 1068.45312500, 696.33984375)
1787603603.692 [20:33:23.691809] {Default Queue} wl_touch#55.motion(18897230, 0, 1068.45312500, 696.33984375)
1787603603.692 [20:33:23.691820] {Default Queue} wl_touch#32.motion(18897230, 1, 1086.44140625, 372.64062500)
1787603603.692 [20:33:23.691834] {Default Queue} wl_touch#55.motion(18897230, 1, 1086.44140625, 372.64062500)
1787603603.692 [20:33:23.691842] {Default Queue} wl_touch#32.frame()
1787603603.692 [20:33:23.691849] {Default Queue} wl_touch#55.frame()
1787603603.702 [20:33:23.702137] {Default Queue} wl_touch#32.motion(18897240, 0, 1067.45312500, 703.33203125)
1787603603.703 [20:33:23.702226] {Default Queue} wl_touch#55.motion(18897240, 0, 1067.45312500, 703.33203125)
1787603603.703 [20:33:23.702243] {Default Queue} wl_touch#32.motion(18897240, 1, 1088.44140625, 364.64843750)
1787603603.703 [20:33:23.702265] {Default Queue} wl_touch#55.motion(18897240, 1, 1088.44140625, 364.64843750)
1787603603.703 [20:33:23.702278] {Default Queue} wl_touch#32.frame()
1787603603.703 [20:33:23.702288] {Default Queue} wl_touch#55.frame()
1787603603.712 [20:33:23.712030] {Default Queue} wl_touch#32.motion(18897250, 0, 1065.45312500, 710.32812500)
1787603603.712 [20:33:23.712079] {Default Queue} wl_touch#55.motion(18897250, 0, 1065.45312500, 710.32812500)
1787603603.712 [20:33:23.712090] {Default Queue} wl_touch#32.motion(18897250, 1, 1089.44140625, 356.65234375)
1787603603.712 [20:33:23.712103] {Default Queue} wl_touch#55.motion(18897250, 1, 1089.44140625, 356.65234375)
1787603603.712 [20:33:23.712111] {Default Queue} wl_touch#32.frame()
1787603603.712 [20:33:23.712119] {Default Queue} wl_touch#55.frame()
1787603603.722 [20:33:23.721700] {Default Queue} wl_touch#32.motion(18897260, 0, 1063.45312500, 718.32031250)
1787603603.722 [20:33:23.721751] {Default Queue} wl_touch#55.motion(18897260, 0, 1063.45312500, 718.32031250)
1787603603.722 [20:33:23.721775] {Default Queue} wl_touch#32.motion(18897260, 1, 1091.44140625, 348.66015625)
1787603603.722 [20:33:23.721790] {Default Queue} wl_touch#55.motion(18897260, 1, 1091.44140625, 348.66015625)
1787603603.722 [20:33:23.721798] {Default Queue} wl_touch#32.frame()
1787603603.722 [20:33:23.721807] {Default Queue} wl_touch#55.frame()
1787603603.732 [20:33:23.731678] {Default Queue} wl_touch#32.motion(18897270, 0, 1063.45312500, 726.31250000)
1787603603.732 [20:33:23.731719] {Default Queue} wl_touch#55.motion(18897270, 0, 1063.45312500, 726.31250000)
1787603603.732 [20:33:23.731727] {Default Queue} wl_touch#32.motion(18897270, 1, 1093.43750000, 340.66796875)
1787603603.732 [20:33:23.731737] {Default Queue} wl_touch#55.motion(18897270, 1, 1093.43750000, 340.66796875)
1787603603.732 [20:33:23.731743] {Default Queue} wl_touch#32.frame()
1787603603.732 [20:33:23.731749] {Default Queue} wl_touch#55.frame()
1787603603.742 [20:33:23.741670] {Default Queue} wl_touch#32.motion(18897280, 0, 1061.45703125, 735.30468750)
1787603603.742 [20:33:23.741712] {Default Queue} wl_touch#55.motion(18897280, 0, 1061.45703125, 735.30468750)
1787603603.742 [20:33:23.741720] {Default Queue} wl_touch#32.motion(18897280, 1, 1094.43750000, 333.67578125)
1787603603.742 [20:33:23.741730] {Default Queue} wl_touch#55.motion(18897280, 1, 1094.43750000, 333.67578125)
1787603603.742 [20:33:23.741736] {Default Queue} wl_touch#32.frame()
1787603603.742 [20:33:23.741742] {Default Queue} wl_touch#55.frame()
1787603603.752 [20:33:23.751956] {Default Queue} wl_touch#32.motion(18897290, 0, 1059.45703125, 744.29687500)
1787603603.752 [20:33:23.752013] {Default Queue} wl_touch#55.motion(18897290, 0, 1059.45703125, 744.29687500)
1787603603.752 [20:33:23.752021] {Default Queue} wl_touch#32.motion(18897290, 1, 1096.43750000, 325.68359375)
1787603603.752 [20:33:23.752031] {Default Queue} wl_touch#55.motion(18897290, 1, 1096.43750000, 325.68359375)
1787603603.752 [20:33:23.752036] {Default Queue} wl_touch#32.frame()
1787603603.752 [20:33:23.752042] {Default Queue} wl_touch#55.frame()
1787603603.761 [20:33:23.760594] {Default Queue} wl_touch#32.motion(18897299, 0, 1058.45703125, 753.28515625)
1787603603.761 [20:33:23.760634] {Default Queue} wl_touch#55.motion(18897299, 0, 1058.45703125, 753.28515625)
1787603603.761 [20:33:23.760642] {Default Queue} wl_touch#32.motion(18897299, 1, 1098.43750000, 317.69140625)
1787603603.761 [20:33:23.760652] {Default Queue} wl_touch#55.motion(18897299, 1, 1098.43750000, 317.69140625)
1787603603.761 [20:33:23.760658] {Default Queue} wl_touch#32.frame()
1787603603.761 [20:33:23.760664] {Default Queue} wl_touch#55.frame()
1787603603.771 [20:33:23.770503] {Default Queue} wl_touch#32.motion(18897309, 0, 1056.45703125, 763.27734375)
1787603603.771 [20:33:23.770546] {Default Queue} wl_touch#55.motion(18897309, 0, 1056.45703125, 763.27734375)
1787603603.771 [20:33:23.770562] {Default Queue} wl_touch#32.motion(18897309, 1, 1102.43359375, 307.69921875)
1787603603.771 [20:33:23.770579] {Default Queue} wl_touch#55.motion(18897309, 1, 1102.43359375, 307.69921875)
1787603603.771 [20:33:23.770590] {Default Queue} wl_touch#32.frame()
1787603603.771 [20:33:23.770599] {Default Queue} wl_touch#55.frame()
1787603603.781 [20:33:23.780622] {Default Queue} wl_touch#32.motion(18897319, 0, 1055.45703125, 772.26953125)
1787603603.781 [20:33:23.780662] {Default Queue} wl_touch#55.motion(18897319, 0, 1055.45703125, 772.26953125)
1787603603.781 [20:33:23.780670] {Default Queue} wl_touch#32.motion(18897319, 1, 1106.43359375, 299.70703125)
1787603603.781 [20:33:23.780680] {Default Queue} wl_touch#55.motion(18897319, 1, 1106.43359375, 299.70703125)
1787603603.781 [20:33:23.780686] {Default Queue} wl_touch#32.frame()
1787603603.781 [20:33:23.780692] {Default Queue} wl_touch#55.frame()
1787603603.791 [20:33:23.790807] {Default Queue} wl_touch#32.motion(18897329, 0, 1054.45703125, 781.26171875)
1787603603.791 [20:33:23.790848] {Default Queue} wl_touch#55.motion(18897329, 0, 1054.45703125, 781.26171875)
1787603603.791 [20:33:23.790857] {Default Queue} wl_touch#32.motion(18897329, 1, 1110.42968750, 289.71484375)
1787603603.791 [20:33:23.790866] {Default Queue} wl_touch#55.motion(18897329, 1, 1110.42968750, 289.71484375)
1787603603.791 [20:33:23.790872] {Default Queue} wl_touch#32.frame()
1787603603.791 [20:33:23.790878] {Default Queue} wl_touch#55.frame()
1787603603.803 [20:33:23.802873] {Default Queue} wl_touch#32.motion(18897339, 0, 1053.46093750, 789.25390625)
1787603603.803 [20:33:23.802945] {Default Queue} wl_touch#55.motion(18897339, 0, 1053.46093750, 789.25390625)
1787603603.803 [20:33:23.802957] {Default Queue} wl_touch#32.motion(18897339, 1, 1114.42578125, 280.72265625)
1787603603.803 [20:33:23.802974] {Default Queue} wl_touch#55.motion(18897339, 1, 1114.42578125, 280.72265625)
1787603603.803 [20:33:23.802984] {Default Queue} wl_touch#32.frame()
1787603603.803 [20:33:23.802992] {Default Queue} wl_touch#55.frame()
1787603603.811 [20:33:23.810822] {Default Queue} wl_touch#32.motion(18897349, 0, 1052.46093750, 798.24609375)
1787603603.811 [20:33:23.810884] {Default Queue} wl_touch#55.motion(18897349, 0, 1052.46093750, 798.24609375)
1787603603.811 [20:33:23.810897] {Default Queue} wl_touch#32.motion(18897349, 1, 1119.42578125, 271.73437500)
1787603603.811 [20:33:23.810912] {Default Queue} wl_touch#55.motion(18897349, 1, 1119.42578125, 271.73437500)
1787603603.811 [20:33:23.810921] {Default Queue} wl_touch#32.frame()
1787603603.811 [20:33:23.810930] {Default Queue} wl_touch#55.frame()
1787603603.821 [20:33:23.820791] {Default Queue} wl_touch#32.motion(18897359, 0, 1051.46093750, 806.23828125)
1787603603.821 [20:33:23.820852] {Default Queue} wl_touch#55.motion(18897359, 0, 1051.46093750, 806.23828125)
1787603603.821 [20:33:23.820865] {Default Queue} wl_touch#32.motion(18897359, 1, 1123.42187500, 263.73828125)
1787603603.821 [20:33:23.820881] {Default Queue} wl_touch#55.motion(18897359, 1, 1123.42187500, 263.73828125)
1787603603.821 [20:33:23.820892] {Default Queue} wl_touch#32.frame()
1787603603.821 [20:33:23.820902] {Default Queue} wl_touch#55.frame()
1787603603.830 [20:33:23.829801] {Default Queue} wl_touch#32.motion(18897368, 0, 1050.46093750, 814.23046875)
1787603603.830 [20:33:23.829862] {Default Queue} wl_touch#55.motion(18897368, 0, 1050.46093750, 814.23046875)
1787603603.830 [20:33:23.829875] {Default Queue} wl_touch#32.motion(18897368, 1, 1128.42187500, 255.74609375)
1787603603.830 [20:33:23.829890] {Default Queue} wl_touch#55.motion(18897368, 1, 1128.42187500, 255.74609375)
1787603603.830 [20:33:23.829899] {Default Queue} wl_touch#32.frame()
1787603603.830 [20:33:23.829908] {Default Queue} wl_touch#55.frame()
1787603603.840 [20:33:23.839749] {Default Queue} wl_touch#32.motion(18897378, 0, 1050.46093750, 822.22265625)
1787603603.840 [20:33:23.839848] {Default Queue} wl_touch#55.motion(18897378, 0, 1050.46093750, 822.22265625)
1787603603.840 [20:33:23.839860] {Default Queue} wl_touch#32.motion(18897378, 1, 1133.41796875, 248.75390625)
1787603603.840 [20:33:23.839876] {Default Queue} wl_touch#55.motion(18897378, 1, 1133.41796875, 248.75390625)
1787603603.840 [20:33:23.839895] {Default Queue} wl_touch#32.frame()
1787603603.840 [20:33:23.839905] {Default Queue} wl_touch#55.frame()
1787603603.850 [20:33:23.849844] {Default Queue} wl_touch#32.motion(18897388, 0, 1049.46093750, 830.21484375)
1787603603.850 [20:33:23.849908] {Default Queue} wl_touch#55.motion(18897388, 0, 1049.46093750, 830.21484375)
1787603603.850 [20:33:23.849921] {Default Queue} wl_touch#32.motion(18897388, 1, 1137.41406250, 241.76171875)
1787603603.850 [20:33:23.849937] {Default Queue} wl_touch#55.motion(18897388, 1, 1137.41406250, 241.76171875)
1787603603.850 [20:33:23.849946] {Default Queue} wl_touch#32.frame()
1787603603.850 [20:33:23.849956] {Default Queue} wl_touch#55.frame()
1787603603.860 [20:33:23.859970] {Default Queue} wl_touch#32.motion(18897398, 0, 1047.46093750, 845.20312500)
1787603603.860 [20:33:23.860037] {Default Queue} wl_touch#55.motion(18897398, 0, 1047.46093750, 845.20312500)
1787603603.860 [20:33:23.860053] {Default Queue} wl_touch#32.motion(18897398, 1, 1145.41015625, 230.76953125)
1787603603.860 [20:33:23.860073] {Default Queue} wl_touch#55.motion(18897398, 1, 1145.41015625, 230.76953125)
1787603603.860 [20:33:23.860084] {Default Queue} wl_touch#32.frame()
1787603603.860 [20:33:23.860096] {Default Queue} wl_touch#55.frame()
1787603603.870 [20:33:23.869838] {Default Queue} wl_touch#32.motion(18897408, 0, 1046.46484375, 856.19140625)
1787603603.870 [20:33:23.869908] {Default Queue} wl_touch#55.motion(18897408, 0, 1046.46484375, 856.19140625)
1787603603.870 [20:33:23.869929] {Default Queue} wl_touch#32.motion(18897408, 1, 1150.41015625, 223.77734375)
1787603603.870 [20:33:23.869961] {Default Queue} wl_touch#55.motion(18897408, 1, 1150.41015625, 223.77734375)
1787603603.870 [20:33:23.869983] {Default Queue} wl_touch#32.frame()
1787603603.870 [20:33:23.870000] {Default Queue} wl_touch#55.frame()
1787603603.880 [20:33:23.880000] {Default Queue} wl_touch#32.motion(18897418, 0, 1046.46484375, 867.17968750)
1787603603.880 [20:33:23.880064] {Default Queue} wl_touch#55.motion(18897418, 0, 1046.46484375, 867.17968750)
1787603603.880 [20:33:23.880080] {Default Queue} wl_touch#32.motion(18897418, 1, 1154.40625000, 217.78125000)
1787603603.880 [20:33:23.880098] {Default Queue} wl_touch#55.motion(18897418, 1, 1154.40625000, 217.78125000)
1787603603.880 [20:33:23.880110] {Default Queue} wl_touch#32.frame()
1787603603.880 [20:33:23.880121] {Default Queue} wl_touch#55.frame()
1787603603.890 [20:33:23.889869] {Default Queue} wl_touch#32.motion(18897428, 0, 1045.46484375, 875.17187500)
1787603603.890 [20:33:23.889952] {Default Queue} wl_touch#55.motion(18897428, 0, 1045.46484375, 875.17187500)
1787603603.890 [20:33:23.889968] {Default Queue} wl_touch#32.motion(18897428, 1, 1158.40625000, 213.78515625)
1787603603.890 [20:33:23.889987] {Default Queue} wl_touch#55.motion(18897428, 1, 1158.40625000, 213.78515625)
1787603603.890 [20:33:23.889998] {Default Queue} wl_touch#32.frame()
1787603603.890 [20:33:23.890009] {Default Queue} wl_touch#55.frame()
1787603603.899 [20:33:23.898957] {Default Queue} wl_touch#32.motion(18897437, 0, 1044.46484375, 883.16796875)
1787603603.899 [20:33:23.899032] {Default Queue} wl_touch#55.motion(18897437, 0, 1044.46484375, 883.16796875)
1787603603.899 [20:33:23.899048] {Default Queue} wl_touch#32.motion(18897437, 1, 1160.40234375, 211.78906250)
1787603603.899 [20:33:23.899068] {Default Queue} wl_touch#55.motion(18897437, 1, 1160.40234375, 211.78906250)
1787603603.899 [20:33:23.899080] {Default Queue} wl_touch#32.frame()
1787603603.899 [20:33:23.899092] {Default Queue} wl_touch#55.frame()
1787603603.909 [20:33:23.908808] {Default Queue} wl_touch#32.motion(18897447, 0, 1042.46484375, 888.16015625)
1787603603.909 [20:33:23.908872] {Default Queue} wl_touch#55.motion(18897447, 0, 1042.46484375, 888.16015625)
1787603603.909 [20:33:23.908888] {Default Queue} wl_touch#32.motion(18897447, 1, 1162.40234375, 209.78906250)
1787603603.909 [20:33:23.908907] {Default Queue} wl_touch#55.motion(18897447, 1, 1162.40234375, 209.78906250)
1787603603.909 [20:33:23.908918] {Default Queue} wl_touch#32.frame()
1787603603.909 [20:33:23.908929] {Default Queue} wl_touch#55.frame()
1787603603.920 [20:33:23.919594] {Default Queue} wl_touch#32.motion(18897457, 0, 1040.46484375, 894.15625000)
1787603603.920 [20:33:23.919672] {Default Queue} wl_touch#55.motion(18897457, 0, 1040.46484375, 894.15625000)
1787603603.920 [20:33:23.919697] {Default Queue} wl_touch#32.motion(18897457, 1, 1162.40234375, 208.78906250)
1787603603.920 [20:33:23.919728] {Default Queue} wl_touch#55.motion(18897457, 1, 1162.40234375, 208.78906250)
1787603603.920 [20:33:23.919744] {Default Queue} wl_touch#32.frame()
1787603603.920 [20:33:23.919781] {Default Queue} wl_touch#55.frame()
1787603603.929 [20:33:23.928927] {Default Queue} wl_touch#32.motion(18897467, 0, 1038.46875000, 899.15234375)
1787603603.929 [20:33:23.928989] {Default Queue} wl_touch#55.motion(18897467, 0, 1038.46875000, 899.15234375)
1787603603.929 [20:33:23.929004] {Default Queue} wl_touch#32.motion(18897467, 1, 1163.40234375, 207.79296875)
1787603603.929 [20:33:23.929023] {Default Queue} wl_touch#55.motion(18897467, 1, 1163.40234375, 207.79296875)
1787603603.929 [20:33:23.929035] {Default Queue} wl_touch#32.frame()
1787603603.929 [20:33:23.929046] {Default Queue} wl_touch#55.frame()
1787603603.939 [20:33:23.938900] {Default Queue} wl_touch#32.motion(18897477, 0, 1035.46875000, 902.14843750)
1787603603.939 [20:33:23.938973] {Default Queue} wl_touch#55.motion(18897477, 0, 1035.46875000, 902.14843750)
1787603603.939 [20:33:23.938990] {Default Queue} wl_touch#32.motion(18897477, 1, 1164.40234375, 206.79296875)
1787603603.939 [20:33:23.939010] {Default Queue} wl_touch#55.motion(18897477, 1, 1164.40234375, 206.79296875)
1787603603.939 [20:33:23.939023] {Default Queue} wl_touch#32.frame()
1787603603.939 [20:33:23.939034] {Default Queue} wl_touch#55.frame()
1787603603.949 [20:33:23.949011] {Default Queue} wl_touch#32.motion(18897487, 0, 1033.46875000, 905.14453125)
1787603603.949 [20:33:23.949087] {Default Queue} wl_touch#55.motion(18897487, 0, 1033.46875000, 905.14453125)
1787603603.949 [20:33:23.949105] {Default Queue} wl_touch#32.motion(18897487, 1, 1165.40234375, 206.79296875)
1787603603.949 [20:33:23.949124] {Default Queue} wl_touch#55.motion(18897487, 1, 1165.40234375, 206.79296875)
1787603603.949 [20:33:23.949136] {Default Queue} wl_touch#32.frame()
1787603603.949 [20:33:23.949148] {Default Queue} wl_touch#55.frame()
1787603603.959 [20:33:23.958878] {Default Queue} wl_touch#32.motion(18897497, 0, 1032.46875000, 908.14453125)
1787603603.959 [20:33:23.958955] {Default Queue} wl_touch#55.motion(18897497, 0, 1032.46875000, 908.14453125)
1787603603.959 [20:33:23.958972] {Default Queue} wl_touch#32.frame()
1787603603.959 [20:33:23.958985] {Default Queue} wl_touch#55.frame()
1787603603.970 [20:33:23.969660] {Default Queue} wl_touch#32.motion(18897507, 0, 1031.47265625, 911.14062500)
1787603603.970 [20:33:23.969718] {Default Queue} wl_touch#55.motion(18897507, 0, 1031.47265625, 911.14062500)
1787603603.970 [20:33:23.969748] {Default Queue} wl_touch#32.frame()
1787603603.970 [20:33:23.969788] {Default Queue} wl_touch#55.frame()
1787603603.978 [20:33:23.977894] {Default Queue} wl_touch#32.motion(18897516, 0, 1030.47265625, 912.14062500)
1787603603.978 [20:33:23.977957] {Default Queue} wl_touch#55.motion(18897516, 0, 1030.47265625, 912.14062500)
1787603603.978 [20:33:23.977973] {Default Queue} wl_touch#32.frame()
1787603603.978 [20:33:23.977984] {Default Queue} wl_touch#55.frame()
1787603603.988 [20:33:23.987740] {Default Queue} wl_touch#32.motion(18897526, 0, 1029.47265625, 913.13671875)
1787603603.988 [20:33:23.987825] {Default Queue} wl_touch#55.motion(18897526, 0, 1029.47265625, 913.13671875)
1787603603.988 [20:33:23.987842] {Default Queue} wl_touch#32.motion(18897526, 1, 1165.40234375, 207.79296875)
1787603603.988 [20:33:23.987864] {Default Queue} wl_touch#55.motion(18897526, 1, 1165.40234375, 207.79296875)
1787603603.988 [20:33:23.987913] {Default Queue} wl_touch#32.frame()
1787603603.988 [20:33:23.987925] {Default Queue} wl_touch#55.frame()
1787603603.998 [20:33:23.997835] {Default Queue} wl_touch#32.motion(18897536, 1, 1165.40234375, 209.78906250)
1787603603.998 [20:33:23.997939] {Default Queue} wl_touch#55.motion(18897536, 1, 1165.40234375, 209.78906250)
1787603603.998 [20:33:23.997956] {Default Queue} wl_touch#32.frame()
1787603603.998 [20:33:23.997968] {Default Queue} wl_touch#55.frame()
1787603604.008 [20:33:24.007888] {Default Queue} wl_touch#32.motion(18897546, 0, 1029.47265625, 912.14062500)
1787603604.008 [20:33:24.007941] {Default Queue} wl_touch#55.motion(18897546, 0, 1029.47265625, 912.14062500)
1787603604.008 [20:33:24.007956] {Default Queue} wl_touch#32.motion(18897546, 1, 1165.40234375, 213.78515625)
1787603604.008 [20:33:24.007975] {Default Queue} wl_touch#55.motion(18897546, 1, 1165.40234375, 213.78515625)
1787603604.008 [20:33:24.007986] {Default Queue} wl_touch#32.frame()
1787603604.008 [20:33:24.007997] {Default Queue} wl_touch#55.frame()
1787603604.020 [20:33:24.019911] {Default Queue} wl_touch#32.motion(18897556, 0, 1029.47265625, 910.14062500)
1787603604.020 [20:33:24.019964] {Default Queue} wl_touch#55.motion(18897556, 0, 1029.47265625, 910.14062500)
1787603604.020 [20:33:24.019979] {Default Queue} wl_touch#32.motion(18897556, 1, 1165.40234375, 218.78125000)
1787603604.020 [20:33:24.019999] {Default Queue} wl_touch#55.motion(18897556, 1, 1165.40234375, 218.78125000)
1787603604.020 [20:33:24.020010] {Default Queue} wl_touch#32.frame()
1787603604.020 [20:33:24.020020] {Default Queue} wl_touch#55.frame()
1787603604.028 [20:33:24.028170] {Default Queue} wl_touch#32.motion(18897566, 0, 1029.47265625, 908.14453125)
1787603604.028 [20:33:24.028248] {Default Queue} wl_touch#55.motion(18897566, 0, 1029.47265625, 908.14453125)
1787603604.029 [20:33:24.028264] {Default Queue} wl_touch#32.motion(18897566, 1, 1165.40234375, 221.77734375)
1787603604.029 [20:33:24.028284] {Default Queue} wl_touch#55.motion(18897566, 1, 1165.40234375, 221.77734375)
1787603604.029 [20:33:24.028296] {Default Queue} wl_touch#32.frame()
1787603604.029 [20:33:24.028308] {Default Queue} wl_touch#55.frame()
1787603604.038 [20:33:24.037717] {Default Queue} wl_touch#32.motion(18897576, 0, 1030.47265625, 904.14843750)
1787603604.038 [20:33:24.037828] {Default Queue} wl_touch#55.motion(18897576, 0, 1030.47265625, 904.14843750)
1787603604.038 [20:33:24.037845] {Default Queue} wl_touch#32.motion(18897576, 1, 1163.40234375, 230.76953125)
1787603604.038 [20:33:24.037865] {Default Queue} wl_touch#55.motion(18897576, 1, 1163.40234375, 230.76953125)
1787603604.038 [20:33:24.037902] {Default Queue} wl_touch#32.frame()
1787603604.038 [20:33:24.037914] {Default Queue} wl_touch#55.frame()
1787603604.047 [20:33:24.047006] {Default Queue} wl_touch#32.motion(18897585, 0, 1030.47265625, 902.14843750)
1787603604.047 [20:33:24.047068] {Default Queue} wl_touch#55.motion(18897585, 0, 1030.47265625, 902.14843750)
1787603604.047 [20:33:24.047084] {Default Queue} wl_touch#32.motion(18897585, 1, 1162.40234375, 236.76562500)
1787603604.047 [20:33:24.047103] {Default Queue} wl_touch#55.motion(18897585, 1, 1162.40234375, 236.76562500)
1787603604.047 [20:33:24.047114] {Default Queue} wl_touch#32.frame()
1787603604.047 [20:33:24.047125] {Default Queue} wl_touch#55.frame()
1787603604.057 [20:33:24.056992] {Default Queue} wl_touch#32.motion(18897595, 0, 1030.47265625, 897.15234375)
1787603604.057 [20:33:24.057063] {Default Queue} wl_touch#55.motion(18897595, 0, 1030.47265625, 897.15234375)
1787603604.057 [20:33:24.057080] {Default Queue} wl_touch#32.motion(18897595, 1, 1159.40234375, 247.75390625)
1787603604.057 [20:33:24.057101] {Default Queue} wl_touch#55.motion(18897595, 1, 1159.40234375, 247.75390625)
1787603604.057 [20:33:24.057113] {Default Queue} wl_touch#32.frame()
1787603604.057 [20:33:24.057124] {Default Queue} wl_touch#55.frame()
1787603604.067 [20:33:24.067041] {Default Queue} wl_touch#32.motion(18897605, 0, 1032.46875000, 892.15625000)
1787603604.067 [20:33:24.067126] {Default Queue} wl_touch#55.motion(18897605, 0, 1032.46875000, 892.15625000)
1787603604.067 [20:33:24.067145] {Default Queue} wl_touch#32.motion(18897605, 1, 1154.40625000, 258.74609375)
1787603604.067 [20:33:24.067169] {Default Queue} wl_touch#55.motion(18897605, 1, 1154.40625000, 258.74609375)
1787603604.067 [20:33:24.067182] {Default Queue} wl_touch#32.frame()
1787603604.067 [20:33:24.067194] {Default Queue} wl_touch#55.frame()
1787603604.077 [20:33:24.077053] {Default Queue} wl_touch#32.motion(18897615, 0, 1033.46875000, 890.16015625)
1787603604.077 [20:33:24.077200] {Default Queue} wl_touch#55.motion(18897615, 0, 1033.46875000, 890.16015625)
1787603604.077 [20:33:24.077220] {Default Queue} wl_touch#32.motion(18897615, 1, 1152.40625000, 264.73828125)
1787603604.077 [20:33:24.077244] {Default Queue} wl_touch#55.motion(18897615, 1, 1152.40625000, 264.73828125)
1787603604.077 [20:33:24.077257] {Default Queue} wl_touch#32.frame()
1787603604.077 [20:33:24.077269] {Default Queue} wl_touch#55.frame()
1787603604.087 [20:33:24.086917] {Default Queue} wl_touch#32.motion(18897625, 0, 1033.46875000, 887.16406250)
1787603604.087 [20:33:24.086989] {Default Queue} wl_touch#55.motion(18897625, 0, 1033.46875000, 887.16406250)
1787603604.087 [20:33:24.087006] {Default Queue} wl_touch#32.motion(18897625, 1, 1149.41015625, 271.73437500)
1787603604.087 [20:33:24.087026] {Default Queue} wl_touch#55.motion(18897625, 1, 1149.41015625, 271.73437500)
1787603604.087 [20:33:24.087039] {Default Queue} wl_touch#32.frame()
1787603604.087 [20:33:24.087050] {Default Queue} wl_touch#55.frame()
1787603604.097 [20:33:24.096994] {Default Queue} wl_touch#32.motion(18897635, 0, 1034.46875000, 882.16796875)
1787603604.097 [20:33:24.097066] {Default Queue} wl_touch#55.motion(18897635, 0, 1034.46875000, 882.16796875)
1787603604.097 [20:33:24.097082] {Default Queue} wl_touch#32.motion(18897635, 1, 1146.41015625, 280.72265625)
1787603604.097 [20:33:24.097102] {Default Queue} wl_touch#55.motion(18897635, 1, 1146.41015625, 280.72265625)
1787603604.097 [20:33:24.097114] {Default Queue} wl_touch#32.frame()
1787603604.097 [20:33:24.097125] {Default Queue} wl_touch#55.frame()
1787603604.107 [20:33:24.106823] {Default Queue} wl_touch#32.motion(18897645, 0, 1036.46875000, 877.17187500)
1787603604.107 [20:33:24.106891] {Default Queue} wl_touch#55.motion(18897645, 0, 1036.46875000, 877.17187500)
1787603604.107 [20:33:24.106909] {Default Queue} wl_touch#32.motion(18897645, 1, 1143.41406250, 290.71484375)
1787603604.107 [20:33:24.106929] {Default Queue} wl_touch#55.motion(18897645, 1, 1143.41406250, 290.71484375)
1787603604.107 [20:33:24.106942] {Default Queue} wl_touch#32.frame()
1787603604.107 [20:33:24.106954] {Default Queue} wl_touch#55.frame()
1787603604.117 [20:33:24.117019] {Default Queue} wl_touch#32.motion(18897655, 0, 1038.46875000, 871.17578125)
1787603604.117 [20:33:24.117106] {Default Queue} wl_touch#55.motion(18897655, 0, 1038.46875000, 871.17578125)
1787603604.117 [20:33:24.117125] {Default Queue} wl_touch#32.motion(18897655, 1, 1140.41406250, 300.70703125)
1787603604.117 [20:33:24.117148] {Default Queue} wl_touch#55.motion(18897655, 1, 1140.41406250, 300.70703125)
1787603604.117 [20:33:24.117163] {Default Queue} wl_touch#32.frame()
1787603604.117 [20:33:24.117174] {Default Queue} wl_touch#55.frame()
1787603604.126 [20:33:24.125910] {Default Queue} wl_touch#32.motion(18897664, 0, 1039.46484375, 866.18359375)
1787603604.126 [20:33:24.125983] {Default Queue} wl_touch#55.motion(18897664, 0, 1039.46484375, 866.18359375)
1787603604.126 [20:33:24.126000] {Default Queue} wl_touch#32.motion(18897664, 1, 1136.41796875, 311.69531250)
1787603604.126 [20:33:24.126020] {Default Queue} wl_touch#55.motion(18897664, 1, 1136.41796875, 311.69531250)
1787603604.126 [20:33:24.126041] {Default Queue} wl_touch#32.frame()
1787603604.126 [20:33:24.126052] {Default Queue} wl_touch#55.frame()
1787603604.137 [20:33:24.136250] {Default Queue} wl_touch#32.motion(18897674, 0, 1042.46484375, 860.18750000)
1787603604.137 [20:33:24.136302] {Default Queue} wl_touch#55.motion(18897674, 0, 1042.46484375, 860.18750000)
1787603604.137 [20:33:24.136317] {Default Queue} wl_touch#32.motion(18897674, 1, 1133.41796875, 323.68359375)
1787603604.137 [20:33:24.136349] {Default Queue} wl_touch#55.motion(18897674, 1, 1133.41796875, 323.68359375)
1787603604.137 [20:33:24.136372] {Default Queue} wl_touch#32.frame()
1787603604.137 [20:33:24.136385] {Default Queue} wl_touch#55.frame()
1787603604.146 [20:33:24.145827] {Default Queue} wl_touch#32.motion(18897684, 0, 1044.46484375, 855.19140625)
1787603604.146 [20:33:24.145922] {Default Queue} wl_touch#55.motion(18897684, 0, 1044.46484375, 855.19140625)
1787603604.146 [20:33:24.145938] {Default Queue} wl_touch#32.motion(18897684, 1, 1131.41796875, 334.67578125)
1787603604.146 [20:33:24.145958] {Default Queue} wl_touch#55.motion(18897684, 1, 1131.41796875, 334.67578125)
1787603604.146 [20:33:24.145970] {Default Queue} wl_touch#32.frame()
1787603604.146 [20:33:24.145981] {Default Queue} wl_touch#55.frame()
1787603604.156 [20:33:24.156012] {Default Queue} wl_touch#32.motion(18897694, 0, 1046.46484375, 849.19921875)
1787603604.156 [20:33:24.156071] {Default Queue} wl_touch#55.motion(18897694, 0, 1046.46484375, 849.19921875)
1787603604.156 [20:33:24.156086] {Default Queue} wl_touch#32.motion(18897694, 1, 1128.42187500, 345.66406250)
1787603604.156 [20:33:24.156104] {Default Queue} wl_touch#55.motion(18897694, 1, 1128.42187500, 345.66406250)
1787603604.156 [20:33:24.156116] {Default Queue} wl_touch#32.frame()
1787603604.156 [20:33:24.156128] {Default Queue} wl_touch#55.frame()
1787603604.166 [20:33:24.165841] {Default Queue} wl_touch#32.motion(18897704, 0, 1048.46093750, 844.20312500)
1787603604.166 [20:33:24.165945] {Default Queue} wl_touch#55.motion(18897704, 0, 1048.46093750, 844.20312500)
1787603604.166 [20:33:24.165963] {Default Queue} wl_touch#32.motion(18897704, 1, 1126.42187500, 356.65234375)
1787603604.166 [20:33:24.165982] {Default Queue} wl_touch#55.motion(18897704, 1, 1126.42187500, 356.65234375)
1787603604.166 [20:33:24.165994] {Default Queue} wl_touch#32.frame()
1787603604.166 [20:33:24.166005] {Default Queue} wl_touch#55.frame()
1787603604.176 [20:33:24.176149] {Default Queue} wl_touch#32.motion(18897714, 0, 1050.46093750, 839.20703125)
1787603604.176 [20:33:24.176213] {Default Queue} wl_touch#55.motion(18897714, 0, 1050.46093750, 839.20703125)
1787603604.176 [20:33:24.176230] {Default Queue} wl_touch#32.motion(18897714, 1, 1124.42187500, 366.64453125)
1787603604.176 [20:33:24.176251] {Default Queue} wl_touch#55.motion(18897714, 1, 1124.42187500, 366.64453125)
1787603604.177 [20:33:24.176271] {Default Queue} wl_touch#32.frame()
1787603604.177 [20:33:24.176294] {Default Queue} wl_touch#55.frame()
1787603604.186 [20:33:24.186265] {Default Queue} wl_touch#32.motion(18897724, 0, 1051.46093750, 834.21093750)
1787603604.187 [20:33:24.186355] {Default Queue} wl_touch#55.motion(18897724, 0, 1051.46093750, 834.21093750)
1787603604.187 [20:33:24.186379] {Default Queue} wl_touch#32.motion(18897724, 1, 1123.42187500, 376.63671875)
1787603604.187 [20:33:24.186423] {Default Queue} wl_touch#55.motion(18897724, 1, 1123.42187500, 376.63671875)
1787603604.187 [20:33:24.186450] {Default Queue} wl_touch#32.frame()
1787603604.187 [20:33:24.186478] {Default Queue} wl_touch#55.frame()
1787603604.195 [20:33:24.194851] {Default Queue} wl_touch#32.motion(18897733, 0, 1053.46093750, 830.21484375)
1787603604.195 [20:33:24.194911] {Default Queue} wl_touch#55.motion(18897733, 0, 1053.46093750, 830.21484375)
1787603604.195 [20:33:24.194927] {Default Queue} wl_touch#32.motion(18897733, 1, 1121.42578125, 387.62500000)
1787603604.195 [20:33:24.194945] {Default Queue} wl_touch#55.motion(18897733, 1, 1121.42578125, 387.62500000)
1787603604.195 [20:33:24.194957] {Default Queue} wl_touch#32.frame()
1787603604.195 [20:33:24.194967] {Default Queue} wl_touch#55.frame()
1787603604.205 [20:33:24.204919] {Default Queue} wl_touch#32.motion(18897743, 0, 1055.45703125, 826.21875000)
1787603604.205 [20:33:24.204981] {Default Queue} wl_touch#55.motion(18897743, 0, 1055.45703125, 826.21875000)
1787603604.205 [20:33:24.204997] {Default Queue} wl_touch#32.motion(18897743, 1, 1119.42578125, 398.61328125)
1787603604.205 [20:33:24.205016] {Default Queue} wl_touch#55.motion(18897743, 1, 1119.42578125, 398.61328125)
1787603604.205 [20:33:24.205028] {Default Queue} wl_touch#32.frame()
1787603604.205 [20:33:24.205039] {Default Queue} wl_touch#55.frame()
1787603604.215 [20:33:24.214916] {Default Queue} wl_touch#32.motion(18897753, 0, 1056.45703125, 821.22265625)
1787603604.215 [20:33:24.214989] {Default Queue} wl_touch#55.motion(18897753, 0, 1056.45703125, 821.22265625)
1787603604.215 [20:33:24.215006] {Default Queue} wl_touch#32.motion(18897753, 1, 1116.42578125, 409.60546875)
1787603604.215 [20:33:24.215026] {Default Queue} wl_touch#55.motion(18897753, 1, 1116.42578125, 409.60546875)
1787603604.215 [20:33:24.215038] {Default Queue} wl_touch#32.frame()
1787603604.215 [20:33:24.215049] {Default Queue} wl_touch#55.frame()
1787603604.226 [20:33:24.225417] {Default Queue} wl_touch#32.motion(18897763, 0, 1058.45703125, 816.22656250)
1787603604.226 [20:33:24.225521] {Default Queue} wl_touch#55.motion(18897763, 0, 1058.45703125, 816.22656250)
1787603604.226 [20:33:24.225549] {Default Queue} wl_touch#32.motion(18897763, 1, 1114.42578125, 419.59375000)
1787603604.226 [20:33:24.225584] {Default Queue} wl_touch#55.motion(18897763, 1, 1114.42578125, 419.59375000)
1787603604.226 [20:33:24.225606] {Default Queue} wl_touch#32.frame()
1787603604.226 [20:33:24.225623] {Default Queue} wl_touch#55.frame()
1787603604.236 [20:33:24.236115] {Default Queue} wl_touch#32.motion(18897773, 0, 1059.45703125, 811.23437500)
1787603604.236 [20:33:24.236196] {Default Queue} wl_touch#55.motion(18897773, 0, 1059.45703125, 811.23437500)
1787603604.236 [20:33:24.236226] {Default Queue} wl_touch#32.motion(18897773, 1, 1111.42968750, 429.58593750)
1787603604.236 [20:33:24.236256] {Default Queue} wl_touch#55.motion(18897773, 1, 1111.42968750, 429.58593750)
1787603604.236 [20:33:24.236274] {Default Queue} wl_touch#32.frame()
1787603604.237 [20:33:24.236296] {Default Queue} wl_touch#55.frame()
1787603604.245 [20:33:24.245086] {Default Queue} wl_touch#32.motion(18897783, 0, 1060.45703125, 807.23828125)
1787603604.245 [20:33:24.245159] {Default Queue} wl_touch#55.motion(18897783, 0, 1060.45703125, 807.23828125)
1787603604.245 [20:33:24.245175] {Default Queue} wl_touch#32.motion(18897783, 1, 1109.42968750, 438.57812500)
1787603604.245 [20:33:24.245195] {Default Queue} wl_touch#55.motion(18897783, 1, 1109.42968750, 438.57812500)
1787603604.245 [20:33:24.245208] {Default Queue} wl_touch#32.frame()
1787603604.245 [20:33:24.245219] {Default Queue} wl_touch#55.frame()
1787603604.255 [20:33:24.254863] {Default Queue} wl_touch#32.motion(18897793, 0, 1061.45703125, 803.24218750)
1787603604.255 [20:33:24.254970] {Default Queue} wl_touch#55.motion(18897793, 0, 1061.45703125, 803.24218750)
1787603604.255 [20:33:24.255000] {Default Queue} wl_touch#32.motion(18897793, 1, 1107.42968750, 447.57031250)
1787603604.255 [20:33:24.255036] {Default Queue} wl_touch#55.motion(18897793, 1, 1107.42968750, 447.57031250)
1787603604.255 [20:33:24.255058] {Default Queue} wl_touch#32.frame()
1787603604.255 [20:33:24.255085] {Default Queue} wl_touch#55.frame()
1787603604.264 [20:33:24.263904] {Default Queue} wl_touch#32.motion(18897802, 0, 1062.45312500, 799.24218750)
1787603604.264 [20:33:24.263982] {Default Queue} wl_touch#55.motion(18897802, 0, 1062.45312500, 799.24218750)
1787603604.264 [20:33:24.263999] {Default Queue} wl_touch#32.motion(18897802, 1, 1106.43359375, 455.56250000)
1787603604.264 [20:33:24.264018] {Default Queue} wl_touch#55.motion(18897802, 1, 1106.43359375, 455.56250000)
1787603604.264 [20:33:24.264030] {Default Queue} wl_touch#32.frame()
1787603604.264 [20:33:24.264041] {Default Queue} wl_touch#55.frame()
1787603604.274 [20:33:24.273860] {Default Queue} wl_touch#32.motion(18897812, 0, 1063.45312500, 795.24609375)
1787603604.274 [20:33:24.273986] {Default Queue} wl_touch#55.motion(18897812, 0, 1063.45312500, 795.24609375)
1787603604.274 [20:33:24.274003] {Default Queue} wl_touch#32.motion(18897812, 1, 1104.43359375, 462.55468750)
1787603604.274 [20:33:24.274023] {Default Queue} wl_touch#55.motion(18897812, 1, 1104.43359375, 462.55468750)
1787603604.274 [20:33:24.274035] {Default Queue} wl_touch#32.frame()
1787603604.274 [20:33:24.274046] {Default Queue} wl_touch#55.frame()
1787603604.284 [20:33:24.284020] {Default Queue} wl_touch#32.motion(18897822, 0, 1063.45312500, 791.25000000)
1787603604.284 [20:33:24.284095] {Default Queue} wl_touch#55.motion(18897822, 0, 1063.45312500, 791.25000000)
1787603604.284 [20:33:24.284111] {Default Queue} wl_touch#32.motion(18897822, 1, 1102.43359375, 470.54687500)
1787603604.284 [20:33:24.284132] {Default Queue} wl_touch#55.motion(18897822, 1, 1102.43359375, 470.54687500)
1787603604.284 [20:33:24.284144] {Default Queue} wl_touch#32.frame()
1787603604.284 [20:33:24.284155] {Default Queue} wl_touch#55.frame()
1787603604.294 [20:33:24.294196] {Default Queue} wl_touch#32.motion(18897832, 0, 1064.45312500, 787.25390625)
1787603604.294 [20:33:24.294279] {Default Queue} wl_touch#55.motion(18897832, 0, 1064.45312500, 787.25390625)
1787603604.294 [20:33:24.294326] {Default Queue} wl_touch#32.motion(18897832, 1, 1101.43359375, 477.54296875)
1787603604.294 [20:33:24.294383] {Default Queue} wl_touch#55.motion(18897832, 1, 1101.43359375, 477.54296875)
1787603604.294 [20:33:24.294418] {Default Queue} wl_touch#32.frame()
1787603604.295 [20:33:24.294443] {Default Queue} wl_touch#55.frame()
1787603604.304 [20:33:24.303737] {Default Queue} wl_touch#32.motion(18897842, 0, 1065.45312500, 782.26171875)
1787603604.304 [20:33:24.303858] {Default Queue} wl_touch#55.motion(18897842, 0, 1065.45312500, 782.26171875)
1787603604.304 [20:33:24.303877] {Default Queue} wl_touch#32.motion(18897842, 1, 1099.43359375, 484.53515625)
1787603604.304 [20:33:24.303920] {Default Queue} wl_touch#55.motion(18897842, 1, 1099.43359375, 484.53515625)
1787603604.304 [20:33:24.303934] {Default Queue} wl_touch#32.frame()
1787603604.304 [20:33:24.303948] {Default Queue} wl_touch#55.frame()
1787603604.314 [20:33:24.313858] {Default Queue} wl_touch#32.motion(18897852, 0, 1066.45312500, 777.26562500)
1787603604.314 [20:33:24.313924] {Default Queue} wl_touch#55.motion(18897852, 0, 1066.45312500, 777.26562500)
1787603604.314 [20:33:24.313941] {Default Queue} wl_touch#32.motion(18897852, 1, 1098.43750000, 491.52734375)
1787603604.314 [20:33:24.313960] {Default Queue} wl_touch#55.motion(18897852, 1, 1098.43750000, 491.52734375)
1787603604.314 [20:33:24.313972] {Default Queue} wl_touch#32.frame()
1787603604.314 [20:33:24.313982] {Default Queue} wl_touch#55.frame()
1787603604.325 [20:33:24.324700] {Default Queue} wl_touch#32.motion(18897862, 0, 1068.45312500, 773.26953125)
1787603604.325 [20:33:24.324729] {Default Queue} wl_touch#55.motion(18897862, 0, 1068.45312500, 773.26953125)
1787603604.325 [20:33:24.324738] {Default Queue} wl_touch#32.motion(18897862, 1, 1096.43750000, 499.52343750)
1787603604.325 [20:33:24.324748] {Default Queue} wl_touch#55.motion(18897862, 1, 1096.43750000, 499.52343750)
1787603604.325 [20:33:24.324754] {Default Queue} wl_touch#32.frame()
1787603604.325 [20:33:24.324774] {Default Queue} wl_touch#55.frame()
1787603604.339 [20:33:24.338738] {Default Queue} wl_touch#32.motion(18897871, 0, 1068.45312500, 768.27343750)
1787603604.339 [20:33:24.338767] {Default Queue} wl_touch#55.motion(18897871, 0, 1068.45312500, 768.27343750)
1787603604.339 [20:33:24.338772] {Default Queue} wl_touch#32.motion(18897871, 1, 1094.43750000, 507.51562500)
1787603604.339 [20:33:24.338779] {Default Queue} wl_touch#55.motion(18897871, 1, 1094.43750000, 507.51562500)
1787603604.339 [20:33:24.338783] {Default Queue} wl_touch#32.frame()
1787603604.339 [20:33:24.338786] {Default Queue} wl_touch#55.frame()
1787603604.343 [20:33:24.343152] {Default Queue} wl_touch#32.motion(18897881, 0, 1069.44921875, 764.27734375)
1787603604.343 [20:33:24.343180] {Default Queue} wl_touch#55.motion(18897881, 0, 1069.44921875, 764.27734375)
1787603604.343 [20:33:24.343185] {Default Queue} wl_touch#32.motion(18897881, 1, 1093.43750000, 514.50781250)
1787603604.343 [20:33:24.343192] {Default Queue} wl_touch#55.motion(18897881, 1, 1093.43750000, 514.50781250)
1787603604.343 [20:33:24.343196] {Default Queue} wl_touch#32.frame()
1787603604.343 [20:33:24.343200] {Default Queue} wl_touch#55.frame()
1787603604.353 [20:33:24.352406] {Default Queue} wl_touch#32.motion(18897891, 0, 1070.44921875, 759.28125000)
1787603604.353 [20:33:24.352435] {Default Queue} wl_touch#55.motion(18897891, 0, 1070.44921875, 759.28125000)
1787603604.353 [20:33:24.352441] {Default Queue} wl_touch#32.motion(18897891, 1, 1091.44140625, 521.50000000)
1787603604.353 [20:33:24.352447] {Default Queue} wl_touch#55.motion(18897891, 1, 1091.44140625, 521.50000000)
1787603604.353 [20:33:24.352451] {Default Queue} wl_touch#32.frame()
1787603604.353 [20:33:24.352455] {Default Queue} wl_touch#55.frame()
1787603604.363 [20:33:24.362540] {Default Queue} wl_touch#32.motion(18897901, 0, 1071.44921875, 754.28515625)
1787603604.363 [20:33:24.362572] {Default Queue} wl_touch#55.motion(18897901, 0, 1071.44921875, 754.28515625)
1787603604.363 [20:33:24.362581] {Default Queue} wl_touch#32.motion(18897901, 1, 1089.44140625, 528.49609375)
1787603604.363 [20:33:24.362594] {Default Queue} wl_touch#55.motion(18897901, 1, 1089.44140625, 528.49609375)
1787603604.363 [20:33:24.362601] {Default Queue} wl_touch#32.frame()
1787603604.363 [20:33:24.362608] {Default Queue} wl_touch#55.frame()
1787603604.373 [20:33:24.372603] {Default Queue} wl_touch#32.motion(18897911, 0, 1072.44921875, 749.28906250)
1787603604.373 [20:33:24.372635] {Default Queue} wl_touch#55.motion(18897911, 0, 1072.44921875, 749.28906250)
1787603604.373 [20:33:24.372640] {Default Queue} wl_touch#32.motion(18897911, 1, 1087.44140625, 533.48828125)
1787603604.373 [20:33:24.372647] {Default Queue} wl_touch#55.motion(18897911, 1, 1087.44140625, 533.48828125)
1787603604.373 [20:33:24.372651] {Default Queue} wl_touch#32.frame()
1787603604.373 [20:33:24.372655] {Default Queue} wl_touch#55.frame()
1787603604.383 [20:33:24.382626] {Default Queue} wl_touch#32.motion(18897921, 0, 1072.44921875, 744.29687500)
1787603604.383 [20:33:24.382656] {Default Queue} wl_touch#55.motion(18897921, 0, 1072.44921875, 744.29687500)
1787603604.383 [20:33:24.382662] {Default Queue} wl_touch#32.motion(18897921, 1, 1085.44140625, 539.48437500)
1787603604.383 [20:33:24.382669] {Default Queue} wl_touch#55.motion(18897921, 1, 1085.44140625, 539.48437500)
1787603604.383 [20:33:24.382673] {Default Queue} wl_touch#32.frame()
1787603604.383 [20:33:24.382677] {Default Queue} wl_touch#55.frame()
1787603604.393 [20:33:24.392466] {Default Queue} wl_touch#32.motion(18897931, 0, 1072.44921875, 740.29687500)
1787603604.393 [20:33:24.392494] {Default Queue} wl_touch#55.motion(18897931, 0, 1072.44921875, 740.29687500)
1787603604.393 [20:33:24.392500] {Default Queue} wl_touch#32.motion(18897931, 1, 1083.44531250, 545.48046875)
1787603604.393 [20:33:24.392506] {Default Queue} wl_touch#55.motion(18897931, 1, 1083.44531250, 545.48046875)
1787603604.393 [20:33:24.392510] {Default Queue} wl_touch#32.frame()
1787603604.393 [20:33:24.392514] {Default Queue} wl_touch#55.frame()
1787603604.403 [20:33:24.402559] {Default Queue} wl_touch#32.motion(18897941, 0, 1073.44921875, 736.30078125)
1787603604.403 [20:33:24.402588] {Default Queue} wl_touch#55.motion(18897941, 0, 1073.44921875, 736.30078125)
1787603604.403 [20:33:24.402599] {Default Queue} wl_touch#32.motion(18897941, 1, 1081.44531250, 552.47265625)
1787603604.403 [20:33:24.402610] {Default Queue} wl_touch#55.motion(18897941, 1, 1081.44531250, 552.47265625)
1787603604.403 [20:33:24.402616] {Default Queue} wl_touch#32.frame()
1787603604.403 [20:33:24.402622] {Default Queue} wl_touch#55.frame()
1787603604.412 [20:33:24.411566] {Default Queue} wl_touch#32.motion(18897950, 0, 1073.44921875, 733.30468750)
1787603604.412 [20:33:24.411596] {Default Queue} wl_touch#55.motion(18897950, 0, 1073.44921875, 733.30468750)
1787603604.412 [20:33:24.411602] {Default Queue} wl_touch#32.motion(18897950, 1, 1080.44531250, 559.46484375)
1787603604.412 [20:33:24.411609] {Default Queue} wl_touch#55.motion(18897950, 1, 1080.44531250, 559.46484375)
1787603604.412 [20:33:24.411613] {Default Queue} wl_touch#32.frame()
1787603604.412 [20:33:24.411617] {Default Queue} wl_touch#55.frame()
1787603604.422 [20:33:24.421794] {Default Queue} wl_touch#32.motion(18897960, 0, 1073.44921875, 730.30859375)
1787603604.422 [20:33:24.421831] {Default Queue} wl_touch#55.motion(18897960, 0, 1073.44921875, 730.30859375)
1787603604.422 [20:33:24.421837] {Default Queue} wl_touch#32.motion(18897960, 1, 1078.44531250, 564.46093750)
1787603604.422 [20:33:24.421845] {Default Queue} wl_touch#55.motion(18897960, 1, 1078.44531250, 564.46093750)
1787603604.422 [20:33:24.421851] {Default Queue} wl_touch#32.frame()
1787603604.422 [20:33:24.421857] {Default Queue} wl_touch#55.frame()
1787603604.432 [20:33:24.431643] {Default Queue} wl_touch#32.motion(18897970, 0, 1073.44921875, 726.31250000)
1787603604.432 [20:33:24.431681] {Default Queue} wl_touch#55.motion(18897970, 0, 1073.44921875, 726.31250000)
1787603604.432 [20:33:24.431689] {Default Queue} wl_touch#32.motion(18897970, 1, 1077.44531250, 568.45703125)
1787603604.432 [20:33:24.431698] {Default Queue} wl_touch#55.motion(18897970, 1, 1077.44531250, 568.45703125)
1787603604.432 [20:33:24.431703] {Default Queue} wl_touch#32.frame()
1787603604.432 [20:33:24.431709] {Default Queue} wl_touch#55.frame()
1787603604.442 [20:33:24.441591] {Default Queue} wl_touch#32.motion(18897980, 0, 1073.44921875, 722.31640625)
1787603604.442 [20:33:24.441634] {Default Queue} wl_touch#55.motion(18897980, 0, 1073.44921875, 722.31640625)
1787603604.442 [20:33:24.441643] {Default Queue} wl_touch#32.motion(18897980, 1, 1076.44921875, 572.45312500)
1787603604.442 [20:33:24.441654] {Default Queue} wl_touch#55.motion(18897980, 1, 1076.44921875, 572.45312500)
1787603604.442 [20:33:24.441660] {Default Queue} wl_touch#32.frame()
1787603604.442 [20:33:24.441666] {Default Queue} wl_touch#55.frame()
1787603604.453 [20:33:24.452754] {Default Queue} wl_touch#32.motion(18897990, 0, 1073.44921875, 719.31640625)
1787603604.453 [20:33:24.452857] {Default Queue} wl_touch#55.motion(18897990, 0, 1073.44921875, 719.31640625)
1787603604.453 [20:33:24.452883] {Default Queue} wl_touch#32.motion(18897990, 1, 1076.44921875, 575.45312500)
1787603604.453 [20:33:24.452912] {Default Queue} wl_touch#55.motion(18897990, 1, 1076.44921875, 575.45312500)
1787603604.453 [20:33:24.452936] {Default Queue} wl_touch#32.frame()
1787603604.453 [20:33:24.452950] {Default Queue} wl_touch#55.frame()
1787603604.462 [20:33:24.461864] {Default Queue} wl_touch#32.motion(18898000, 0, 1073.44921875, 716.32031250)
1787603604.462 [20:33:24.461932] {Default Queue} wl_touch#55.motion(18898000, 0, 1073.44921875, 716.32031250)
1787603604.462 [20:33:24.461947] {Default Queue} wl_touch#32.motion(18898000, 1, 1075.44921875, 577.44921875)
1787603604.462 [20:33:24.461965] {Default Queue} wl_touch#55.motion(18898000, 1, 1075.44921875, 577.44921875)
1787603604.462 [20:33:24.461976] {Default Queue} wl_touch#32.frame()
1787603604.462 [20:33:24.461986] {Default Queue} wl_touch#55.frame()
1787603604.472 [20:33:24.472092] {Default Queue} wl_touch#32.motion(18898010, 0, 1073.44921875, 712.32421875)
1787603604.472 [20:33:24.472184] {Default Queue} wl_touch#55.motion(18898010, 0, 1073.44921875, 712.32421875)
1787603604.472 [20:33:24.472219] {Default Queue} wl_touch#32.motion(18898010, 1, 1074.44921875, 579.44921875)
1787603604.472 [20:33:24.472282] {Default Queue} wl_touch#55.motion(18898010, 1, 1074.44921875, 579.44921875)
1787603604.472 [20:33:24.472301] {Default Queue} wl_touch#32.frame()
1787603604.472 [20:33:24.472312] {Default Queue} wl_touch#55.frame()
1787603604.481 [20:33:24.480950] {Default Queue} wl_touch#32.motion(18898019, 0, 1073.44921875, 709.32812500)
1787603604.481 [20:33:24.481020] {Default Queue} wl_touch#55.motion(18898019, 0, 1073.44921875, 709.32812500)
1787603604.481 [20:33:24.481036] {Default Queue} wl_touch#32.motion(18898019, 1, 1073.44921875, 581.44531250)
1787603604.481 [20:33:24.481055] {Default Queue} wl_touch#55.motion(18898019, 1, 1073.44921875, 581.44531250)
1787603604.481 [20:33:24.481067] {Default Queue} wl_touch#32.frame()
1787603604.481 [20:33:24.481078] {Default Queue} wl_touch#55.frame()
1787603604.491 [20:33:24.490757] {Default Queue} wl_touch#32.motion(18898029, 0, 1073.44921875, 707.32812500)
1787603604.491 [20:33:24.490927] {Default Queue} wl_touch#55.motion(18898029, 0, 1073.44921875, 707.32812500)
1787603604.491 [20:33:24.490953] {Default Queue} wl_touch#32.frame()
1787603604.491 [20:33:24.490971] {Default Queue} wl_touch#55.frame()
1787603604.503 [20:33:24.502732] {Default Queue} wl_touch#32.motion(18898039, 0, 1073.44921875, 704.33203125)
1787603604.503 [20:33:24.502847] {Default Queue} wl_touch#55.motion(18898039, 0, 1073.44921875, 704.33203125)
1787603604.503 [20:33:24.502867] {Default Queue} wl_touch#32.motion(18898039, 1, 1073.44921875, 582.44531250)
1787603604.503 [20:33:24.502887] {Default Queue} wl_touch#55.motion(18898039, 1, 1073.44921875, 582.44531250)
1787603604.503 [20:33:24.502898] {Default Queue} wl_touch#32.frame()
1787603604.503 [20:33:24.502906] {Default Queue} wl_touch#55.frame()
1787603604.511 [20:33:24.510864] {Default Queue} wl_touch#32.motion(18898049, 0, 1073.44921875, 702.33203125)
1787603604.511 [20:33:24.510933] {Default Queue} wl_touch#55.motion(18898049, 0, 1073.44921875, 702.33203125)
1787603604.511 [20:33:24.510948] {Default Queue} wl_touch#32.motion(18898049, 1, 1073.44921875, 583.44531250)
1787603604.511 [20:33:24.510967] {Default Queue} wl_touch#55.motion(18898049, 1, 1073.44921875, 583.44531250)
1787603604.511 [20:33:24.510977] {Default Queue} wl_touch#32.frame()
1787603604.511 [20:33:24.510988] {Default Queue} wl_touch#55.frame()
1787603604.521 [20:33:24.520646] {Default Queue} wl_touch#32.motion(18898059, 1, 1073.44921875, 584.44140625)
1787603604.521 [20:33:24.520701] {Default Queue} wl_touch#55.motion(18898059, 1, 1073.44921875, 584.44140625)
1787603604.521 [20:33:24.520716] {Default Queue} wl_touch#32.frame()
1787603604.521 [20:33:24.520726] {Default Queue} wl_touch#55.frame()
1787603604.530 [20:33:24.529805] {Default Queue} wl_touch#32.motion(18898068, 1, 1073.44921875, 585.44140625)
1787603604.530 [20:33:24.529872] {Default Queue} wl_touch#55.motion(18898068, 1, 1073.44921875, 585.44140625)
1787603604.530 [20:33:24.529886] {Default Queue} wl_touch#32.frame()
1787603604.530 [20:33:24.529897] {Default Queue} wl_touch#55.frame()
1787603604.562 [20:33:24.561949] {Default Queue} wl_touch#32.up(964, 18898100, 0)
1787603604.562 [20:33:24.562032] {Default Queue} wl_touch#55.up(964, 18898100, 0)
1787603604.562 [20:33:24.562047] {Default Queue} wl_touch#32.frame()
1787603604.562 [20:33:24.562058] {Default Queue} wl_touch#55.frame()
1787603604.583 [20:33:24.582865] {Default Queue} wl_touch#32.up(965, 18898121, 1)
1787603604.583 [20:33:24.582936] {Default Queue} wl_touch#55.up(965, 18898121, 1)
1787603604.583 [20:33:24.582951] {Default Queue} wl_touch#32.frame()
1787603604.583 [20:33:24.582961] {Default Queue} wl_touch#55.frame()
1787603605.302 [20:33:25.301974] {Default Queue} wl_touch#32.down(966, 18898838, wl_surface#67, 0, 1003.48437500, 779.26171875)
1787603605.302 [20:33:25.302089] {Default Queue} wl_touch#55.down(966, 18898838, wl_surface#67, 0, 1003.48437500, 779.26171875)
1787603605.302 [20:33:25.302108] {Default Queue} wl_touch#32.frame()
1787603605.302 [20:33:25.302122] {Default Queue} wl_touch#55.frame()
1787603605.319 [20:33:25.318597] {Default Queue} wl_touch#32.down(967, 18898856, wl_surface#67, 1, 1154.40625000, 822.22265625)
1787603605.319 [20:33:25.318629] {Default Queue} wl_touch#55.down(967, 18898856, wl_surface#67, 1, 1154.40625000, 822.22265625)
1787603605.319 [20:33:25.318637] {Default Queue} wl_touch#32.up(968, 18898856, 1)
1787603605.319 [20:33:25.318650] {Default Queue} wl_touch#55.up(968, 18898856, 1)
1787603605.319 [20:33:25.318655] {Default Queue} wl_touch#32.up(970, 18898856, 0)
1787603605.319 [20:33:25.318667] {Default Queue} wl_touch#55.up(970, 18898856, 0)
1787603605.319 [20:33:25.318672] {Default Queue} wl_touch#32.frame()
1787603605.319 [20:33:25.318677] {Default Queue} wl_touch#55.frame()
1787603609.000 [20:33:28.999428] {Default Queue} wl_touch#32.down(982, 18902535, wl_surface#67, 0, 1225.37109375, 436.57812500)
1787603609.000 [20:33:28.999527] {Default Queue} wl_touch#55.down(982, 18902535, wl_surface#67, 0, 1225.37109375, 436.57812500)
1787603609.000 [20:33:28.999547] {Default Queue} wl_touch#32.frame()
1787603609.000 [20:33:28.999559] {Default Queue} wl_touch#55.frame()
1787603609.061 [20:33:29.060309] {Default Queue} wl_touch#32.motion(18902598, 0, 1222.37109375, 429.58593750)
1787603609.061 [20:33:29.060396] {Default Queue} wl_touch#55.motion(18902598, 0, 1222.37109375, 429.58593750)
1787603609.061 [20:33:29.060414] {Default Queue} wl_touch#32.frame()
1787603609.061 [20:33:29.060427] {Default Queue} wl_touch#55.frame()
1787603609.070 [20:33:29.069926] {Default Queue} wl_touch#32.motion(18902608, 0, 1220.37109375, 427.58984375)
1787603609.070 [20:33:29.069991] {Default Queue} wl_touch#55.motion(18902608, 0, 1220.37109375, 427.58984375)
1787603609.070 [20:33:29.070007] {Default Queue} wl_touch#32.frame()
1787603609.070 [20:33:29.070019] {Default Queue} wl_touch#55.frame()
1787603609.080 [20:33:29.079408] {Default Queue} wl_touch#32.motion(18902617, 0, 1217.37500000, 425.58984375)
1787603609.080 [20:33:29.079489] {Default Queue} wl_touch#55.motion(18902617, 0, 1217.37500000, 425.58984375)
1787603609.080 [20:33:29.079506] {Default Queue} wl_touch#32.frame()
1787603609.080 [20:33:29.079518] {Default Queue} wl_touch#55.frame()
1787603609.088 [20:33:29.088046] {Default Queue} wl_touch#32.motion(18902626, 0, 1213.37500000, 423.59375000)
1787603609.088 [20:33:29.088108] {Default Queue} wl_touch#55.motion(18902626, 0, 1213.37500000, 423.59375000)
1787603609.088 [20:33:29.088125] {Default Queue} wl_touch#32.frame()
1787603609.088 [20:33:29.088136] {Default Queue} wl_touch#55.frame()
1787603609.097 [20:33:29.096680] {Default Queue} wl_touch#32.motion(18902635, 0, 1209.37890625, 421.59375000)
1787603609.097 [20:33:29.096712] {Default Queue} wl_touch#55.motion(18902635, 0, 1209.37890625, 421.59375000)
1787603609.097 [20:33:29.096717] {Default Queue} wl_touch#32.frame()
1787603609.097 [20:33:29.096721] {Default Queue} wl_touch#55.frame()
1787603609.106 [20:33:29.105617] {Default Queue} wl_touch#32.motion(18902644, 0, 1205.37890625, 418.59765625)
1787603609.106 [20:33:29.105651] {Default Queue} wl_touch#55.motion(18902644, 0, 1205.37890625, 418.59765625)
1787603609.106 [20:33:29.105658] {Default Queue} wl_touch#32.frame()
1787603609.106 [20:33:29.105664] {Default Queue} wl_touch#55.frame()
1787603609.115 [20:33:29.114892] {Default Queue} wl_touch#32.motion(18902653, 0, 1198.38281250, 416.59765625)
1787603609.115 [20:33:29.114946] {Default Queue} wl_touch#55.motion(18902653, 0, 1198.38281250, 416.59765625)
1787603609.115 [20:33:29.114957] {Default Queue} wl_touch#32.frame()
1787603609.115 [20:33:29.114965] {Default Queue} wl_touch#55.frame()
1787603609.124 [20:33:29.123917] {Default Queue} wl_touch#32.motion(18902662, 0, 1190.38671875, 414.60156250)
1787603609.124 [20:33:29.123981] {Default Queue} wl_touch#55.motion(18902662, 0, 1190.38671875, 414.60156250)
1787603609.124 [20:33:29.123996] {Default Queue} wl_touch#32.frame()
1787603609.124 [20:33:29.124007] {Default Queue} wl_touch#55.frame()
1787603609.134 [20:33:29.133294] {Default Queue} wl_touch#32.motion(18902671, 0, 1181.39453125, 413.60156250)
1787603609.134 [20:33:29.133383] {Default Queue} wl_touch#55.motion(18902671, 0, 1181.39453125, 413.60156250)
1787603609.134 [20:33:29.133402] {Default Queue} wl_touch#32.frame()
1787603609.134 [20:33:29.133415] {Default Queue} wl_touch#55.frame()
1787603609.143 [20:33:29.143124] {Default Queue} wl_touch#32.motion(18902681, 0, 1171.39843750, 411.60156250)
1787603609.143 [20:33:29.143204] {Default Queue} wl_touch#55.motion(18902681, 0, 1171.39843750, 411.60156250)
1787603609.143 [20:33:29.143222] {Default Queue} wl_touch#32.frame()
1787603609.143 [20:33:29.143234] {Default Queue} wl_touch#55.frame()
1787603609.153 [20:33:29.152827] {Default Queue} wl_touch#32.motion(18902690, 0, 1161.40234375, 410.60546875)
1787603609.153 [20:33:29.152877] {Default Queue} wl_touch#55.motion(18902690, 0, 1161.40234375, 410.60546875)
1787603609.153 [20:33:29.152891] {Default Queue} wl_touch#32.frame()
1787603609.153 [20:33:29.152901] {Default Queue} wl_touch#55.frame()
1787603609.161 [20:33:29.161060] {Default Queue} wl_touch#32.motion(18902699, 0, 1149.41015625, 410.60546875)
1787603609.161 [20:33:29.161138] {Default Queue} wl_touch#55.motion(18902699, 0, 1149.41015625, 410.60546875)
1787603609.161 [20:33:29.161156] {Default Queue} wl_touch#32.frame()
1787603609.161 [20:33:29.161168] {Default Queue} wl_touch#55.frame()
1787603609.170 [20:33:29.170025] {Default Queue} wl_touch#32.motion(18902708, 0, 1138.41406250, 410.60546875)
1787603609.170 [20:33:29.170098] {Default Queue} wl_touch#55.motion(18902708, 0, 1138.41406250, 410.60546875)
1787603609.170 [20:33:29.170120] {Default Queue} wl_touch#32.frame()
1787603609.170 [20:33:29.170135] {Default Queue} wl_touch#55.frame()
1787603609.179 [20:33:29.179193] {Default Queue} wl_touch#32.motion(18902717, 0, 1126.42187500, 412.60156250)
1787603609.180 [20:33:29.179271] {Default Queue} wl_touch#55.motion(18902717, 0, 1126.42187500, 412.60156250)
1787603609.180 [20:33:29.179288] {Default Queue} wl_touch#32.frame()
1787603609.180 [20:33:29.179301] {Default Queue} wl_touch#55.frame()
1787603609.188 [20:33:29.187921] {Default Queue} wl_touch#32.motion(18902726, 0, 1114.42578125, 414.60156250)
1787603609.188 [20:33:29.187981] {Default Queue} wl_touch#55.motion(18902726, 0, 1114.42578125, 414.60156250)
1787603609.188 [20:33:29.187997] {Default Queue} wl_touch#32.frame()
1787603609.188 [20:33:29.188012] {Default Queue} wl_touch#55.frame()
1787603609.197 [20:33:29.197101] {Default Queue} wl_touch#32.motion(18902735, 0, 1102.43359375, 417.59765625)
1787603609.197 [20:33:29.197180] {Default Queue} wl_touch#55.motion(18902735, 0, 1102.43359375, 417.59765625)
1787603609.197 [20:33:29.197197] {Default Queue} wl_touch#32.frame()
1787603609.197 [20:33:29.197210] {Default Queue} wl_touch#55.frame()
1787603609.206 [20:33:29.205907] {Default Queue} wl_touch#32.motion(18902744, 0, 1089.44140625, 421.59375000)
1787603609.206 [20:33:29.205986] {Default Queue} wl_touch#55.motion(18902744, 0, 1089.44140625, 421.59375000)
1787603609.206 [20:33:29.206003] {Default Queue} wl_touch#32.frame()
1787603609.206 [20:33:29.206015] {Default Queue} wl_touch#55.frame()
1787603609.215 [20:33:29.215201] {Default Queue} wl_touch#32.motion(18902753, 0, 1077.44531250, 426.58984375)
1787603609.216 [20:33:29.215279] {Default Queue} wl_touch#55.motion(18902753, 0, 1077.44531250, 426.58984375)
1787603609.216 [20:33:29.215296] {Default Queue} wl_touch#32.frame()
1787603609.216 [20:33:29.215309] {Default Queue} wl_touch#55.frame()
1787603609.225 [20:33:29.224917] {Default Queue} wl_touch#32.motion(18902763, 0, 1065.45312500, 432.58203125)
1787603609.225 [20:33:29.224995] {Default Queue} wl_touch#55.motion(18902763, 0, 1065.45312500, 432.58203125)
1787603609.225 [20:33:29.225011] {Default Queue} wl_touch#32.frame()
1787603609.225 [20:33:29.225021] {Default Queue} wl_touch#55.frame()
1787603609.236 [20:33:29.236073] {Default Queue} wl_touch#32.motion(18902772, 0, 1053.46093750, 438.57812500)
1787603609.236 [20:33:29.236143] {Default Queue} wl_touch#55.motion(18902772, 0, 1053.46093750, 438.57812500)
1787603609.236 [20:33:29.236159] {Default Queue} wl_touch#32.frame()
1787603609.236 [20:33:29.236169] {Default Queue} wl_touch#55.frame()
1787603609.243 [20:33:29.243145] {Default Queue} wl_touch#32.motion(18902781, 0, 1042.46484375, 445.57031250)
1787603609.243 [20:33:29.243207] {Default Queue} wl_touch#55.motion(18902781, 0, 1042.46484375, 445.57031250)
1787603609.243 [20:33:29.243223] {Default Queue} wl_touch#32.frame()
1787603609.243 [20:33:29.243234] {Default Queue} wl_touch#55.frame()
1787603609.253 [20:33:29.252881] {Default Queue} wl_touch#32.motion(18902790, 0, 1031.47265625, 451.56640625)
1787603609.253 [20:33:29.252948] {Default Queue} wl_touch#55.motion(18902790, 0, 1031.47265625, 451.56640625)
1787603609.253 [20:33:29.252970] {Default Queue} wl_touch#32.frame()
1787603609.253 [20:33:29.252985] {Default Queue} wl_touch#55.frame()
1787603609.261 [20:33:29.261029] {Default Queue} wl_touch#32.motion(18902799, 0, 1022.47656250, 458.55859375)
1787603609.261 [20:33:29.261105] {Default Queue} wl_touch#55.motion(18902799, 0, 1022.47656250, 458.55859375)
1787603609.261 [20:33:29.261122] {Default Queue} wl_touch#32.frame()
1787603609.261 [20:33:29.261134] {Default Queue} wl_touch#55.frame()
1787603609.270 [20:33:29.270108] {Default Queue} wl_touch#32.motion(18902808, 0, 1014.48046875, 466.55078125)
1787603609.270 [20:33:29.270169] {Default Queue} wl_touch#55.motion(18902808, 0, 1014.48046875, 466.55078125)
1787603609.270 [20:33:29.270185] {Default Queue} wl_touch#32.frame()
1787603609.270 [20:33:29.270196] {Default Queue} wl_touch#55.frame()
1787603609.279 [20:33:29.279229] {Default Queue} wl_touch#32.motion(18902817, 0, 1007.48437500, 473.54687500)
1787603609.280 [20:33:29.279305] {Default Queue} wl_touch#55.motion(18902817, 0, 1007.48437500, 473.54687500)
1787603609.280 [20:33:29.279323] {Default Queue} wl_touch#32.frame()
1787603609.280 [20:33:29.279335] {Default Queue} wl_touch#55.frame()
1787603609.288 [20:33:29.288039] {Default Queue} wl_touch#32.motion(18902826, 0, 1001.48828125, 480.53906250)
1787603609.288 [20:33:29.288137] {Default Queue} wl_touch#55.motion(18902826, 0, 1001.48828125, 480.53906250)
1787603609.289 [20:33:29.288169] {Default Queue} wl_touch#32.frame()
1787603609.289 [20:33:29.288190] {Default Queue} wl_touch#55.frame()
1787603609.298 [20:33:29.298132] {Default Queue} wl_touch#32.motion(18902836, 0, 997.48828125, 487.53125000)
1787603609.298 [20:33:29.298209] {Default Queue} wl_touch#55.motion(18902836, 0, 997.48828125, 487.53125000)
1787603609.298 [20:33:29.298227] {Default Queue} wl_touch#32.frame()
1787603609.298 [20:33:29.298239] {Default Queue} wl_touch#55.frame()
1787603609.307 [20:33:29.306893] {Default Queue} wl_touch#32.motion(18902845, 0, 994.48828125, 494.52734375)
1787603609.307 [20:33:29.306972] {Default Queue} wl_touch#55.motion(18902845, 0, 994.48828125, 494.52734375)
1787603609.307 [20:33:29.307011] {Default Queue} wl_touch#32.frame()
1787603609.307 [20:33:29.307023] {Default Queue} wl_touch#55.frame()
1787603609.316 [20:33:29.316113] {Default Queue} wl_touch#32.motion(18902854, 0, 992.49218750, 500.51953125)
1787603609.316 [20:33:29.316193] {Default Queue} wl_touch#55.motion(18902854, 0, 992.49218750, 500.51953125)
1787603609.317 [20:33:29.316210] {Default Queue} wl_touch#32.frame()
1787603609.317 [20:33:29.316223] {Default Queue} wl_touch#55.frame()
1787603609.325 [20:33:29.325004] {Default Queue} wl_touch#32.motion(18902863, 0, 992.49218750, 506.51562500)
1787603609.325 [20:33:29.325061] {Default Queue} wl_touch#55.motion(18902863, 0, 992.49218750, 506.51562500)
1787603609.325 [20:33:29.325077] {Default Queue} wl_touch#32.frame()
1787603609.325 [20:33:29.325089] {Default Queue} wl_touch#55.frame()
1787603609.336 [20:33:29.336174] {Default Queue} wl_touch#32.motion(18902872, 0, 993.49218750, 511.51171875)
1787603609.336 [20:33:29.336245] {Default Queue} wl_touch#55.motion(18902872, 0, 993.49218750, 511.51171875)
1787603609.336 [20:33:29.336261] {Default Queue} wl_touch#32.frame()
1787603609.337 [20:33:29.336271] {Default Queue} wl_touch#55.frame()
1787603609.343 [20:33:29.343124] {Default Queue} wl_touch#32.motion(18902881, 0, 995.48828125, 516.50781250)
1787603609.343 [20:33:29.343188] {Default Queue} wl_touch#55.motion(18902881, 0, 995.48828125, 516.50781250)
1787603609.343 [20:33:29.343203] {Default Queue} wl_touch#32.frame()
1787603609.343 [20:33:29.343214] {Default Queue} wl_touch#55.frame()
1787603609.353 [20:33:29.352892] {Default Queue} wl_touch#32.motion(18902890, 0, 999.48828125, 520.50390625)
1787603609.353 [20:33:29.352956] {Default Queue} wl_touch#55.motion(18902890, 0, 999.48828125, 520.50390625)
1787603609.353 [20:33:29.352987] {Default Queue} wl_touch#32.frame()
1787603609.353 [20:33:29.353011] {Default Queue} wl_touch#55.frame()
1787603609.361 [20:33:29.360894] {Default Queue} wl_touch#32.motion(18902899, 0, 1003.48437500, 524.50000000)
1787603609.361 [20:33:29.360966] {Default Queue} wl_touch#55.motion(18902899, 0, 1003.48437500, 524.50000000)
1787603609.361 [20:33:29.360982] {Default Queue} wl_touch#32.frame()
1787603609.361 [20:33:29.360995] {Default Queue} wl_touch#55.frame()
1787603609.371 [20:33:29.370833] {Default Queue} wl_touch#32.motion(18902909, 0, 1008.48437500, 528.49609375)
1787603609.371 [20:33:29.370932] {Default Queue} wl_touch#55.motion(18902909, 0, 1008.48437500, 528.49609375)
1787603609.371 [20:33:29.370951] {Default Queue} wl_touch#32.frame()
1787603609.371 [20:33:29.370964] {Default Queue} wl_touch#55.frame()
1787603609.380 [20:33:29.379898] {Default Queue} wl_touch#32.motion(18902918, 0, 1014.48046875, 530.49218750)
1787603609.380 [20:33:29.379990] {Default Queue} wl_touch#55.motion(18902918, 0, 1014.48046875, 530.49218750)
1787603609.380 [20:33:29.380007] {Default Queue} wl_touch#32.frame()
1787603609.380 [20:33:29.380019] {Default Queue} wl_touch#55.frame()
1787603609.389 [20:33:29.389081] {Default Queue} wl_touch#32.motion(18902927, 0, 1020.47656250, 532.49218750)
1787603609.389 [20:33:29.389142] {Default Queue} wl_touch#55.motion(18902927, 0, 1020.47656250, 532.49218750)
1787603609.389 [20:33:29.389173] {Default Queue} wl_touch#32.frame()
1787603609.389 [20:33:29.389196] {Default Queue} wl_touch#55.frame()
1787603609.398 [20:33:29.398182] {Default Queue} wl_touch#32.motion(18902936, 0, 1029.47265625, 534.48828125)
1787603609.399 [20:33:29.398262] {Default Queue} wl_touch#55.motion(18902936, 0, 1029.47265625, 534.48828125)
1787603609.399 [20:33:29.398280] {Default Queue} wl_touch#32.frame()
1787603609.399 [20:33:29.398293] {Default Queue} wl_touch#55.frame()
1787603609.407 [20:33:29.406803] {Default Queue} wl_touch#32.motion(18902945, 0, 1037.46875000, 536.48828125)
1787603609.407 [20:33:29.406875] {Default Queue} wl_touch#55.motion(18902945, 0, 1037.46875000, 536.48828125)
1787603609.407 [20:33:29.406909] {Default Queue} wl_touch#32.frame()
1787603609.407 [20:33:29.406921] {Default Queue} wl_touch#55.frame()
1787603609.417 [20:33:29.416198] {Default Queue} wl_touch#32.motion(18902954, 0, 1046.46484375, 536.48828125)
1787603609.417 [20:33:29.416275] {Default Queue} wl_touch#55.motion(18902954, 0, 1046.46484375, 536.48828125)
1787603609.417 [20:33:29.416291] {Default Queue} wl_touch#32.frame()
1787603609.417 [20:33:29.416303] {Default Queue} wl_touch#55.frame()
1787603609.425 [20:33:29.424914] {Default Queue} wl_touch#32.motion(18902963, 0, 1055.45703125, 536.48828125)
1787603609.425 [20:33:29.424972] {Default Queue} wl_touch#55.motion(18902963, 0, 1055.45703125, 536.48828125)
1787603609.425 [20:33:29.424988] {Default Queue} wl_touch#32.frame()
1787603609.425 [20:33:29.425000] {Default Queue} wl_touch#55.frame()
1787603609.436 [20:33:29.436134] {Default Queue} wl_touch#32.motion(18902972, 0, 1066.45312500, 536.48828125)
1787603609.436 [20:33:29.436204] {Default Queue} wl_touch#55.motion(18902972, 0, 1066.45312500, 536.48828125)
1787603609.436 [20:33:29.436224] {Default Queue} wl_touch#32.frame()
1787603609.436 [20:33:29.436239] {Default Queue} wl_touch#55.frame()
1787603609.444 [20:33:29.443954] {Default Queue} wl_touch#32.motion(18902982, 0, 1076.44921875, 536.48828125)
1787603609.444 [20:33:29.444023] {Default Queue} wl_touch#55.motion(18902982, 0, 1076.44921875, 536.48828125)
1787603609.444 [20:33:29.444040] {Default Queue} wl_touch#32.frame()
1787603609.444 [20:33:29.444052] {Default Queue} wl_touch#55.frame()
1787603609.453 [20:33:29.453163] {Default Queue} wl_touch#32.motion(18902991, 0, 1088.44140625, 534.48828125)
1787603609.453 [20:33:29.453239] {Default Queue} wl_touch#55.motion(18902991, 0, 1088.44140625, 534.48828125)
1787603609.453 [20:33:29.453262] {Default Queue} wl_touch#32.frame()
1787603609.453 [20:33:29.453278] {Default Queue} wl_touch#55.frame()
1787603609.462 [20:33:29.462156] {Default Queue} wl_touch#32.motion(18903000, 0, 1099.43359375, 532.49218750)
1787603609.462 [20:33:29.462235] {Default Queue} wl_touch#55.motion(18903000, 0, 1099.43359375, 532.49218750)
1787603609.462 [20:33:29.462253] {Default Queue} wl_touch#32.frame()
1787603609.463 [20:33:29.462265] {Default Queue} wl_touch#55.frame()
1787603609.471 [20:33:29.470795] {Default Queue} wl_touch#32.motion(18903009, 0, 1110.42968750, 530.49218750)
1787603609.471 [20:33:29.470864] {Default Queue} wl_touch#55.motion(18903009, 0, 1110.42968750, 530.49218750)
1787603609.471 [20:33:29.470887] {Default Queue} wl_touch#32.frame()
1787603609.471 [20:33:29.470903] {Default Queue} wl_touch#55.frame()
1787603609.481 [20:33:29.480258] {Default Queue} wl_touch#32.motion(18903018, 0, 1120.42578125, 527.49609375)
1787603609.481 [20:33:29.480340] {Default Queue} wl_touch#55.motion(18903018, 0, 1120.42578125, 527.49609375)
1787603609.481 [20:33:29.480358] {Default Queue} wl_touch#32.frame()
1787603609.481 [20:33:29.480371] {Default Queue} wl_touch#55.frame()
1787603609.489 [20:33:29.489085] {Default Queue} wl_touch#32.motion(18903027, 0, 1130.41796875, 524.50000000)
1787603609.489 [20:33:29.489155] {Default Queue} wl_touch#55.motion(18903027, 0, 1130.41796875, 524.50000000)
1787603609.489 [20:33:29.489171] {Default Queue} wl_touch#32.frame()
1787603609.489 [20:33:29.489183] {Default Queue} wl_touch#55.frame()
1787603609.498 [20:33:29.498102] {Default Queue} wl_touch#32.motion(18903036, 0, 1140.41406250, 520.50390625)
1787603609.498 [20:33:29.498182] {Default Queue} wl_touch#55.motion(18903036, 0, 1140.41406250, 520.50390625)
1787603609.498 [20:33:29.498199] {Default Queue} wl_touch#32.frame()
1787603609.498 [20:33:29.498212] {Default Queue} wl_touch#55.frame()
1787603609.507 [20:33:29.506962] {Default Queue} wl_touch#32.motion(18903045, 0, 1149.41015625, 516.50781250)
1787603609.507 [20:33:29.507021] {Default Queue} wl_touch#55.motion(18903045, 0, 1149.41015625, 516.50781250)
1787603609.507 [20:33:29.507037] {Default Queue} wl_touch#32.frame()
1787603609.507 [20:33:29.507048] {Default Queue} wl_touch#55.frame()
1787603609.517 [20:33:29.517201] {Default Queue} wl_touch#32.motion(18903055, 0, 1158.40625000, 512.50781250)
1787603609.518 [20:33:29.517285] {Default Queue} wl_touch#55.motion(18903055, 0, 1158.40625000, 512.50781250)
1787603609.518 [20:33:29.517304] {Default Queue} wl_touch#32.frame()
1787603609.518 [20:33:29.517317] {Default Queue} wl_touch#55.frame()
1787603609.526 [20:33:29.526012] {Default Queue} wl_touch#32.motion(18903064, 0, 1166.40234375, 507.51562500)
1787603609.526 [20:33:29.526071] {Default Queue} wl_touch#55.motion(18903064, 0, 1166.40234375, 507.51562500)
1787603609.526 [20:33:29.526088] {Default Queue} wl_touch#32.frame()
1787603609.526 [20:33:29.526100] {Default Queue} wl_touch#55.frame()
1787603609.536 [20:33:29.536139] {Default Queue} wl_touch#32.motion(18903073, 0, 1173.39843750, 503.51953125)
1787603609.536 [20:33:29.536189] {Default Queue} wl_touch#55.motion(18903073, 0, 1173.39843750, 503.51953125)
1787603609.536 [20:33:29.536219] {Default Queue} wl_touch#32.frame()
1787603609.536 [20:33:29.536236] {Default Queue} wl_touch#55.frame()
1787603609.544 [20:33:29.543911] {Default Queue} wl_touch#32.motion(18903082, 0, 1179.39453125, 497.52343750)
1787603609.544 [20:33:29.543985] {Default Queue} wl_touch#55.motion(18903082, 0, 1179.39453125, 497.52343750)
1787603609.544 [20:33:29.544002] {Default Queue} wl_touch#32.frame()
1787603609.544 [20:33:29.544014] {Default Queue} wl_touch#55.frame()
1787603609.553 [20:33:29.552892] {Default Queue} wl_touch#32.motion(18903091, 0, 1185.39062500, 491.52734375)
1787603609.553 [20:33:29.552968] {Default Queue} wl_touch#55.motion(18903091, 0, 1185.39062500, 491.52734375)
1787603609.553 [20:33:29.552991] {Default Queue} wl_touch#32.frame()
1787603609.553 [20:33:29.553013] {Default Queue} wl_touch#55.frame()
1787603609.562 [20:33:29.561974] {Default Queue} wl_touch#32.motion(18903100, 0, 1191.38671875, 485.53515625)
1787603609.562 [20:33:29.562049] {Default Queue} wl_touch#55.motion(18903100, 0, 1191.38671875, 485.53515625)
1787603609.562 [20:33:29.562066] {Default Queue} wl_touch#32.frame()
1787603609.562 [20:33:29.562078] {Default Queue} wl_touch#55.frame()
1787603609.571 [20:33:29.570990] {Default Queue} wl_touch#32.motion(18903109, 0, 1196.38671875, 479.53906250)
1787603609.571 [20:33:29.571107] {Default Queue} wl_touch#55.motion(18903109, 0, 1196.38671875, 479.53906250)
1787603609.571 [20:33:29.571145] {Default Queue} wl_touch#32.frame()
1787603609.571 [20:33:29.571171] {Default Queue} wl_touch#55.frame()
1787603609.580 [20:33:29.579947] {Default Queue} wl_touch#32.motion(18903118, 0, 1200.38281250, 472.54687500)
1787603609.580 [20:33:29.580019] {Default Queue} wl_touch#55.motion(18903118, 0, 1200.38281250, 472.54687500)
1787603609.580 [20:33:29.580036] {Default Queue} wl_touch#32.frame()
1787603609.580 [20:33:29.580048] {Default Queue} wl_touch#55.frame()
1787603609.590 [20:33:29.590109] {Default Queue} wl_touch#32.motion(18903128, 0, 1203.38281250, 466.55078125)
1787603609.590 [20:33:29.590169] {Default Queue} wl_touch#55.motion(18903128, 0, 1203.38281250, 466.55078125)
1787603609.590 [20:33:29.590185] {Default Queue} wl_touch#32.frame()
1787603609.590 [20:33:29.590196] {Default Queue} wl_touch#55.frame()
1787603609.599 [20:33:29.599192] {Default Queue} wl_touch#32.motion(18903137, 0, 1205.37890625, 458.55859375)
1787603609.600 [20:33:29.599269] {Default Queue} wl_touch#55.motion(18903137, 0, 1205.37890625, 458.55859375)
1787603609.600 [20:33:29.599287] {Default Queue} wl_touch#32.frame()
1787603609.600 [20:33:29.599299] {Default Queue} wl_touch#55.frame()
1787603609.608 [20:33:29.607888] {Default Queue} wl_touch#32.motion(18903146, 0, 1205.37890625, 452.56640625)
1787603609.608 [20:33:29.607958] {Default Queue} wl_touch#55.motion(18903146, 0, 1205.37890625, 452.56640625)
1787603609.608 [20:33:29.607976] {Default Queue} wl_touch#32.frame()
1787603609.608 [20:33:29.607987] {Default Queue} wl_touch#55.frame()
1787603609.618 [20:33:29.617260] {Default Queue} wl_touch#32.motion(18903155, 0, 1206.37890625, 446.57031250)
1787603609.618 [20:33:29.617352] {Default Queue} wl_touch#55.motion(18903155, 0, 1206.37890625, 446.57031250)
1787603609.618 [20:33:29.617372] {Default Queue} wl_touch#32.frame()
1787603609.618 [20:33:29.617385] {Default Queue} wl_touch#55.frame()
1787603609.626 [20:33:29.625981] {Default Queue} wl_touch#32.motion(18903164, 0, 1206.37890625, 439.57812500)
1787603609.626 [20:33:29.626053] {Default Queue} wl_touch#55.motion(18903164, 0, 1206.37890625, 439.57812500)
1787603609.626 [20:33:29.626070] {Default Queue} wl_touch#32.frame()
1787603609.626 [20:33:29.626082] {Default Queue} wl_touch#55.frame()
1787603609.636 [20:33:29.636155] {Default Queue} wl_touch#32.motion(18903173, 0, 1205.37890625, 433.58203125)
1787603609.636 [20:33:29.636202] {Default Queue} wl_touch#55.motion(18903173, 0, 1205.37890625, 433.58203125)
1787603609.636 [20:33:29.636218] {Default Queue} wl_touch#32.frame()
1787603609.636 [20:33:29.636230] {Default Queue} wl_touch#55.frame()
1787603609.644 [20:33:29.643962] {Default Queue} wl_touch#32.motion(18903182, 0, 1204.37890625, 425.58984375)
1787603609.644 [20:33:29.644034] {Default Queue} wl_touch#55.motion(18903182, 0, 1204.37890625, 425.58984375)
1787603609.644 [20:33:29.644050] {Default Queue} wl_touch#32.frame()
1787603609.644 [20:33:29.644062] {Default Queue} wl_touch#55.frame()
1787603609.653 [20:33:29.653021] {Default Queue} wl_touch#32.motion(18903191, 0, 1202.38281250, 418.59765625)
1787603609.653 [20:33:29.653094] {Default Queue} wl_touch#55.motion(18903191, 0, 1202.38281250, 418.59765625)
1787603609.653 [20:33:29.653126] {Default Queue} wl_touch#32.frame()
1787603609.653 [20:33:29.653142] {Default Queue} wl_touch#55.frame()
1787603609.663 [20:33:29.663111] {Default Queue} wl_touch#32.motion(18903201, 0, 1200.38281250, 411.60156250)
1787603609.663 [20:33:29.663189] {Default Queue} wl_touch#55.motion(18903201, 0, 1200.38281250, 411.60156250)
1787603609.663 [20:33:29.663206] {Default Queue} wl_touch#32.frame()
1787603609.663 [20:33:29.663219] {Default Queue} wl_touch#55.frame()
1787603609.672 [20:33:29.671984] {Default Queue} wl_touch#32.motion(18903210, 0, 1196.38671875, 404.60937500)
1787603609.672 [20:33:29.672046] {Default Queue} wl_touch#55.motion(18903210, 0, 1196.38671875, 404.60937500)
1787603609.672 [20:33:29.672063] {Default Queue} wl_touch#32.frame()
1787603609.672 [20:33:29.672074] {Default Queue} wl_touch#55.frame()
1787603609.681 [20:33:29.681069] {Default Queue} wl_touch#32.motion(18903219, 0, 1192.38671875, 397.61718750)
1787603609.681 [20:33:29.681148] {Default Queue} wl_touch#55.motion(18903219, 0, 1192.38671875, 397.61718750)
1787603609.681 [20:33:29.681165] {Default Queue} wl_touch#32.frame()
1787603609.681 [20:33:29.681177] {Default Queue} wl_touch#55.frame()
1787603609.690 [20:33:29.690003] {Default Queue} wl_touch#32.motion(18903228, 0, 1188.39062500, 389.62500000)
1787603609.690 [20:33:29.690074] {Default Queue} wl_touch#55.motion(18903228, 0, 1188.39062500, 389.62500000)
1787603609.690 [20:33:29.690091] {Default Queue} wl_touch#32.frame()
1787603609.690 [20:33:29.690103] {Default Queue} wl_touch#55.frame()
1787603609.700 [20:33:29.699217] {Default Queue} wl_touch#32.motion(18903237, 0, 1184.39062500, 382.62890625)
1787603609.700 [20:33:29.699294] {Default Queue} wl_touch#55.motion(18903237, 0, 1184.39062500, 382.62890625)
1787603609.700 [20:33:29.699311] {Default Queue} wl_touch#32.frame()
1787603609.700 [20:33:29.699324] {Default Queue} wl_touch#55.frame()
1787603609.708 [20:33:29.707896] {Default Queue} wl_touch#32.motion(18903246, 0, 1179.39453125, 374.63671875)
1787603609.708 [20:33:29.707967] {Default Queue} wl_touch#55.motion(18903246, 0, 1179.39453125, 374.63671875)
1787603609.708 [20:33:29.707984] {Default Queue} wl_touch#32.frame()
1787603609.708 [20:33:29.707996] {Default Queue} wl_touch#55.frame()
1787603609.717 [20:33:29.717005] {Default Queue} wl_touch#32.motion(18903255, 0, 1174.39453125, 366.64453125)
1787603609.717 [20:33:29.717071] {Default Queue} wl_touch#55.motion(18903255, 0, 1174.39453125, 366.64453125)
1787603609.717 [20:33:29.717088] {Default Queue} wl_touch#32.frame()
1787603609.717 [20:33:29.717100] {Default Queue} wl_touch#55.frame()
1787603609.726 [20:33:29.725970] {Default Queue} wl_touch#32.motion(18903264, 0, 1168.39843750, 358.65234375)
1787603609.726 [20:33:29.726044] {Default Queue} wl_touch#55.motion(18903264, 0, 1168.39843750, 358.65234375)
1787603609.726 [20:33:29.726061] {Default Queue} wl_touch#32.frame()
1787603609.726 [20:33:29.726073] {Default Queue} wl_touch#55.frame()
1787603609.736 [20:33:29.736112] {Default Queue} wl_touch#32.motion(18903273, 0, 1162.40234375, 350.66015625)
1787603609.736 [20:33:29.736197] {Default Queue} wl_touch#55.motion(18903273, 0, 1162.40234375, 350.66015625)
1787603609.736 [20:33:29.736217] {Default Queue} wl_touch#32.frame()
1787603609.736 [20:33:29.736235] {Default Queue} wl_touch#55.frame()
1787603609.745 [20:33:29.745108] {Default Queue} wl_touch#32.motion(18903283, 0, 1154.40625000, 342.66796875)
1787603609.745 [20:33:29.745189] {Default Queue} wl_touch#55.motion(18903283, 0, 1154.40625000, 342.66796875)
1787603609.745 [20:33:29.745207] {Default Queue} wl_touch#32.frame()
1787603609.745 [20:33:29.745219] {Default Queue} wl_touch#55.frame()
1787603609.754 [20:33:29.753859] {Default Queue} wl_touch#32.motion(18903292, 0, 1147.41015625, 334.67578125)
1787603609.754 [20:33:29.754017] {Default Queue} wl_touch#55.motion(18903292, 0, 1147.41015625, 334.67578125)
1787603609.754 [20:33:29.754081] {Default Queue} wl_touch#32.frame()
1787603609.754 [20:33:29.754094] {Default Queue} wl_touch#55.frame()
1787603609.763 [20:33:29.763199] {Default Queue} wl_touch#32.motion(18903301, 0, 1140.41406250, 326.68359375)
1787603609.764 [20:33:29.763279] {Default Queue} wl_touch#55.motion(18903301, 0, 1140.41406250, 326.68359375)
1787603609.764 [20:33:29.763296] {Default Queue} wl_touch#32.frame()
1787603609.764 [20:33:29.763308] {Default Queue} wl_touch#55.frame()
1787603609.772 [20:33:29.771938] {Default Queue} wl_touch#32.motion(18903310, 0, 1132.41796875, 318.68750000)
1787603609.772 [20:33:29.771998] {Default Queue} wl_touch#55.motion(18903310, 0, 1132.41796875, 318.68750000)
1787603609.772 [20:33:29.772014] {Default Queue} wl_touch#32.frame()
1787603609.772 [20:33:29.772044] {Default Queue} wl_touch#55.frame()
1787603609.781 [20:33:29.781107] {Default Queue} wl_touch#32.motion(18903319, 0, 1124.42187500, 310.69531250)
1787603609.781 [20:33:29.781185] {Default Queue} wl_touch#55.motion(18903319, 0, 1124.42187500, 310.69531250)
1787603609.781 [20:33:29.781202] {Default Queue} wl_touch#32.frame()
1787603609.781 [20:33:29.781215] {Default Queue} wl_touch#55.frame()
1787603609.790 [20:33:29.790074] {Default Queue} wl_touch#32.motion(18903328, 0, 1116.42578125, 302.70312500)
1787603609.790 [20:33:29.790133] {Default Queue} wl_touch#55.motion(18903328, 0, 1116.42578125, 302.70312500)
1787603609.790 [20:33:29.790151] {Default Queue} wl_touch#32.frame()
1787603609.790 [20:33:29.790174] {Default Queue} wl_touch#55.frame()
1787603609.800 [20:33:29.799277] {Default Queue} wl_touch#32.motion(18903337, 0, 1109.42968750, 294.71093750)
1787603609.800 [20:33:29.799357] {Default Queue} wl_touch#55.motion(18903337, 0, 1109.42968750, 294.71093750)
1787603609.800 [20:33:29.799374] {Default Queue} wl_touch#32.frame()
1787603609.800 [20:33:29.799387] {Default Queue} wl_touch#55.frame()
1787603609.808 [20:33:29.807829] {Default Queue} wl_touch#32.motion(18903346, 0, 1102.43359375, 286.71875000)
1787603609.808 [20:33:29.807902] {Default Queue} wl_touch#55.motion(18903346, 0, 1102.43359375, 286.71875000)
1787603609.808 [20:33:29.807919] {Default Queue} wl_touch#32.frame()
1787603609.808 [20:33:29.807931] {Default Queue} wl_touch#55.frame()
1787603609.820 [20:33:29.819420] {Default Queue} wl_touch#32.motion(18903356, 0, 1094.43750000, 278.72656250)
1787603609.820 [20:33:29.819477] {Default Queue} wl_touch#55.motion(18903356, 0, 1094.43750000, 278.72656250)
1787603609.820 [20:33:29.819499] {Default Queue} wl_touch#32.frame()
1787603609.820 [20:33:29.819514] {Default Queue} wl_touch#55.frame()
1787603609.827 [20:33:29.826923] {Default Queue} wl_touch#32.motion(18903365, 0, 1088.44140625, 270.73437500)
1787603609.827 [20:33:29.826990] {Default Queue} wl_touch#55.motion(18903365, 0, 1088.44140625, 270.73437500)
1787603609.827 [20:33:29.827007] {Default Queue} wl_touch#32.frame()
1787603609.827 [20:33:29.827019] {Default Queue} wl_touch#55.frame()
1787603609.837 [20:33:29.836484] {Default Queue} wl_touch#32.motion(18903374, 0, 1081.44531250, 263.73828125)
1787603609.837 [20:33:29.836552] {Default Queue} wl_touch#55.motion(18903374, 0, 1081.44531250, 263.73828125)
1787603609.837 [20:33:29.836573] {Default Queue} wl_touch#32.frame()
1787603609.837 [20:33:29.836589] {Default Queue} wl_touch#55.frame()
1787603609.846 [20:33:29.845232] {Default Queue} wl_touch#32.motion(18903383, 0, 1075.44921875, 256.74609375)
1787603609.846 [20:33:29.845310] {Default Queue} wl_touch#55.motion(18903383, 0, 1075.44921875, 256.74609375)
1787603609.846 [20:33:29.845328] {Default Queue} wl_touch#32.frame()
1787603609.846 [20:33:29.845340] {Default Queue} wl_touch#55.frame()
1787603609.854 [20:33:29.853807] {Default Queue} wl_touch#32.motion(18903392, 0, 1069.44921875, 249.75390625)
1787603609.854 [20:33:29.853874] {Default Queue} wl_touch#55.motion(18903392, 0, 1069.44921875, 249.75390625)
1787603609.854 [20:33:29.853923] {Default Queue} wl_touch#32.frame()
1787603609.854 [20:33:29.853952] {Default Queue} wl_touch#55.frame()
1787603609.863 [20:33:29.863113] {Default Queue} wl_touch#32.motion(18903401, 0, 1063.45312500, 243.75781250)
1787603609.863 [20:33:29.863190] {Default Queue} wl_touch#55.motion(18903401, 0, 1063.45312500, 243.75781250)
1787603609.863 [20:33:29.863207] {Default Queue} wl_touch#32.frame()
1787603609.863 [20:33:29.863219] {Default Queue} wl_touch#55.frame()
1787603609.872 [20:33:29.872107] {Default Queue} wl_touch#32.motion(18903410, 0, 1059.45703125, 237.76562500)
1787603609.872 [20:33:29.872170] {Default Queue} wl_touch#55.motion(18903410, 0, 1059.45703125, 237.76562500)
1787603609.872 [20:33:29.872203] {Default Queue} wl_touch#32.frame()
1787603609.872 [20:33:29.872223] {Default Queue} wl_touch#55.frame()
1787603609.881 [20:33:29.881126] {Default Queue} wl_touch#32.motion(18903419, 0, 1054.45703125, 233.76953125)
1787603609.881 [20:33:29.881206] {Default Queue} wl_touch#55.motion(18903419, 0, 1054.45703125, 233.76953125)
1787603609.881 [20:33:29.881224] {Default Queue} wl_touch#32.frame()
1787603609.881 [20:33:29.881237] {Default Queue} wl_touch#55.frame()
1787603609.891 [20:33:29.890901] {Default Queue} wl_touch#32.motion(18903429, 0, 1049.46093750, 229.76953125)
1787603609.891 [20:33:29.890978] {Default Queue} wl_touch#55.motion(18903429, 0, 1049.46093750, 229.76953125)
1787603609.891 [20:33:29.890996] {Default Queue} wl_touch#32.frame()
1787603609.891 [20:33:29.891008] {Default Queue} wl_touch#55.frame()
1787603609.900 [20:33:29.900164] {Default Queue} wl_touch#32.motion(18903438, 0, 1045.46484375, 225.77343750)
1787603609.901 [20:33:29.900251] {Default Queue} wl_touch#55.motion(18903438, 0, 1045.46484375, 225.77343750)
1787603609.901 [20:33:29.900270] {Default Queue} wl_touch#32.frame()
1787603609.901 [20:33:29.900283] {Default Queue} wl_touch#55.frame()
1787603609.909 [20:33:29.908804] {Default Queue} wl_touch#32.motion(18903447, 0, 1041.46484375, 221.77734375)
1787603609.909 [20:33:29.908917] {Default Queue} wl_touch#55.motion(18903447, 0, 1041.46484375, 221.77734375)
1787603609.909 [20:33:29.908937] {Default Queue} wl_touch#32.frame()
1787603609.909 [20:33:29.908951] {Default Queue} wl_touch#55.frame()
1787603609.920 [20:33:29.919571] {Default Queue} wl_touch#32.motion(18903456, 0, 1037.46875000, 220.78125000)
1787603609.920 [20:33:29.919662] {Default Queue} wl_touch#55.motion(18903456, 0, 1037.46875000, 220.78125000)
1787603609.920 [20:33:29.919698] {Default Queue} wl_touch#32.frame()
1787603609.920 [20:33:29.919721] {Default Queue} wl_touch#55.frame()
1787603609.927 [20:33:29.926987] {Default Queue} wl_touch#32.motion(18903465, 0, 1033.46875000, 218.78125000)
1787603609.927 [20:33:29.927046] {Default Queue} wl_touch#55.motion(18903465, 0, 1033.46875000, 218.78125000)
1787603609.927 [20:33:29.927062] {Default Queue} wl_touch#32.frame()
1787603609.927 [20:33:29.927073] {Default Queue} wl_touch#55.frame()
1787603609.936 [20:33:29.936056] {Default Queue} wl_touch#32.motion(18903474, 0, 1029.47265625, 218.78125000)
1787603609.936 [20:33:29.936129] {Default Queue} wl_touch#55.motion(18903474, 0, 1029.47265625, 218.78125000)
1787603609.936 [20:33:29.936168] {Default Queue} wl_touch#32.frame()
1787603609.936 [20:33:29.936193] {Default Queue} wl_touch#55.frame()
1787603609.945 [20:33:29.944896] {Default Queue} wl_touch#32.motion(18903483, 0, 1025.47265625, 218.78125000)
1787603609.945 [20:33:29.944970] {Default Queue} wl_touch#55.motion(18903483, 0, 1025.47265625, 218.78125000)
1787603609.945 [20:33:29.944987] {Default Queue} wl_touch#32.frame()
1787603609.945 [20:33:29.944998] {Default Queue} wl_touch#55.frame()
1787603609.954 [20:33:29.953785] {Default Queue} wl_touch#32.motion(18903492, 0, 1020.47656250, 220.78125000)
1787603609.954 [20:33:29.953966] {Default Queue} wl_touch#55.motion(18903492, 0, 1020.47656250, 220.78125000)
1787603609.954 [20:33:29.954003] {Default Queue} wl_touch#32.frame()
1787603609.954 [20:33:29.954016] {Default Queue} wl_touch#55.frame()
1787603609.964 [20:33:29.964130] {Default Queue} wl_touch#32.motion(18903502, 0, 1016.48046875, 222.77734375)
1787603609.964 [20:33:29.964207] {Default Queue} wl_touch#55.motion(18903502, 0, 1016.48046875, 222.77734375)
1787603609.964 [20:33:29.964225] {Default Queue} wl_touch#32.frame()
1787603609.964 [20:33:29.964238] {Default Queue} wl_touch#55.frame()
1787603609.973 [20:33:29.973043] {Default Queue} wl_touch#32.motion(18903511, 0, 1012.48046875, 226.77343750)
1787603609.973 [20:33:29.973102] {Default Queue} wl_touch#55.motion(18903511, 0, 1012.48046875, 226.77343750)
1787603609.973 [20:33:29.973118] {Default Queue} wl_touch#32.frame()
1787603609.973 [20:33:29.973129] {Default Queue} wl_touch#55.frame()
1787603609.982 [20:33:29.982120] {Default Queue} wl_touch#32.motion(18903520, 0, 1008.48437500, 231.76953125)
1787603609.982 [20:33:29.982200] {Default Queue} wl_touch#55.motion(18903520, 0, 1008.48437500, 231.76953125)
1787603609.982 [20:33:29.982217] {Default Queue} wl_touch#32.frame()
1787603609.982 [20:33:29.982229] {Default Queue} wl_touch#55.frame()
1787603609.991 [20:33:29.991114] {Default Queue} wl_touch#32.motion(18903529, 0, 1004.48437500, 237.76562500)
1787603609.991 [20:33:29.991199] {Default Queue} wl_touch#55.motion(18903529, 0, 1004.48437500, 237.76562500)
1787603609.991 [20:33:29.991219] {Default Queue} wl_touch#32.frame()
1787603609.991 [20:33:29.991248] {Default Queue} wl_touch#55.frame()
1787603610.000 [20:33:30.000124] {Default Queue} wl_touch#32.motion(18903538, 0, 1000.48828125, 245.75781250)
1787603610.000 [20:33:30.000211] {Default Queue} wl_touch#55.motion(18903538, 0, 1000.48828125, 245.75781250)
1787603610.000 [20:33:30.000231] {Default Queue} wl_touch#32.frame()
1787603610.000 [20:33:30.000246] {Default Queue} wl_touch#55.frame()
1787603610.009 [20:33:30.008897] {Default Queue} wl_touch#32.motion(18903547, 0, 995.48828125, 255.74609375)
1787603610.009 [20:33:30.008967] {Default Queue} wl_touch#55.motion(18903547, 0, 995.48828125, 255.74609375)
1787603610.009 [20:33:30.008983] {Default Queue} wl_touch#32.frame()
1787603610.009 [20:33:30.008995] {Default Queue} wl_touch#55.frame()
1787603610.019 [20:33:30.019016] {Default Queue} wl_touch#32.motion(18903556, 0, 990.49218750, 266.73828125)
1787603610.019 [20:33:30.019088] {Default Queue} wl_touch#55.motion(18903556, 0, 990.49218750, 266.73828125)
1787603610.019 [20:33:30.019105] {Default Queue} wl_touch#32.frame()
1787603610.019 [20:33:30.019115] {Default Queue} wl_touch#55.frame()
1787603610.027 [20:33:30.027019] {Default Queue} wl_touch#32.motion(18903565, 0, 986.49609375, 278.72656250)
1787603610.027 [20:33:30.027091] {Default Queue} wl_touch#55.motion(18903565, 0, 986.49609375, 278.72656250)
1787603610.027 [20:33:30.027108] {Default Queue} wl_touch#32.frame()
1787603610.027 [20:33:30.027120] {Default Queue} wl_touch#55.frame()
1787603610.037 [20:33:30.037161] {Default Queue} wl_touch#32.motion(18903575, 0, 982.49609375, 290.71484375)
1787603610.037 [20:33:30.037236] {Default Queue} wl_touch#55.motion(18903575, 0, 982.49609375, 290.71484375)
1787603610.037 [20:33:30.037254] {Default Queue} wl_touch#32.frame()
1787603610.038 [20:33:30.037266] {Default Queue} wl_touch#55.frame()
1787603610.046 [20:33:30.046216] {Default Queue} wl_touch#32.motion(18903584, 0, 978.50000000, 304.70312500)
1787603610.047 [20:33:30.046295] {Default Queue} wl_touch#55.motion(18903584, 0, 978.50000000, 304.70312500)
1787603610.047 [20:33:30.046312] {Default Queue} wl_touch#32.frame()
1787603610.047 [20:33:30.046324] {Default Queue} wl_touch#55.frame()
1787603610.055 [20:33:30.055040] {Default Queue} wl_touch#32.motion(18903593, 0, 973.50000000, 318.68750000)
1787603610.055 [20:33:30.055228] {Default Queue} wl_touch#55.motion(18903593, 0, 973.50000000, 318.68750000)
1787603610.056 [20:33:30.055273] {Default Queue} wl_touch#32.frame()
1787603610.056 [20:33:30.055289] {Default Queue} wl_touch#55.frame()
1787603610.064 [20:33:30.063978] {Default Queue} wl_touch#32.motion(18903602, 0, 970.50390625, 331.67578125)
1787603610.064 [20:33:30.064048] {Default Queue} wl_touch#55.motion(18903602, 0, 970.50390625, 331.67578125)
1787603610.064 [20:33:30.064065] {Default Queue} wl_touch#32.frame()
1787603610.064 [20:33:30.064077] {Default Queue} wl_touch#55.frame()
1787603610.074 [20:33:30.073277] {Default Queue} wl_touch#32.motion(18903611, 0, 968.50390625, 345.66406250)
1787603610.074 [20:33:30.073338] {Default Queue} wl_touch#55.motion(18903611, 0, 968.50390625, 345.66406250)
1787603610.074 [20:33:30.073354] {Default Queue} wl_touch#32.frame()
1787603610.074 [20:33:30.073366] {Default Queue} wl_touch#55.frame()
1787603610.082 [20:33:30.082152] {Default Queue} wl_touch#32.motion(18903620, 0, 965.50390625, 358.65234375)
1787603610.082 [20:33:30.082229] {Default Queue} wl_touch#55.motion(18903620, 0, 965.50390625, 358.65234375)
1787603610.083 [20:33:30.082247] {Default Queue} wl_touch#32.frame()
1787603610.083 [20:33:30.082259] {Default Queue} wl_touch#55.frame()
1787603610.091 [20:33:30.090901] {Default Queue} wl_touch#32.motion(18903629, 0, 964.50390625, 370.64062500)
1787603610.091 [20:33:30.090972] {Default Queue} wl_touch#55.motion(18903629, 0, 964.50390625, 370.64062500)
1787603610.091 [20:33:30.090989] {Default Queue} wl_touch#32.frame()
1787603610.091 [20:33:30.091000] {Default Queue} wl_touch#55.frame()
1787603610.101 [20:33:30.100335] {Default Queue} wl_touch#32.motion(18903638, 0, 963.50781250, 382.62890625)
1787603610.101 [20:33:30.100417] {Default Queue} wl_touch#55.motion(18903638, 0, 963.50781250, 382.62890625)
1787603610.101 [20:33:30.100436] {Default Queue} wl_touch#32.frame()
1787603610.101 [20:33:30.100450] {Default Queue} wl_touch#55.frame()
1787603610.109 [20:33:30.109128] {Default Queue} wl_touch#32.motion(18903647, 0, 962.50781250, 393.62109375)
1787603610.109 [20:33:30.109191] {Default Queue} wl_touch#55.motion(18903647, 0, 962.50781250, 393.62109375)
1787603610.109 [20:33:30.109206] {Default Queue} wl_touch#32.frame()
1787603610.109 [20:33:30.109218] {Default Queue} wl_touch#55.frame()
1787603610.120 [20:33:30.119469] {Default Queue} wl_touch#32.motion(18903657, 0, 961.50781250, 404.60937500)
1787603610.120 [20:33:30.119522] {Default Queue} wl_touch#55.motion(18903657, 0, 961.50781250, 404.60937500)
1787603610.120 [20:33:30.119550] {Default Queue} wl_touch#32.frame()
1787603610.120 [20:33:30.119569] {Default Queue} wl_touch#55.frame()
1787603610.128 [20:33:30.128206] {Default Queue} wl_touch#32.motion(18903666, 0, 961.50781250, 414.60156250)
1787603610.129 [20:33:30.128285] {Default Queue} wl_touch#55.motion(18903666, 0, 961.50781250, 414.60156250)
1787603610.129 [20:33:30.128302] {Default Queue} wl_touch#32.frame()
1787603610.129 [20:33:30.128314] {Default Queue} wl_touch#55.frame()
1787603610.137 [20:33:30.137287] {Default Queue} wl_touch#32.motion(18903675, 0, 961.50781250, 423.59375000)
1787603610.138 [20:33:30.137371] {Default Queue} wl_touch#55.motion(18903675, 0, 961.50781250, 423.59375000)
1787603610.138 [20:33:30.137408] {Default Queue} wl_touch#32.frame()
1787603610.138 [20:33:30.137425] {Default Queue} wl_touch#55.frame()
1787603610.146 [20:33:30.146209] {Default Queue} wl_touch#32.motion(18903684, 0, 962.50781250, 432.58203125)
1787603610.147 [20:33:30.146287] {Default Queue} wl_touch#55.motion(18903684, 0, 962.50781250, 432.58203125)
1787603610.147 [20:33:30.146304] {Default Queue} wl_touch#32.frame()
1787603610.147 [20:33:30.146316] {Default Queue} wl_touch#55.frame()
1787603610.155 [20:33:30.155086] {Default Queue} wl_touch#32.motion(18903693, 0, 964.50390625, 440.57812500)
1787603610.155 [20:33:30.155150] {Default Queue} wl_touch#55.motion(18903693, 0, 964.50390625, 440.57812500)
1787603610.155 [20:33:30.155168] {Default Queue} wl_touch#32.frame()
1787603610.155 [20:33:30.155185] {Default Queue} wl_touch#55.frame()
1787603610.165 [20:33:30.164265] {Default Queue} wl_touch#32.motion(18903702, 0, 966.50390625, 448.57031250)
1787603610.165 [20:33:30.164344] {Default Queue} wl_touch#55.motion(18903702, 0, 966.50390625, 448.57031250)
1787603610.165 [20:33:30.164361] {Default Queue} wl_touch#32.frame()
1787603610.165 [20:33:30.164373] {Default Queue} wl_touch#55.frame()
1787603610.212 [20:33:30.212090] {Default Queue} wl_touch#32.up(983, 18903750, 0)
1787603610.212 [20:33:30.212179] {Default Queue} wl_touch#55.up(983, 18903750, 0)
1787603610.212 [20:33:30.212196] {Default Queue} wl_touch#32.frame()
1787603610.212 [20:33:30.212209] {Default Queue} wl_touch#55.frame()
1787603610.577 [20:33:30.577076] {Default Queue} wl_touch#32.down(984, 18904115, wl_surface#67, 0, 1282.33984375, 601.42578125)
1787603610.577 [20:33:30.577162] {Default Queue} wl_touch#55.down(984, 18904115, wl_surface#67, 0, 1282.33984375, 601.42578125)
1787603610.577 [20:33:30.577182] {Default Queue} wl_touch#32.frame()
1787603610.577 [20:33:30.577194] {Default Queue} wl_touch#55.frame()
1787603610.586 [20:33:30.586250] {Default Queue} wl_touch#32.motion(18904124, 0, 1286.33984375, 582.44531250)
1787603610.587 [20:33:30.586337] {Default Queue} wl_touch#55.motion(18904124, 0, 1286.33984375, 582.44531250)
1787603610.587 [20:33:30.586354] {Default Queue} wl_touch#32.frame()
1787603610.587 [20:33:30.586366] {Default Queue} wl_touch#55.frame()
1787603610.595 [20:33:30.595091] {Default Queue} wl_touch#32.motion(18904133, 0, 1287.33593750, 577.44921875)
1787603610.595 [20:33:30.595170] {Default Queue} wl_touch#55.motion(18904133, 0, 1287.33593750, 577.44921875)
1787603610.595 [20:33:30.595188] {Default Queue} wl_touch#32.frame()
1787603610.595 [20:33:30.595200] {Default Queue} wl_touch#55.frame()
1787603610.604 [20:33:30.604229] {Default Queue} wl_touch#32.motion(18904142, 0, 1289.33593750, 573.45312500)
1787603610.605 [20:33:30.604299] {Default Queue} wl_touch#55.motion(18904142, 0, 1289.33593750, 573.45312500)
1787603610.605 [20:33:30.604316] {Default Queue} wl_touch#32.down(985, 18904142, wl_surface#67, 1, 918.53125000, 557.46875000)
1787603610.605 [20:33:30.604346] {Default Queue} wl_touch#55.down(985, 18904142, wl_surface#67, 1, 918.53125000, 557.46875000)
1787603610.605 [20:33:30.604361] {Default Queue} wl_touch#32.frame()
1787603610.605 [20:33:30.604373] {Default Queue} wl_touch#55.frame()
1787603610.613 [20:33:30.613194] {Default Queue} wl_touch#32.motion(18904151, 0, 1290.33593750, 568.45703125)
1787603610.614 [20:33:30.613270] {Default Queue} wl_touch#55.motion(18904151, 0, 1290.33593750, 568.45703125)
1787603610.614 [20:33:30.613288] {Default Queue} wl_touch#32.motion(18904151, 1, 918.53125000, 553.47265625)
1787603610.614 [20:33:30.613308] {Default Queue} wl_touch#55.motion(18904151, 1, 918.53125000, 553.47265625)
1787603610.614 [20:33:30.613322] {Default Queue} wl_touch#32.frame()
1787603610.614 [20:33:30.613334] {Default Queue} wl_touch#55.frame()
1787603610.622 [20:33:30.621943] {Default Queue} wl_touch#32.motion(18904160, 0, 1290.33593750, 563.46093750)
1787603610.622 [20:33:30.622112] {Default Queue} wl_touch#55.motion(18904160, 0, 1290.33593750, 563.46093750)
1787603610.622 [20:33:30.622152] {Default Queue} wl_touch#32.motion(18904160, 1, 917.53125000, 548.47656250)
1787603610.622 [20:33:30.622207] {Default Queue} wl_touch#55.motion(18904160, 1, 917.53125000, 548.47656250)
1787603610.622 [20:33:30.622233] {Default Queue} wl_touch#32.frame()
1787603610.622 [20:33:30.622250] {Default Queue} wl_touch#55.frame()
1787603610.632 [20:33:30.631325] {Default Queue} wl_touch#32.motion(18904169, 0, 1291.33593750, 558.46875000)
1787603610.632 [20:33:30.631403] {Default Queue} wl_touch#55.motion(18904169, 0, 1291.33593750, 558.46875000)
1787603610.632 [20:33:30.631421] {Default Queue} wl_touch#32.motion(18904169, 1, 917.53125000, 543.48046875)
1787603610.632 [20:33:30.631441] {Default Queue} wl_touch#55.motion(18904169, 1, 917.53125000, 543.48046875)
1787603610.632 [20:33:30.631452] {Default Queue} wl_touch#32.up(986, 18904169, 0)
1787603610.632 [20:33:30.631484] {Default Queue} wl_touch#55.up(986, 18904169, 0)
1787603610.632 [20:33:30.631495] {Default Queue} wl_touch#32.up(988, 18904169, 1)
1787603610.632 [20:33:30.631520] {Default Queue} wl_touch#55.up(988, 18904169, 1)
1787603610.632 [20:33:30.631531] {Default Queue} wl_touch#32.frame()
1787603610.632 [20:33:30.631541] {Default Queue} wl_touch#55.frame()
1787603611.822 [20:33:31.821856] {Default Queue} wl_touch#32.down(997, 18905358, wl_surface#67, 0, 1235.36328125, 402.61328125)
1787603611.822 [20:33:31.821958] {Default Queue} wl_touch#55.down(997, 18905358, wl_surface#67, 0, 1235.36328125, 402.61328125)
1787603611.822 [20:33:31.821988] {Default Queue} wl_touch#32.frame()
1787603611.822 [20:33:31.822005] {Default Queue} wl_touch#55.frame()
1787603611.856 [20:33:31.856101] {Default Queue} wl_touch#32.motion(18905394, 0, 1228.36718750, 406.60937500)
1787603611.856 [20:33:31.856175] {Default Queue} wl_touch#55.motion(18905394, 0, 1228.36718750, 406.60937500)
1787603611.856 [20:33:31.856192] {Default Queue} wl_touch#32.frame()
1787603611.856 [20:33:31.856204] {Default Queue} wl_touch#55.frame()
1787603611.865 [20:33:31.865124] {Default Queue} wl_touch#32.motion(18905403, 0, 1223.37109375, 410.60546875)
1787603611.865 [20:33:31.865202] {Default Queue} wl_touch#55.motion(18905403, 0, 1223.37109375, 410.60546875)
1787603611.865 [20:33:31.865219] {Default Queue} wl_touch#32.frame()
1787603611.865 [20:33:31.865231] {Default Queue} wl_touch#55.frame()
1787603611.875 [20:33:31.874285] {Default Queue} wl_touch#32.motion(18905412, 0, 1217.37500000, 416.59765625)
1787603611.875 [20:33:31.874364] {Default Queue} wl_touch#55.motion(18905412, 0, 1217.37500000, 416.59765625)
1787603611.875 [20:33:31.874382] {Default Queue} wl_touch#32.frame()
1787603611.875 [20:33:31.874394] {Default Queue} wl_touch#55.frame()
1787603611.887 [20:33:31.886552] {Default Queue} wl_touch#32.motion(18905422, 0, 1211.37890625, 422.59375000)
1787603611.887 [20:33:31.886633] {Default Queue} wl_touch#55.motion(18905422, 0, 1211.37890625, 422.59375000)
1787603611.887 [20:33:31.886652] {Default Queue} wl_touch#32.frame()
1787603611.887 [20:33:31.886676] {Default Queue} wl_touch#55.frame()
1787603611.893 [20:33:31.892924] {Default Queue} wl_touch#32.motion(18905431, 0, 1205.37890625, 430.58593750)
1787603611.893 [20:33:31.893005] {Default Queue} wl_touch#55.motion(18905431, 0, 1205.37890625, 430.58593750)
1787603611.893 [20:33:31.893022] {Default Queue} wl_touch#32.frame()
1787603611.893 [20:33:31.893034] {Default Queue} wl_touch#55.frame()
1787603611.902 [20:33:31.902091] {Default Queue} wl_touch#32.motion(18905440, 0, 1198.38281250, 440.57812500)
1787603611.902 [20:33:31.902153] {Default Queue} wl_touch#55.motion(18905440, 0, 1198.38281250, 440.57812500)
1787603611.902 [20:33:31.902167] {Default Queue} wl_touch#32.frame()
1787603611.902 [20:33:31.902178] {Default Queue} wl_touch#55.frame()
1787603611.911 [20:33:31.910965] {Default Queue} wl_touch#32.motion(18905449, 0, 1192.38671875, 450.56640625)
1787603611.911 [20:33:31.911040] {Default Queue} wl_touch#55.motion(18905449, 0, 1192.38671875, 450.56640625)
1787603611.911 [20:33:31.911057] {Default Queue} wl_touch#32.frame()
1787603611.911 [20:33:31.911069] {Default Queue} wl_touch#55.frame()
1787603611.920 [20:33:31.920218] {Default Queue} wl_touch#32.motion(18905458, 0, 1186.39062500, 462.55468750)
1787603611.921 [20:33:31.920294] {Default Queue} wl_touch#55.motion(18905458, 0, 1186.39062500, 462.55468750)
1787603611.921 [20:33:31.920312] {Default Queue} wl_touch#32.frame()
1787603611.921 [20:33:31.920324] {Default Queue} wl_touch#55.frame()
1787603611.929 [20:33:31.928936] {Default Queue} wl_touch#32.motion(18905467, 0, 1181.39453125, 474.54296875)
1787603611.929 [20:33:31.929033] {Default Queue} wl_touch#55.motion(18905467, 0, 1181.39453125, 474.54296875)
1787603611.929 [20:33:31.929061] {Default Queue} wl_touch#32.frame()
1787603611.929 [20:33:31.929080] {Default Queue} wl_touch#55.frame()
1787603611.938 [20:33:31.937965] {Default Queue} wl_touch#32.motion(18905476, 0, 1176.39453125, 487.53125000)
1787603611.938 [20:33:31.938039] {Default Queue} wl_touch#55.motion(18905476, 0, 1176.39453125, 487.53125000)
1787603611.938 [20:33:31.938057] {Default Queue} wl_touch#32.frame()
1787603611.938 [20:33:31.938069] {Default Queue} wl_touch#55.frame()
1787603611.947 [20:33:31.947198] {Default Queue} wl_touch#32.motion(18905485, 0, 1172.39843750, 502.51953125)
1787603611.948 [20:33:31.947277] {Default Queue} wl_touch#55.motion(18905485, 0, 1172.39843750, 502.51953125)
1787603611.948 [20:33:31.947294] {Default Queue} wl_touch#32.frame()
1787603611.948 [20:33:31.947306] {Default Queue} wl_touch#55.frame()
1787603611.957 [20:33:31.956894] {Default Queue} wl_touch#32.motion(18905495, 0, 1168.39843750, 516.50781250)
1787603611.957 [20:33:31.956965] {Default Queue} wl_touch#55.motion(18905495, 0, 1168.39843750, 516.50781250)
1787603611.957 [20:33:31.956982] {Default Queue} wl_touch#32.frame()
1787603611.957 [20:33:31.956993] {Default Queue} wl_touch#55.frame()
1787603611.966 [20:33:31.966115] {Default Queue} wl_touch#32.motion(18905504, 0, 1165.40234375, 532.49218750)
1787603611.966 [20:33:31.966194] {Default Queue} wl_touch#55.motion(18905504, 0, 1165.40234375, 532.49218750)
1787603611.966 [20:33:31.966218] {Default Queue} wl_touch#32.frame()
1787603611.966 [20:33:31.966246] {Default Queue} wl_touch#55.frame()
1787603611.975 [20:33:31.975219] {Default Queue} wl_touch#32.motion(18905513, 0, 1162.40234375, 549.47656250)
1787603611.976 [20:33:31.975296] {Default Queue} wl_touch#55.motion(18905513, 0, 1162.40234375, 549.47656250)
1787603611.976 [20:33:31.975313] {Default Queue} wl_touch#32.frame()
1787603611.976 [20:33:31.975325] {Default Queue} wl_touch#55.frame()
1787603611.986 [20:33:31.985648] {Default Queue} wl_touch#32.motion(18905522, 0, 1158.40625000, 566.46093750)
1787603611.986 [20:33:31.985711] {Default Queue} wl_touch#55.motion(18905522, 0, 1158.40625000, 566.46093750)
1787603611.986 [20:33:31.985736] {Default Queue} wl_touch#32.frame()
1787603611.986 [20:33:31.985752] {Default Queue} wl_touch#55.frame()
1787603611.993 [20:33:31.992823] {Default Queue} wl_touch#32.motion(18905531, 0, 1155.40625000, 584.44140625)
1787603611.993 [20:33:31.992914] {Default Queue} wl_touch#55.motion(18905531, 0, 1155.40625000, 584.44140625)
1787603611.993 [20:33:31.992932] {Default Queue} wl_touch#32.frame()
1787603611.993 [20:33:31.992944] {Default Queue} wl_touch#55.frame()
1787603612.003 [20:33:32.002352] {Default Queue} wl_touch#32.motion(18905540, 0, 1152.40625000, 601.42578125)
1787603612.003 [20:33:32.002455] {Default Queue} wl_touch#55.motion(18905540, 0, 1152.40625000, 601.42578125)
1787603612.003 [20:33:32.002481] {Default Queue} wl_touch#32.frame()
1787603612.003 [20:33:32.002500] {Default Queue} wl_touch#55.frame()
1787603612.011 [20:33:32.010918] {Default Queue} wl_touch#32.motion(18905549, 0, 1149.41015625, 620.41015625)
1787603612.011 [20:33:32.010995] {Default Queue} wl_touch#55.motion(18905549, 0, 1149.41015625, 620.41015625)
1787603612.011 [20:33:32.011021] {Default Queue} wl_touch#32.frame()
1787603612.011 [20:33:32.011039] {Default Queue} wl_touch#55.frame()
1787603612.020 [20:33:32.019849] {Default Queue} wl_touch#32.motion(18905558, 0, 1147.41015625, 639.39062500)
1787603612.020 [20:33:32.019922] {Default Queue} wl_touch#55.motion(18905558, 0, 1147.41015625, 639.39062500)
1787603612.020 [20:33:32.019940] {Default Queue} wl_touch#32.frame()
1787603612.020 [20:33:32.019951] {Default Queue} wl_touch#55.frame()
1787603612.030 [20:33:32.029906] {Default Queue} wl_touch#32.motion(18905568, 0, 1145.41015625, 659.37500000)
1787603612.030 [20:33:32.029981] {Default Queue} wl_touch#55.motion(18905568, 0, 1145.41015625, 659.37500000)
1787603612.030 [20:33:32.029998] {Default Queue} wl_touch#32.frame()
1787603612.030 [20:33:32.030010] {Default Queue} wl_touch#55.frame()
1787603612.039 [20:33:32.038845] {Default Queue} wl_touch#32.motion(18905577, 0, 1142.41406250, 678.35546875)
1787603612.039 [20:33:32.038926] {Default Queue} wl_touch#55.motion(18905577, 0, 1142.41406250, 678.35546875)
1787603612.039 [20:33:32.038950] {Default Queue} wl_touch#32.frame()
1787603612.039 [20:33:32.038966] {Default Queue} wl_touch#55.frame()
1787603612.048 [20:33:32.048127] {Default Queue} wl_touch#32.motion(18905586, 0, 1140.41406250, 697.33984375)
1787603612.048 [20:33:32.048203] {Default Queue} wl_touch#55.motion(18905586, 0, 1140.41406250, 697.33984375)
1787603612.048 [20:33:32.048221] {Default Queue} wl_touch#32.frame()
1787603612.048 [20:33:32.048234] {Default Queue} wl_touch#55.frame()
1787603612.057 [20:33:32.056919] {Default Queue} wl_touch#32.motion(18905595, 0, 1138.41406250, 716.32031250)
1787603612.057 [20:33:32.056995] {Default Queue} wl_touch#55.motion(18905595, 0, 1138.41406250, 716.32031250)
1787603612.057 [20:33:32.057012] {Default Queue} wl_touch#32.frame()
1787603612.057 [20:33:32.057024] {Default Queue} wl_touch#55.frame()
1787603612.067 [20:33:32.066239] {Default Queue} wl_touch#32.motion(18905604, 0, 1136.41796875, 735.30468750)
1787603612.067 [20:33:32.066320] {Default Queue} wl_touch#55.motion(18905604, 0, 1136.41796875, 735.30468750)
1787603612.067 [20:33:32.066338] {Default Queue} wl_touch#32.frame()
1787603612.067 [20:33:32.066350] {Default Queue} wl_touch#55.frame()
1787603612.075 [20:33:32.074912] {Default Queue} wl_touch#32.motion(18905613, 0, 1135.41796875, 753.28515625)
1787603612.075 [20:33:32.074990] {Default Queue} wl_touch#55.motion(18905613, 0, 1135.41796875, 753.28515625)
1787603612.075 [20:33:32.075006] {Default Queue} wl_touch#32.frame()
1787603612.075 [20:33:32.075018] {Default Queue} wl_touch#55.frame()
1787603612.086 [20:33:32.085446] {Default Queue} wl_touch#32.motion(18905622, 0, 1134.41796875, 771.26953125)
1787603612.086 [20:33:32.085527] {Default Queue} wl_touch#55.motion(18905622, 0, 1134.41796875, 771.26953125)
1787603612.086 [20:33:32.085544] {Default Queue} wl_touch#32.frame()
1787603612.086 [20:33:32.085555] {Default Queue} wl_touch#55.frame()
1787603612.093 [20:33:32.093192] {Default Queue} wl_touch#32.motion(18905631, 0, 1133.41796875, 788.25390625)
1787603612.094 [20:33:32.093271] {Default Queue} wl_touch#55.motion(18905631, 0, 1133.41796875, 788.25390625)
1787603612.094 [20:33:32.093289] {Default Queue} wl_touch#32.frame()
1787603612.094 [20:33:32.093301] {Default Queue} wl_touch#55.frame()
1787603612.104 [20:33:32.103340] {Default Queue} wl_touch#32.motion(18905641, 0, 1133.41796875, 804.23828125)
1787603612.104 [20:33:32.103400] {Default Queue} wl_touch#55.motion(18905641, 0, 1133.41796875, 804.23828125)
1787603612.104 [20:33:32.103416] {Default Queue} wl_touch#32.frame()
1787603612.104 [20:33:32.103427] {Default Queue} wl_touch#55.frame()
1787603612.112 [20:33:32.111894] {Default Queue} wl_touch#32.motion(18905650, 0, 1133.41796875, 819.22656250)
1787603612.112 [20:33:32.111986] {Default Queue} wl_touch#55.motion(18905650, 0, 1133.41796875, 819.22656250)
1787603612.112 [20:33:32.112012] {Default Queue} wl_touch#32.frame()
1787603612.112 [20:33:32.112030] {Default Queue} wl_touch#55.frame()
1787603612.121 [20:33:32.120915] {Default Queue} wl_touch#32.motion(18905659, 0, 1133.41796875, 834.21093750)
1787603612.121 [20:33:32.120989] {Default Queue} wl_touch#55.motion(18905659, 0, 1133.41796875, 834.21093750)
1787603612.121 [20:33:32.121006] {Default Queue} wl_touch#32.frame()
1787603612.121 [20:33:32.121019] {Default Queue} wl_touch#55.frame()
1787603612.131 [20:33:32.130212] {Default Queue} wl_touch#32.motion(18905668, 0, 1133.41796875, 847.19921875)
1787603612.131 [20:33:32.130292] {Default Queue} wl_touch#55.motion(18905668, 0, 1133.41796875, 847.19921875)
1787603612.131 [20:33:32.130309] {Default Queue} wl_touch#32.frame()
1787603612.131 [20:33:32.130322] {Default Queue} wl_touch#55.frame()
1787603612.139 [20:33:32.139111] {Default Queue} wl_touch#32.motion(18905677, 0, 1133.41796875, 858.19140625)
1787603612.139 [20:33:32.139173] {Default Queue} wl_touch#55.motion(18905677, 0, 1133.41796875, 858.19140625)
1787603612.139 [20:33:32.139188] {Default Queue} wl_touch#32.frame()
1787603612.139 [20:33:32.139200] {Default Queue} wl_touch#55.frame()
1787603612.148 [20:33:32.148085] {Default Queue} wl_touch#32.motion(18905686, 0, 1133.41796875, 867.17968750)
1787603612.148 [20:33:32.148163] {Default Queue} wl_touch#55.motion(18905686, 0, 1133.41796875, 867.17968750)
1787603612.148 [20:33:32.148181] {Default Queue} wl_touch#32.frame()
1787603612.148 [20:33:32.148194] {Default Queue} wl_touch#55.frame()
1787603612.157 [20:33:32.157093] {Default Queue} wl_touch#32.motion(18905695, 0, 1133.41796875, 875.17187500)
1787603612.157 [20:33:32.157155] {Default Queue} wl_touch#55.motion(18905695, 0, 1133.41796875, 875.17187500)
1787603612.157 [20:33:32.157171] {Default Queue} wl_touch#32.frame()
1787603612.157 [20:33:32.157183] {Default Queue} wl_touch#55.frame()
1787603612.166 [20:33:32.166170] {Default Queue} wl_touch#32.motion(18905704, 0, 1133.41796875, 883.16796875)
1787603612.167 [20:33:32.166260] {Default Queue} wl_touch#55.motion(18905704, 0, 1133.41796875, 883.16796875)
1787603612.167 [20:33:32.166278] {Default Queue} wl_touch#32.frame()
1787603612.167 [20:33:32.166291] {Default Queue} wl_touch#55.frame()
1787603612.176 [20:33:32.175994] {Default Queue} wl_touch#32.motion(18905714, 0, 1133.41796875, 888.16015625)
1787603612.176 [20:33:32.176055] {Default Queue} wl_touch#55.motion(18905714, 0, 1133.41796875, 888.16015625)
1787603612.176 [20:33:32.176071] {Default Queue} wl_touch#32.frame()
1787603612.176 [20:33:32.176082] {Default Queue} wl_touch#55.frame()
1787603612.186 [20:33:32.185586] {Default Queue} wl_touch#32.motion(18905723, 0, 1134.41796875, 892.15625000)
1787603612.186 [20:33:32.185680] {Default Queue} wl_touch#55.motion(18905723, 0, 1134.41796875, 892.15625000)
1787603612.186 [20:33:32.185710] {Default Queue} wl_touch#32.frame()
1787603612.186 [20:33:32.185724] {Default Queue} wl_touch#55.frame()
1787603612.194 [20:33:32.193912] {Default Queue} wl_touch#32.motion(18905732, 0, 1135.41796875, 895.15625000)
1787603612.194 [20:33:32.193986] {Default Queue} wl_touch#55.motion(18905732, 0, 1135.41796875, 895.15625000)
1787603612.194 [20:33:32.194002] {Default Queue} wl_touch#32.frame()
1787603612.194 [20:33:32.194014] {Default Queue} wl_touch#55.frame()
1787603612.203 [20:33:32.202779] {Default Queue} wl_touch#32.motion(18905741, 0, 1136.41796875, 896.15625000)
1787603612.203 [20:33:32.202886] {Default Queue} wl_touch#55.motion(18905741, 0, 1136.41796875, 896.15625000)
1787603612.203 [20:33:32.202904] {Default Queue} wl_touch#32.frame()
1787603612.203 [20:33:32.202915] {Default Queue} wl_touch#55.frame()
1787603612.212 [20:33:32.211954] {Default Queue} wl_touch#32.motion(18905750, 0, 1137.41406250, 896.15625000)
1787603612.212 [20:33:32.212028] {Default Queue} wl_touch#55.motion(18905750, 0, 1137.41406250, 896.15625000)
1787603612.212 [20:33:32.212045] {Default Queue} wl_touch#32.frame()
1787603612.212 [20:33:32.212057] {Default Queue} wl_touch#55.frame()
1787603612.221 [20:33:32.220755] {Default Queue} wl_touch#32.motion(18905759, 0, 1139.41406250, 895.15625000)
1787603612.221 [20:33:32.220823] {Default Queue} wl_touch#55.motion(18905759, 0, 1139.41406250, 895.15625000)
1787603612.221 [20:33:32.220834] {Default Queue} wl_touch#32.frame()
1787603612.221 [20:33:32.220842] {Default Queue} wl_touch#55.frame()
1787603612.230 [20:33:32.229916] {Default Queue} wl_touch#32.motion(18905768, 0, 1140.41406250, 892.15625000)
1787603612.230 [20:33:32.229969] {Default Queue} wl_touch#55.motion(18905768, 0, 1140.41406250, 892.15625000)
1787603612.230 [20:33:32.229980] {Default Queue} wl_touch#32.frame()
1787603612.230 [20:33:32.229989] {Default Queue} wl_touch#55.frame()
1787603612.239 [20:33:32.238752] {Default Queue} wl_touch#32.motion(18905777, 0, 1143.41406250, 886.16406250)
1787603612.239 [20:33:32.238823] {Default Queue} wl_touch#55.motion(18905777, 0, 1143.41406250, 886.16406250)
1787603612.239 [20:33:32.238834] {Default Queue} wl_touch#32.frame()
1787603612.239 [20:33:32.238842] {Default Queue} wl_touch#55.frame()
1787603612.249 [20:33:32.248901] {Default Queue} wl_touch#32.motion(18905787, 0, 1145.41015625, 878.17187500)
1787603612.249 [20:33:32.248957] {Default Queue} wl_touch#55.motion(18905787, 0, 1145.41015625, 878.17187500)
1787603612.249 [20:33:32.248968] {Default Queue} wl_touch#32.frame()
1787603612.249 [20:33:32.248976] {Default Queue} wl_touch#55.frame()
1787603612.258 [20:33:32.257721] {Default Queue} wl_touch#32.motion(18905796, 0, 1148.41015625, 868.17968750)
1787603612.258 [20:33:32.257790] {Default Queue} wl_touch#55.motion(18905796, 0, 1148.41015625, 868.17968750)
1787603612.258 [20:33:32.257802] {Default Queue} wl_touch#32.frame()
1787603612.258 [20:33:32.257810] {Default Queue} wl_touch#55.frame()
1787603612.269 [20:33:32.268955] {Default Queue} wl_touch#32.motion(18905805, 0, 1150.41015625, 856.19140625)
1787603612.269 [20:33:32.269024] {Default Queue} wl_touch#55.motion(18905805, 0, 1150.41015625, 856.19140625)
1787603612.269 [20:33:32.269039] {Default Queue} wl_touch#32.frame()
1787603612.269 [20:33:32.269049] {Default Queue} wl_touch#55.frame()
1787603612.276 [20:33:32.276013] {Default Queue} wl_touch#32.motion(18905814, 0, 1153.40625000, 843.20312500)
1787603612.276 [20:33:32.276089] {Default Queue} wl_touch#55.motion(18905814, 0, 1153.40625000, 843.20312500)
1787603612.276 [20:33:32.276105] {Default Queue} wl_touch#32.frame()
1787603612.276 [20:33:32.276117] {Default Queue} wl_touch#55.frame()
1787603612.286 [20:33:32.285842] {Default Queue} wl_touch#32.motion(18905823, 0, 1155.40625000, 829.21484375)
1787603612.286 [20:33:32.285941] {Default Queue} wl_touch#55.motion(18905823, 0, 1155.40625000, 829.21484375)
1787603612.286 [20:33:32.285971] {Default Queue} wl_touch#32.frame()
1787603612.286 [20:33:32.285986] {Default Queue} wl_touch#55.frame()
1787603612.294 [20:33:32.293926] {Default Queue} wl_touch#32.motion(18905832, 0, 1158.40625000, 813.23046875)
1787603612.294 [20:33:32.293998] {Default Queue} wl_touch#55.motion(18905832, 0, 1158.40625000, 813.23046875)
1787603612.294 [20:33:32.294014] {Default Queue} wl_touch#32.frame()
1787603612.294 [20:33:32.294026] {Default Queue} wl_touch#55.frame()
1787603612.304 [20:33:32.303304] {Default Queue} wl_touch#32.motion(18905841, 0, 1159.40234375, 797.24609375)
1787603612.304 [20:33:32.303376] {Default Queue} wl_touch#55.motion(18905841, 0, 1159.40234375, 797.24609375)
1787603612.304 [20:33:32.303401] {Default Queue} wl_touch#32.frame()
1787603612.304 [20:33:32.303417] {Default Queue} wl_touch#55.frame()
1787603612.312 [20:33:32.312190] {Default Queue} wl_touch#32.motion(18905850, 0, 1161.40234375, 780.26171875)
1787603612.313 [20:33:32.312269] {Default Queue} wl_touch#55.motion(18905850, 0, 1161.40234375, 780.26171875)
1787603612.313 [20:33:32.312286] {Default Queue} wl_touch#32.frame()
1787603612.313 [20:33:32.312299] {Default Queue} wl_touch#55.frame()
1787603612.322 [20:33:32.322004] {Default Queue} wl_touch#32.motion(18905860, 0, 1162.40234375, 762.27734375)
1787603612.322 [20:33:32.322087] {Default Queue} wl_touch#55.motion(18905860, 0, 1162.40234375, 762.27734375)
1787603612.322 [20:33:32.322115] {Default Queue} wl_touch#32.frame()
1787603612.322 [20:33:32.322131] {Default Queue} wl_touch#55.frame()
1787603612.332 [20:33:32.331237] {Default Queue} wl_touch#32.motion(18905869, 0, 1164.40234375, 744.29687500)
1787603612.332 [20:33:32.331315] {Default Queue} wl_touch#55.motion(18905869, 0, 1164.40234375, 744.29687500)
1787603612.332 [20:33:32.331332] {Default Queue} wl_touch#32.frame()
1787603612.332 [20:33:32.331344] {Default Queue} wl_touch#55.frame()
1787603612.340 [20:33:32.339992] {Default Queue} wl_touch#32.motion(18905878, 0, 1166.40234375, 724.31250000)
1787603612.340 [20:33:32.340058] {Default Queue} wl_touch#55.motion(18905878, 0, 1166.40234375, 724.31250000)
1787603612.340 [20:33:32.340073] {Default Queue} wl_touch#32.frame()
1787603612.340 [20:33:32.340085] {Default Queue} wl_touch#55.frame()
1787603612.349 [20:33:32.349081] {Default Queue} wl_touch#32.motion(18905887, 0, 1167.39843750, 704.33203125)
1787603612.349 [20:33:32.349159] {Default Queue} wl_touch#55.motion(18905887, 0, 1167.39843750, 704.33203125)
1787603612.349 [20:33:32.349176] {Default Queue} wl_touch#32.frame()
1787603612.349 [20:33:32.349188] {Default Queue} wl_touch#55.frame()
1787603612.358 [20:33:32.358034] {Default Queue} wl_touch#32.motion(18905896, 0, 1169.39843750, 684.35156250)
1787603612.358 [20:33:32.358108] {Default Queue} wl_touch#55.motion(18905896, 0, 1169.39843750, 684.35156250)
1787603612.358 [20:33:32.358125] {Default Queue} wl_touch#32.frame()
1787603612.358 [20:33:32.358138] {Default Queue} wl_touch#55.frame()
1787603612.369 [20:33:32.369175] {Default Queue} wl_touch#32.motion(18905905, 0, 1170.39843750, 664.36718750)
1787603612.370 [20:33:32.369245] {Default Queue} wl_touch#55.motion(18905905, 0, 1170.39843750, 664.36718750)
1787603612.370 [20:33:32.369260] {Default Queue} wl_touch#32.frame()
1787603612.370 [20:33:32.369271] {Default Queue} wl_touch#55.frame()
1787603612.376 [20:33:32.376084] {Default Queue} wl_touch#32.motion(18905914, 0, 1171.39843750, 643.38671875)
1787603612.376 [20:33:32.376167] {Default Queue} wl_touch#55.motion(18905914, 0, 1171.39843750, 643.38671875)
1787603612.376 [20:33:32.376184] {Default Queue} wl_touch#32.frame()
1787603612.376 [20:33:32.376197] {Default Queue} wl_touch#55.frame()
1787603612.386 [20:33:32.385508] {Default Queue} wl_touch#32.motion(18905923, 0, 1172.39843750, 623.40625000)
1787603612.386 [20:33:32.385567] {Default Queue} wl_touch#55.motion(18905923, 0, 1172.39843750, 623.40625000)
1787603612.386 [20:33:32.385581] {Default Queue} wl_touch#32.frame()
1787603612.386 [20:33:32.385592] {Default Queue} wl_touch#55.frame()
1787603612.395 [20:33:32.394884] {Default Queue} wl_touch#32.motion(18905933, 0, 1172.39843750, 603.42578125)
1787603612.395 [20:33:32.394956] {Default Queue} wl_touch#55.motion(18905933, 0, 1172.39843750, 603.42578125)
1787603612.395 [20:33:32.394972] {Default Queue} wl_touch#32.frame()
1787603612.395 [20:33:32.394984] {Default Queue} wl_touch#55.frame()
1787603612.404 [20:33:32.403951] {Default Queue} wl_touch#32.motion(18905942, 0, 1172.39843750, 583.44531250)
1787603612.404 [20:33:32.404141] {Default Queue} wl_touch#55.motion(18905942, 0, 1172.39843750, 583.44531250)
1787603612.404 [20:33:32.404199] {Default Queue} wl_touch#32.frame()
1787603612.404 [20:33:32.404213] {Default Queue} wl_touch#55.frame()
1787603612.413 [20:33:32.412974] {Default Queue} wl_touch#32.motion(18905951, 0, 1171.39843750, 563.46093750)
1787603612.413 [20:33:32.413046] {Default Queue} wl_touch#55.motion(18905951, 0, 1171.39843750, 563.46093750)
1787603612.413 [20:33:32.413063] {Default Queue} wl_touch#32.frame()
1787603612.413 [20:33:32.413075] {Default Queue} wl_touch#55.frame()
1787603612.422 [20:33:32.422034] {Default Queue} wl_touch#32.motion(18905960, 0, 1170.39843750, 543.48046875)
1787603612.422 [20:33:32.422109] {Default Queue} wl_touch#55.motion(18905960, 0, 1170.39843750, 543.48046875)
1787603612.422 [20:33:32.422135] {Default Queue} wl_touch#32.frame()
1787603612.422 [20:33:32.422146] {Default Queue} wl_touch#55.frame()
1787603612.432 [20:33:32.431234] {Default Queue} wl_touch#32.motion(18905969, 0, 1170.39843750, 524.50000000)
1787603612.432 [20:33:32.431312] {Default Queue} wl_touch#55.motion(18905969, 0, 1170.39843750, 524.50000000)
1787603612.432 [20:33:32.431329] {Default Queue} wl_touch#32.frame()
1787603612.432 [20:33:32.431341] {Default Queue} wl_touch#55.frame()
1787603612.440 [20:33:32.439918] {Default Queue} wl_touch#32.motion(18905978, 0, 1169.39843750, 504.51562500)
1787603612.440 [20:33:32.440034] {Default Queue} wl_touch#55.motion(18905978, 0, 1169.39843750, 504.51562500)
1787603612.440 [20:33:32.440052] {Default Queue} wl_touch#32.frame()
1787603612.440 [20:33:32.440065] {Default Queue} wl_touch#55.frame()
1787603612.449 [20:33:32.449103] {Default Queue} wl_touch#32.motion(18905987, 0, 1167.39843750, 486.53515625)
1787603612.449 [20:33:32.449182] {Default Queue} wl_touch#55.motion(18905987, 0, 1167.39843750, 486.53515625)
1787603612.449 [20:33:32.449200] {Default Queue} wl_touch#32.frame()
1787603612.449 [20:33:32.449212] {Default Queue} wl_touch#55.frame()
1787603612.458 [20:33:32.457898] {Default Queue} wl_touch#32.motion(18905996, 0, 1166.40234375, 467.55078125)
1787603612.458 [20:33:32.457970] {Default Queue} wl_touch#55.motion(18905996, 0, 1166.40234375, 467.55078125)
1787603612.458 [20:33:32.457987] {Default Queue} wl_touch#32.frame()
1787603612.458 [20:33:32.457998] {Default Queue} wl_touch#55.frame()
1787603612.470 [20:33:32.469630] {Default Queue} wl_touch#32.motion(18906006, 0, 1165.40234375, 450.56640625)
1787603612.470 [20:33:32.469706] {Default Queue} wl_touch#55.motion(18906006, 0, 1165.40234375, 450.56640625)
1787603612.470 [20:33:32.469733] {Default Queue} wl_touch#32.frame()
1787603612.470 [20:33:32.469756] {Default Queue} wl_touch#55.frame()
1787603612.477 [20:33:32.476819] {Default Queue} wl_touch#32.motion(18906015, 0, 1164.40234375, 432.58203125)
1787603612.477 [20:33:32.476925] {Default Queue} wl_touch#55.motion(18906015, 0, 1164.40234375, 432.58203125)
1787603612.477 [20:33:32.476942] {Default Queue} wl_touch#32.frame()
1787603612.477 [20:33:32.476954] {Default Queue} wl_touch#55.frame()
1787603612.486 [20:33:32.485867] {Default Queue} wl_touch#32.motion(18906024, 0, 1163.40234375, 414.60156250)
1787603612.486 [20:33:32.485920] {Default Queue} wl_touch#55.motion(18906024, 0, 1163.40234375, 414.60156250)
1787603612.486 [20:33:32.485934] {Default Queue} wl_touch#32.frame()
1787603612.486 [20:33:32.485945] {Default Queue} wl_touch#55.frame()
1787603612.495 [20:33:32.495211] {Default Queue} wl_touch#32.motion(18906033, 0, 1162.40234375, 397.61718750)
1787603612.496 [20:33:32.495287] {Default Queue} wl_touch#55.motion(18906033, 0, 1162.40234375, 397.61718750)
1787603612.496 [20:33:32.495304] {Default Queue} wl_touch#32.frame()
1787603612.496 [20:33:32.495316] {Default Queue} wl_touch#55.frame()
1787603612.504 [20:33:32.503834] {Default Queue} wl_touch#32.motion(18906042, 0, 1162.40234375, 381.62890625)
1787603612.504 [20:33:32.503950] {Default Queue} wl_touch#55.motion(18906042, 0, 1162.40234375, 381.62890625)
1787603612.504 [20:33:32.504018] {Default Queue} wl_touch#32.frame()
1787603612.504 [20:33:32.504044] {Default Queue} wl_touch#55.frame()
1787603612.513 [20:33:32.513228] {Default Queue} wl_touch#32.motion(18906051, 0, 1161.40234375, 367.64453125)
1787603612.514 [20:33:32.513306] {Default Queue} wl_touch#55.motion(18906051, 0, 1161.40234375, 367.64453125)
1787603612.514 [20:33:32.513324] {Default Queue} wl_touch#32.frame()
1787603612.514 [20:33:32.513336] {Default Queue} wl_touch#55.frame()
1787603612.522 [20:33:32.522020] {Default Queue} wl_touch#32.motion(18906060, 0, 1160.40234375, 353.65625000)
1787603612.522 [20:33:32.522095] {Default Queue} wl_touch#55.motion(18906060, 0, 1160.40234375, 353.65625000)
1787603612.522 [20:33:32.522113] {Default Queue} wl_touch#32.frame()
1787603612.522 [20:33:32.522126] {Default Queue} wl_touch#55.frame()
1787603612.532 [20:33:32.531229] {Default Queue} wl_touch#32.motion(18906069, 0, 1158.40625000, 341.66796875)
1787603612.532 [20:33:32.531308] {Default Queue} wl_touch#55.motion(18906069, 0, 1158.40625000, 341.66796875)
1787603612.532 [20:33:32.531325] {Default Queue} wl_touch#32.frame()
1787603612.532 [20:33:32.531337] {Default Queue} wl_touch#55.frame()
1787603612.541 [20:33:32.540959] {Default Queue} wl_touch#32.motion(18906079, 0, 1158.40625000, 331.67578125)
1787603612.541 [20:33:32.541030] {Default Queue} wl_touch#55.motion(18906079, 0, 1158.40625000, 331.67578125)
1787603612.541 [20:33:32.541047] {Default Queue} wl_touch#32.frame()
1787603612.541 [20:33:32.541059] {Default Queue} wl_touch#55.frame()
1787603612.553 [20:33:32.552281] {Default Queue} wl_touch#32.motion(18906088, 0, 1157.40625000, 322.68359375)
1787603612.553 [20:33:32.552351] {Default Queue} wl_touch#55.motion(18906088, 0, 1157.40625000, 322.68359375)
1787603612.553 [20:33:32.552366] {Default Queue} wl_touch#32.frame()
1787603612.553 [20:33:32.552376] {Default Queue} wl_touch#55.frame()
1787603612.559 [20:33:32.558946] {Default Queue} wl_touch#32.motion(18906097, 0, 1156.40625000, 315.69140625)
1787603612.559 [20:33:32.559009] {Default Queue} wl_touch#55.motion(18906097, 0, 1156.40625000, 315.69140625)
1787603612.559 [20:33:32.559025] {Default Queue} wl_touch#32.frame()
1787603612.559 [20:33:32.559036] {Default Queue} wl_touch#55.frame()
1787603612.569 [20:33:32.568939] {Default Queue} wl_touch#32.motion(18906106, 0, 1155.40625000, 308.69921875)
1787603612.569 [20:33:32.568994] {Default Queue} wl_touch#55.motion(18906106, 0, 1155.40625000, 308.69921875)
1787603612.569 [20:33:32.569008] {Default Queue} wl_touch#32.frame()
1787603612.569 [20:33:32.569019] {Default Queue} wl_touch#55.frame()
1787603612.577 [20:33:32.576893] {Default Queue} wl_touch#32.motion(18906115, 0, 1154.40625000, 303.70312500)
1787603612.577 [20:33:32.576963] {Default Queue} wl_touch#55.motion(18906115, 0, 1154.40625000, 303.70312500)
1787603612.577 [20:33:32.576981] {Default Queue} wl_touch#32.frame()
1787603612.577 [20:33:32.576992] {Default Queue} wl_touch#55.frame()
1787603612.586 [20:33:32.585888] {Default Queue} wl_touch#32.motion(18906124, 0, 1153.40625000, 299.70703125)
1787603612.586 [20:33:32.585960] {Default Queue} wl_touch#55.motion(18906124, 0, 1153.40625000, 299.70703125)
1787603612.586 [20:33:32.585982] {Default Queue} wl_touch#32.frame()
1787603612.586 [20:33:32.585998] {Default Queue} wl_touch#55.frame()
1787603612.595 [20:33:32.595032] {Default Queue} wl_touch#32.motion(18906133, 0, 1153.40625000, 297.70703125)
1787603612.595 [20:33:32.595106] {Default Queue} wl_touch#55.motion(18906133, 0, 1153.40625000, 297.70703125)
1787603612.595 [20:33:32.595123] {Default Queue} wl_touch#32.frame()
1787603612.595 [20:33:32.595135] {Default Queue} wl_touch#55.frame()
1787603612.604 [20:33:32.604075] {Default Queue} wl_touch#32.motion(18906142, 0, 1152.40625000, 296.71093750)
1787603612.604 [20:33:32.604150] {Default Queue} wl_touch#55.motion(18906142, 0, 1152.40625000, 296.71093750)
1787603612.604 [20:33:32.604167] {Default Queue} wl_touch#32.frame()
1787603612.604 [20:33:32.604180] {Default Queue} wl_touch#55.frame()
1787603612.614 [20:33:32.614092] {Default Queue} wl_touch#32.motion(18906152, 0, 1151.41015625, 296.71093750)
1787603612.614 [20:33:32.614169] {Default Queue} wl_touch#55.motion(18906152, 0, 1151.41015625, 296.71093750)
1787603612.614 [20:33:32.614186] {Default Queue} wl_touch#32.frame()
1787603612.614 [20:33:32.614197] {Default Queue} wl_touch#55.frame()
1787603612.625 [20:33:32.624651] {Default Queue} wl_touch#32.motion(18906161, 0, 1150.41015625, 298.70703125)
1787603612.625 [20:33:32.624740] {Default Queue} wl_touch#55.motion(18906161, 0, 1150.41015625, 298.70703125)
1787603612.625 [20:33:32.624798] {Default Queue} wl_touch#32.frame()
1787603612.625 [20:33:32.624815] {Default Queue} wl_touch#55.frame()
1787603612.632 [20:33:32.632223] {Default Queue} wl_touch#32.motion(18906170, 0, 1149.41015625, 302.70312500)
1787603612.633 [20:33:32.632301] {Default Queue} wl_touch#55.motion(18906170, 0, 1149.41015625, 302.70312500)
1787603612.633 [20:33:32.632318] {Default Queue} wl_touch#32.frame()
1787603612.633 [20:33:32.632331] {Default Queue} wl_touch#55.frame()
1787603612.641 [20:33:32.640853] {Default Queue} wl_touch#32.motion(18906179, 0, 1149.41015625, 308.69921875)
1787603612.641 [20:33:32.640932] {Default Queue} wl_touch#55.motion(18906179, 0, 1149.41015625, 308.69921875)
1787603612.641 [20:33:32.640950] {Default Queue} wl_touch#32.frame()
1787603612.641 [20:33:32.640964] {Default Queue} wl_touch#55.frame()
1787603612.653 [20:33:32.652227] {Default Queue} wl_touch#32.motion(18906188, 0, 1147.41015625, 316.69140625)
1787603612.653 [20:33:32.652305] {Default Queue} wl_touch#55.motion(18906188, 0, 1147.41015625, 316.69140625)
1787603612.653 [20:33:32.652321] {Default Queue} wl_touch#32.frame()
1787603612.653 [20:33:32.652332] {Default Queue} wl_touch#55.frame()
1787603612.659 [20:33:32.659069] {Default Queue} wl_touch#32.motion(18906197, 0, 1145.41015625, 326.68359375)
1787603612.659 [20:33:32.659140] {Default Queue} wl_touch#55.motion(18906197, 0, 1145.41015625, 326.68359375)
1787603612.659 [20:33:32.659158] {Default Queue} wl_touch#32.frame()
1787603612.659 [20:33:32.659170] {Default Queue} wl_touch#55.frame()
1787603612.671 [20:33:32.670494] {Default Queue} wl_touch#32.motion(18906206, 0, 1144.41015625, 338.67187500)
1787603612.671 [20:33:32.670594] {Default Queue} wl_touch#55.motion(18906206, 0, 1144.41015625, 338.67187500)
1787603612.671 [20:33:32.670621] {Default Queue} wl_touch#32.frame()
1787603612.671 [20:33:32.670640] {Default Queue} wl_touch#55.frame()
1787603612.677 [20:33:32.676882] {Default Queue} wl_touch#32.motion(18906215, 0, 1141.41406250, 352.65625000)
1787603612.677 [20:33:32.676966] {Default Queue} wl_touch#55.motion(18906215, 0, 1141.41406250, 352.65625000)
1787603612.677 [20:33:32.676993] {Default Queue} wl_touch#32.frame()
1787603612.677 [20:33:32.677012] {Default Queue} wl_touch#55.frame()
1787603612.688 [20:33:32.687571] {Default Queue} wl_touch#32.motion(18906225, 0, 1139.41406250, 369.64062500)
1787603612.688 [20:33:32.687664] {Default Queue} wl_touch#55.motion(18906225, 0, 1139.41406250, 369.64062500)
1787603612.688 [20:33:32.687683] {Default Queue} wl_touch#32.frame()
1787603612.688 [20:33:32.687695] {Default Queue} wl_touch#55.frame()
1787603612.696 [20:33:32.695922] {Default Queue} wl_touch#32.motion(18906234, 0, 1136.41796875, 388.62500000)
1787603612.696 [20:33:32.695991] {Default Queue} wl_touch#55.motion(18906234, 0, 1136.41796875, 388.62500000)
1787603612.696 [20:33:32.696008] {Default Queue} wl_touch#32.frame()
1787603612.696 [20:33:32.696019] {Default Queue} wl_touch#55.frame()
1787603612.705 [20:33:32.704967] {Default Queue} wl_touch#32.motion(18906243, 0, 1132.41796875, 407.60546875)
1787603612.705 [20:33:32.705025] {Default Queue} wl_touch#55.motion(18906243, 0, 1132.41796875, 407.60546875)
1787603612.705 [20:33:32.705043] {Default Queue} wl_touch#32.frame()
1787603612.705 [20:33:32.705055] {Default Queue} wl_touch#55.frame()
1787603612.714 [20:33:32.713952] {Default Queue} wl_touch#32.motion(18906252, 0, 1129.41796875, 429.58593750)
1787603612.714 [20:33:32.714025] {Default Queue} wl_touch#55.motion(18906252, 0, 1129.41796875, 429.58593750)
1787603612.714 [20:33:32.714042] {Default Queue} wl_touch#32.frame()
1787603612.714 [20:33:32.714054] {Default Queue} wl_touch#55.frame()
1787603612.723 [20:33:32.722926] {Default Queue} wl_touch#32.motion(18906261, 0, 1126.42187500, 451.56640625)
1787603612.723 [20:33:32.723005] {Default Queue} wl_touch#55.motion(18906261, 0, 1126.42187500, 451.56640625)
1787603612.723 [20:33:32.723025] {Default Queue} wl_touch#32.frame()
1787603612.723 [20:33:32.723040] {Default Queue} wl_touch#55.frame()
1787603612.732 [20:33:32.732162] {Default Queue} wl_touch#32.motion(18906270, 0, 1123.42187500, 476.54296875)
1787603612.732 [20:33:32.732239] {Default Queue} wl_touch#55.motion(18906270, 0, 1123.42187500, 476.54296875)
1787603612.733 [20:33:32.732256] {Default Queue} wl_touch#32.frame()
1787603612.733 [20:33:32.732267] {Default Queue} wl_touch#55.frame()
1787603612.741 [20:33:32.740874] {Default Queue} wl_touch#32.motion(18906279, 0, 1120.42578125, 503.51953125)
1787603612.741 [20:33:32.740935] {Default Queue} wl_touch#55.motion(18906279, 0, 1120.42578125, 503.51953125)
1787603612.741 [20:33:32.740950] {Default Queue} wl_touch#32.frame()
1787603612.741 [20:33:32.740962] {Default Queue} wl_touch#55.frame()
1787603612.753 [20:33:32.752371] {Default Queue} wl_touch#32.motion(18906288, 0, 1118.42578125, 531.49218750)
1787603612.753 [20:33:32.752442] {Default Queue} wl_touch#55.motion(18906288, 0, 1118.42578125, 531.49218750)
1787603612.753 [20:33:32.752459] {Default Queue} wl_touch#32.frame()
1787603612.753 [20:33:32.752469] {Default Queue} wl_touch#55.frame()
1787603612.759 [20:33:32.758972] {Default Queue} wl_touch#32.motion(18906297, 0, 1116.42578125, 559.46484375)
1787603612.759 [20:33:32.759042] {Default Queue} wl_touch#55.motion(18906297, 0, 1116.42578125, 559.46484375)
1787603612.759 [20:33:32.759059] {Default Queue} wl_touch#32.frame()
1787603612.759 [20:33:32.759071] {Default Queue} wl_touch#55.frame()
1787603612.770 [20:33:32.769359] {Default Queue} wl_touch#32.motion(18906307, 0, 1115.42578125, 586.44140625)
1787603612.770 [20:33:32.769460] {Default Queue} wl_touch#55.motion(18906307, 0, 1115.42578125, 586.44140625)
1787603612.770 [20:33:32.769476] {Default Queue} wl_touch#32.frame()
1787603612.770 [20:33:32.769487] {Default Queue} wl_touch#55.frame()
1787603612.778 [20:33:32.778249] {Default Queue} wl_touch#32.motion(18906316, 0, 1114.42578125, 613.41796875)
1787603612.779 [20:33:32.778310] {Default Queue} wl_touch#55.motion(18906316, 0, 1114.42578125, 613.41796875)
1787603612.779 [20:33:32.778326] {Default Queue} wl_touch#32.frame()
1787603612.779 [20:33:32.778336] {Default Queue} wl_touch#55.frame()
1787603612.787 [20:33:32.786947] {Default Queue} wl_touch#32.motion(18906325, 0, 1113.42968750, 638.39453125)
1787603612.787 [20:33:32.787022] {Default Queue} wl_touch#55.motion(18906325, 0, 1113.42968750, 638.39453125)
1787603612.787 [20:33:32.787043] {Default Queue} wl_touch#32.frame()
1787603612.787 [20:33:32.787057] {Default Queue} wl_touch#55.frame()
1787603612.796 [20:33:32.796189] {Default Queue} wl_touch#32.motion(18906334, 0, 1113.42968750, 660.37109375)
1787603612.797 [20:33:32.796269] {Default Queue} wl_touch#55.motion(18906334, 0, 1113.42968750, 660.37109375)
1787603612.797 [20:33:32.796287] {Default Queue} wl_touch#32.frame()
1787603612.797 [20:33:32.796300] {Default Queue} wl_touch#55.frame()
1787603612.805 [20:33:32.804924] {Default Queue} wl_touch#32.motion(18906343, 0, 1113.42968750, 678.35546875)
1787603612.805 [20:33:32.804995] {Default Queue} wl_touch#55.motion(18906343, 0, 1113.42968750, 678.35546875)
1787603612.805 [20:33:32.805011] {Default Queue} wl_touch#32.frame()
1787603612.805 [20:33:32.805023] {Default Queue} wl_touch#55.frame()
1787603612.814 [20:33:32.814070] {Default Queue} wl_touch#32.motion(18906352, 0, 1113.42968750, 691.34375000)
1787603612.814 [20:33:32.814147] {Default Queue} wl_touch#55.motion(18906352, 0, 1113.42968750, 691.34375000)
1787603612.814 [20:33:32.814164] {Default Queue} wl_touch#32.frame()
1787603612.814 [20:33:32.814176] {Default Queue} wl_touch#55.frame()
1787603612.823 [20:33:32.822864] {Default Queue} wl_touch#32.motion(18906361, 0, 1114.42578125, 703.33203125)
1787603612.823 [20:33:32.822932] {Default Queue} wl_touch#55.motion(18906361, 0, 1114.42578125, 703.33203125)
1787603612.823 [20:33:32.822947] {Default Queue} wl_touch#32.frame()
1787603612.823 [20:33:32.822958] {Default Queue} wl_touch#55.frame()
1787603612.832 [20:33:32.832120] {Default Queue} wl_touch#32.motion(18906370, 0, 1115.42578125, 712.32421875)
1787603612.832 [20:33:32.832195] {Default Queue} wl_touch#55.motion(18906370, 0, 1115.42578125, 712.32421875)
1787603612.832 [20:33:32.832212] {Default Queue} wl_touch#32.frame()
1787603612.832 [20:33:32.832224] {Default Queue} wl_touch#55.frame()
1787603612.842 [20:33:32.842001] {Default Queue} wl_touch#32.motion(18906380, 0, 1118.42578125, 719.31640625)
1787603612.842 [20:33:32.842075] {Default Queue} wl_touch#55.motion(18906380, 0, 1118.42578125, 719.31640625)
1787603612.842 [20:33:32.842091] {Default Queue} wl_touch#32.frame()
1787603612.842 [20:33:32.842104] {Default Queue} wl_touch#55.frame()
1787603612.853 [20:33:32.852465] {Default Queue} wl_touch#32.motion(18906389, 0, 1120.42578125, 725.31250000)
1787603612.853 [20:33:32.852556] {Default Queue} wl_touch#55.motion(18906389, 0, 1120.42578125, 725.31250000)
1787603612.853 [20:33:32.852579] {Default Queue} wl_touch#32.frame()
1787603612.853 [20:33:32.852594] {Default Queue} wl_touch#55.frame()
1787603612.860 [20:33:32.860006] {Default Queue} wl_touch#32.motion(18906398, 0, 1123.42187500, 730.30859375)
1787603612.860 [20:33:32.860070] {Default Queue} wl_touch#55.motion(18906398, 0, 1123.42187500, 730.30859375)
1787603612.860 [20:33:32.860103] {Default Queue} wl_touch#32.frame()
1787603612.860 [20:33:32.860127] {Default Queue} wl_touch#55.frame()
1787603612.908 [20:33:32.908041] {Default Queue} wl_touch#32.up(998, 18906446, 0)
1787603612.908 [20:33:32.908128] {Default Queue} wl_touch#55.up(998, 18906446, 0)
1787603612.908 [20:33:32.908146] {Default Queue} wl_touch#32.frame()
1787603612.908 [20:33:32.908158] {Default Queue} wl_touch#55.frame()
1787603613.245 [20:33:33.244964] {Default Queue} wl_touch#32.down(999, 18906783, wl_surface#67, 0, 1095.43750000, 687.34765625)
1787603613.245 [20:33:33.245046] {Default Queue} wl_touch#55.down(999, 18906783, wl_surface#67, 0, 1095.43750000, 687.34765625)
1787603613.245 [20:33:33.245065] {Default Queue} wl_touch#32.frame()
1787603613.245 [20:33:33.245078] {Default Queue} wl_touch#55.frame()
1787603613.290 [20:33:33.290076] {Default Queue} wl_touch#32.motion(18906828, 0, 1088.44140625, 691.34375000)
1787603613.290 [20:33:33.290142] {Default Queue} wl_touch#55.motion(18906828, 0, 1088.44140625, 691.34375000)
1787603613.290 [20:33:33.290160] {Default Queue} wl_touch#32.frame()
1787603613.290 [20:33:33.290172] {Default Queue} wl_touch#55.frame()
1787603613.299 [20:33:33.299126] {Default Queue} wl_touch#32.motion(18906837, 0, 1085.44140625, 692.34375000)
1787603613.299 [20:33:33.299205] {Default Queue} wl_touch#55.motion(18906837, 0, 1085.44140625, 692.34375000)
1787603613.299 [20:33:33.299222] {Default Queue} wl_touch#32.frame()
1787603613.299 [20:33:33.299234] {Default Queue} wl_touch#55.frame()
1787603613.308 [20:33:33.307953] {Default Queue} wl_touch#32.motion(18906846, 0, 1083.44531250, 694.33984375)
1787603613.308 [20:33:33.308028] {Default Queue} wl_touch#55.motion(18906846, 0, 1083.44531250, 694.33984375)
1787603613.308 [20:33:33.308046] {Default Queue} wl_touch#32.frame()
1787603613.308 [20:33:33.308057] {Default Queue} wl_touch#55.frame()
1787603613.321 [20:33:33.320437] {Default Queue} wl_touch#32.motion(18906855, 0, 1080.44531250, 695.33984375)
1787603613.321 [20:33:33.320612] {Default Queue} wl_touch#55.motion(18906855, 0, 1080.44531250, 695.33984375)
1787603613.321 [20:33:33.320650] {Default Queue} wl_touch#32.frame()
1787603613.321 [20:33:33.320669] {Default Queue} wl_touch#55.frame()
1787603613.326 [20:33:33.325929] {Default Queue} wl_touch#32.motion(18906864, 0, 1077.44531250, 698.33593750)
1787603613.326 [20:33:33.325985] {Default Queue} wl_touch#55.motion(18906864, 0, 1077.44531250, 698.33593750)
1787603613.326 [20:33:33.326001] {Default Queue} wl_touch#32.frame()
1787603613.326 [20:33:33.326012] {Default Queue} wl_touch#55.frame()
1787603613.336 [20:33:33.335539] {Default Queue} wl_touch#32.motion(18906873, 0, 1063.45312500, 710.32812500)
1787603613.336 [20:33:33.335586] {Default Queue} wl_touch#55.motion(18906873, 0, 1063.45312500, 710.32812500)
1787603613.336 [20:33:33.335600] {Default Queue} wl_touch#32.frame()
1787603613.336 [20:33:33.335610] {Default Queue} wl_touch#55.frame()
1787603613.345 [20:33:33.344939] {Default Queue} wl_touch#32.motion(18906883, 0, 1061.45703125, 711.32421875)
1787603613.345 [20:33:33.345012] {Default Queue} wl_touch#55.motion(18906883, 0, 1061.45703125, 711.32421875)
1787603613.345 [20:33:33.345029] {Default Queue} wl_touch#32.frame()
1787603613.345 [20:33:33.345040] {Default Queue} wl_touch#55.frame()
1787603613.356 [20:33:33.356012] {Default Queue} wl_touch#32.motion(18906894, 0, 1059.45703125, 712.32421875)
1787603613.356 [20:33:33.356074] {Default Queue} wl_touch#55.motion(18906894, 0, 1059.45703125, 712.32421875)
1787603613.356 [20:33:33.356091] {Default Queue} wl_touch#32.frame()
1787603613.356 [20:33:33.356103] {Default Queue} wl_touch#55.frame()
1787603613.366 [20:33:33.365232] {Default Queue} wl_touch#32.motion(18906903, 0, 1058.45703125, 712.32421875)
1787603613.366 [20:33:33.365310] {Default Queue} wl_touch#55.motion(18906903, 0, 1058.45703125, 712.32421875)
1787603613.366 [20:33:33.365327] {Default Queue} wl_touch#32.frame()
1787603613.366 [20:33:33.365339] {Default Queue} wl_touch#55.frame()
1787603613.375 [20:33:33.375039] {Default Queue} wl_touch#32.motion(18906913, 0, 1055.45703125, 714.32421875)
1787603613.375 [20:33:33.375100] {Default Queue} wl_touch#55.motion(18906913, 0, 1055.45703125, 714.32421875)
1787603613.375 [20:33:33.375115] {Default Queue} wl_touch#32.frame()
1787603613.375 [20:33:33.375127] {Default Queue} wl_touch#55.frame()
1787603613.390 [20:33:33.389480] {Default Queue} wl_touch#32.motion(18906923, 0, 1053.46093750, 716.32031250)
1787603613.390 [20:33:33.389563] {Default Queue} wl_touch#55.motion(18906923, 0, 1053.46093750, 716.32031250)
1787603613.390 [20:33:33.389586] {Default Queue} wl_touch#32.frame()
1787603613.390 [20:33:33.389601] {Default Queue} wl_touch#55.frame()
1787603613.395 [20:33:33.395158] {Default Queue} wl_touch#32.motion(18906933, 0, 1050.46093750, 717.32031250)
1787603613.395 [20:33:33.395231] {Default Queue} wl_touch#55.motion(18906933, 0, 1050.46093750, 717.32031250)
1787603613.395 [20:33:33.395248] {Default Queue} wl_touch#32.down(1000, 18906933, wl_surface#67, 1, 1117.42578125, 515.50781250)
1787603613.395 [20:33:33.395283] {Default Queue} wl_touch#55.down(1000, 18906933, wl_surface#67, 1, 1117.42578125, 515.50781250)
1787603613.395 [20:33:33.395298] {Default Queue} wl_touch#32.frame()
1787603613.396 [20:33:33.395309] {Default Queue} wl_touch#55.frame()
1787603613.405 [20:33:33.405164] {Default Queue} wl_touch#32.motion(18906943, 0, 1046.46484375, 720.31640625)
1787603613.406 [20:33:33.405237] {Default Queue} wl_touch#55.motion(18906943, 0, 1046.46484375, 720.31640625)
1787603613.406 [20:33:33.405254] {Default Queue} wl_touch#32.motion(18906943, 1, 1119.42578125, 511.51171875)
1787603613.406 [20:33:33.405274] {Default Queue} wl_touch#55.motion(18906943, 1, 1119.42578125, 511.51171875)
1787603613.406 [20:33:33.405287] {Default Queue} wl_touch#32.frame()
1787603613.406 [20:33:33.405298] {Default Queue} wl_touch#55.frame()
1787603613.415 [20:33:33.415113] {Default Queue} wl_touch#32.motion(18906953, 0, 1042.46484375, 723.31250000)
1787603613.415 [20:33:33.415190] {Default Queue} wl_touch#55.motion(18906953, 0, 1042.46484375, 723.31250000)
1787603613.415 [20:33:33.415207] {Default Queue} wl_touch#32.motion(18906953, 1, 1120.42578125, 505.51562500)
1787603613.415 [20:33:33.415227] {Default Queue} wl_touch#55.motion(18906953, 1, 1120.42578125, 505.51562500)
1787603613.415 [20:33:33.415239] {Default Queue} wl_touch#32.frame()
1787603613.416 [20:33:33.415250] {Default Queue} wl_touch#55.frame()
1787603613.424 [20:33:33.424045] {Default Queue} wl_touch#32.motion(18906962, 0, 1038.46875000, 726.31250000)
1787603613.424 [20:33:33.424123] {Default Queue} wl_touch#55.motion(18906962, 0, 1038.46875000, 726.31250000)
1787603613.424 [20:33:33.424140] {Default Queue} wl_touch#32.motion(18906962, 1, 1122.42187500, 499.52343750)
1787603613.424 [20:33:33.424161] {Default Queue} wl_touch#55.motion(18906962, 1, 1122.42187500, 499.52343750)
1787603613.424 [20:33:33.424173] {Default Queue} wl_touch#32.frame()
1787603613.424 [20:33:33.424185] {Default Queue} wl_touch#55.frame()
1787603613.436 [20:33:33.435635] {Default Queue} wl_touch#32.motion(18906972, 0, 1034.46875000, 729.30859375)
1787603613.436 [20:33:33.435706] {Default Queue} wl_touch#55.motion(18906972, 0, 1034.46875000, 729.30859375)
1787603613.436 [20:33:33.435721] {Default Queue} wl_touch#32.motion(18906972, 1, 1123.42187500, 495.52343750)
1787603613.436 [20:33:33.435743] {Default Queue} wl_touch#55.motion(18906972, 1, 1123.42187500, 495.52343750)
1787603613.436 [20:33:33.435755] {Default Queue} wl_touch#32.frame()
1787603613.436 [20:33:33.435808] {Default Queue} wl_touch#55.frame()
1787603613.444 [20:33:33.444190] {Default Queue} wl_touch#32.motion(18906982, 0, 1030.47265625, 732.30468750)
1787603613.445 [20:33:33.444268] {Default Queue} wl_touch#55.motion(18906982, 0, 1030.47265625, 732.30468750)
1787603613.445 [20:33:33.444286] {Default Queue} wl_touch#32.motion(18906982, 1, 1125.42187500, 489.53125000)
1787603613.445 [20:33:33.444307] {Default Queue} wl_touch#55.motion(18906982, 1, 1125.42187500, 489.53125000)
1787603613.445 [20:33:33.444319] {Default Queue} wl_touch#32.frame()
1787603613.445 [20:33:33.444331] {Default Queue} wl_touch#55.frame()
1787603613.454 [20:33:33.453873] {Default Queue} wl_touch#32.motion(18906992, 0, 1023.47656250, 738.30078125)
1787603613.454 [20:33:33.454053] {Default Queue} wl_touch#55.motion(18906992, 0, 1023.47656250, 738.30078125)
1787603613.454 [20:33:33.454096] {Default Queue} wl_touch#32.motion(18906992, 1, 1128.42187500, 479.53906250)
1787603613.454 [20:33:33.454127] {Default Queue} wl_touch#55.motion(18906992, 1, 1128.42187500, 479.53906250)
1787603613.454 [20:33:33.454142] {Default Queue} wl_touch#32.frame()
1787603613.454 [20:33:33.454155] {Default Queue} wl_touch#55.frame()
1787603613.464 [20:33:33.464187] {Default Queue} wl_touch#32.motion(18907002, 0, 1017.47656250, 743.29687500)
1787603613.465 [20:33:33.464265] {Default Queue} wl_touch#55.motion(18907002, 0, 1017.47656250, 743.29687500)
1787603613.465 [20:33:33.464281] {Default Queue} wl_touch#32.motion(18907002, 1, 1132.41796875, 471.54687500)
1787603613.465 [20:33:33.464304] {Default Queue} wl_touch#55.motion(18907002, 1, 1132.41796875, 471.54687500)
1787603613.465 [20:33:33.464316] {Default Queue} wl_touch#32.frame()
1787603613.465 [20:33:33.464328] {Default Queue} wl_touch#55.frame()
1787603613.474 [20:33:33.474126] {Default Queue} wl_touch#32.motion(18907012, 0, 1012.48046875, 748.29296875)
1787603613.474 [20:33:33.474202] {Default Queue} wl_touch#55.motion(18907012, 0, 1012.48046875, 748.29296875)
1787603613.474 [20:33:33.474220] {Default Queue} wl_touch#32.motion(18907012, 1, 1134.41796875, 462.55468750)
1787603613.474 [20:33:33.474244] {Default Queue} wl_touch#55.motion(18907012, 1, 1134.41796875, 462.55468750)
1787603613.474 [20:33:33.474257] {Default Queue} wl_touch#32.frame()
1787603613.474 [20:33:33.474268] {Default Queue} wl_touch#55.frame()
1787603613.486 [20:33:33.485706] {Default Queue} wl_touch#32.motion(18907022, 0, 1008.48437500, 753.28515625)
1787603613.486 [20:33:33.485832] {Default Queue} wl_touch#55.motion(18907022, 0, 1008.48437500, 753.28515625)
1787603613.486 [20:33:33.485847] {Default Queue} wl_touch#32.motion(18907022, 1, 1137.41406250, 455.56250000)
1787603613.486 [20:33:33.485867] {Default Queue} wl_touch#55.motion(18907022, 1, 1137.41406250, 455.56250000)
1787603613.486 [20:33:33.485879] {Default Queue} wl_touch#32.frame()
1787603613.486 [20:33:33.485889] {Default Queue} wl_touch#55.frame()
1787603613.493 [20:33:33.493091] {Default Queue} wl_touch#32.motion(18907031, 0, 1003.48437500, 757.28125000)
1787603613.493 [20:33:33.493166] {Default Queue} wl_touch#55.motion(18907031, 0, 1003.48437500, 757.28125000)
1787603613.493 [20:33:33.493184] {Default Queue} wl_touch#32.motion(18907031, 1, 1140.41406250, 448.57031250)
1787603613.493 [20:33:33.493205] {Default Queue} wl_touch#55.motion(18907031, 1, 1140.41406250, 448.57031250)
1787603613.493 [20:33:33.493218] {Default Queue} wl_touch#32.frame()
1787603613.493 [20:33:33.493230] {Default Queue} wl_touch#55.frame()
1787603613.503 [20:33:33.503143] {Default Queue} wl_touch#32.motion(18907041, 0, 998.48828125, 761.27734375)
1787603613.503 [20:33:33.503216] {Default Queue} wl_touch#55.motion(18907041, 0, 998.48828125, 761.27734375)
1787603613.503 [20:33:33.503235] {Default Queue} wl_touch#32.motion(18907041, 1, 1142.41406250, 442.57421875)
1787603613.504 [20:33:33.503263] {Default Queue} wl_touch#55.motion(18907041, 1, 1142.41406250, 442.57421875)
1787603613.504 [20:33:33.503277] {Default Queue} wl_touch#32.frame()
1787603613.504 [20:33:33.503290] {Default Queue} wl_touch#55.frame()
1787603613.513 [20:33:33.513197] {Default Queue} wl_touch#32.motion(18907051, 0, 994.48828125, 765.27734375)
1787603613.513 [20:33:33.513248] {Default Queue} wl_touch#55.motion(18907051, 0, 994.48828125, 765.27734375)
1787603613.513 [20:33:33.513263] {Default Queue} wl_touch#32.motion(18907051, 1, 1145.41015625, 435.58203125)
1787603613.514 [20:33:33.513285] {Default Queue} wl_touch#55.motion(18907051, 1, 1145.41015625, 435.58203125)
1787603613.514 [20:33:33.513297] {Default Queue} wl_touch#32.frame()
1787603613.514 [20:33:33.513307] {Default Queue} wl_touch#55.frame()
1787603613.523 [20:33:33.523091] {Default Queue} wl_touch#32.motion(18907061, 0, 990.49218750, 769.27343750)
1787603613.523 [20:33:33.523185] {Default Queue} wl_touch#55.motion(18907061, 0, 990.49218750, 769.27343750)
1787603613.523 [20:33:33.523214] {Default Queue} wl_touch#32.motion(18907061, 1, 1147.41015625, 429.58593750)
1787603613.523 [20:33:33.523251] {Default Queue} wl_touch#55.motion(18907061, 1, 1147.41015625, 429.58593750)
1787603613.523 [20:33:33.523271] {Default Queue} wl_touch#32.frame()
1787603613.523 [20:33:33.523288] {Default Queue} wl_touch#55.frame()
1787603613.532 [20:33:33.532188] {Default Queue} wl_touch#32.motion(18907070, 0, 986.49609375, 773.26953125)
1787603613.533 [20:33:33.532262] {Default Queue} wl_touch#55.motion(18907070, 0, 986.49609375, 773.26953125)
1787603613.533 [20:33:33.532279] {Default Queue} wl_touch#32.motion(18907070, 1, 1149.41015625, 424.58984375)
1787603613.533 [20:33:33.532300] {Default Queue} wl_touch#55.motion(18907070, 1, 1149.41015625, 424.58984375)
1787603613.533 [20:33:33.532314] {Default Queue} wl_touch#32.frame()
1787603613.533 [20:33:33.532326] {Default Queue} wl_touch#55.frame()
1787603613.541 [20:33:33.540738] {Default Queue} wl_touch#32.motion(18907079, 0, 983.49609375, 777.26562500)
1787603613.541 [20:33:33.540790] {Default Queue} wl_touch#55.motion(18907079, 0, 983.49609375, 777.26562500)
1787603613.541 [20:33:33.540799] {Default Queue} wl_touch#32.motion(18907079, 1, 1152.40625000, 419.59375000)
1787603613.541 [20:33:33.540809] {Default Queue} wl_touch#55.motion(18907079, 1, 1152.40625000, 419.59375000)
1787603613.541 [20:33:33.540816] {Default Queue} wl_touch#32.frame()
1787603613.541 [20:33:33.540822] {Default Queue} wl_touch#55.frame()
1787603613.550 [20:33:33.549699] {Default Queue} wl_touch#32.motion(18907088, 0, 981.49609375, 782.26171875)
1787603613.550 [20:33:33.549731] {Default Queue} wl_touch#55.motion(18907088, 0, 981.49609375, 782.26171875)
1787603613.550 [20:33:33.549741] {Default Queue} wl_touch#32.motion(18907088, 1, 1154.40625000, 414.60156250)
1787603613.550 [20:33:33.549754] {Default Queue} wl_touch#55.motion(18907088, 1, 1154.40625000, 414.60156250)
1787603613.550 [20:33:33.549771] {Default Queue} wl_touch#32.frame()
1787603613.550 [20:33:33.549780] {Default Queue} wl_touch#55.frame()
1787603613.559 [20:33:33.558717] {Default Queue} wl_touch#32.motion(18907097, 0, 978.50000000, 786.25781250)
1787603613.559 [20:33:33.558748] {Default Queue} wl_touch#55.motion(18907097, 0, 978.50000000, 786.25781250)
1787603613.559 [20:33:33.558753] {Default Queue} wl_touch#32.motion(18907097, 1, 1157.40625000, 410.60546875)
1787603613.559 [20:33:33.558770] {Default Queue} wl_touch#55.motion(18907097, 1, 1157.40625000, 410.60546875)
1787603613.559 [20:33:33.558774] {Default Queue} wl_touch#32.frame()
1787603613.559 [20:33:33.558779] {Default Queue} wl_touch#55.frame()
1787603613.569 [20:33:33.568575] {Default Queue} wl_touch#32.motion(18907107, 0, 976.50000000, 790.25390625)
1787603613.569 [20:33:33.568603] {Default Queue} wl_touch#55.motion(18907107, 0, 976.50000000, 790.25390625)
1787603613.569 [20:33:33.568608] {Default Queue} wl_touch#32.motion(18907107, 1, 1158.40625000, 407.60546875)
1787603613.569 [20:33:33.568616] {Default Queue} wl_touch#55.motion(18907107, 1, 1158.40625000, 407.60546875)
1787603613.569 [20:33:33.568620] {Default Queue} wl_touch#32.frame()
1787603613.569 [20:33:33.568624] {Default Queue} wl_touch#55.frame()
1787603613.578 [20:33:33.577647] {Default Queue} wl_touch#32.motion(18907116, 0, 973.50000000, 794.25000000)
1787603613.578 [20:33:33.577677] {Default Queue} wl_touch#55.motion(18907116, 0, 973.50000000, 794.25000000)
1787603613.578 [20:33:33.577683] {Default Queue} wl_touch#32.motion(18907116, 1, 1160.40234375, 405.60937500)
1787603613.578 [20:33:33.577690] {Default Queue} wl_touch#55.motion(18907116, 1, 1160.40234375, 405.60937500)
1787603613.578 [20:33:33.577694] {Default Queue} wl_touch#32.frame()
1787603613.578 [20:33:33.577698] {Default Queue} wl_touch#55.frame()
1787603613.587 [20:33:33.586596] {Default Queue} wl_touch#32.motion(18907125, 0, 971.50000000, 798.24609375)
1787603613.587 [20:33:33.586623] {Default Queue} wl_touch#55.motion(18907125, 0, 971.50000000, 798.24609375)
1787603613.587 [20:33:33.586628] {Default Queue} wl_touch#32.motion(18907125, 1, 1162.40234375, 401.61328125)
1787603613.587 [20:33:33.586635] {Default Queue} wl_touch#55.motion(18907125, 1, 1162.40234375, 401.61328125)
1787603613.587 [20:33:33.586658] {Default Queue} wl_touch#32.frame()
1787603613.587 [20:33:33.586662] {Default Queue} wl_touch#55.frame()
1787603613.597 [20:33:33.596258] {Default Queue} wl_touch#32.motion(18907134, 0, 969.50390625, 803.24218750)
1787603613.597 [20:33:33.596337] {Default Queue} wl_touch#55.motion(18907134, 0, 969.50390625, 803.24218750)
1787603613.597 [20:33:33.596353] {Default Queue} wl_touch#32.motion(18907134, 1, 1162.40234375, 399.61328125)
1787603613.597 [20:33:33.596373] {Default Queue} wl_touch#55.motion(18907134, 1, 1162.40234375, 399.61328125)
1787603613.597 [20:33:33.596385] {Default Queue} wl_touch#32.frame()
1787603613.597 [20:33:33.596397] {Default Queue} wl_touch#55.frame()
1787603613.605 [20:33:33.605147] {Default Queue} wl_touch#32.motion(18907143, 0, 966.50390625, 808.23437500)
1787603613.605 [20:33:33.605221] {Default Queue} wl_touch#55.motion(18907143, 0, 966.50390625, 808.23437500)
1787603613.606 [20:33:33.605240] {Default Queue} wl_touch#32.motion(18907143, 1, 1163.40234375, 397.61718750)
1787603613.606 [20:33:33.605260] {Default Queue} wl_touch#55.motion(18907143, 1, 1163.40234375, 397.61718750)
1787603613.606 [20:33:33.605272] {Default Queue} wl_touch#32.frame()
1787603613.606 [20:33:33.605283] {Default Queue} wl_touch#55.frame()
1787603613.614 [20:33:33.614184] {Default Queue} wl_touch#32.motion(18907152, 0, 964.50390625, 814.23046875)
1787603613.614 [20:33:33.614247] {Default Queue} wl_touch#55.motion(18907152, 0, 964.50390625, 814.23046875)
1787603613.614 [20:33:33.614262] {Default Queue} wl_touch#32.motion(18907152, 1, 1165.40234375, 394.61718750)
1787603613.614 [20:33:33.614281] {Default Queue} wl_touch#55.motion(18907152, 1, 1165.40234375, 394.61718750)
1787603613.615 [20:33:33.614293] {Default Queue} wl_touch#32.frame()
1787603613.615 [20:33:33.614305] {Default Queue} wl_touch#55.frame()
1787603613.623 [20:33:33.623106] {Default Queue} wl_touch#32.motion(18907161, 0, 960.50781250, 818.22656250)
1787603613.623 [20:33:33.623175] {Default Queue} wl_touch#55.motion(18907161, 0, 960.50781250, 818.22656250)
1787603613.623 [20:33:33.623192] {Default Queue} wl_touch#32.motion(18907161, 1, 1166.40234375, 392.62109375)
1787603613.623 [20:33:33.623214] {Default Queue} wl_touch#55.motion(18907161, 1, 1166.40234375, 392.62109375)
1787603613.623 [20:33:33.623226] {Default Queue} wl_touch#32.frame()
1787603613.623 [20:33:33.623237] {Default Queue} wl_touch#55.frame()
1787603613.632 [20:33:33.632110] {Default Queue} wl_touch#32.motion(18907170, 0, 958.50781250, 823.22265625)
1787603613.632 [20:33:33.632189] {Default Queue} wl_touch#55.motion(18907170, 0, 958.50781250, 823.22265625)
1787603613.633 [20:33:33.632206] {Default Queue} wl_touch#32.motion(18907170, 1, 1169.39843750, 389.62500000)
1787603613.633 [20:33:33.632230] {Default Queue} wl_touch#55.motion(18907170, 1, 1169.39843750, 389.62500000)
1787603613.633 [20:33:33.632243] {Default Queue} wl_touch#32.frame()
1787603613.633 [20:33:33.632257] {Default Queue} wl_touch#55.frame()
1787603613.642 [20:33:33.642142] {Default Queue} wl_touch#32.motion(18907180, 0, 956.50781250, 828.21875000)
1787603613.642 [20:33:33.642210] {Default Queue} wl_touch#55.motion(18907180, 0, 956.50781250, 828.21875000)
1787603613.642 [20:33:33.642232] {Default Queue} wl_touch#32.motion(18907180, 1, 1171.39843750, 387.62500000)
1787603613.642 [20:33:33.642254] {Default Queue} wl_touch#55.motion(18907180, 1, 1171.39843750, 387.62500000)
1787603613.643 [20:33:33.642270] {Default Queue} wl_touch#32.frame()
1787603613.643 [20:33:33.642286] {Default Queue} wl_touch#55.frame()
1787603613.652 [20:33:33.651906] {Default Queue} wl_touch#32.motion(18907189, 0, 953.51171875, 833.21093750)
1787603613.652 [20:33:33.651986] {Default Queue} wl_touch#55.motion(18907189, 0, 953.51171875, 833.21093750)
1787603613.652 [20:33:33.652027] {Default Queue} wl_touch#32.motion(18907189, 1, 1174.39453125, 384.62890625)
1787603613.652 [20:33:33.652085] {Default Queue} wl_touch#55.motion(18907189, 1, 1174.39453125, 384.62890625)
1787603613.652 [20:33:33.652121] {Default Queue} wl_touch#32.frame()
1787603613.652 [20:33:33.652147] {Default Queue} wl_touch#55.frame()
1787603613.660 [20:33:33.660051] {Default Queue} wl_touch#32.motion(18907198, 0, 951.51171875, 838.20703125)
1787603613.660 [20:33:33.660127] {Default Queue} wl_touch#55.motion(18907198, 0, 951.51171875, 838.20703125)
1787603613.660 [20:33:33.660144] {Default Queue} wl_touch#32.motion(18907198, 1, 1176.39453125, 382.62890625)
1787603613.660 [20:33:33.660166] {Default Queue} wl_touch#55.motion(18907198, 1, 1176.39453125, 382.62890625)
1787603613.660 [20:33:33.660178] {Default Queue} wl_touch#32.frame()
1787603613.660 [20:33:33.660189] {Default Queue} wl_touch#55.frame()
1787603613.669 [20:33:33.669170] {Default Queue} wl_touch#32.motion(18907207, 0, 948.51562500, 843.20312500)
1787603613.669 [20:33:33.669243] {Default Queue} wl_touch#55.motion(18907207, 0, 948.51562500, 843.20312500)
1787603613.669 [20:33:33.669266] {Default Queue} wl_touch#32.motion(18907207, 1, 1178.39453125, 380.63281250)
1787603613.669 [20:33:33.669298] {Default Queue} wl_touch#55.motion(18907207, 1, 1178.39453125, 380.63281250)
1787603613.669 [20:33:33.669317] {Default Queue} wl_touch#32.frame()
1787603613.669 [20:33:33.669335] {Default Queue} wl_touch#55.frame()
1787603613.679 [20:33:33.678255] {Default Queue} wl_touch#32.motion(18907216, 0, 946.51562500, 847.19921875)
1787603613.679 [20:33:33.678334] {Default Queue} wl_touch#55.motion(18907216, 0, 946.51562500, 847.19921875)
1787603613.679 [20:33:33.678351] {Default Queue} wl_touch#32.motion(18907216, 1, 1179.39453125, 379.63281250)
1787603613.679 [20:33:33.678371] {Default Queue} wl_touch#55.motion(18907216, 1, 1179.39453125, 379.63281250)
1787603613.679 [20:33:33.678384] {Default Queue} wl_touch#32.frame()
1787603613.679 [20:33:33.678395] {Default Queue} wl_touch#55.frame()
1787603613.687 [20:33:33.686849] {Default Queue} wl_touch#32.motion(18907225, 0, 944.51562500, 852.19531250)
1787603613.687 [20:33:33.686940] {Default Queue} wl_touch#55.motion(18907225, 0, 944.51562500, 852.19531250)
1787603613.687 [20:33:33.686957] {Default Queue} wl_touch#32.motion(18907225, 1, 1182.39062500, 377.63281250)
1787603613.687 [20:33:33.686985] {Default Queue} wl_touch#55.motion(18907225, 1, 1182.39062500, 377.63281250)
1787603613.687 [20:33:33.687000] {Default Queue} wl_touch#32.frame()
1787603613.687 [20:33:33.687011] {Default Queue} wl_touch#55.frame()
1787603613.696 [20:33:33.696009] {Default Queue} wl_touch#32.motion(18907234, 0, 943.51562500, 857.19140625)
1787603613.696 [20:33:33.696080] {Default Queue} wl_touch#55.motion(18907234, 0, 943.51562500, 857.19140625)
1787603613.696 [20:33:33.696096] {Default Queue} wl_touch#32.motion(18907234, 1, 1185.39062500, 375.63671875)
1787603613.696 [20:33:33.696116] {Default Queue} wl_touch#55.motion(18907234, 1, 1185.39062500, 375.63671875)
1787603613.696 [20:33:33.696129] {Default Queue} wl_touch#32.frame()
1787603613.696 [20:33:33.696141] {Default Queue} wl_touch#55.frame()
1787603613.705 [20:33:33.705178] {Default Queue} wl_touch#32.motion(18907243, 0, 940.51953125, 861.18750000)
1787603613.705 [20:33:33.705254] {Default Queue} wl_touch#55.motion(18907243, 0, 940.51953125, 861.18750000)
1787603613.705 [20:33:33.705270] {Default Queue} wl_touch#32.motion(18907243, 1, 1188.39062500, 372.64062500)
1787603613.706 [20:33:33.705294] {Default Queue} wl_touch#55.motion(18907243, 1, 1188.39062500, 372.64062500)
1787603613.706 [20:33:33.705309] {Default Queue} wl_touch#32.frame()
1787603613.706 [20:33:33.705321] {Default Queue} wl_touch#55.frame()
1787603613.714 [20:33:33.713821] {Default Queue} wl_touch#32.motion(18907252, 0, 939.51953125, 865.18359375)
1787603613.714 [20:33:33.713882] {Default Queue} wl_touch#55.motion(18907252, 0, 939.51953125, 865.18359375)
1787603613.714 [20:33:33.713892] {Default Queue} wl_touch#32.motion(18907252, 1, 1192.38671875, 370.64062500)
1787603613.714 [20:33:33.713906] {Default Queue} wl_touch#55.motion(18907252, 1, 1192.38671875, 370.64062500)
1787603613.714 [20:33:33.713914] {Default Queue} wl_touch#32.frame()
1787603613.714 [20:33:33.713922] {Default Queue} wl_touch#55.frame()
1787603613.724 [20:33:33.723750] {Default Queue} wl_touch#32.motion(18907262, 0, 937.51953125, 869.17968750)
1787603613.724 [20:33:33.723818] {Default Queue} wl_touch#55.motion(18907262, 0, 937.51953125, 869.17968750)
1787603613.724 [20:33:33.723830] {Default Queue} wl_touch#32.motion(18907262, 1, 1196.38671875, 368.64453125)
1787603613.724 [20:33:33.723845] {Default Queue} wl_touch#55.motion(18907262, 1, 1196.38671875, 368.64453125)
1787603613.724 [20:33:33.723853] {Default Queue} wl_touch#32.frame()
1787603613.724 [20:33:33.723860] {Default Queue} wl_touch#55.frame()
1787603613.733 [20:33:33.733001] {Default Queue} wl_touch#32.motion(18907271, 0, 935.51953125, 872.17578125)
1787603613.733 [20:33:33.733056] {Default Queue} wl_touch#55.motion(18907271, 0, 935.51953125, 872.17578125)
1787603613.733 [20:33:33.733067] {Default Queue} wl_touch#32.motion(18907271, 1, 1199.38281250, 365.64453125)
1787603613.733 [20:33:33.733080] {Default Queue} wl_touch#55.motion(18907271, 1, 1199.38281250, 365.64453125)
1787603613.733 [20:33:33.733088] {Default Queue} wl_touch#32.frame()
1787603613.733 [20:33:33.733096] {Default Queue} wl_touch#55.frame()
1787603613.742 [20:33:33.741990] {Default Queue} wl_touch#32.motion(18907280, 0, 933.52343750, 875.17187500)
1787603613.742 [20:33:33.742045] {Default Queue} wl_touch#55.motion(18907280, 0, 933.52343750, 875.17187500)
1787603613.742 [20:33:33.742056] {Default Queue} wl_touch#32.motion(18907280, 1, 1202.38281250, 363.64843750)
1787603613.742 [20:33:33.742072] {Default Queue} wl_touch#55.motion(18907280, 1, 1202.38281250, 363.64843750)
1787603613.742 [20:33:33.742080] {Default Queue} wl_touch#32.frame()
1787603613.742 [20:33:33.742088] {Default Queue} wl_touch#55.frame()
1787603613.752 [20:33:33.751620] {Default Queue} wl_touch#32.motion(18907289, 0, 930.52343750, 879.17187500)
1787603613.752 [20:33:33.751676] {Default Queue} wl_touch#55.motion(18907289, 0, 930.52343750, 879.17187500)
1787603613.752 [20:33:33.751691] {Default Queue} wl_touch#32.motion(18907289, 1, 1205.37890625, 360.64843750)
1787603613.752 [20:33:33.751720] {Default Queue} wl_touch#55.motion(18907289, 1, 1205.37890625, 360.64843750)
1787603613.752 [20:33:33.751731] {Default Queue} wl_touch#32.frame()
1787603613.752 [20:33:33.751741] {Default Queue} wl_touch#55.frame()
1787603613.760 [20:33:33.759835] {Default Queue} wl_touch#32.motion(18907298, 0, 929.52343750, 884.16406250)
1787603613.760 [20:33:33.759887] {Default Queue} wl_touch#55.motion(18907298, 0, 929.52343750, 884.16406250)
1787603613.760 [20:33:33.759898] {Default Queue} wl_touch#32.motion(18907298, 1, 1209.37890625, 358.65234375)
1787603613.760 [20:33:33.759912] {Default Queue} wl_touch#55.motion(18907298, 1, 1209.37890625, 358.65234375)
1787603613.760 [20:33:33.759920] {Default Queue} wl_touch#32.frame()
1787603613.760 [20:33:33.759928] {Default Queue} wl_touch#55.frame()
1787603613.769 [20:33:33.769067] {Default Queue} wl_touch#32.motion(18907307, 0, 927.52343750, 888.16015625)
1787603613.769 [20:33:33.769122] {Default Queue} wl_touch#55.motion(18907307, 0, 927.52343750, 888.16015625)
1787603613.769 [20:33:33.769137] {Default Queue} wl_touch#32.motion(18907307, 1, 1212.37500000, 356.65234375)
1787603613.769 [20:33:33.769156] {Default Queue} wl_touch#55.motion(18907307, 1, 1212.37500000, 356.65234375)
1787603613.769 [20:33:33.769168] {Default Queue} wl_touch#32.frame()
1787603613.769 [20:33:33.769178] {Default Queue} wl_touch#55.frame()
1787603613.778 [20:33:33.778091] {Default Queue} wl_touch#32.motion(18907316, 0, 926.52343750, 892.15625000)
1787603613.778 [20:33:33.778153] {Default Queue} wl_touch#55.motion(18907316, 0, 926.52343750, 892.15625000)
1787603613.778 [20:33:33.778168] {Default Queue} wl_touch#32.motion(18907316, 1, 1215.37500000, 353.65625000)
1787603613.778 [20:33:33.778189] {Default Queue} wl_touch#55.motion(18907316, 1, 1215.37500000, 353.65625000)
1787603613.778 [20:33:33.778201] {Default Queue} wl_touch#32.frame()
1787603613.778 [20:33:33.778212] {Default Queue} wl_touch#55.frame()
1787603613.787 [20:33:33.786828] {Default Queue} wl_touch#32.motion(18907325, 0, 923.52734375, 896.15625000)
1787603613.787 [20:33:33.786919] {Default Queue} wl_touch#55.motion(18907325, 0, 923.52734375, 896.15625000)
1787603613.787 [20:33:33.786937] {Default Queue} wl_touch#32.motion(18907325, 1, 1219.37109375, 351.66015625)
1787603613.787 [20:33:33.786959] {Default Queue} wl_touch#55.motion(18907325, 1, 1219.37109375, 351.66015625)
1787603613.787 [20:33:33.786974] {Default Queue} wl_touch#32.frame()
1787603613.787 [20:33:33.786986] {Default Queue} wl_touch#55.frame()
1787603613.797 [20:33:33.797083] {Default Queue} wl_touch#32.motion(18907335, 0, 921.52734375, 900.15234375)
1787603613.797 [20:33:33.797154] {Default Queue} wl_touch#55.motion(18907335, 0, 921.52734375, 900.15234375)
1787603613.797 [20:33:33.797171] {Default Queue} wl_touch#32.motion(18907335, 1, 1222.37109375, 349.66015625)
1787603613.797 [20:33:33.797191] {Default Queue} wl_touch#55.motion(18907335, 1, 1222.37109375, 349.66015625)
1787603613.797 [20:33:33.797203] {Default Queue} wl_touch#32.frame()
1787603613.797 [20:33:33.797214] {Default Queue} wl_touch#55.frame()
1787603613.806 [20:33:33.805949] {Default Queue} wl_touch#32.motion(18907344, 0, 919.52734375, 905.14453125)
1787603613.806 [20:33:33.806020] {Default Queue} wl_touch#55.motion(18907344, 0, 919.52734375, 905.14453125)
1787603613.806 [20:33:33.806037] {Default Queue} wl_touch#32.motion(18907344, 1, 1226.37109375, 347.66406250)
1787603613.806 [20:33:33.806062] {Default Queue} wl_touch#55.motion(18907344, 1, 1226.37109375, 347.66406250)
1787603613.806 [20:33:33.806076] {Default Queue} wl_touch#32.frame()
1787603613.806 [20:33:33.806089] {Default Queue} wl_touch#55.frame()
1787603613.816 [20:33:33.815269] {Default Queue} wl_touch#32.motion(18907353, 0, 918.53125000, 909.14062500)
1787603613.816 [20:33:33.815349] {Default Queue} wl_touch#55.motion(18907353, 0, 918.53125000, 909.14062500)
1787603613.816 [20:33:33.815366] {Default Queue} wl_touch#32.motion(18907353, 1, 1229.36718750, 345.66406250)
1787603613.816 [20:33:33.815387] {Default Queue} wl_touch#55.motion(18907353, 1, 1229.36718750, 345.66406250)
1787603613.816 [20:33:33.815399] {Default Queue} wl_touch#32.frame()
1787603613.816 [20:33:33.815411] {Default Queue} wl_touch#55.frame()
1787603613.824 [20:33:33.824057] {Default Queue} wl_touch#32.motion(18907362, 0, 916.53125000, 912.14062500)
1787603613.824 [20:33:33.824122] {Default Queue} wl_touch#55.motion(18907362, 0, 916.53125000, 912.14062500)
1787603613.824 [20:33:33.824139] {Default Queue} wl_touch#32.motion(18907362, 1, 1232.36718750, 343.66406250)
1787603613.824 [20:33:33.824161] {Default Queue} wl_touch#55.motion(18907362, 1, 1232.36718750, 343.66406250)
1787603613.824 [20:33:33.824173] {Default Queue} wl_touch#32.frame()
1787603613.824 [20:33:33.824184] {Default Queue} wl_touch#55.frame()
1787603613.834 [20:33:33.833269] {Default Queue} wl_touch#32.motion(18907371, 0, 914.53125000, 916.13671875)
1787603613.834 [20:33:33.833351] {Default Queue} wl_touch#55.motion(18907371, 0, 914.53125000, 916.13671875)
1787603613.834 [20:33:33.833368] {Default Queue} wl_touch#32.motion(18907371, 1, 1235.36328125, 341.66796875)
1787603613.834 [20:33:33.833390] {Default Queue} wl_touch#55.motion(18907371, 1, 1235.36328125, 341.66796875)
1787603613.834 [20:33:33.833402] {Default Queue} wl_touch#32.frame()
1787603613.834 [20:33:33.833414] {Default Queue} wl_touch#55.frame()
1787603613.842 [20:33:33.841984] {Default Queue} wl_touch#32.motion(18907380, 0, 913.53125000, 920.13281250)
1787603613.842 [20:33:33.842049] {Default Queue} wl_touch#55.motion(18907380, 0, 913.53125000, 920.13281250)
1787603613.842 [20:33:33.842066] {Default Queue} wl_touch#32.motion(18907380, 1, 1238.36328125, 339.66796875)
1787603613.842 [20:33:33.842088] {Default Queue} wl_touch#55.motion(18907380, 1, 1238.36328125, 339.66796875)
1787603613.842 [20:33:33.842101] {Default Queue} wl_touch#32.frame()
1787603613.842 [20:33:33.842113] {Default Queue} wl_touch#55.frame()
1787603613.853 [20:33:33.852190] {Default Queue} wl_touch#32.motion(18907389, 0, 911.53125000, 924.12890625)
1787603613.853 [20:33:33.852252] {Default Queue} wl_touch#55.motion(18907389, 0, 911.53125000, 924.12890625)
1787603613.853 [20:33:33.852283] {Default Queue} wl_touch#32.motion(18907389, 1, 1240.36328125, 337.67187500)
1787603613.853 [20:33:33.852318] {Default Queue} wl_touch#55.motion(18907389, 1, 1240.36328125, 337.67187500)
1787603613.853 [20:33:33.852334] {Default Queue} wl_touch#32.frame()
1787603613.853 [20:33:33.852353] {Default Queue} wl_touch#55.frame()
1787603613.860 [20:33:33.860092] {Default Queue} wl_touch#32.motion(18907398, 0, 908.53515625, 927.12500000)
1787603613.860 [20:33:33.860155] {Default Queue} wl_touch#55.motion(18907398, 0, 908.53515625, 927.12500000)
1787603613.860 [20:33:33.860172] {Default Queue} wl_touch#32.motion(18907398, 1, 1243.35937500, 335.67187500)
1787603613.860 [20:33:33.860194] {Default Queue} wl_touch#55.motion(18907398, 1, 1243.35937500, 335.67187500)
1787603613.860 [20:33:33.860205] {Default Queue} wl_touch#32.frame()
1787603613.861 [20:33:33.860237] {Default Queue} wl_touch#55.frame()
1787603613.870 [20:33:33.869812] {Default Queue} wl_touch#32.motion(18907408, 0, 905.53515625, 931.12109375)
1787603613.870 [20:33:33.869905] {Default Queue} wl_touch#55.motion(18907408, 0, 905.53515625, 931.12109375)
1787603613.870 [20:33:33.869924] {Default Queue} wl_touch#32.motion(18907408, 1, 1245.35937500, 334.67578125)
1787603613.870 [20:33:33.869947] {Default Queue} wl_touch#55.motion(18907408, 1, 1245.35937500, 334.67578125)
1787603613.870 [20:33:33.869961] {Default Queue} wl_touch#32.frame()
1787603613.870 [20:33:33.869975] {Default Queue} wl_touch#55.frame()
1787603613.879 [20:33:33.879148] {Default Queue} wl_touch#32.motion(18907417, 0, 904.53515625, 936.11718750)
1787603613.879 [20:33:33.879209] {Default Queue} wl_touch#55.motion(18907417, 0, 904.53515625, 936.11718750)
1787603613.879 [20:33:33.879224] {Default Queue} wl_touch#32.motion(18907417, 1, 1248.35937500, 332.67578125)
1787603613.879 [20:33:33.879246] {Default Queue} wl_touch#55.motion(18907417, 1, 1248.35937500, 332.67578125)
1787603613.880 [20:33:33.879258] {Default Queue} wl_touch#32.frame()
1787603613.880 [20:33:33.879268] {Default Queue} wl_touch#55.frame()
1787603613.888 [20:33:33.888119] {Default Queue} wl_touch#32.motion(18907426, 0, 901.53906250, 941.11328125)
1787603613.888 [20:33:33.888211] {Default Queue} wl_touch#55.motion(18907426, 0, 901.53906250, 941.11328125)
1787603613.888 [20:33:33.888232] {Default Queue} wl_touch#32.motion(18907426, 1, 1252.35546875, 331.67578125)
1787603613.888 [20:33:33.888255] {Default Queue} wl_touch#55.motion(18907426, 1, 1252.35546875, 331.67578125)
1787603613.888 [20:33:33.888268] {Default Queue} wl_touch#32.frame()
1787603613.888 [20:33:33.888280] {Default Queue} wl_touch#55.frame()
1787603613.897 [20:33:33.897075] {Default Queue} wl_touch#32.motion(18907435, 0, 899.53906250, 945.10937500)
1787603613.897 [20:33:33.897153] {Default Queue} wl_touch#55.motion(18907435, 0, 899.53906250, 945.10937500)
1787603613.897 [20:33:33.897169] {Default Queue} wl_touch#32.motion(18907435, 1, 1254.35546875, 330.67968750)
1787603613.897 [20:33:33.897190] {Default Queue} wl_touch#55.motion(18907435, 1, 1254.35546875, 330.67968750)
1787603613.897 [20:33:33.897202] {Default Queue} wl_touch#32.frame()
1787603613.897 [20:33:33.897214] {Default Queue} wl_touch#55.frame()
1787603613.906 [20:33:33.906176] {Default Queue} wl_touch#32.motion(18907444, 0, 896.53906250, 949.10546875)
1787603613.906 [20:33:33.906243] {Default Queue} wl_touch#55.motion(18907444, 0, 896.53906250, 949.10546875)
1787603613.906 [20:33:33.906259] {Default Queue} wl_touch#32.motion(18907444, 1, 1256.35546875, 328.67968750)
1787603613.907 [20:33:33.906279] {Default Queue} wl_touch#55.motion(18907444, 1, 1256.35546875, 328.67968750)
1787603613.907 [20:33:33.906291] {Default Queue} wl_touch#32.frame()
1787603613.907 [20:33:33.906302] {Default Queue} wl_touch#55.frame()
1787603613.915 [20:33:33.915173] {Default Queue} wl_touch#32.motion(18907453, 0, 894.54296875, 953.10156250)
1787603613.915 [20:33:33.915249] {Default Queue} wl_touch#55.motion(18907453, 0, 894.54296875, 953.10156250)
1787603613.916 [20:33:33.915266] {Default Queue} wl_touch#32.motion(18907453, 1, 1257.35156250, 327.67968750)
1787603613.916 [20:33:33.915287] {Default Queue} wl_touch#55.motion(18907453, 1, 1257.35156250, 327.67968750)
1787603613.916 [20:33:33.915299] {Default Queue} wl_touch#32.frame()
1787603613.916 [20:33:33.915310] {Default Queue} wl_touch#55.frame()
1787603613.925 [20:33:33.924302] {Default Queue} wl_touch#32.motion(18907462, 0, 892.54296875, 957.09765625)
1787603613.925 [20:33:33.924350] {Default Queue} wl_touch#55.motion(18907462, 0, 892.54296875, 957.09765625)
1787603613.925 [20:33:33.924365] {Default Queue} wl_touch#32.motion(18907462, 1, 1258.35156250, 327.67968750)
1787603613.925 [20:33:33.924389] {Default Queue} wl_touch#55.motion(18907462, 1, 1258.35156250, 327.67968750)
1787603613.925 [20:33:33.924401] {Default Queue} wl_touch#32.frame()
1787603613.925 [20:33:33.924411] {Default Queue} wl_touch#55.frame()
1787603613.934 [20:33:33.933244] {Default Queue} wl_touch#32.motion(18907471, 0, 891.54296875, 961.09375000)
1787603613.934 [20:33:33.933327] {Default Queue} wl_touch#55.motion(18907471, 0, 891.54296875, 961.09375000)
1787603613.934 [20:33:33.933344] {Default Queue} wl_touch#32.motion(18907471, 1, 1259.35156250, 326.68359375)
1787603613.934 [20:33:33.933367] {Default Queue} wl_touch#55.motion(18907471, 1, 1259.35156250, 326.68359375)
1787603613.934 [20:33:33.933379] {Default Queue} wl_touch#32.frame()
1787603613.934 [20:33:33.933391] {Default Queue} wl_touch#55.frame()
1787603613.943 [20:33:33.943144] {Default Queue} wl_touch#32.motion(18907481, 0, 890.54296875, 965.08984375)
1787603613.943 [20:33:33.943215] {Default Queue} wl_touch#55.motion(18907481, 0, 890.54296875, 965.08984375)
1787603613.943 [20:33:33.943232] {Default Queue} wl_touch#32.motion(18907481, 1, 1260.35156250, 325.68359375)
1787603613.943 [20:33:33.943254] {Default Queue} wl_touch#55.motion(18907481, 1, 1260.35156250, 325.68359375)
1787603613.944 [20:33:33.943266] {Default Queue} wl_touch#32.frame()
1787603613.944 [20:33:33.943278] {Default Queue} wl_touch#55.frame()
1787603613.952 [20:33:33.951968] {Default Queue} wl_touch#32.motion(18907490, 0, 889.54296875, 967.08984375)
1787603613.952 [20:33:33.952023] {Default Queue} wl_touch#55.motion(18907490, 0, 889.54296875, 967.08984375)
1787603613.952 [20:33:33.952053] {Default Queue} wl_touch#32.motion(18907490, 1, 1260.35156250, 324.68359375)
1787603613.952 [20:33:33.952084] {Default Queue} wl_touch#55.motion(18907490, 1, 1260.35156250, 324.68359375)
1787603613.952 [20:33:33.952099] {Default Queue} wl_touch#32.frame()
1787603613.952 [20:33:33.952122] {Default Queue} wl_touch#55.frame()
1787603613.961 [20:33:33.961075] {Default Queue} wl_touch#32.motion(18907499, 0, 888.54687500, 969.08593750)
1787603613.961 [20:33:33.961151] {Default Queue} wl_touch#55.motion(18907499, 0, 888.54687500, 969.08593750)
1787603613.961 [20:33:33.961167] {Default Queue} wl_touch#32.motion(18907499, 1, 1261.35156250, 323.68359375)
1787603613.961 [20:33:33.961188] {Default Queue} wl_touch#55.motion(18907499, 1, 1261.35156250, 323.68359375)
1787603613.961 [20:33:33.961200] {Default Queue} wl_touch#32.frame()
1787603613.961 [20:33:33.961212] {Default Queue} wl_touch#55.frame()
1787603613.970 [20:33:33.969682] {Default Queue} wl_touch#32.motion(18907508, 0, 888.54687500, 972.08593750)
1787603613.970 [20:33:33.969743] {Default Queue} wl_touch#55.motion(18907508, 0, 888.54687500, 972.08593750)
1787603613.970 [20:33:33.969810] {Default Queue} wl_touch#32.frame()
1787603613.970 [20:33:33.969823] {Default Queue} wl_touch#55.frame()
1787603613.979 [20:33:33.979135] {Default Queue} wl_touch#32.motion(18907517, 0, 887.54687500, 974.08203125)
1787603613.979 [20:33:33.979242] {Default Queue} wl_touch#55.motion(18907517, 0, 887.54687500, 974.08203125)
1787603613.979 [20:33:33.979259] {Default Queue} wl_touch#32.motion(18907517, 1, 1262.35156250, 323.68359375)
1787603613.979 [20:33:33.979280] {Default Queue} wl_touch#55.motion(18907517, 1, 1262.35156250, 323.68359375)
1787603613.979 [20:33:33.979292] {Default Queue} wl_touch#32.frame()
1787603613.980 [20:33:33.979303] {Default Queue} wl_touch#55.frame()
1787603613.997 [20:33:33.997069] {Default Queue} wl_touch#32.motion(18907535, 0, 887.54687500, 975.08203125)
1787603613.997 [20:33:33.997143] {Default Queue} wl_touch#55.motion(18907535, 0, 887.54687500, 975.08203125)
1787603613.997 [20:33:33.997160] {Default Queue} wl_touch#32.frame()
1787603613.997 [20:33:33.997172] {Default Queue} wl_touch#55.frame()
1787603614.043 [20:33:34.043085] {Default Queue} wl_touch#32.motion(18907581, 0, 888.54687500, 974.08203125)
1787603614.043 [20:33:34.043159] {Default Queue} wl_touch#55.motion(18907581, 0, 888.54687500, 974.08203125)
1787603614.043 [20:33:34.043175] {Default Queue} wl_touch#32.motion(18907581, 1, 1262.35156250, 324.68359375)
1787603614.043 [20:33:34.043196] {Default Queue} wl_touch#55.motion(18907581, 1, 1262.35156250, 324.68359375)
1787603614.043 [20:33:34.043208] {Default Queue} wl_touch#32.frame()
1787603614.043 [20:33:34.043219] {Default Queue} wl_touch#55.frame()
1787603614.052 [20:33:34.051919] {Default Queue} wl_touch#32.motion(18907590, 0, 888.54687500, 972.08593750)
1787603614.052 [20:33:34.052006] {Default Queue} wl_touch#55.motion(18907590, 0, 888.54687500, 972.08593750)
1787603614.052 [20:33:34.052038] {Default Queue} wl_touch#32.motion(18907590, 1, 1261.35156250, 325.68359375)
1787603614.052 [20:33:34.052093] {Default Queue} wl_touch#55.motion(18907590, 1, 1261.35156250, 325.68359375)
1787603614.053 [20:33:34.052126] {Default Queue} wl_touch#32.frame()
1787603614.053 [20:33:34.052142] {Default Queue} wl_touch#55.frame()
1787603614.062 [20:33:34.061280] {Default Queue} wl_touch#32.motion(18907599, 0, 890.54296875, 968.08593750)
1787603614.062 [20:33:34.061360] {Default Queue} wl_touch#55.motion(18907599, 0, 890.54296875, 968.08593750)
1787603614.062 [20:33:34.061377] {Default Queue} wl_touch#32.motion(18907599, 1, 1260.35156250, 327.67968750)
1787603614.062 [20:33:34.061399] {Default Queue} wl_touch#55.motion(18907599, 1, 1260.35156250, 327.67968750)
1787603614.062 [20:33:34.061411] {Default Queue} wl_touch#32.frame()
1787603614.062 [20:33:34.061422] {Default Queue} wl_touch#55.frame()
1787603614.070 [20:33:34.069825] {Default Queue} wl_touch#32.motion(18907608, 0, 893.54296875, 963.09375000)
1787603614.070 [20:33:34.069886] {Default Queue} wl_touch#55.motion(18907608, 0, 893.54296875, 963.09375000)
1787603614.070 [20:33:34.069902] {Default Queue} wl_touch#32.motion(18907608, 1, 1257.35156250, 329.67968750)
1787603614.070 [20:33:34.069943] {Default Queue} wl_touch#55.motion(18907608, 1, 1257.35156250, 329.67968750)
1787603614.070 [20:33:34.069956] {Default Queue} wl_touch#32.frame()
1787603614.070 [20:33:34.069968] {Default Queue} wl_touch#55.frame()
1787603614.079 [20:33:34.079088] {Default Queue} wl_touch#32.motion(18907617, 0, 897.53906250, 957.09765625)
1787603614.079 [20:33:34.079159] {Default Queue} wl_touch#55.motion(18907617, 0, 897.53906250, 957.09765625)
1787603614.079 [20:33:34.079175] {Default Queue} wl_touch#32.motion(18907617, 1, 1254.35546875, 332.67578125)
1787603614.079 [20:33:34.079196] {Default Queue} wl_touch#55.motion(18907617, 1, 1254.35546875, 332.67578125)
1787603614.079 [20:33:34.079208] {Default Queue} wl_touch#32.frame()
1787603614.079 [20:33:34.079220] {Default Queue} wl_touch#55.frame()
1787603614.089 [20:33:34.088990] {Default Queue} wl_touch#32.motion(18907627, 0, 901.53906250, 951.10156250)
1787603614.089 [20:33:34.089049] {Default Queue} wl_touch#55.motion(18907627, 0, 901.53906250, 951.10156250)
1787603614.089 [20:33:34.089065] {Default Queue} wl_touch#32.motion(18907627, 1, 1251.35546875, 336.67187500)
1787603614.089 [20:33:34.089085] {Default Queue} wl_touch#55.motion(18907627, 1, 1251.35546875, 336.67187500)
1787603614.089 [20:33:34.089098] {Default Queue} wl_touch#32.frame()
1787603614.089 [20:33:34.089109] {Default Queue} wl_touch#55.frame()
1787603614.099 [20:33:34.098286] {Default Queue} wl_touch#32.motion(18907636, 0, 905.53515625, 945.10937500)
1787603614.099 [20:33:34.098366] {Default Queue} wl_touch#55.motion(18907636, 0, 905.53515625, 945.10937500)
1787603614.099 [20:33:34.098383] {Default Queue} wl_touch#32.motion(18907636, 1, 1248.35937500, 340.66796875)
1787603614.099 [20:33:34.098405] {Default Queue} wl_touch#55.motion(18907636, 1, 1248.35937500, 340.66796875)
1787603614.099 [20:33:34.098417] {Default Queue} wl_touch#32.frame()
1787603614.099 [20:33:34.098428] {Default Queue} wl_touch#55.frame()
1787603614.107 [20:33:34.106990] {Default Queue} wl_touch#32.motion(18907645, 0, 909.53515625, 938.11718750)
1787603614.107 [20:33:34.107057] {Default Queue} wl_touch#55.motion(18907645, 0, 909.53515625, 938.11718750)
1787603614.107 [20:33:34.107073] {Default Queue} wl_touch#32.motion(18907645, 1, 1245.35937500, 345.66406250)
1787603614.107 [20:33:34.107096] {Default Queue} wl_touch#55.motion(18907645, 1, 1245.35937500, 345.66406250)
1787603614.107 [20:33:34.107109] {Default Queue} wl_touch#32.frame()
1787603614.107 [20:33:34.107120] {Default Queue} wl_touch#55.frame()
1787603614.117 [20:33:34.116280] {Default Queue} wl_touch#32.motion(18907654, 0, 913.53125000, 932.12109375)
1787603614.117 [20:33:34.116361] {Default Queue} wl_touch#55.motion(18907654, 0, 913.53125000, 932.12109375)
1787603614.117 [20:33:34.116379] {Default Queue} wl_touch#32.motion(18907654, 1, 1242.35937500, 350.66015625)
1787603614.117 [20:33:34.116400] {Default Queue} wl_touch#55.motion(18907654, 1, 1242.35937500, 350.66015625)
1787603614.117 [20:33:34.116413] {Default Queue} wl_touch#32.frame()
1787603614.117 [20:33:34.116425] {Default Queue} wl_touch#55.frame()
1787603614.125 [20:33:34.124997] {Default Queue} wl_touch#32.motion(18907663, 0, 916.53125000, 926.12500000)
1787603614.125 [20:33:34.125062] {Default Queue} wl_touch#55.motion(18907663, 0, 916.53125000, 926.12500000)
1787603614.125 [20:33:34.125078] {Default Queue} wl_touch#32.motion(18907663, 1, 1239.36328125, 355.65625000)
1787603614.125 [20:33:34.125100] {Default Queue} wl_touch#55.motion(18907663, 1, 1239.36328125, 355.65625000)
1787603614.125 [20:33:34.125112] {Default Queue} wl_touch#32.frame()
1787603614.125 [20:33:34.125123] {Default Queue} wl_touch#55.frame()
1787603614.136 [20:33:34.135498] {Default Queue} wl_touch#32.motion(18907672, 0, 918.53125000, 920.13281250)
1787603614.136 [20:33:34.135564] {Default Queue} wl_touch#55.motion(18907672, 0, 918.53125000, 920.13281250)
1787603614.136 [20:33:34.135578] {Default Queue} wl_touch#32.motion(18907672, 1, 1235.36328125, 360.64843750)
1787603614.136 [20:33:34.135599] {Default Queue} wl_touch#55.motion(18907672, 1, 1235.36328125, 360.64843750)
1787603614.136 [20:33:34.135611] {Default Queue} wl_touch#32.frame()
1787603614.136 [20:33:34.135621] {Default Queue} wl_touch#55.frame()
1787603614.143 [20:33:34.143113] {Default Queue} wl_touch#32.motion(18907681, 0, 922.52734375, 915.13671875)
1787603614.143 [20:33:34.143180] {Default Queue} wl_touch#55.motion(18907681, 0, 922.52734375, 915.13671875)
1787603614.143 [20:33:34.143196] {Default Queue} wl_touch#32.motion(18907681, 1, 1230.36718750, 366.64453125)
1787603614.143 [20:33:34.143217] {Default Queue} wl_touch#55.motion(18907681, 1, 1230.36718750, 366.64453125)
1787603614.143 [20:33:34.143228] {Default Queue} wl_touch#32.frame()
1787603614.143 [20:33:34.143240] {Default Queue} wl_touch#55.frame()
1787603614.152 [20:33:34.152027] {Default Queue} wl_touch#32.motion(18907690, 0, 926.52343750, 909.14062500)
1787603614.152 [20:33:34.152107] {Default Queue} wl_touch#55.motion(18907690, 0, 926.52343750, 909.14062500)
1787603614.152 [20:33:34.152141] {Default Queue} wl_touch#32.motion(18907690, 1, 1225.37109375, 372.64062500)
1787603614.152 [20:33:34.152193] {Default Queue} wl_touch#55.motion(18907690, 1, 1225.37109375, 372.64062500)
1787603614.152 [20:33:34.152206] {Default Queue} wl_touch#32.frame()
1787603614.152 [20:33:34.152217] {Default Queue} wl_touch#55.frame()
1787603614.161 [20:33:34.161032] {Default Queue} wl_touch#32.motion(18907699, 0, 930.52343750, 904.14843750)
1787603614.161 [20:33:34.161108] {Default Queue} wl_touch#55.motion(18907699, 0, 930.52343750, 904.14843750)
1787603614.161 [20:33:34.161124] {Default Queue} wl_touch#32.motion(18907699, 1, 1219.37109375, 380.63281250)
1787603614.161 [20:33:34.161145] {Default Queue} wl_touch#55.motion(18907699, 1, 1219.37109375, 380.63281250)
1787603614.161 [20:33:34.161157] {Default Queue} wl_touch#32.frame()
1787603614.161 [20:33:34.161168] {Default Queue} wl_touch#55.frame()
1787603614.171 [20:33:34.171144] {Default Queue} wl_touch#32.motion(18907709, 0, 934.51953125, 898.15234375)
1787603614.171 [20:33:34.171217] {Default Queue} wl_touch#55.motion(18907709, 0, 934.51953125, 898.15234375)
1787603614.171 [20:33:34.171235] {Default Queue} wl_touch#32.motion(18907709, 1, 1213.37500000, 388.62500000)
1787603614.172 [20:33:34.171257] {Default Queue} wl_touch#55.motion(18907709, 1, 1213.37500000, 388.62500000)
1787603614.172 [20:33:34.171270] {Default Queue} wl_touch#32.frame()
1787603614.172 [20:33:34.171281] {Default Queue} wl_touch#55.frame()
1787603614.180 [20:33:34.180148] {Default Queue} wl_touch#32.motion(18907718, 0, 937.51953125, 892.15625000)
1787603614.180 [20:33:34.180209] {Default Queue} wl_touch#55.motion(18907718, 0, 937.51953125, 892.15625000)
1787603614.180 [20:33:34.180225] {Default Queue} wl_touch#32.motion(18907718, 1, 1206.37890625, 396.61718750)
1787603614.180 [20:33:34.180245] {Default Queue} wl_touch#55.motion(18907718, 1, 1206.37890625, 396.61718750)
1787603614.180 [20:33:34.180257] {Default Queue} wl_touch#32.frame()
1787603614.180 [20:33:34.180268] {Default Queue} wl_touch#55.frame()
1787603614.189 [20:33:34.189137] {Default Queue} wl_touch#32.motion(18907727, 0, 940.51953125, 887.16406250)
1787603614.190 [20:33:34.189197] {Default Queue} wl_touch#55.motion(18907727, 0, 940.51953125, 887.16406250)
1787603614.190 [20:33:34.189213] {Default Queue} wl_touch#32.motion(18907727, 1, 1199.38281250, 405.60937500)
1787603614.190 [20:33:34.189234] {Default Queue} wl_touch#55.motion(18907727, 1, 1199.38281250, 405.60937500)
1787603614.190 [20:33:34.189245] {Default Queue} wl_touch#32.frame()
1787603614.190 [20:33:34.189256] {Default Queue} wl_touch#55.frame()
1787603614.198 [20:33:34.198179] {Default Queue} wl_touch#32.motion(18907736, 0, 943.51562500, 881.16796875)
1787603614.199 [20:33:34.198250] {Default Queue} wl_touch#55.motion(18907736, 0, 943.51562500, 881.16796875)
1787603614.199 [20:33:34.198266] {Default Queue} wl_touch#32.motion(18907736, 1, 1191.38671875, 413.60156250)
1787603614.199 [20:33:34.198286] {Default Queue} wl_touch#55.motion(18907736, 1, 1191.38671875, 413.60156250)
1787603614.199 [20:33:34.198298] {Default Queue} wl_touch#32.frame()
1787603614.199 [20:33:34.198310] {Default Queue} wl_touch#55.frame()
1787603614.207 [20:33:34.207050] {Default Queue} wl_touch#32.motion(18907745, 0, 947.51562500, 876.17187500)
1787603614.207 [20:33:34.207124] {Default Queue} wl_touch#55.motion(18907745, 0, 947.51562500, 876.17187500)
1787603614.207 [20:33:34.207141] {Default Queue} wl_touch#32.motion(18907745, 1, 1183.39062500, 421.59375000)
1787603614.207 [20:33:34.207164] {Default Queue} wl_touch#55.motion(18907745, 1, 1183.39062500, 421.59375000)
1787603614.207 [20:33:34.207180] {Default Queue} wl_touch#32.frame()
1787603614.208 [20:33:34.207192] {Default Queue} wl_touch#55.frame()
1787603614.217 [20:33:34.216279] {Default Queue} wl_touch#32.motion(18907754, 0, 951.51171875, 871.17578125)
1787603614.217 [20:33:34.216359] {Default Queue} wl_touch#55.motion(18907754, 0, 951.51171875, 871.17578125)
1787603614.217 [20:33:34.216377] {Default Queue} wl_touch#32.motion(18907754, 1, 1176.39453125, 430.58593750)
1787603614.217 [20:33:34.216401] {Default Queue} wl_touch#55.motion(18907754, 1, 1176.39453125, 430.58593750)
1787603614.217 [20:33:34.216415] {Default Queue} wl_touch#32.frame()
1787603614.217 [20:33:34.216428] {Default Queue} wl_touch#55.frame()
1787603614.225 [20:33:34.225274] {Default Queue} wl_touch#32.motion(18907763, 0, 954.51171875, 865.18359375)
1787603614.225 [20:33:34.225377] {Default Queue} wl_touch#55.motion(18907763, 0, 954.51171875, 865.18359375)
1787603614.226 [20:33:34.225414] {Default Queue} wl_touch#32.motion(18907763, 1, 1170.39843750, 438.57812500)
1787603614.226 [20:33:34.225463] {Default Queue} wl_touch#55.motion(18907763, 1, 1170.39843750, 438.57812500)
1787603614.226 [20:33:34.225499] {Default Queue} wl_touch#32.frame()
1787603614.226 [20:33:34.225516] {Default Queue} wl_touch#55.frame()
1787603614.236 [20:33:34.235301] {Default Queue} wl_touch#32.motion(18907772, 0, 957.50781250, 860.18750000)
1787603614.236 [20:33:34.235396] {Default Queue} wl_touch#55.motion(18907772, 0, 957.50781250, 860.18750000)
1787603614.236 [20:33:34.235424] {Default Queue} wl_touch#32.motion(18907772, 1, 1163.40234375, 446.57031250)
1787603614.236 [20:33:34.235462] {Default Queue} wl_touch#55.motion(18907772, 1, 1163.40234375, 446.57031250)
1787603614.236 [20:33:34.235482] {Default Queue} wl_touch#32.frame()
1787603614.236 [20:33:34.235500] {Default Queue} wl_touch#55.frame()
1787603614.244 [20:33:34.244121] {Default Queue} wl_touch#32.motion(18907782, 0, 960.50781250, 855.19140625)
1787603614.244 [20:33:34.244197] {Default Queue} wl_touch#55.motion(18907782, 0, 960.50781250, 855.19140625)
1787603614.244 [20:33:34.244214] {Default Queue} wl_touch#32.motion(18907782, 1, 1158.40625000, 452.56640625)
1787603614.245 [20:33:34.244234] {Default Queue} wl_touch#55.motion(18907782, 1, 1158.40625000, 452.56640625)
1787603614.245 [20:33:34.244246] {Default Queue} wl_touch#32.frame()
1787603614.245 [20:33:34.244258] {Default Queue} wl_touch#55.frame()
1787603614.253 [20:33:34.253069] {Default Queue} wl_touch#32.motion(18907791, 0, 964.50390625, 851.19531250)
1787603614.253 [20:33:34.253142] {Default Queue} wl_touch#55.motion(18907791, 0, 964.50390625, 851.19531250)
1787603614.253 [20:33:34.253159] {Default Queue} wl_touch#32.motion(18907791, 1, 1153.40625000, 458.55859375)
1787603614.253 [20:33:34.253180] {Default Queue} wl_touch#55.motion(18907791, 1, 1153.40625000, 458.55859375)
1787603614.253 [20:33:34.253194] {Default Queue} wl_touch#32.frame()
1787603614.253 [20:33:34.253206] {Default Queue} wl_touch#55.frame()
1787603614.262 [20:33:34.262147] {Default Queue} wl_touch#32.motion(18907800, 0, 967.50390625, 845.20312500)
1787603614.262 [20:33:34.262223] {Default Queue} wl_touch#55.motion(18907800, 0, 967.50390625, 845.20312500)
1787603614.262 [20:33:34.262240] {Default Queue} wl_touch#32.motion(18907800, 1, 1149.41015625, 463.55468750)
1787603614.263 [20:33:34.262259] {Default Queue} wl_touch#55.motion(18907800, 1, 1149.41015625, 463.55468750)
1787603614.263 [20:33:34.262272] {Default Queue} wl_touch#32.frame()
1787603614.263 [20:33:34.262284] {Default Queue} wl_touch#55.frame()
1787603614.271 [20:33:34.271050] {Default Queue} wl_touch#32.motion(18907809, 0, 971.50000000, 839.20703125)
1787603614.271 [20:33:34.271127] {Default Queue} wl_touch#55.motion(18907809, 0, 971.50000000, 839.20703125)
1787603614.271 [20:33:34.271146] {Default Queue} wl_touch#32.motion(18907809, 1, 1144.41015625, 469.55078125)
1787603614.271 [20:33:34.271168] {Default Queue} wl_touch#55.motion(18907809, 1, 1144.41015625, 469.55078125)
1787603614.271 [20:33:34.271180] {Default Queue} wl_touch#32.frame()
1787603614.271 [20:33:34.271191] {Default Queue} wl_touch#55.frame()
1787603614.280 [20:33:34.279918] {Default Queue} wl_touch#32.motion(18907818, 0, 975.50000000, 833.21093750)
1787603614.280 [20:33:34.279971] {Default Queue} wl_touch#55.motion(18907818, 0, 975.50000000, 833.21093750)
1787603614.280 [20:33:34.279982] {Default Queue} wl_touch#32.motion(18907818, 1, 1139.41406250, 474.54296875)
1787603614.280 [20:33:34.279996] {Default Queue} wl_touch#55.motion(18907818, 1, 1139.41406250, 474.54296875)
1787603614.280 [20:33:34.280004] {Default Queue} wl_touch#32.frame()
1787603614.280 [20:33:34.280012] {Default Queue} wl_touch#55.frame()
1787603614.289 [20:33:34.288830] {Default Queue} wl_touch#32.motion(18907827, 0, 979.49609375, 827.21875000)
1787603614.289 [20:33:34.288895] {Default Queue} wl_touch#55.motion(18907827, 0, 979.49609375, 827.21875000)
1787603614.289 [20:33:34.288919] {Default Queue} wl_touch#32.motion(18907827, 1, 1135.41796875, 479.53906250)
1787603614.289 [20:33:34.288958] {Default Queue} wl_touch#55.motion(18907827, 1, 1135.41796875, 479.53906250)
1787603614.289 [20:33:34.288980] {Default Queue} wl_touch#32.frame()
1787603614.289 [20:33:34.288988] {Default Queue} wl_touch#55.frame()
1787603614.298 [20:33:34.297875] {Default Queue} wl_touch#32.motion(18907836, 0, 983.49609375, 822.22265625)
1787603614.298 [20:33:34.297927] {Default Queue} wl_touch#55.motion(18907836, 0, 983.49609375, 822.22265625)
1787603614.298 [20:33:34.297938] {Default Queue} wl_touch#32.motion(18907836, 1, 1131.41796875, 484.53515625)
1787603614.298 [20:33:34.297952] {Default Queue} wl_touch#55.motion(18907836, 1, 1131.41796875, 484.53515625)
1787603614.298 [20:33:34.297960] {Default Queue} wl_touch#32.frame()
1787603614.298 [20:33:34.297967] {Default Queue} wl_touch#55.frame()
1787603614.307 [20:33:34.306932] {Default Queue} wl_touch#32.motion(18907845, 0, 987.49218750, 816.22656250)
1787603614.307 [20:33:34.306984] {Default Queue} wl_touch#55.motion(18907845, 0, 987.49218750, 816.22656250)
1787603614.307 [20:33:34.306996] {Default Queue} wl_touch#32.motion(18907845, 1, 1128.42187500, 489.53125000)
1787603614.307 [20:33:34.307011] {Default Queue} wl_touch#55.motion(18907845, 1, 1128.42187500, 489.53125000)
1787603614.307 [20:33:34.307024] {Default Queue} wl_touch#32.frame()
1787603614.307 [20:33:34.307035] {Default Queue} wl_touch#55.frame()
1787603614.319 [20:33:34.318685] {Default Queue} wl_touch#32.motion(18907855, 0, 990.49218750, 810.23437500)
1787603614.319 [20:33:34.318809] {Default Queue} wl_touch#55.motion(18907855, 0, 990.49218750, 810.23437500)
1787603614.319 [20:33:34.318836] {Default Queue} wl_touch#32.motion(18907855, 1, 1124.42187500, 493.52734375)
1787603614.319 [20:33:34.318869] {Default Queue} wl_touch#55.motion(18907855, 1, 1124.42187500, 493.52734375)
1787603614.319 [20:33:34.318890] {Default Queue} wl_touch#32.frame()
1787603614.319 [20:33:34.318905] {Default Queue} wl_touch#55.frame()
1787603614.327 [20:33:34.326207] {Default Queue} wl_touch#32.motion(18907864, 0, 993.49218750, 804.23828125)
1787603614.327 [20:33:34.326313] {Default Queue} wl_touch#55.motion(18907864, 0, 993.49218750, 804.23828125)
1787603614.328 [20:33:34.326340] {Default Queue} wl_touch#32.motion(18907864, 1, 1122.42187500, 497.52343750)
1787603614.328 [20:33:34.326373] {Default Queue} wl_touch#55.motion(18907864, 1, 1122.42187500, 497.52343750)
1787603614.328 [20:33:34.326394] {Default Queue} wl_touch#32.frame()
1787603614.328 [20:33:34.326413] {Default Queue} wl_touch#55.frame()
1787603614.336 [20:33:34.335436] {Default Queue} wl_touch#32.motion(18907873, 0, 995.48828125, 798.24609375)
1787603614.336 [20:33:34.335514] {Default Queue} wl_touch#55.motion(18907873, 0, 995.48828125, 798.24609375)
1787603614.336 [20:33:34.335544] {Default Queue} wl_touch#32.motion(18907873, 1, 1119.42578125, 500.51953125)
1787603614.336 [20:33:34.335578] {Default Queue} wl_touch#55.motion(18907873, 1, 1119.42578125, 500.51953125)
1787603614.336 [20:33:34.335609] {Default Queue} wl_touch#32.frame()
1787603614.336 [20:33:34.335711] {Default Queue} wl_touch#55.frame()
1787603614.345 [20:33:34.344581] {Default Queue} wl_touch#32.motion(18907882, 0, 999.48828125, 791.25000000)
1787603614.345 [20:33:34.344658] {Default Queue} wl_touch#55.motion(18907882, 0, 999.48828125, 791.25000000)
1787603614.345 [20:33:34.344696] {Default Queue} wl_touch#32.motion(18907882, 1, 1117.42578125, 503.51953125)
1787603614.345 [20:33:34.344737] {Default Queue} wl_touch#55.motion(18907882, 1, 1117.42578125, 503.51953125)
1787603614.345 [20:33:34.344787] {Default Queue} wl_touch#32.frame()
1787603614.345 [20:33:34.344823] {Default Queue} wl_touch#55.frame()
1787603614.354 [20:33:34.354025] {Default Queue} wl_touch#32.motion(18907892, 0, 1000.48828125, 788.25390625)
1787603614.354 [20:33:34.354115] {Default Queue} wl_touch#55.motion(18907892, 0, 1000.48828125, 788.25390625)
1787603614.354 [20:33:34.354139] {Default Queue} wl_touch#32.motion(18907892, 1, 1116.42578125, 505.51562500)
1787603614.354 [20:33:34.354173] {Default Queue} wl_touch#55.motion(18907892, 1, 1116.42578125, 505.51562500)
1787603614.354 [20:33:34.354192] {Default Queue} wl_touch#32.frame()
1787603614.354 [20:33:34.354209] {Default Queue} wl_touch#55.frame()
1787603614.364 [20:33:34.364138] {Default Queue} wl_touch#32.motion(18907902, 0, 1002.48437500, 785.25781250)
1787603614.365 [20:33:34.364215] {Default Queue} wl_touch#55.motion(18907902, 0, 1002.48437500, 785.25781250)
1787603614.365 [20:33:34.364232] {Default Queue} wl_touch#32.motion(18907902, 1, 1115.42578125, 507.51562500)
1787603614.365 [20:33:34.364253] {Default Queue} wl_touch#55.motion(18907902, 1, 1115.42578125, 507.51562500)
1787603614.365 [20:33:34.364265] {Default Queue} wl_touch#32.frame()
1787603614.365 [20:33:34.364277] {Default Queue} wl_touch#55.frame()
1787603614.374 [20:33:34.374125] {Default Queue} wl_touch#32.motion(18907912, 0, 1003.48437500, 781.26171875)
1787603614.374 [20:33:34.374207] {Default Queue} wl_touch#55.motion(18907912, 0, 1003.48437500, 781.26171875)
1787603614.374 [20:33:34.374225] {Default Queue} wl_touch#32.motion(18907912, 1, 1115.42578125, 508.51171875)
1787603614.374 [20:33:34.374248] {Default Queue} wl_touch#55.motion(18907912, 1, 1115.42578125, 508.51171875)
1787603614.375 [20:33:34.374261] {Default Queue} wl_touch#32.frame()
1787603614.375 [20:33:34.374274] {Default Queue} wl_touch#55.frame()
1787603614.386 [20:33:34.385412] {Default Queue} wl_touch#32.motion(18907922, 0, 1005.48437500, 777.26562500)
1787603614.386 [20:33:34.385489] {Default Queue} wl_touch#55.motion(18907922, 0, 1005.48437500, 777.26562500)
1787603614.386 [20:33:34.385515] {Default Queue} wl_touch#32.motion(18907922, 1, 1113.42968750, 510.51171875)
1787603614.386 [20:33:34.385554] {Default Queue} wl_touch#55.motion(18907922, 1, 1113.42968750, 510.51171875)
1787603614.386 [20:33:34.385578] {Default Queue} wl_touch#32.frame()
1787603614.386 [20:33:34.385596] {Default Queue} wl_touch#55.frame()
1787603614.393 [20:33:34.393150] {Default Queue} wl_touch#32.motion(18907931, 0, 1007.48437500, 772.26953125)
1787603614.393 [20:33:34.393244] {Default Queue} wl_touch#55.motion(18907931, 0, 1007.48437500, 772.26953125)
1787603614.393 [20:33:34.393289] {Default Queue} wl_touch#32.motion(18907931, 1, 1111.42968750, 511.51171875)
1787603614.393 [20:33:34.393352] {Default Queue} wl_touch#55.motion(18907931, 1, 1111.42968750, 511.51171875)
1787603614.394 [20:33:34.393395] {Default Queue} wl_touch#32.frame()
1787603614.394 [20:33:34.393422] {Default Queue} wl_touch#55.frame()
1787603614.404 [20:33:34.403248] {Default Queue} wl_touch#32.motion(18907941, 0, 1008.48437500, 767.27343750)
1787603614.404 [20:33:34.403328] {Default Queue} wl_touch#55.motion(18907941, 0, 1008.48437500, 767.27343750)
1787603614.404 [20:33:34.403346] {Default Queue} wl_touch#32.motion(18907941, 1, 1110.42968750, 512.50781250)
1787603614.404 [20:33:34.403367] {Default Queue} wl_touch#55.motion(18907941, 1, 1110.42968750, 512.50781250)
1787603614.404 [20:33:34.403379] {Default Queue} wl_touch#32.frame()
1787603614.404 [20:33:34.403392] {Default Queue} wl_touch#55.frame()
1787603614.413 [20:33:34.413027] {Default Queue} wl_touch#32.motion(18907951, 0, 1010.48046875, 761.27734375)
1787603614.413 [20:33:34.413104] {Default Queue} wl_touch#55.motion(18907951, 0, 1010.48046875, 761.27734375)
1787603614.413 [20:33:34.413120] {Default Queue} wl_touch#32.motion(18907951, 1, 1108.42968750, 514.50781250)
1787603614.413 [20:33:34.413140] {Default Queue} wl_touch#55.motion(18907951, 1, 1108.42968750, 514.50781250)
1787603614.413 [20:33:34.413152] {Default Queue} wl_touch#32.frame()
1787603614.413 [20:33:34.413164] {Default Queue} wl_touch#55.frame()
1787603614.424 [20:33:34.423284] {Default Queue} wl_touch#32.motion(18907961, 0, 1012.48046875, 756.28515625)
1787603614.424 [20:33:34.423360] {Default Queue} wl_touch#55.motion(18907961, 0, 1012.48046875, 756.28515625)
1787603614.424 [20:33:34.423380] {Default Queue} wl_touch#32.motion(18907961, 1, 1106.43359375, 516.50781250)
1787603614.424 [20:33:34.423423] {Default Queue} wl_touch#55.motion(18907961, 1, 1106.43359375, 516.50781250)
1787603614.424 [20:33:34.423442] {Default Queue} wl_touch#32.frame()
1787603614.424 [20:33:34.423457] {Default Queue} wl_touch#55.frame()
1787603614.433 [20:33:34.433213] {Default Queue} wl_touch#32.motion(18907971, 0, 1014.48046875, 750.28906250)
1787603614.434 [20:33:34.433292] {Default Queue} wl_touch#55.motion(18907971, 0, 1014.48046875, 750.28906250)
1787603614.434 [20:33:34.433309] {Default Queue} wl_touch#32.motion(18907971, 1, 1105.43359375, 519.50390625)
1787603614.434 [20:33:34.433329] {Default Queue} wl_touch#55.motion(18907971, 1, 1105.43359375, 519.50390625)
1787603614.434 [20:33:34.433341] {Default Queue} wl_touch#32.frame()
1787603614.434 [20:33:34.433353] {Default Queue} wl_touch#55.frame()
1787603614.443 [20:33:34.443140] {Default Queue} wl_touch#32.motion(18907981, 0, 1016.48046875, 745.29296875)
1787603614.443 [20:33:34.443242] {Default Queue} wl_touch#55.motion(18907981, 0, 1016.48046875, 745.29296875)
1787603614.443 [20:33:34.443286] {Default Queue} wl_touch#32.motion(18907981, 1, 1103.43359375, 521.50000000)
1787603614.444 [20:33:34.443356] {Default Queue} wl_touch#55.motion(18907981, 1, 1103.43359375, 521.50000000)
1787603614.444 [20:33:34.443397] {Default Queue} wl_touch#32.frame()
1787603614.444 [20:33:34.443423] {Default Queue} wl_touch#55.frame()
1787603614.453 [20:33:34.453208] {Default Queue} wl_touch#32.motion(18907991, 0, 1017.47656250, 740.29687500)
1787603614.454 [20:33:34.453289] {Default Queue} wl_touch#55.motion(18907991, 0, 1017.47656250, 740.29687500)
1787603614.454 [20:33:34.453306] {Default Queue} wl_touch#32.motion(18907991, 1, 1102.43359375, 524.50000000)
1787603614.454 [20:33:34.453326] {Default Queue} wl_touch#55.motion(18907991, 1, 1102.43359375, 524.50000000)
1787603614.454 [20:33:34.453338] {Default Queue} wl_touch#32.frame()
1787603614.454 [20:33:34.453354] {Default Queue} wl_touch#55.frame()
1787603614.462 [20:33:34.462141] {Default Queue} wl_touch#32.motion(18908000, 0, 1019.47656250, 735.30468750)
1787603614.462 [20:33:34.462252] {Default Queue} wl_touch#55.motion(18908000, 0, 1019.47656250, 735.30468750)
1787603614.462 [20:33:34.462292] {Default Queue} wl_touch#32.motion(18908000, 1, 1100.43359375, 528.49609375)
1787603614.462 [20:33:34.462343] {Default Queue} wl_touch#55.motion(18908000, 1, 1100.43359375, 528.49609375)
1787603614.463 [20:33:34.462373] {Default Queue} wl_touch#32.frame()
1787603614.463 [20:33:34.462396] {Default Queue} wl_touch#55.frame()
1787603614.472 [20:33:34.472210] {Default Queue} wl_touch#32.motion(18908010, 0, 1020.47656250, 729.30859375)
1787603614.473 [20:33:34.472320] {Default Queue} wl_touch#55.motion(18908010, 0, 1020.47656250, 729.30859375)
1787603614.473 [20:33:34.472336] {Default Queue} wl_touch#32.motion(18908010, 1, 1098.43750000, 532.49218750)
1787603614.473 [20:33:34.472357] {Default Queue} wl_touch#55.motion(18908010, 1, 1098.43750000, 532.49218750)
1787603614.473 [20:33:34.472369] {Default Queue} wl_touch#32.frame()
1787603614.473 [20:33:34.472381] {Default Queue} wl_touch#55.frame()
1787603614.482 [20:33:34.482094] {Default Queue} wl_touch#32.motion(18908020, 0, 1022.47656250, 724.31250000)
1787603614.482 [20:33:34.482170] {Default Queue} wl_touch#55.motion(18908020, 0, 1022.47656250, 724.31250000)
1787603614.482 [20:33:34.482187] {Default Queue} wl_touch#32.motion(18908020, 1, 1096.43750000, 536.48828125)
1787603614.482 [20:33:34.482207] {Default Queue} wl_touch#55.motion(18908020, 1, 1096.43750000, 536.48828125)
1787603614.482 [20:33:34.482219] {Default Queue} wl_touch#32.frame()
1787603614.482 [20:33:34.482231] {Default Queue} wl_touch#55.frame()
1787603614.493 [20:33:34.492213] {Default Queue} wl_touch#32.motion(18908030, 0, 1024.47265625, 720.31640625)
1787603614.493 [20:33:34.492295] {Default Queue} wl_touch#55.motion(18908030, 0, 1024.47265625, 720.31640625)
1787603614.493 [20:33:34.492311] {Default Queue} wl_touch#32.motion(18908030, 1, 1093.43750000, 540.48437500)
1787603614.493 [20:33:34.492469] {Default Queue} wl_touch#55.motion(18908030, 1, 1093.43750000, 540.48437500)
1787603614.493 [20:33:34.492487] {Default Queue} wl_touch#32.frame()
1787603614.493 [20:33:34.492501] {Default Queue} wl_touch#55.frame()
1787603614.503 [20:33:34.502293] {Default Queue} wl_touch#32.motion(18908040, 0, 1025.47265625, 715.32031250)
1787603614.503 [20:33:34.502392] {Default Queue} wl_touch#55.motion(18908040, 0, 1025.47265625, 715.32031250)
1787603614.503 [20:33:34.502417] {Default Queue} wl_touch#32.motion(18908040, 1, 1090.44140625, 544.48046875)
1787603614.503 [20:33:34.502447] {Default Queue} wl_touch#55.motion(18908040, 1, 1090.44140625, 544.48046875)
1787603614.503 [20:33:34.502465] {Default Queue} wl_touch#32.frame()
1787603614.503 [20:33:34.502480] {Default Queue} wl_touch#55.frame()
1787603614.512 [20:33:34.512009] {Default Queue} wl_touch#32.motion(18908050, 0, 1027.47265625, 710.32812500)
1787603614.512 [20:33:34.512083] {Default Queue} wl_touch#55.motion(18908050, 0, 1027.47265625, 710.32812500)
1787603614.512 [20:33:34.512099] {Default Queue} wl_touch#32.motion(18908050, 1, 1088.44140625, 548.47656250)
1787603614.512 [20:33:34.512268] {Default Queue} wl_touch#55.motion(18908050, 1, 1088.44140625, 548.47656250)
1787603614.512 [20:33:34.512285] {Default Queue} wl_touch#32.frame()
1787603614.512 [20:33:34.512298] {Default Queue} wl_touch#55.frame()
1787603614.522 [20:33:34.522193] {Default Queue} wl_touch#32.motion(18908060, 0, 1029.47265625, 705.33203125)
1787603614.522 [20:33:34.522282] {Default Queue} wl_touch#55.motion(18908060, 0, 1029.47265625, 705.33203125)
1787603614.523 [20:33:34.522314] {Default Queue} wl_touch#32.motion(18908060, 1, 1085.44140625, 551.47265625)
1787603614.523 [20:33:34.522342] {Default Queue} wl_touch#55.motion(18908060, 1, 1085.44140625, 551.47265625)
1787603614.523 [20:33:34.522368] {Default Queue} wl_touch#32.frame()
1787603614.523 [20:33:34.522383] {Default Queue} wl_touch#55.frame()
1787603614.532 [20:33:34.532189] {Default Queue} wl_touch#32.motion(18908070, 0, 1029.47265625, 700.33593750)
1787603614.533 [20:33:34.532267] {Default Queue} wl_touch#55.motion(18908070, 0, 1029.47265625, 700.33593750)
1787603614.533 [20:33:34.532284] {Default Queue} wl_touch#32.motion(18908070, 1, 1084.44140625, 553.47265625)
1787603614.533 [20:33:34.532305] {Default Queue} wl_touch#55.motion(18908070, 1, 1084.44140625, 553.47265625)
1787603614.533 [20:33:34.532317] {Default Queue} wl_touch#32.frame()
1787603614.533 [20:33:34.532329] {Default Queue} wl_touch#55.frame()
1787603614.543 [20:33:34.543229] {Default Queue} wl_touch#32.motion(18908079, 0, 1030.47265625, 696.33984375)
1787603614.544 [20:33:34.543306] {Default Queue} wl_touch#55.motion(18908079, 0, 1030.47265625, 696.33984375)
1787603614.544 [20:33:34.543326] {Default Queue} wl_touch#32.motion(18908079, 1, 1082.44531250, 555.46875000)
1787603614.544 [20:33:34.543353] {Default Queue} wl_touch#55.motion(18908079, 1, 1082.44531250, 555.46875000)
1787603614.544 [20:33:34.543367] {Default Queue} wl_touch#32.frame()
1787603614.544 [20:33:34.543380] {Default Queue} wl_touch#55.frame()
1787603614.555 [20:33:34.554406] {Default Queue} wl_touch#32.motion(18908089, 0, 1031.47265625, 692.34375000)
1787603614.555 [20:33:34.554513] {Default Queue} wl_touch#55.motion(18908089, 0, 1031.47265625, 692.34375000)
1787603614.555 [20:33:34.554538] {Default Queue} wl_touch#32.motion(18908089, 1, 1080.44531250, 556.46875000)
1787603614.555 [20:33:34.554574] {Default Queue} wl_touch#55.motion(18908089, 1, 1080.44531250, 556.46875000)
1787603614.555 [20:33:34.554593] {Default Queue} wl_touch#32.frame()
1787603614.555 [20:33:34.554610] {Default Queue} wl_touch#55.frame()
1787603614.561 [20:33:34.561162] {Default Queue} wl_touch#32.motion(18908099, 0, 1032.46875000, 688.34765625)
1787603614.561 [20:33:34.561239] {Default Queue} wl_touch#55.motion(18908099, 0, 1032.46875000, 688.34765625)
1787603614.561 [20:33:34.561256] {Default Queue} wl_touch#32.motion(18908099, 1, 1079.44531250, 557.46875000)
1787603614.561 [20:33:34.561281] {Default Queue} wl_touch#55.motion(18908099, 1, 1079.44531250, 557.46875000)
1787603614.561 [20:33:34.561295] {Default Queue} wl_touch#32.frame()
1787603614.562 [20:33:34.561307] {Default Queue} wl_touch#55.frame()
1787603614.572 [20:33:34.571307] {Default Queue} wl_touch#32.motion(18908109, 0, 1032.46875000, 684.35156250)
1787603614.572 [20:33:34.571424] {Default Queue} wl_touch#55.motion(18908109, 0, 1032.46875000, 684.35156250)
1787603614.572 [20:33:34.571453] {Default Queue} wl_touch#32.motion(18908109, 1, 1078.44531250, 558.46875000)
1787603614.572 [20:33:34.571494] {Default Queue} wl_touch#55.motion(18908109, 1, 1078.44531250, 558.46875000)
1787603614.572 [20:33:34.571515] {Default Queue} wl_touch#32.frame()
1787603614.572 [20:33:34.571532] {Default Queue} wl_touch#55.frame()
1787603614.581 [20:33:34.581098] {Default Queue} wl_touch#32.motion(18908119, 0, 1032.46875000, 681.35156250)
1787603614.581 [20:33:34.581170] {Default Queue} wl_touch#55.motion(18908119, 0, 1032.46875000, 681.35156250)
1787603614.581 [20:33:34.581186] {Default Queue} wl_touch#32.motion(18908119, 1, 1077.44531250, 559.46484375)
1787603614.581 [20:33:34.581206] {Default Queue} wl_touch#55.motion(18908119, 1, 1077.44531250, 559.46484375)
1787603614.581 [20:33:34.581218] {Default Queue} wl_touch#32.frame()
1787603614.581 [20:33:34.581229] {Default Queue} wl_touch#55.frame()
1787603614.591 [20:33:34.591168] {Default Queue} wl_touch#32.motion(18908129, 0, 1032.46875000, 677.35546875)
1787603614.591 [20:33:34.591244] {Default Queue} wl_touch#55.motion(18908129, 0, 1032.46875000, 677.35546875)
1787603614.592 [20:33:34.591260] {Default Queue} wl_touch#32.motion(18908129, 1, 1076.44921875, 559.46484375)
1787603614.592 [20:33:34.591280] {Default Queue} wl_touch#55.motion(18908129, 1, 1076.44921875, 559.46484375)
1787603614.592 [20:33:34.591291] {Default Queue} wl_touch#32.frame()
1787603614.592 [20:33:34.591303] {Default Queue} wl_touch#55.frame()
1787603614.604 [20:33:34.604196] {Default Queue} wl_touch#32.motion(18908139, 0, 1032.46875000, 673.35937500)
1787603614.605 [20:33:34.604292] {Default Queue} wl_touch#55.motion(18908139, 0, 1032.46875000, 673.35937500)
1787603614.605 [20:33:34.604317] {Default Queue} wl_touch#32.frame()
1787603614.605 [20:33:34.604334] {Default Queue} wl_touch#55.frame()
1787603614.611 [20:33:34.610142] {Default Queue} wl_touch#32.motion(18908148, 0, 1033.46875000, 669.36328125)
1787603614.611 [20:33:34.610203] {Default Queue} wl_touch#55.motion(18908148, 0, 1033.46875000, 669.36328125)
1787603614.611 [20:33:34.610219] {Default Queue} wl_touch#32.motion(18908148, 1, 1075.44921875, 559.46484375)
1787603614.611 [20:33:34.610241] {Default Queue} wl_touch#55.motion(18908148, 1, 1075.44921875, 559.46484375)
1787603614.611 [20:33:34.610254] {Default Queue} wl_touch#32.frame()
1787603614.611 [20:33:34.610300] {Default Queue} wl_touch#55.frame()
1787603614.621 [20:33:34.620459] {Default Queue} wl_touch#32.motion(18908158, 0, 1033.46875000, 666.36718750)
1787603614.621 [20:33:34.620555] {Default Queue} wl_touch#55.motion(18908158, 0, 1033.46875000, 666.36718750)
1787603614.621 [20:33:34.620601] {Default Queue} wl_touch#32.motion(18908158, 1, 1074.44921875, 559.46484375)
1787603614.621 [20:33:34.620637] {Default Queue} wl_touch#55.motion(18908158, 1, 1074.44921875, 559.46484375)
1787603614.621 [20:33:34.620659] {Default Queue} wl_touch#32.frame()
1787603614.621 [20:33:34.620676] {Default Queue} wl_touch#55.frame()
1787603614.630 [20:33:34.630083] {Default Queue} wl_touch#32.motion(18908168, 0, 1034.46875000, 663.37109375)
1787603614.630 [20:33:34.630159] {Default Queue} wl_touch#55.motion(18908168, 0, 1034.46875000, 663.37109375)
1787603614.630 [20:33:34.630176] {Default Queue} wl_touch#32.frame()
1787603614.630 [20:33:34.630188] {Default Queue} wl_touch#55.frame()
1787603614.640 [20:33:34.640010] {Default Queue} wl_touch#32.motion(18908178, 0, 1035.46875000, 659.37500000)
1787603614.640 [20:33:34.640090] {Default Queue} wl_touch#55.motion(18908178, 0, 1035.46875000, 659.37500000)
1787603614.640 [20:33:34.640111] {Default Queue} wl_touch#32.frame()
1787603614.640 [20:33:34.640124] {Default Queue} wl_touch#55.frame()
1787603614.653 [20:33:34.652271] {Default Queue} wl_touch#32.motion(18908188, 0, 1036.46875000, 657.37500000)
1787603614.653 [20:33:34.652347] {Default Queue} wl_touch#55.motion(18908188, 0, 1036.46875000, 657.37500000)
1787603614.653 [20:33:34.652362] {Default Queue} wl_touch#32.frame()
1787603614.653 [20:33:34.652372] {Default Queue} wl_touch#55.frame()
1787603614.660 [20:33:34.660078] {Default Queue} wl_touch#32.motion(18908198, 0, 1037.46875000, 654.37890625)
1787603614.660 [20:33:34.660165] {Default Queue} wl_touch#55.motion(18908198, 0, 1037.46875000, 654.37890625)
1787603614.660 [20:33:34.660182] {Default Queue} wl_touch#32.frame()
1787603614.660 [20:33:34.660195] {Default Queue} wl_touch#55.frame()
1787603614.711 [20:33:34.710899] {Default Queue} wl_touch#32.up(1001, 18908249, 0)
1787603614.711 [20:33:34.710999] {Default Queue} wl_touch#55.up(1001, 18908249, 0)
1787603614.711 [20:33:34.711025] {Default Queue} wl_touch#32.frame()
1787603614.711 [20:33:34.711069] {Default Queue} wl_touch#55.frame()
1787603614.731 [20:33:34.731116] {Default Queue} wl_touch#32.up(1002, 18908269, 1)
1787603614.731 [20:33:34.731195] {Default Queue} wl_touch#55.up(1002, 18908269, 1)
1787603614.731 [20:33:34.731212] {Default Queue} wl_touch#32.frame()
1787603614.731 [20:33:34.731224] {Default Queue} wl_touch#55.frame()
1787603615.540 [20:33:35.539584] {Default Queue} wl_touch#32.down(1003, 18909075, wl_surface#67, 0, 1033.46875000, 427.58984375)
1787603615.540 [20:33:35.539702] {Default Queue} wl_touch#55.down(1003, 18909075, wl_surface#67, 0, 1033.46875000, 427.58984375)
1787603615.540 [20:33:35.539722] {Default Queue} wl_touch#32.down(1004, 18909075, wl_surface#67, 1, 1185.39062500, 495.52343750)
1787603615.540 [20:33:35.539744] {Default Queue} wl_touch#55.down(1004, 18909075, wl_surface#67, 1, 1185.39062500, 495.52343750)
1787603615.540 [20:33:35.539757] {Default Queue} wl_touch#32.frame()
1787603615.540 [20:33:35.539830] {Default Queue} wl_touch#55.frame()
1787603615.556 [20:33:35.556244] {Default Queue} wl_touch#32.up(1006, 18909094, 0)
1787603615.557 [20:33:35.556314] {Default Queue} wl_touch#55.up(1006, 18909094, 0)
1787603615.557 [20:33:35.556329] {Default Queue} wl_touch#32.up(1007, 18909094, 1)
1787603615.557 [20:33:35.556349] {Default Queue} wl_touch#55.up(1007, 18909094, 1)
1787603615.557 [20:33:35.556360] {Default Queue} wl_touch#32.frame()
1787603615.557 [20:33:35.556370] {Default Queue} wl_touch#55.frame()
1787603617.119 [20:33:37.118688] {Default Queue} wl_touch#32.down(1012, 18910654, wl_surface#67, 0, 1002.48437500, 825.21875000)
1787603617.119 [20:33:37.118827] {Default Queue} wl_touch#55.down(1012, 18910654, wl_surface#67, 0, 1002.48437500, 825.21875000)
1787603617.119 [20:33:37.118849] {Default Queue} wl_touch#32.frame()
1787603617.119 [20:33:37.118862] {Default Queue} wl_touch#55.frame()
1787603617.152 [20:33:37.152206] {Default Queue} wl_touch#32.down(1013, 18910690, wl_surface#67, 1, 1140.41406250, 937.11718750)
1787603617.152 [20:33:37.152277] {Default Queue} wl_touch#55.down(1013, 18910690, wl_surface#67, 1, 1140.41406250, 937.11718750)
1787603617.152 [20:33:37.152317] {Default Queue} wl_touch#32.frame()
1787603617.152 [20:33:37.152337] {Default Queue} wl_touch#55.frame()
1787603617.162 [20:33:37.161408] {Default Queue} wl_touch#32.up(1014, 18910699, 0)
1787603617.162 [20:33:37.161498] {Default Queue} wl_touch#55.up(1014, 18910699, 0)
1787603617.162 [20:33:37.161515] {Default Queue} wl_touch#32.up(1015, 18910699, 1)
1787603617.162 [20:33:37.161537] {Default Queue} wl_touch#55.up(1015, 18910699, 1)
1787603617.162 [20:33:37.161548] {Default Queue} wl_touch#32.frame()
1787603617.162 [20:33:37.161560] {Default Queue} wl_touch#55.frame()
1787603620.886 [20:33:40.885447] {Default Queue} wl_touch#32.down(1032, 18914421, wl_surface#67, 0, 1229.36718750, 365.64453125)
1787603620.886 [20:33:40.885564] {Default Queue} wl_touch#55.down(1032, 18914421, wl_surface#67, 0, 1229.36718750, 365.64453125)
1787603620.886 [20:33:40.885584] {Default Queue} wl_touch#32.down(1033, 18914421, wl_surface#67, 1, 962.50781250, 404.60937500)
1787603620.886 [20:33:40.885605] {Default Queue} wl_touch#55.down(1033, 18914421, wl_surface#67, 1, 962.50781250, 404.60937500)
1787603620.886 [20:33:40.885618] {Default Queue} wl_touch#32.frame()
1787603620.886 [20:33:40.885631] {Default Queue} wl_touch#55.frame()
1787603620.893 [20:33:40.893260] {Default Queue} wl_touch#32.motion(18914431, 1, 961.50781250, 409.60546875)
1787603620.894 [20:33:40.893330] {Default Queue} wl_touch#55.motion(18914431, 1, 961.50781250, 409.60546875)
1787603620.894 [20:33:40.893346] {Default Queue} wl_touch#32.up(1034, 18914431, 0)
1787603620.894 [20:33:40.893380] {Default Queue} wl_touch#55.up(1034, 18914431, 0)
1787603620.894 [20:33:40.893392] {Default Queue} wl_touch#32.up(1035, 18914431, 1)
1787603620.894 [20:33:40.893411] {Default Queue} wl_touch#55.up(1035, 18914431, 1)
1787603620.894 [20:33:40.893422] {Default Queue} wl_touch#32.frame()
1787603620.894 [20:33:40.893433] {Default Queue} wl_touch#55.frame()
1787603622.785 [20:33:42.785093] {Default Queue} wl_touch#32.down(1052, 18916323, wl_surface#67, 0, 1160.40234375, 769.27343750)
1787603622.785 [20:33:42.785166] {Default Queue} wl_touch#55.down(1052, 18916323, wl_surface#67, 0, 1160.40234375, 769.27343750)
1787603622.785 [20:33:42.785184] {Default Queue} wl_touch#32.down(1053, 18916323, wl_surface#67, 1, 1020.47656250, 688.34765625)
1787603622.785 [20:33:42.785205] {Default Queue} wl_touch#55.down(1053, 18916323, wl_surface#67, 1, 1020.47656250, 688.34765625)
1787603622.785 [20:33:42.785218] {Default Queue} wl_touch#32.frame()
1787603622.785 [20:33:42.785229] {Default Queue} wl_touch#55.frame()
1787603622.794 [20:33:42.793750] {Default Queue} wl_touch#32.up(1055, 18916332, 0)
1787603622.794 [20:33:42.793803] {Default Queue} wl_touch#55.up(1055, 18916332, 0)
1787603622.794 [20:33:42.793810] {Default Queue} wl_touch#32.up(1056, 18916332, 1)
1787603622.794 [20:33:42.793818] {Default Queue} wl_touch#55.up(1056, 18916332, 1)
1787603622.794 [20:33:42.793822] {Default Queue} wl_touch#32.frame()
1787603622.794 [20:33:42.793826] {Default Queue} wl_touch#55.frame()
1787603624.826 [20:33:44.825965] {Default Queue} wl_touch#32.down(1062, 18918361, wl_surface#67, 0, 1619.16406250, 773.26953125)
1787603624.826 [20:33:44.826085] {Default Queue} wl_touch#55.down(1062, 18918361, wl_surface#67, 0, 1619.16406250, 773.26953125)
1787603624.826 [20:33:44.826107] {Default Queue} wl_touch#32.frame()
1787603624.826 [20:33:44.826124] {Default Queue} wl_touch#55.frame()
1787603624.880 [20:33:44.879431] {Default Queue} wl_touch#32.down(1063, 18918417, wl_surface#67, 1, 1484.23437500, 664.36718750)
1787603624.880 [20:33:44.879516] {Default Queue} wl_touch#55.down(1063, 18918417, wl_surface#67, 1, 1484.23437500, 664.36718750)
1787603624.880 [20:33:44.879536] {Default Queue} wl_touch#32.frame()
1787603624.880 [20:33:44.879548] {Default Queue} wl_touch#55.frame()
1787603624.889 [20:33:44.888334] {Default Queue} wl_touch#32.up(1065, 18918426, 0)
1787603624.889 [20:33:44.888420] {Default Queue} wl_touch#55.up(1065, 18918426, 0)
1787603624.889 [20:33:44.888436] {Default Queue} wl_touch#32.up(1066, 18918426, 1)
1787603624.889 [20:33:44.888456] {Default Queue} wl_touch#55.up(1066, 18918426, 1)
1787603624.889 [20:33:44.888468] {Default Queue} wl_touch#32.frame()
1787603624.889 [20:33:44.888479] {Default Queue} wl_touch#55.frame()
1787603627.331 [20:33:47.330654] {Default Queue} wl_touch#32.down(1071, 18920867, wl_surface#67, 0, 1550.19921875, 699.33593750)
1787603627.331 [20:33:47.330786] {Default Queue} wl_touch#55.down(1071, 18920867, wl_surface#67, 0, 1550.19921875, 699.33593750)
1787603627.331 [20:33:47.330806] {Default Queue} wl_touch#32.down(1072, 18920867, wl_surface#67, 1, 1413.27343750, 584.44140625)
1787603627.331 [20:33:47.330830] {Default Queue} wl_touch#55.down(1072, 18920867, wl_surface#67, 1, 1413.27343750, 584.44140625)
1787603627.331 [20:33:47.330844] {Default Queue} wl_touch#32.frame()
1787603627.331 [20:33:47.330855] {Default Queue} wl_touch#55.frame()
1787603627.338 [20:33:47.337339] {Default Queue} wl_touch#32.up(1073, 18920875, 0)
1787603627.338 [20:33:47.337416] {Default Queue} wl_touch#55.up(1073, 18920875, 0)
1787603627.338 [20:33:47.337433] {Default Queue} wl_touch#32.up(1074, 18920875, 1)
1787603627.338 [20:33:47.337452] {Default Queue} wl_touch#55.up(1074, 18920875, 1)
1787603627.338 [20:33:47.337466] {Default Queue} wl_touch#32.frame()
1787603627.338 [20:33:47.337477] {Default Queue} wl_touch#55.frame()
1787603630.055 [20:33:50.054395] {Default Queue} wl_touch#32.down(1080, 18923590, wl_surface#67, 0, 718.63281250, 610.41796875)
1787603630.055 [20:33:50.054510] {Default Queue} wl_touch#55.down(1080, 18923590, wl_surface#67, 0, 718.63281250, 610.41796875)
1787603630.055 [20:33:50.054528] {Default Queue} wl_touch#32.frame()
1787603630.055 [20:33:50.054544] {Default Queue} wl_touch#55.frame()
1787603630.071 [20:33:50.070473] {Default Queue} wl_touch#32.down(1081, 18923608, wl_surface#67, 1, 1008.48437500, 549.47656250)
1787603630.071 [20:33:50.070540] {Default Queue} wl_touch#55.down(1081, 18923608, wl_surface#67, 1, 1008.48437500, 549.47656250)
1787603630.071 [20:33:50.070558] {Default Queue} wl_touch#32.frame()
1787603630.071 [20:33:50.070570] {Default Queue} wl_touch#55.frame()
1787603630.081 [20:33:50.080559] {Default Queue} wl_touch#32.motion(18923618, 0, 728.62890625, 610.41796875)
1787603630.081 [20:33:50.080637] {Default Queue} wl_touch#55.motion(18923618, 0, 728.62890625, 610.41796875)
1787603630.081 [20:33:50.080655] {Default Queue} wl_touch#32.motion(18923618, 1, 1013.48046875, 550.47265625)
1787603630.081 [20:33:50.080687] {Default Queue} wl_touch#55.motion(18923618, 1, 1013.48046875, 550.47265625)
1787603630.081 [20:33:50.080700] {Default Queue} wl_touch#32.up(1082, 18923618, 1)
1787603630.081 [20:33:50.080726] {Default Queue} wl_touch#55.up(1082, 18923618, 1)
1787603630.081 [20:33:50.080737] {Default Queue} wl_touch#32.up(1083, 18923618, 0)
1787603630.081 [20:33:50.080807] {Default Queue} wl_touch#55.up(1083, 18923618, 0)
1787603630.081 [20:33:50.080825] {Default Queue} wl_touch#32.frame()
1787603630.081 [20:33:50.080836] {Default Queue} wl_touch#55.frame()
1787603632.583 [20:33:52.582593] {Default Queue} wl_touch#32.down(1089, 18926118, wl_surface#67, 0, 985.49609375, 657.37500000)
1787603632.583 [20:33:52.582712] {Default Queue} wl_touch#55.down(1089, 18926118, wl_surface#67, 0, 985.49609375, 657.37500000)
1787603632.583 [20:33:52.582732] {Default Queue} wl_touch#32.down(1090, 18926118, wl_surface#67, 1, 851.56250000, 581.44531250)
1787603632.583 [20:33:52.582755] {Default Queue} wl_touch#55.down(1090, 18926118, wl_surface#67, 1, 851.56250000, 581.44531250)
1787603632.583 [20:33:52.582809] {Default Queue} wl_touch#32.frame()
1787603632.583 [20:33:52.582825] {Default Queue} wl_touch#55.frame()
1787603632.589 [20:33:52.588946] {Default Queue} wl_touch#32.up(1092, 18926127, 0)
1787603632.589 [20:33:52.588976] {Default Queue} wl_touch#55.up(1092, 18926127, 0)
1787603632.589 [20:33:52.588981] {Default Queue} wl_touch#32.up(1093, 18926127, 1)
1787603632.589 [20:33:52.588988] {Default Queue} wl_touch#55.up(1093, 18926127, 1)
1787603632.589 [20:33:52.588992] {Default Queue} wl_touch#32.frame()
1787603632.589 [20:33:52.588996] {Default Queue} wl_touch#55.frame()
1787603641.238 [20:34:01.237350] {Default Queue} wl_touch#32.down(1141, 18934775, wl_surface#67, 0, 638.67578125, 540.48437500)
1787603641.238 [20:34:01.237435] {Default Queue} wl_touch#55.down(1141, 18934775, wl_surface#67, 0, 638.67578125, 540.48437500)
1787603641.238 [20:34:01.237456] {Default Queue} wl_touch#32.frame()
1787603641.238 [20:34:01.237467] {Default Queue} wl_touch#55.frame()
1787603641.292 [20:34:01.291392] {Default Queue} wl_touch#32.down(1142, 18934829, wl_surface#67, 1, 427.78515625, 650.38281250)
1787603641.292 [20:34:01.291468] {Default Queue} wl_touch#55.down(1142, 18934829, wl_surface#67, 1, 427.78515625, 650.38281250)
1787603641.292 [20:34:01.291489] {Default Queue} wl_touch#32.frame()
1787603641.292 [20:34:01.291500] {Default Queue} wl_touch#55.frame()
1787603641.302 [20:34:01.301369] {Default Queue} wl_touch#32.up(1143, 18934839, 1)
1787603641.302 [20:34:01.301429] {Default Queue} wl_touch#55.up(1143, 18934839, 1)
1787603641.302 [20:34:01.301444] {Default Queue} wl_touch#32.up(1144, 18934839, 0)
1787603641.302 [20:34:01.301476] {Default Queue} wl_touch#55.up(1144, 18934839, 0)
1787603641.302 [20:34:01.301488] {Default Queue} wl_touch#32.frame()
1787603641.302 [20:34:01.301499] {Default Queue} wl_touch#55.frame()
1787603642.775 [20:34:02.774205] {Default Queue} wl_touch#32.down(1153, 18936310, wl_surface#67, 0, 681.15234375, 634.39843750)
1787603642.775 [20:34:02.774386] {Default Queue} wl_touch#55.down(1153, 18936310, wl_surface#67, 0, 681.15234375, 634.39843750)
1787603642.775 [20:34:02.774420] {Default Queue} wl_touch#32.down(1154, 18936310, wl_surface#67, 1, 594.19921875, 516.50781250)
1787603642.775 [20:34:02.774462] {Default Queue} wl_touch#55.down(1154, 18936310, wl_surface#67, 1, 594.19921875, 516.50781250)
1787603642.775 [20:34:02.774485] {Default Queue} wl_touch#32.frame()
1787603642.775 [20:34:02.774504] {Default Queue} wl_touch#55.frame()
1787603642.783 [20:34:02.782661] {Default Queue} wl_touch#32.up(1158, 18936318, 0)
1787603642.783 [20:34:02.782721] {Default Queue} wl_touch#55.up(1158, 18936318, 0)
1787603642.783 [20:34:02.782729] {Default Queue} wl_touch#32.up(1159, 18936318, 1)
1787603642.783 [20:34:02.782739] {Default Queue} wl_touch#55.up(1159, 18936318, 1)
1787603642.783 [20:34:02.782745] {Default Queue} wl_touch#32.frame()
1787603642.783 [20:34:02.782750] {Default Queue} wl_touch#55.frame()
1787603645.342 [20:34:05.341682] {Default Queue} wl_touch#32.down(1165, 18938878, wl_surface#67, 0, 746.61718750, 589.43750000)
1787603645.342 [20:34:05.341826] {Default Queue} wl_touch#55.down(1165, 18938878, wl_surface#67, 0, 746.61718750, 589.43750000)
1787603645.342 [20:34:05.341847] {Default Queue} wl_touch#32.frame()
1787603645.342 [20:34:05.341860] {Default Queue} wl_touch#55.frame()
1787603645.369 [20:34:05.368693] {Default Queue} wl_touch#32.motion(18938907, 0, 739.62109375, 592.43750000)
1787603645.369 [20:34:05.368792] {Default Queue} wl_touch#55.motion(18938907, 0, 739.62109375, 592.43750000)
1787603645.369 [20:34:05.368810] {Default Queue} wl_touch#32.frame()
1787603645.369 [20:34:05.368822] {Default Queue} wl_touch#55.frame()
1787603645.379 [20:34:05.378844] {Default Queue} wl_touch#32.motion(18938917, 0, 736.62500000, 593.43359375)
1787603645.379 [20:34:05.378926] {Default Queue} wl_touch#55.motion(18938917, 0, 736.62500000, 593.43359375)
1787603645.379 [20:34:05.378942] {Default Queue} wl_touch#32.frame()
1787603645.379 [20:34:05.378954] {Default Queue} wl_touch#55.frame()
1787603645.389 [20:34:05.388689] {Default Queue} wl_touch#32.motion(18938927, 0, 734.62500000, 595.43359375)
1787603645.389 [20:34:05.388799] {Default Queue} wl_touch#55.motion(18938927, 0, 734.62500000, 595.43359375)
1787603645.389 [20:34:05.388817] {Default Queue} wl_touch#32.frame()
1787603645.389 [20:34:05.388831] {Default Queue} wl_touch#55.frame()
1787603645.400 [20:34:05.399271] {Default Queue} wl_touch#32.motion(18938937, 0, 732.62500000, 597.42968750)
1787603645.400 [20:34:05.399334] {Default Queue} wl_touch#55.motion(18938937, 0, 732.62500000, 597.42968750)
1787603645.400 [20:34:05.399350] {Default Queue} wl_touch#32.frame()
1787603645.400 [20:34:05.399362] {Default Queue} wl_touch#55.frame()
1787603645.408 [20:34:05.407858] {Default Queue} wl_touch#32.motion(18938946, 0, 729.62890625, 601.42578125)
1787603645.408 [20:34:05.407939] {Default Queue} wl_touch#55.motion(18938946, 0, 729.62890625, 601.42578125)
1787603645.408 [20:34:05.407957] {Default Queue} wl_touch#32.frame()
1787603645.408 [20:34:05.407969] {Default Queue} wl_touch#55.frame()
1787603645.417 [20:34:05.417061] {Default Queue} wl_touch#32.motion(18938955, 0, 725.62890625, 604.42578125)
1787603645.417 [20:34:05.417091] {Default Queue} wl_touch#55.motion(18938955, 0, 725.62890625, 604.42578125)
1787603645.417 [20:34:05.417097] {Default Queue} wl_touch#32.frame()
1787603645.417 [20:34:05.417101] {Default Queue} wl_touch#55.frame()
1787603645.428 [20:34:05.428101] {Default Queue} wl_touch#32.motion(18938967, 0, 720.63281250, 608.42187500)
1787603645.428 [20:34:05.428169] {Default Queue} wl_touch#55.motion(18938967, 0, 720.63281250, 608.42187500)
1787603645.428 [20:34:05.428177] {Default Queue} wl_touch#32.frame()
1787603645.428 [20:34:05.428182] {Default Queue} wl_touch#55.frame()
1787603645.438 [20:34:05.438178] {Default Queue} wl_touch#32.motion(18938976, 0, 716.63281250, 612.41796875)
1787603645.438 [20:34:05.438228] {Default Queue} wl_touch#55.motion(18938976, 0, 716.63281250, 612.41796875)
1787603645.438 [20:34:05.438239] {Default Queue} wl_touch#32.frame()
1787603645.438 [20:34:05.438246] {Default Queue} wl_touch#55.frame()
1787603645.450 [20:34:05.449498] {Default Queue} wl_touch#32.motion(18938986, 0, 711.63671875, 617.41406250)
1787603645.450 [20:34:05.449566] {Default Queue} wl_touch#55.motion(18938986, 0, 711.63671875, 617.41406250)
1787603645.450 [20:34:05.449580] {Default Queue} wl_touch#32.frame()
1787603645.450 [20:34:05.449591] {Default Queue} wl_touch#55.frame()
1787603645.458 [20:34:05.457373] {Default Queue} wl_touch#32.motion(18938996, 0, 705.64062500, 622.40625000)
1787603645.458 [20:34:05.457440] {Default Queue} wl_touch#55.motion(18938996, 0, 705.64062500, 622.40625000)
1787603645.458 [20:34:05.457455] {Default Queue} wl_touch#32.frame()
1787603645.458 [20:34:05.457466] {Default Queue} wl_touch#55.frame()
1787603645.468 [20:34:05.467502] {Default Queue} wl_touch#32.motion(18939005, 0, 694.64453125, 633.39843750)
1787603645.468 [20:34:05.467591] {Default Queue} wl_touch#55.motion(18939005, 0, 694.64453125, 633.39843750)
1787603645.468 [20:34:05.467617] {Default Queue} wl_touch#32.frame()
1787603645.468 [20:34:05.467635] {Default Queue} wl_touch#55.frame()
1787603645.477 [20:34:05.476650] {Default Queue} wl_touch#32.motion(18939015, 0, 683.65234375, 644.38671875)
1787603645.477 [20:34:05.476731] {Default Queue} wl_touch#55.motion(18939015, 0, 683.65234375, 644.38671875)
1787603645.477 [20:34:05.476749] {Default Queue} wl_touch#32.frame()
1787603645.477 [20:34:05.476789] {Default Queue} wl_touch#55.frame()
1787603645.487 [20:34:05.486346] {Default Queue} wl_touch#32.motion(18939024, 0, 673.65625000, 654.37890625)
1787603645.487 [20:34:05.486406] {Default Queue} wl_touch#55.motion(18939024, 0, 673.65625000, 654.37890625)
1787603645.487 [20:34:05.486428] {Default Queue} wl_touch#32.frame()
1787603645.487 [20:34:05.486439] {Default Queue} wl_touch#55.frame()
1787603645.496 [20:34:05.495604] {Default Queue} wl_touch#32.motion(18939034, 0, 665.66015625, 663.37109375)
1787603645.496 [20:34:05.495683] {Default Queue} wl_touch#55.motion(18939034, 0, 665.66015625, 663.37109375)
1787603645.496 [20:34:05.495700] {Default Queue} wl_touch#32.down(1166, 18939034, wl_surface#67, 1, 810.58593750, 391.62109375)
1787603645.496 [20:34:05.495732] {Default Queue} wl_touch#55.down(1166, 18939034, wl_surface#67, 1, 810.58593750, 391.62109375)
1787603645.496 [20:34:05.495747] {Default Queue} wl_touch#32.frame()
1787603645.496 [20:34:05.495791] {Default Queue} wl_touch#55.frame()
1787603645.505 [20:34:05.504571] {Default Queue} wl_touch#32.motion(18939042, 0, 657.66406250, 671.36328125)
1787603645.505 [20:34:05.504641] {Default Queue} wl_touch#55.motion(18939042, 0, 657.66406250, 671.36328125)
1787603645.505 [20:34:05.504657] {Default Queue} wl_touch#32.motion(18939042, 1, 816.58203125, 381.62890625)
1787603645.505 [20:34:05.504677] {Default Queue} wl_touch#55.motion(18939042, 1, 816.58203125, 381.62890625)
1787603645.505 [20:34:05.504689] {Default Queue} wl_touch#32.frame()
1787603645.505 [20:34:05.504700] {Default Queue} wl_touch#55.frame()
1787603645.516 [20:34:05.516261] {Default Queue} wl_touch#32.motion(18939053, 0, 651.66796875, 679.35546875)
1787603645.517 [20:34:05.516322] {Default Queue} wl_touch#55.motion(18939053, 0, 651.66796875, 679.35546875)
1787603645.517 [20:34:05.516349] {Default Queue} wl_touch#32.motion(18939053, 1, 822.57812500, 372.64062500)
1787603645.517 [20:34:05.516382] {Default Queue} wl_touch#55.motion(18939053, 1, 822.57812500, 372.64062500)
1787603645.517 [20:34:05.516397] {Default Queue} wl_touch#32.frame()
1787603645.517 [20:34:05.516420] {Default Queue} wl_touch#55.frame()
1787603645.524 [20:34:05.523423] {Default Queue} wl_touch#32.motion(18939061, 0, 644.67187500, 687.34765625)
1787603645.524 [20:34:05.523526] {Default Queue} wl_touch#55.motion(18939061, 0, 644.67187500, 687.34765625)
1787603645.524 [20:34:05.523554] {Default Queue} wl_touch#32.motion(18939061, 1, 828.57812500, 364.64843750)
1787603645.524 [20:34:05.523593] {Default Queue} wl_touch#55.motion(18939061, 1, 828.57812500, 364.64843750)
1787603645.524 [20:34:05.523614] {Default Queue} wl_touch#32.frame()
1787603645.524 [20:34:05.523634] {Default Queue} wl_touch#55.frame()
1787603645.533 [20:34:05.532719] {Default Queue} wl_touch#32.motion(18939071, 0, 639.67578125, 694.33984375)
1787603645.533 [20:34:05.532802] {Default Queue} wl_touch#55.motion(18939071, 0, 639.67578125, 694.33984375)
1787603645.533 [20:34:05.532847] {Default Queue} wl_touch#32.motion(18939071, 1, 833.57421875, 357.65234375)
1787603645.533 [20:34:05.532877] {Default Queue} wl_touch#55.motion(18939071, 1, 833.57421875, 357.65234375)
1787603645.533 [20:34:05.532895] {Default Queue} wl_touch#32.frame()
1787603645.533 [20:34:05.532909] {Default Queue} wl_touch#55.frame()
1787603645.542 [20:34:05.541474] {Default Queue} wl_touch#32.motion(18939080, 0, 634.67578125, 700.33593750)
1787603645.542 [20:34:05.541545] {Default Queue} wl_touch#55.motion(18939080, 0, 634.67578125, 700.33593750)
1787603645.542 [20:34:05.541562] {Default Queue} wl_touch#32.motion(18939080, 1, 838.57031250, 351.66015625)
1787603645.542 [20:34:05.541582] {Default Queue} wl_touch#55.motion(18939080, 1, 838.57031250, 351.66015625)
1787603645.542 [20:34:05.541594] {Default Queue} wl_touch#32.frame()
1787603645.542 [20:34:05.541606] {Default Queue} wl_touch#55.frame()
1787603645.551 [20:34:05.550616] {Default Queue} wl_touch#32.motion(18939089, 0, 630.67968750, 706.33203125)
1787603645.551 [20:34:05.550676] {Default Queue} wl_touch#55.motion(18939089, 0, 630.67968750, 706.33203125)
1787603645.551 [20:34:05.550691] {Default Queue} wl_touch#32.motion(18939089, 1, 843.57031250, 345.66406250)
1787603645.551 [20:34:05.550711] {Default Queue} wl_touch#55.motion(18939089, 1, 843.57031250, 345.66406250)
1787603645.551 [20:34:05.550723] {Default Queue} wl_touch#32.frame()
1787603645.551 [20:34:05.550735] {Default Queue} wl_touch#55.frame()
1787603645.560 [20:34:05.559558] {Default Queue} wl_touch#32.motion(18939098, 0, 625.68359375, 712.32421875)
1787603645.560 [20:34:05.559624] {Default Queue} wl_touch#55.motion(18939098, 0, 625.68359375, 712.32421875)
1787603645.560 [20:34:05.559640] {Default Queue} wl_touch#32.motion(18939098, 1, 848.56640625, 340.66796875)
1787603645.560 [20:34:05.559660] {Default Queue} wl_touch#55.motion(18939098, 1, 848.56640625, 340.66796875)
1787603645.560 [20:34:05.559672] {Default Queue} wl_touch#32.frame()
1787603645.560 [20:34:05.559683] {Default Queue} wl_touch#55.frame()
1787603645.569 [20:34:05.568473] {Default Queue} wl_touch#32.motion(18939107, 0, 622.68359375, 718.32031250)
1787603645.569 [20:34:05.568552] {Default Queue} wl_touch#55.motion(18939107, 0, 622.68359375, 718.32031250)
1787603645.569 [20:34:05.568570] {Default Queue} wl_touch#32.motion(18939107, 1, 852.56250000, 335.67187500)
1787603645.569 [20:34:05.568592] {Default Queue} wl_touch#55.motion(18939107, 1, 852.56250000, 335.67187500)
1787603645.569 [20:34:05.568608] {Default Queue} wl_touch#32.frame()
1787603645.569 [20:34:05.568636] {Default Queue} wl_touch#55.frame()
1787603645.578 [20:34:05.577582] {Default Queue} wl_touch#32.motion(18939116, 0, 618.68750000, 724.31250000)
1787603645.578 [20:34:05.577654] {Default Queue} wl_touch#55.motion(18939116, 0, 618.68750000, 724.31250000)
1787603645.578 [20:34:05.577670] {Default Queue} wl_touch#32.motion(18939116, 1, 856.56250000, 330.67968750)
1787603645.578 [20:34:05.577690] {Default Queue} wl_touch#55.motion(18939116, 1, 856.56250000, 330.67968750)
1787603645.578 [20:34:05.577701] {Default Queue} wl_touch#32.frame()
1787603645.578 [20:34:05.577713] {Default Queue} wl_touch#55.frame()
1787603645.588 [20:34:05.587438] {Default Queue} wl_touch#32.motion(18939126, 0, 615.68750000, 729.30859375)
1787603645.588 [20:34:05.587538] {Default Queue} wl_touch#55.motion(18939126, 0, 615.68750000, 729.30859375)
1787603645.588 [20:34:05.587566] {Default Queue} wl_touch#32.motion(18939126, 1, 860.55859375, 325.68359375)
1787603645.588 [20:34:05.587634] {Default Queue} wl_touch#55.motion(18939126, 1, 860.55859375, 325.68359375)
1787603645.588 [20:34:05.587671] {Default Queue} wl_touch#32.frame()
1787603645.588 [20:34:05.587688] {Default Queue} wl_touch#55.frame()
1787603645.597 [20:34:05.596543] {Default Queue} wl_touch#32.motion(18939135, 0, 612.68750000, 735.30468750)
1787603645.597 [20:34:05.596619] {Default Queue} wl_touch#55.motion(18939135, 0, 612.68750000, 735.30468750)
1787603645.597 [20:34:05.596685] {Default Queue} wl_touch#32.motion(18939135, 1, 865.55859375, 320.68750000)
1787603645.597 [20:34:05.596733] {Default Queue} wl_touch#55.motion(18939135, 1, 865.55859375, 320.68750000)
1787603645.597 [20:34:05.596752] {Default Queue} wl_touch#32.frame()
1787603645.597 [20:34:05.596799] {Default Queue} wl_touch#55.frame()
1787603645.605 [20:34:05.605230] {Default Queue} wl_touch#32.motion(18939144, 0, 609.69140625, 740.29687500)
1787603645.605 [20:34:05.605280] {Default Queue} wl_touch#55.motion(18939144, 0, 609.69140625, 740.29687500)
1787603645.605 [20:34:05.605291] {Default Queue} wl_touch#32.motion(18939144, 1, 870.55468750, 315.69140625)
1787603645.605 [20:34:05.605305] {Default Queue} wl_touch#55.motion(18939144, 1, 870.55468750, 315.69140625)
1787603645.605 [20:34:05.605312] {Default Queue} wl_touch#32.frame()
1787603645.606 [20:34:05.605320] {Default Queue} wl_touch#55.frame()
1787603645.616 [20:34:05.615457] {Default Queue} wl_touch#32.motion(18939152, 0, 605.69140625, 747.29296875)
1787603645.616 [20:34:05.615504] {Default Queue} wl_touch#55.motion(18939152, 0, 605.69140625, 747.29296875)
1787603645.616 [20:34:05.615519] {Default Queue} wl_touch#32.motion(18939152, 1, 876.55078125, 310.69531250)
1787603645.616 [20:34:05.615546] {Default Queue} wl_touch#55.motion(18939152, 1, 876.55078125, 310.69531250)
1787603645.616 [20:34:05.615561] {Default Queue} wl_touch#32.frame()
1787603645.616 [20:34:05.615571] {Default Queue} wl_touch#55.frame()
1787603645.623 [20:34:05.623302] {Default Queue} wl_touch#32.motion(18939161, 0, 602.69531250, 753.28515625)
1787603645.623 [20:34:05.623349] {Default Queue} wl_touch#55.motion(18939161, 0, 602.69531250, 753.28515625)
1787603645.624 [20:34:05.623361] {Default Queue} wl_touch#32.motion(18939161, 1, 883.54687500, 304.70312500)
1787603645.624 [20:34:05.623375] {Default Queue} wl_touch#55.motion(18939161, 1, 883.54687500, 304.70312500)
1787603645.624 [20:34:05.623384] {Default Queue} wl_touch#32.frame()
1787603645.624 [20:34:05.623392] {Default Queue} wl_touch#55.frame()
1787603645.633 [20:34:05.632411] {Default Queue} wl_touch#32.motion(18939171, 0, 599.69531250, 758.28125000)
1787603645.633 [20:34:05.632482] {Default Queue} wl_touch#55.motion(18939171, 0, 599.69531250, 758.28125000)
1787603645.633 [20:34:05.632492] {Default Queue} wl_touch#32.motion(18939171, 1, 888.54687500, 299.70703125)
1787603645.633 [20:34:05.632507] {Default Queue} wl_touch#55.motion(18939171, 1, 888.54687500, 299.70703125)
1787603645.633 [20:34:05.632515] {Default Queue} wl_touch#32.frame()
1787603645.633 [20:34:05.632522] {Default Queue} wl_touch#55.frame()
1787603645.641 [20:34:05.641196] {Default Queue} wl_touch#32.motion(18939179, 0, 596.69531250, 764.27734375)
1787603645.641 [20:34:05.641248] {Default Queue} wl_touch#55.motion(18939179, 0, 596.69531250, 764.27734375)
1787603645.641 [20:34:05.641259] {Default Queue} wl_touch#32.motion(18939179, 1, 893.54296875, 294.71093750)
1787603645.641 [20:34:05.641273] {Default Queue} wl_touch#55.motion(18939179, 1, 893.54296875, 294.71093750)
1787603645.641 [20:34:05.641280] {Default Queue} wl_touch#32.frame()
1787603645.641 [20:34:05.641288] {Default Queue} wl_touch#55.frame()
1787603645.650 [20:34:05.650136] {Default Queue} wl_touch#32.motion(18939188, 0, 592.69921875, 769.27343750)
1787603645.650 [20:34:05.650185] {Default Queue} wl_touch#55.motion(18939188, 0, 592.69921875, 769.27343750)
1787603645.650 [20:34:05.650196] {Default Queue} wl_touch#32.motion(18939188, 1, 897.53906250, 290.71484375)
1787603645.650 [20:34:05.650210] {Default Queue} wl_touch#55.motion(18939188, 1, 897.53906250, 290.71484375)
1787603645.650 [20:34:05.650219] {Default Queue} wl_touch#32.frame()
1787603645.650 [20:34:05.650226] {Default Queue} wl_touch#55.frame()
1787603645.660 [20:34:05.660308] {Default Queue} wl_touch#32.motion(18939198, 0, 590.69921875, 775.26562500)
1787603645.661 [20:34:05.660364] {Default Queue} wl_touch#55.motion(18939198, 0, 590.69921875, 775.26562500)
1787603645.661 [20:34:05.660376] {Default Queue} wl_touch#32.motion(18939198, 1, 900.53906250, 286.71875000)
1787603645.661 [20:34:05.660391] {Default Queue} wl_touch#55.motion(18939198, 1, 900.53906250, 286.71875000)
1787603645.661 [20:34:05.660401] {Default Queue} wl_touch#32.frame()
1787603645.661 [20:34:05.660409] {Default Queue} wl_touch#55.frame()
1787603645.670 [20:34:05.669447] {Default Queue} wl_touch#32.motion(18939208, 0, 588.70312500, 781.26171875)
1787603645.670 [20:34:05.669505] {Default Queue} wl_touch#55.motion(18939208, 0, 588.70312500, 781.26171875)
1787603645.670 [20:34:05.669528] {Default Queue} wl_touch#32.motion(18939208, 1, 905.53515625, 284.71875000)
1787603645.670 [20:34:05.669564] {Default Queue} wl_touch#55.motion(18939208, 1, 905.53515625, 284.71875000)
1787603645.670 [20:34:05.669588] {Default Queue} wl_touch#32.frame()
1787603645.670 [20:34:05.669601] {Default Queue} wl_touch#55.frame()
1787603645.678 [20:34:05.678198] {Default Queue} wl_touch#32.motion(18939217, 0, 585.70312500, 785.25781250)
1787603645.678 [20:34:05.678251] {Default Queue} wl_touch#55.motion(18939217, 0, 585.70312500, 785.25781250)
1787603645.678 [20:34:05.678262] {Default Queue} wl_touch#32.motion(18939217, 1, 909.53515625, 282.72265625)
1787603645.678 [20:34:05.678275] {Default Queue} wl_touch#55.motion(18939217, 1, 909.53515625, 282.72265625)
1787603645.678 [20:34:05.678283] {Default Queue} wl_touch#32.frame()
1787603645.678 [20:34:05.678291] {Default Queue} wl_touch#55.frame()
1787603645.688 [20:34:05.687292] {Default Queue} wl_touch#32.motion(18939225, 0, 583.70312500, 790.25390625)
1787603645.688 [20:34:05.687352] {Default Queue} wl_touch#55.motion(18939225, 0, 583.70312500, 790.25390625)
1787603645.688 [20:34:05.687364] {Default Queue} wl_touch#32.motion(18939225, 1, 914.53125000, 279.72656250)
1787603645.688 [20:34:05.687377] {Default Queue} wl_touch#55.motion(18939225, 1, 914.53125000, 279.72656250)
1787603645.688 [20:34:05.687385] {Default Queue} wl_touch#32.frame()
1787603645.688 [20:34:05.687394] {Default Queue} wl_touch#55.frame()
1787603645.697 [20:34:05.696390] {Default Queue} wl_touch#32.motion(18939234, 0, 581.70312500, 794.25000000)
1787603645.697 [20:34:05.696462] {Default Queue} wl_touch#55.motion(18939234, 0, 581.70312500, 794.25000000)
1787603645.697 [20:34:05.696477] {Default Queue} wl_touch#32.motion(18939234, 1, 918.53125000, 277.72656250)
1787603645.697 [20:34:05.696496] {Default Queue} wl_touch#55.motion(18939234, 1, 918.53125000, 277.72656250)
1787603645.697 [20:34:05.696507] {Default Queue} wl_touch#32.frame()
1787603645.697 [20:34:05.696517] {Default Queue} wl_touch#55.frame()
1787603645.706 [20:34:05.705413] {Default Queue} wl_touch#32.motion(18939244, 0, 579.70703125, 799.24218750)
1787603645.706 [20:34:05.705490] {Default Queue} wl_touch#55.motion(18939244, 0, 579.70703125, 799.24218750)
1787603645.706 [20:34:05.705510] {Default Queue} wl_touch#32.motion(18939244, 1, 922.52734375, 274.73046875)
1787603645.706 [20:34:05.705538] {Default Queue} wl_touch#55.motion(18939244, 1, 922.52734375, 274.73046875)
1787603645.706 [20:34:05.705569] {Default Queue} wl_touch#32.frame()
1787603645.706 [20:34:05.705586] {Default Queue} wl_touch#55.frame()
1787603645.716 [20:34:05.715628] {Default Queue} wl_touch#32.motion(18939253, 0, 578.70703125, 804.23828125)
1787603645.716 [20:34:05.715705] {Default Queue} wl_touch#55.motion(18939253, 0, 578.70703125, 804.23828125)
1787603645.716 [20:34:05.715722] {Default Queue} wl_touch#32.motion(18939253, 1, 926.52343750, 272.73046875)
1787603645.716 [20:34:05.715743] {Default Queue} wl_touch#55.motion(18939253, 1, 926.52343750, 272.73046875)
1787603645.716 [20:34:05.715757] {Default Queue} wl_touch#32.frame()
1787603645.716 [20:34:05.715805] {Default Queue} wl_touch#55.frame()
1787603645.724 [20:34:05.723535] {Default Queue} wl_touch#32.motion(18939261, 0, 575.70703125, 808.23437500)
1787603645.724 [20:34:05.723604] {Default Queue} wl_touch#55.motion(18939261, 0, 575.70703125, 808.23437500)
1787603645.724 [20:34:05.723623] {Default Queue} wl_touch#32.motion(18939261, 1, 930.52343750, 270.73437500)
1787603645.724 [20:34:05.723643] {Default Queue} wl_touch#55.motion(18939261, 1, 930.52343750, 270.73437500)
1787603645.724 [20:34:05.723663] {Default Queue} wl_touch#32.frame()
1787603645.724 [20:34:05.723676] {Default Queue} wl_touch#55.frame()
1787603645.734 [20:34:05.733890] {Default Queue} wl_touch#32.motion(18939271, 0, 574.70703125, 812.23046875)
1787603645.734 [20:34:05.733957] {Default Queue} wl_touch#55.motion(18939271, 0, 574.70703125, 812.23046875)
1787603645.734 [20:34:05.733974] {Default Queue} wl_touch#32.motion(18939271, 1, 935.51953125, 267.73437500)
1787603645.734 [20:34:05.733996] {Default Queue} wl_touch#55.motion(18939271, 1, 935.51953125, 267.73437500)
1787603645.734 [20:34:05.734008] {Default Queue} wl_touch#32.frame()
1787603645.734 [20:34:05.734018] {Default Queue} wl_touch#55.frame()
1787603645.743 [20:34:05.742507] {Default Queue} wl_touch#32.motion(18939281, 0, 571.71093750, 817.22656250)
1787603645.743 [20:34:05.742573] {Default Queue} wl_touch#55.motion(18939281, 0, 571.71093750, 817.22656250)
1787603645.743 [20:34:05.742588] {Default Queue} wl_touch#32.motion(18939281, 1, 938.51953125, 265.73828125)
1787603645.743 [20:34:05.742606] {Default Queue} wl_touch#55.motion(18939281, 1, 938.51953125, 265.73828125)
1787603645.743 [20:34:05.742616] {Default Queue} wl_touch#32.frame()
1787603645.743 [20:34:05.742627] {Default Queue} wl_touch#55.frame()
1787603645.752 [20:34:05.751421] {Default Queue} wl_touch#32.motion(18939289, 0, 568.71093750, 820.22656250)
1787603645.752 [20:34:05.751489] {Default Queue} wl_touch#55.motion(18939289, 0, 568.71093750, 820.22656250)
1787603645.752 [20:34:05.751506] {Default Queue} wl_touch#32.motion(18939289, 1, 940.51953125, 263.73828125)
1787603645.752 [20:34:05.751526] {Default Queue} wl_touch#55.motion(18939289, 1, 940.51953125, 263.73828125)
1787603645.752 [20:34:05.751540] {Default Queue} wl_touch#32.frame()
1787603645.752 [20:34:05.751551] {Default Queue} wl_touch#55.frame()
1787603645.761 [20:34:05.760511] {Default Queue} wl_touch#32.motion(18939299, 0, 566.71093750, 823.22265625)
1787603645.761 [20:34:05.760581] {Default Queue} wl_touch#55.motion(18939299, 0, 566.71093750, 823.22265625)
1787603645.761 [20:34:05.760596] {Default Queue} wl_touch#32.motion(18939299, 1, 943.51562500, 262.74218750)
1787603645.761 [20:34:05.760613] {Default Queue} wl_touch#55.motion(18939299, 1, 943.51562500, 262.74218750)
1787603645.761 [20:34:05.760624] {Default Queue} wl_touch#32.frame()
1787603645.761 [20:34:05.760634] {Default Queue} wl_touch#55.frame()
1787603645.770 [20:34:05.769553] {Default Queue} wl_touch#32.motion(18939307, 0, 564.71484375, 826.21875000)
1787603645.770 [20:34:05.769635] {Default Queue} wl_touch#55.motion(18939307, 0, 564.71484375, 826.21875000)
1787603645.770 [20:34:05.769672] {Default Queue} wl_touch#32.motion(18939307, 1, 944.51562500, 261.74218750)
1787603645.770 [20:34:05.769741] {Default Queue} wl_touch#55.motion(18939307, 1, 944.51562500, 261.74218750)
1787603645.770 [20:34:05.769829] {Default Queue} wl_touch#32.frame()
1787603645.770 [20:34:05.769867] {Default Queue} wl_touch#55.frame()
1787603645.779 [20:34:05.778498] {Default Queue} wl_touch#32.motion(18939316, 0, 562.71484375, 828.21875000)
1787603645.779 [20:34:05.778567] {Default Queue} wl_touch#55.motion(18939316, 0, 562.71484375, 828.21875000)
1787603645.779 [20:34:05.778582] {Default Queue} wl_touch#32.motion(18939316, 1, 945.51562500, 260.74218750)
1787603645.779 [20:34:05.778600] {Default Queue} wl_touch#55.motion(18939316, 1, 945.51562500, 260.74218750)
1787603645.779 [20:34:05.778612] {Default Queue} wl_touch#32.frame()
1787603645.779 [20:34:05.778623] {Default Queue} wl_touch#55.frame()
1787603645.788 [20:34:05.787366] {Default Queue} wl_touch#32.motion(18939325, 0, 562.71484375, 830.21484375)
1787603645.788 [20:34:05.787429] {Default Queue} wl_touch#55.motion(18939325, 0, 562.71484375, 830.21484375)
1787603645.788 [20:34:05.787445] {Default Queue} wl_touch#32.motion(18939325, 1, 946.51562500, 259.74218750)
1787603645.788 [20:34:05.787464] {Default Queue} wl_touch#55.motion(18939325, 1, 946.51562500, 259.74218750)
1787603645.788 [20:34:05.787476] {Default Queue} wl_touch#32.frame()
1787603645.788 [20:34:05.787487] {Default Queue} wl_touch#55.frame()
1787603645.797 [20:34:05.796451] {Default Queue} wl_touch#32.motion(18939334, 0, 562.71484375, 833.21093750)
1787603645.797 [20:34:05.796520] {Default Queue} wl_touch#55.motion(18939334, 0, 562.71484375, 833.21093750)
1787603645.797 [20:34:05.796535] {Default Queue} wl_touch#32.motion(18939334, 1, 947.51562500, 259.74218750)
1787603645.797 [20:34:05.796553] {Default Queue} wl_touch#55.motion(18939334, 1, 947.51562500, 259.74218750)
1787603645.797 [20:34:05.796564] {Default Queue} wl_touch#32.frame()
1787603645.797 [20:34:05.796574] {Default Queue} wl_touch#55.frame()
1787603645.807 [20:34:05.806427] {Default Queue} wl_touch#32.motion(18939344, 0, 562.71484375, 835.21093750)
1787603645.807 [20:34:05.806469] {Default Queue} wl_touch#55.motion(18939344, 0, 562.71484375, 835.21093750)
1787603645.807 [20:34:05.806482] {Default Queue} wl_touch#32.frame()
1787603645.807 [20:34:05.806491] {Default Queue} wl_touch#55.frame()
1787603645.818 [20:34:05.818049] {Default Queue} wl_touch#32.motion(18939354, 0, 562.71484375, 837.20703125)
1787603645.818 [20:34:05.818140] {Default Queue} wl_touch#55.motion(18939354, 0, 562.71484375, 837.20703125)
1787603645.818 [20:34:05.818165] {Default Queue} wl_touch#32.frame()
1787603645.818 [20:34:05.818183] {Default Queue} wl_touch#55.frame()
1787603645.825 [20:34:05.824339] {Default Queue} wl_touch#32.motion(18939362, 0, 562.71484375, 838.20703125)
1787603645.825 [20:34:05.824425] {Default Queue} wl_touch#55.motion(18939362, 0, 562.71484375, 838.20703125)
1787603645.825 [20:34:05.824462] {Default Queue} wl_touch#32.frame()
1787603645.825 [20:34:05.824488] {Default Queue} wl_touch#55.frame()
1787603645.834 [20:34:05.833947] {Default Queue} wl_touch#32.motion(18939371, 0, 562.71484375, 839.20703125)
1787603645.834 [20:34:05.834029] {Default Queue} wl_touch#55.motion(18939371, 0, 562.71484375, 839.20703125)
1787603645.834 [20:34:05.834050] {Default Queue} wl_touch#32.frame()
1787603645.834 [20:34:05.834067] {Default Queue} wl_touch#55.frame()
1787603645.861 [20:34:05.860528] {Default Queue} wl_touch#32.motion(18939399, 1, 947.51562500, 260.74218750)
1787603645.861 [20:34:05.860645] {Default Queue} wl_touch#55.motion(18939399, 1, 947.51562500, 260.74218750)
1787603645.861 [20:34:05.860661] {Default Queue} wl_touch#32.frame()
1787603645.861 [20:34:05.860672] {Default Queue} wl_touch#55.frame()
1787603645.870 [20:34:05.869390] {Default Queue} wl_touch#32.motion(18939407, 0, 563.71484375, 839.20703125)
1787603645.870 [20:34:05.869458] {Default Queue} wl_touch#55.motion(18939407, 0, 563.71484375, 839.20703125)
1787603645.870 [20:34:05.869473] {Default Queue} wl_touch#32.motion(18939407, 1, 947.51562500, 262.74218750)
1787603645.870 [20:34:05.869491] {Default Queue} wl_touch#55.motion(18939407, 1, 947.51562500, 262.74218750)
1787603645.870 [20:34:05.869501] {Default Queue} wl_touch#32.frame()
1787603645.870 [20:34:05.869512] {Default Queue} wl_touch#55.frame()
1787603645.880 [20:34:05.879508] {Default Queue} wl_touch#32.motion(18939418, 0, 566.71093750, 835.21093750)
1787603645.880 [20:34:05.879579] {Default Queue} wl_touch#55.motion(18939418, 0, 566.71093750, 835.21093750)
1787603645.880 [20:34:05.879594] {Default Queue} wl_touch#32.motion(18939418, 1, 945.51562500, 265.73828125)
1787603645.880 [20:34:05.879611] {Default Queue} wl_touch#55.motion(18939418, 1, 945.51562500, 265.73828125)
1787603645.880 [20:34:05.879622] {Default Queue} wl_touch#32.frame()
1787603645.880 [20:34:05.879633] {Default Queue} wl_touch#55.frame()
1787603645.889 [20:34:05.888676] {Default Queue} wl_touch#32.motion(18939427, 0, 568.71093750, 832.21484375)
1787603645.889 [20:34:05.888738] {Default Queue} wl_touch#55.motion(18939427, 0, 568.71093750, 832.21484375)
1787603645.889 [20:34:05.888753] {Default Queue} wl_touch#32.motion(18939427, 1, 943.51562500, 268.73437500)
1787603645.889 [20:34:05.888787] {Default Queue} wl_touch#55.motion(18939427, 1, 943.51562500, 268.73437500)
1787603645.889 [20:34:05.888797] {Default Queue} wl_touch#32.frame()
1787603645.889 [20:34:05.888807] {Default Queue} wl_touch#55.frame()
1787603645.900 [20:34:05.899264] {Default Queue} wl_touch#32.motion(18939436, 0, 571.71093750, 827.21875000)
1787603645.900 [20:34:05.899315] {Default Queue} wl_touch#55.motion(18939436, 0, 571.71093750, 827.21875000)
1787603645.900 [20:34:05.899328] {Default Queue} wl_touch#32.motion(18939436, 1, 939.51953125, 272.73046875)
1787603645.900 [20:34:05.899382] {Default Queue} wl_touch#55.motion(18939436, 1, 939.51953125, 272.73046875)
1787603645.900 [20:34:05.899393] {Default Queue} wl_touch#32.frame()
1787603645.900 [20:34:05.899402] {Default Queue} wl_touch#55.frame()
1787603645.907 [20:34:05.906417] {Default Queue} wl_touch#32.motion(18939444, 0, 575.70703125, 824.22265625)
1787603645.907 [20:34:05.906518] {Default Queue} wl_touch#55.motion(18939444, 0, 575.70703125, 824.22265625)
1787603645.907 [20:34:05.906533] {Default Queue} wl_touch#32.motion(18939444, 1, 936.51953125, 277.72656250)
1787603645.907 [20:34:05.906551] {Default Queue} wl_touch#55.motion(18939444, 1, 936.51953125, 277.72656250)
1787603645.907 [20:34:05.906561] {Default Queue} wl_touch#32.frame()
1787603645.907 [20:34:05.906571] {Default Queue} wl_touch#55.frame()
1787603645.916 [20:34:05.915928] {Default Queue} wl_touch#32.motion(18939454, 0, 578.70703125, 820.22656250)
1787603645.916 [20:34:05.915979] {Default Queue} wl_touch#55.motion(18939454, 0, 578.70703125, 820.22656250)
1787603645.916 [20:34:05.915991] {Default Queue} wl_touch#32.motion(18939454, 1, 932.52343750, 282.72265625)
1787603645.916 [20:34:05.916025] {Default Queue} wl_touch#55.motion(18939454, 1, 932.52343750, 282.72265625)
1787603645.916 [20:34:05.916044] {Default Queue} wl_touch#32.frame()
1787603645.916 [20:34:05.916060] {Default Queue} wl_touch#55.frame()
1787603645.925 [20:34:05.924418] {Default Queue} wl_touch#32.motion(18939463, 0, 582.70312500, 816.22656250)
1787603645.925 [20:34:05.924485] {Default Queue} wl_touch#55.motion(18939463, 0, 582.70312500, 816.22656250)
1787603645.925 [20:34:05.924500] {Default Queue} wl_touch#32.motion(18939463, 1, 927.52343750, 288.71875000)
1787603645.925 [20:34:05.924518] {Default Queue} wl_touch#55.motion(18939463, 1, 927.52343750, 288.71875000)
1787603645.925 [20:34:05.924529] {Default Queue} wl_touch#32.frame()
1787603645.925 [20:34:05.924540] {Default Queue} wl_touch#55.frame()
1787603645.933 [20:34:05.933272] {Default Queue} wl_touch#32.motion(18939471, 0, 586.70312500, 811.23437500)
1787603645.934 [20:34:05.933324] {Default Queue} wl_touch#55.motion(18939471, 0, 586.70312500, 811.23437500)
1787603645.934 [20:34:05.933338] {Default Queue} wl_touch#32.motion(18939471, 1, 922.52734375, 294.71093750)
1787603645.934 [20:34:05.933356] {Default Queue} wl_touch#55.motion(18939471, 1, 922.52734375, 294.71093750)
1787603645.934 [20:34:05.933366] {Default Queue} wl_touch#32.frame()
1787603645.934 [20:34:05.933376] {Default Queue} wl_touch#55.frame()
1787603645.943 [20:34:05.942437] {Default Queue} wl_touch#32.motion(18939481, 0, 591.69921875, 806.23828125)
1787603645.943 [20:34:05.942505] {Default Queue} wl_touch#55.motion(18939481, 0, 591.69921875, 806.23828125)
1787603645.943 [20:34:05.942520] {Default Queue} wl_touch#32.motion(18939481, 1, 918.53125000, 300.70703125)
1787603645.943 [20:34:05.942538] {Default Queue} wl_touch#55.motion(18939481, 1, 918.53125000, 300.70703125)
1787603645.943 [20:34:05.942549] {Default Queue} wl_touch#32.frame()
1787603645.943 [20:34:05.942559] {Default Queue} wl_touch#55.frame()
1787603645.952 [20:34:05.951473] {Default Queue} wl_touch#32.motion(18939489, 0, 596.69531250, 802.24218750)
1787603645.952 [20:34:05.951540] {Default Queue} wl_touch#55.motion(18939489, 0, 596.69531250, 802.24218750)
1787603645.952 [20:34:05.951555] {Default Queue} wl_touch#32.motion(18939489, 1, 913.53125000, 307.69921875)
1787603645.952 [20:34:05.951576] {Default Queue} wl_touch#55.motion(18939489, 1, 913.53125000, 307.69921875)
1787603645.952 [20:34:05.951589] {Default Queue} wl_touch#32.frame()
1787603645.952 [20:34:05.951599] {Default Queue} wl_touch#55.frame()
1787603645.962 [20:34:05.961508] {Default Queue} wl_touch#32.motion(18939500, 0, 600.69531250, 797.24609375)
1787603645.962 [20:34:05.961563] {Default Queue} wl_touch#55.motion(18939500, 0, 600.69531250, 797.24609375)
1787603645.962 [20:34:05.961577] {Default Queue} wl_touch#32.motion(18939500, 1, 908.53515625, 315.69140625)
1787603645.962 [20:34:05.961595] {Default Queue} wl_touch#55.motion(18939500, 1, 908.53515625, 315.69140625)
1787603645.962 [20:34:05.961605] {Default Queue} wl_touch#32.frame()
1787603645.962 [20:34:05.961616] {Default Queue} wl_touch#55.frame()
1787603645.971 [20:34:05.970403] {Default Queue} wl_touch#32.motion(18939508, 0, 605.69140625, 793.25000000)
1787603645.971 [20:34:05.970462] {Default Queue} wl_touch#55.motion(18939508, 0, 605.69140625, 793.25000000)
1787603645.971 [20:34:05.970477] {Default Queue} wl_touch#32.motion(18939508, 1, 902.53906250, 322.68359375)
1787603645.971 [20:34:05.970495] {Default Queue} wl_touch#55.motion(18939508, 1, 902.53906250, 322.68359375)
1787603645.971 [20:34:05.970506] {Default Queue} wl_touch#32.frame()
1787603645.971 [20:34:05.970516] {Default Queue} wl_touch#55.frame()
1787603645.980 [20:34:05.979585] {Default Queue} wl_touch#32.motion(18939518, 0, 610.69140625, 788.25390625)
1787603645.980 [20:34:05.979657] {Default Queue} wl_touch#55.motion(18939518, 0, 610.69140625, 788.25390625)
1787603645.980 [20:34:05.979672] {Default Queue} wl_touch#32.motion(18939518, 1, 896.53906250, 329.67968750)
1787603645.980 [20:34:05.979691] {Default Queue} wl_touch#55.motion(18939518, 1, 896.53906250, 329.67968750)
1787603645.980 [20:34:05.979701] {Default Queue} wl_touch#32.frame()
1787603645.980 [20:34:05.979712] {Default Queue} wl_touch#55.frame()
1787603645.989 [20:34:05.988542] {Default Queue} wl_touch#32.motion(18939526, 0, 615.68750000, 783.25781250)
1787603645.989 [20:34:05.988598] {Default Queue} wl_touch#55.motion(18939526, 0, 615.68750000, 783.25781250)
1787603645.989 [20:34:05.988613] {Default Queue} wl_touch#32.motion(18939526, 1, 892.54296875, 336.67187500)
1787603645.989 [20:34:05.988633] {Default Queue} wl_touch#55.motion(18939526, 1, 892.54296875, 336.67187500)
1787603645.989 [20:34:05.988644] {Default Queue} wl_touch#32.frame()
1787603645.989 [20:34:05.988654] {Default Queue} wl_touch#55.frame()
1787603646.000 [20:34:05.999332] {Default Queue} wl_touch#32.motion(18939536, 0, 620.68359375, 778.26171875)
1787603646.000 [20:34:05.999381] {Default Queue} wl_touch#55.motion(18939536, 0, 620.68359375, 778.26171875)
1787603646.000 [20:34:05.999394] {Default Queue} wl_touch#32.motion(18939536, 1, 887.54687500, 344.66406250)
1787603646.000 [20:34:05.999413] {Default Queue} wl_touch#55.motion(18939536, 1, 887.54687500, 344.66406250)
1787603646.000 [20:34:05.999423] {Default Queue} wl_touch#32.frame()
1787603646.000 [20:34:05.999432] {Default Queue} wl_touch#55.frame()
1787603646.007 [20:34:06.006345] {Default Queue} wl_touch#32.motion(18939545, 0, 624.68359375, 774.26562500)
1787603646.007 [20:34:06.006404] {Default Queue} wl_touch#55.motion(18939545, 0, 624.68359375, 774.26562500)
1787603646.007 [20:34:06.006418] {Default Queue} wl_touch#32.motion(18939545, 1, 882.54687500, 352.65625000)
1787603646.007 [20:34:06.006436] {Default Queue} wl_touch#55.motion(18939545, 1, 882.54687500, 352.65625000)
1787603646.007 [20:34:06.006447] {Default Queue} wl_touch#32.frame()
1787603646.007 [20:34:06.006456] {Default Queue} wl_touch#55.frame()
1787603646.016 [20:34:06.015851] {Default Queue} wl_touch#32.motion(18939554, 0, 627.67968750, 770.26953125)
1787603646.016 [20:34:06.015905] {Default Queue} wl_touch#55.motion(18939554, 0, 627.67968750, 770.26953125)
1787603646.016 [20:34:06.015918] {Default Queue} wl_touch#32.motion(18939554, 1, 876.55078125, 359.65234375)
1787603646.016 [20:34:06.015938] {Default Queue} wl_touch#55.motion(18939554, 1, 876.55078125, 359.65234375)
1787603646.016 [20:34:06.015949] {Default Queue} wl_touch#32.frame()
1787603646.016 [20:34:06.015961] {Default Queue} wl_touch#55.frame()
1787603646.025 [20:34:06.024357] {Default Queue} wl_touch#32.motion(18939563, 0, 631.67968750, 766.27343750)
1787603646.025 [20:34:06.024427] {Default Queue} wl_touch#55.motion(18939563, 0, 631.67968750, 766.27343750)
1787603646.025 [20:34:06.024442] {Default Queue} wl_touch#32.motion(18939563, 1, 870.55468750, 366.64453125)
1787603646.025 [20:34:06.024460] {Default Queue} wl_touch#55.motion(18939563, 1, 870.55468750, 366.64453125)
1787603646.025 [20:34:06.024471] {Default Queue} wl_touch#32.frame()
1787603646.025 [20:34:06.024481] {Default Queue} wl_touch#55.frame()
1787603646.035 [20:34:06.034389] {Default Queue} wl_touch#32.motion(18939573, 0, 635.67578125, 761.27734375)
1787603646.035 [20:34:06.034456] {Default Queue} wl_touch#55.motion(18939573, 0, 635.67578125, 761.27734375)
1787603646.035 [20:34:06.034474] {Default Queue} wl_touch#32.motion(18939573, 1, 866.55468750, 373.63671875)
1787603646.035 [20:34:06.034494] {Default Queue} wl_touch#55.motion(18939573, 1, 866.55468750, 373.63671875)
1787603646.035 [20:34:06.034509] {Default Queue} wl_touch#32.frame()
1787603646.035 [20:34:06.034521] {Default Queue} wl_touch#55.frame()
1787603646.044 [20:34:06.043444] {Default Queue} wl_touch#32.motion(18939581, 0, 639.67578125, 757.28125000)
1787603646.044 [20:34:06.043512] {Default Queue} wl_touch#55.motion(18939581, 0, 639.67578125, 757.28125000)
1787603646.044 [20:34:06.043526] {Default Queue} wl_touch#32.motion(18939581, 1, 861.55859375, 380.63281250)
1787603646.044 [20:34:06.043544] {Default Queue} wl_touch#55.motion(18939581, 1, 861.55859375, 380.63281250)
1787603646.044 [20:34:06.043554] {Default Queue} wl_touch#32.frame()
1787603646.044 [20:34:06.043565] {Default Queue} wl_touch#55.frame()
1787603646.053 [20:34:06.052343] {Default Queue} wl_touch#32.motion(18939591, 0, 643.67187500, 753.28515625)
1787603646.053 [20:34:06.052425] {Default Queue} wl_touch#55.motion(18939591, 0, 643.67187500, 753.28515625)
1787603646.053 [20:34:06.052452] {Default Queue} wl_touch#32.motion(18939591, 1, 856.56250000, 388.62500000)
1787603646.053 [20:34:06.052486] {Default Queue} wl_touch#55.motion(18939591, 1, 856.56250000, 388.62500000)
1787603646.053 [20:34:06.052594] {Default Queue} wl_touch#32.frame()
1787603646.053 [20:34:06.052617] {Default Queue} wl_touch#55.frame()
1787603646.062 [20:34:06.061365] {Default Queue} wl_touch#32.motion(18939599, 0, 648.67187500, 749.28906250)
1787603646.062 [20:34:06.061432] {Default Queue} wl_touch#55.motion(18939599, 0, 648.67187500, 749.28906250)
1787603646.062 [20:34:06.061447] {Default Queue} wl_touch#32.motion(18939599, 1, 850.56640625, 394.61718750)
1787603646.062 [20:34:06.061464] {Default Queue} wl_touch#55.motion(18939599, 1, 850.56640625, 394.61718750)
1787603646.062 [20:34:06.061475] {Default Queue} wl_touch#32.frame()
1787603646.062 [20:34:06.061485] {Default Queue} wl_touch#55.frame()
1787603646.071 [20:34:06.070340] {Default Queue} wl_touch#32.motion(18939609, 0, 651.66796875, 746.29296875)
1787603646.071 [20:34:06.070421] {Default Queue} wl_touch#55.motion(18939609, 0, 651.66796875, 746.29296875)
1787603646.071 [20:34:06.070455] {Default Queue} wl_touch#32.motion(18939609, 1, 845.56640625, 400.61328125)
1787603646.071 [20:34:06.070672] {Default Queue} wl_touch#55.motion(18939609, 1, 845.56640625, 400.61328125)
1787603646.071 [20:34:06.070703] {Default Queue} wl_touch#32.frame()
1787603646.071 [20:34:06.070717] {Default Queue} wl_touch#55.frame()
1787603646.080 [20:34:06.079332] {Default Queue} wl_touch#32.motion(18939618, 0, 654.66796875, 743.29687500)
1787603646.080 [20:34:06.079389] {Default Queue} wl_touch#55.motion(18939618, 0, 654.66796875, 743.29687500)
1787603646.080 [20:34:06.079404] {Default Queue} wl_touch#32.motion(18939618, 1, 841.57031250, 405.60937500)
1787603646.080 [20:34:06.079421] {Default Queue} wl_touch#55.motion(18939618, 1, 841.57031250, 405.60937500)
1787603646.080 [20:34:06.079431] {Default Queue} wl_touch#32.frame()
1787603646.080 [20:34:06.079441] {Default Queue} wl_touch#55.frame()
1787603646.089 [20:34:06.088387] {Default Queue} wl_touch#32.motion(18939626, 0, 656.66406250, 740.29687500)
1787603646.089 [20:34:06.088458] {Default Queue} wl_touch#55.motion(18939626, 0, 656.66406250, 740.29687500)
1787603646.089 [20:34:06.088474] {Default Queue} wl_touch#32.motion(18939626, 1, 838.57031250, 410.60546875)
1787603646.089 [20:34:06.088494] {Default Queue} wl_touch#55.motion(18939626, 1, 838.57031250, 410.60546875)
1787603646.089 [20:34:06.088506] {Default Queue} wl_touch#32.frame()
1787603646.089 [20:34:06.088524] {Default Queue} wl_touch#55.frame()
1787603646.100 [20:34:06.099727] {Default Queue} wl_touch#32.motion(18939635, 0, 659.66406250, 735.30468750)
1787603646.100 [20:34:06.099843] {Default Queue} wl_touch#55.motion(18939635, 0, 659.66406250, 735.30468750)
1787603646.100 [20:34:06.099864] {Default Queue} wl_touch#32.motion(18939635, 1, 835.57421875, 415.59765625)
1787603646.100 [20:34:06.099885] {Default Queue} wl_touch#55.motion(18939635, 1, 835.57421875, 415.59765625)
1787603646.100 [20:34:06.099896] {Default Queue} wl_touch#32.frame()
1787603646.100 [20:34:06.099907] {Default Queue} wl_touch#55.frame()
1787603646.108 [20:34:06.107410] {Default Queue} wl_touch#32.motion(18939645, 0, 662.66406250, 731.30859375)
1787603646.108 [20:34:06.107503] {Default Queue} wl_touch#55.motion(18939645, 0, 662.66406250, 731.30859375)
1787603646.108 [20:34:06.107544] {Default Queue} wl_touch#32.motion(18939645, 1, 832.57421875, 420.59375000)
1787603646.108 [20:34:06.107587] {Default Queue} wl_touch#55.motion(18939645, 1, 832.57421875, 420.59375000)
1787603646.108 [20:34:06.107611] {Default Queue} wl_touch#32.frame()
1787603646.108 [20:34:06.107639] {Default Queue} wl_touch#55.frame()
1787603646.117 [20:34:06.116607] {Default Queue} wl_touch#32.motion(18939654, 0, 665.66015625, 727.31250000)
1787603646.117 [20:34:06.116671] {Default Queue} wl_touch#55.motion(18939654, 0, 665.66015625, 727.31250000)
1787603646.117 [20:34:06.116685] {Default Queue} wl_touch#32.motion(18939654, 1, 828.57812500, 425.58984375)
1787603646.117 [20:34:06.116707] {Default Queue} wl_touch#55.motion(18939654, 1, 828.57812500, 425.58984375)
1787603646.117 [20:34:06.116731] {Default Queue} wl_touch#32.frame()
1787603646.117 [20:34:06.116797] {Default Queue} wl_touch#55.frame()
1787603646.126 [20:34:06.125413] {Default Queue} wl_touch#32.motion(18939664, 0, 669.66015625, 723.31250000)
1787603646.126 [20:34:06.125484] {Default Queue} wl_touch#55.motion(18939664, 0, 669.66015625, 723.31250000)
1787603646.126 [20:34:06.125501] {Default Queue} wl_touch#32.motion(18939664, 1, 826.57812500, 430.58593750)
1787603646.126 [20:34:06.125526] {Default Queue} wl_touch#55.motion(18939664, 1, 826.57812500, 430.58593750)
1787603646.126 [20:34:06.125544] {Default Queue} wl_touch#32.frame()
1787603646.126 [20:34:06.125557] {Default Queue} wl_touch#55.frame()
1787603646.135 [20:34:06.134398] {Default Queue} wl_touch#32.motion(18939673, 0, 673.65625000, 718.32031250)
1787603646.135 [20:34:06.134470] {Default Queue} wl_touch#55.motion(18939673, 0, 673.65625000, 718.32031250)
1787603646.135 [20:34:06.134485] {Default Queue} wl_touch#32.motion(18939673, 1, 823.57812500, 435.58203125)
1787603646.135 [20:34:06.134505] {Default Queue} wl_touch#55.motion(18939673, 1, 823.57812500, 435.58203125)
1787603646.135 [20:34:06.134517] {Default Queue} wl_touch#32.frame()
1787603646.135 [20:34:06.134529] {Default Queue} wl_touch#55.frame()
1787603646.144 [20:34:06.143447] {Default Queue} wl_touch#32.motion(18939681, 0, 677.65625000, 713.32421875)
1787603646.144 [20:34:06.143512] {Default Queue} wl_touch#55.motion(18939681, 0, 677.65625000, 713.32421875)
1787603646.144 [20:34:06.143526] {Default Queue} wl_touch#32.motion(18939681, 1, 819.58203125, 440.57812500)
1787603646.144 [20:34:06.143543] {Default Queue} wl_touch#55.motion(18939681, 1, 819.58203125, 440.57812500)
1787603646.144 [20:34:06.143556] {Default Queue} wl_touch#32.frame()
1787603646.144 [20:34:06.143566] {Default Queue} wl_touch#55.frame()
1787603646.153 [20:34:06.152385] {Default Queue} wl_touch#32.motion(18939690, 0, 682.65234375, 708.32812500)
1787603646.153 [20:34:06.152460] {Default Queue} wl_touch#55.motion(18939690, 0, 682.65234375, 708.32812500)
1787603646.153 [20:34:06.152488] {Default Queue} wl_touch#32.motion(18939690, 1, 817.58203125, 445.57031250)
1787603646.153 [20:34:06.152517] {Default Queue} wl_touch#55.motion(18939690, 1, 817.58203125, 445.57031250)
1787603646.153 [20:34:06.152534] {Default Queue} wl_touch#32.frame()
1787603646.153 [20:34:06.152548] {Default Queue} wl_touch#55.frame()
1787603646.163 [20:34:06.162474] {Default Queue} wl_touch#32.motion(18939701, 0, 684.65234375, 706.33203125)
1787603646.163 [20:34:06.162540] {Default Queue} wl_touch#55.motion(18939701, 0, 684.65234375, 706.33203125)
1787603646.163 [20:34:06.162555] {Default Queue} wl_touch#32.motion(18939701, 1, 816.58203125, 446.57031250)
1787603646.163 [20:34:06.162573] {Default Queue} wl_touch#55.motion(18939701, 1, 816.58203125, 446.57031250)
1787603646.163 [20:34:06.162584] {Default Queue} wl_touch#32.frame()
1787603646.163 [20:34:06.162595] {Default Queue} wl_touch#55.frame()
1787603646.173 [20:34:06.172363] {Default Queue} wl_touch#32.motion(18939711, 0, 686.64843750, 703.33203125)
1787603646.173 [20:34:06.172452] {Default Queue} wl_touch#55.motion(18939711, 0, 686.64843750, 703.33203125)
1787603646.173 [20:34:06.172470] {Default Queue} wl_touch#32.motion(18939711, 1, 815.58203125, 449.56640625)
1787603646.173 [20:34:06.172491] {Default Queue} wl_touch#55.motion(18939711, 1, 815.58203125, 449.56640625)
1787603646.173 [20:34:06.172504] {Default Queue} wl_touch#32.frame()
1787603646.173 [20:34:06.172518] {Default Queue} wl_touch#55.frame()
1787603646.183 [20:34:06.182683] {Default Queue} wl_touch#32.motion(18939721, 0, 690.64843750, 699.33593750)
1787603646.183 [20:34:06.182803] {Default Queue} wl_touch#55.motion(18939721, 0, 690.64843750, 699.33593750)
1787603646.183 [20:34:06.182827] {Default Queue} wl_touch#32.motion(18939721, 1, 813.58593750, 451.56640625)
1787603646.183 [20:34:06.182851] {Default Queue} wl_touch#55.motion(18939721, 1, 813.58593750, 451.56640625)
1787603646.183 [20:34:06.182862] {Default Queue} wl_touch#32.frame()
1787603646.183 [20:34:06.182871] {Default Queue} wl_touch#55.frame()
1787603646.193 [20:34:06.192386] {Default Queue} wl_touch#32.motion(18939731, 0, 692.64843750, 696.33984375)
1787603646.193 [20:34:06.192452] {Default Queue} wl_touch#55.motion(18939731, 0, 692.64843750, 696.33984375)
1787603646.193 [20:34:06.192466] {Default Queue} wl_touch#32.motion(18939731, 1, 812.58593750, 454.56250000)
1787603646.193 [20:34:06.192484] {Default Queue} wl_touch#55.motion(18939731, 1, 812.58593750, 454.56250000)
1787603646.193 [20:34:06.192495] {Default Queue} wl_touch#32.frame()
1787603646.193 [20:34:06.192505] {Default Queue} wl_touch#55.frame()
1787603646.203 [20:34:06.202399] {Default Queue} wl_touch#32.motion(18939740, 0, 695.64453125, 692.34375000)
1787603646.203 [20:34:06.202465] {Default Queue} wl_touch#55.motion(18939740, 0, 695.64453125, 692.34375000)
1787603646.203 [20:34:06.202479] {Default Queue} wl_touch#32.motion(18939740, 1, 811.58593750, 456.56250000)
1787603646.203 [20:34:06.202519] {Default Queue} wl_touch#55.motion(18939740, 1, 811.58593750, 456.56250000)
1787603646.203 [20:34:06.202537] {Default Queue} wl_touch#32.frame()
1787603646.203 [20:34:06.202552] {Default Queue} wl_touch#55.frame()
1787603646.213 [20:34:06.212641] {Default Queue} wl_touch#32.motion(18939751, 0, 699.64453125, 688.34765625)
1787603646.213 [20:34:06.212711] {Default Queue} wl_touch#55.motion(18939751, 0, 699.64453125, 688.34765625)
1787603646.213 [20:34:06.212726] {Default Queue} wl_touch#32.motion(18939751, 1, 810.58593750, 458.55859375)
1787603646.213 [20:34:06.212747] {Default Queue} wl_touch#55.motion(18939751, 1, 810.58593750, 458.55859375)
1787603646.213 [20:34:06.212781] {Default Queue} wl_touch#32.frame()
1787603646.213 [20:34:06.212792] {Default Queue} wl_touch#55.frame()
1787603646.222 [20:34:06.221392] {Default Queue} wl_touch#32.motion(18939760, 0, 703.64062500, 684.35156250)
1787603646.222 [20:34:06.221461] {Default Queue} wl_touch#55.motion(18939760, 0, 703.64062500, 684.35156250)
1787603646.222 [20:34:06.221476] {Default Queue} wl_touch#32.motion(18939760, 1, 810.58593750, 459.55859375)
1787603646.222 [20:34:06.221493] {Default Queue} wl_touch#55.motion(18939760, 1, 810.58593750, 459.55859375)
1787603646.222 [20:34:06.221503] {Default Queue} wl_touch#32.frame()
1787603646.222 [20:34:06.221514] {Default Queue} wl_touch#55.frame()
1787603646.233 [20:34:06.232588] {Default Queue} wl_touch#32.motion(18939770, 0, 707.64062500, 679.35546875)
1787603646.233 [20:34:06.232657] {Default Queue} wl_touch#55.motion(18939770, 0, 707.64062500, 679.35546875)
1787603646.233 [20:34:06.232672] {Default Queue} wl_touch#32.motion(18939770, 1, 809.58593750, 461.55859375)
1787603646.233 [20:34:06.232691] {Default Queue} wl_touch#55.motion(18939770, 1, 809.58593750, 461.55859375)
1787603646.233 [20:34:06.232705] {Default Queue} wl_touch#32.frame()
1787603646.233 [20:34:06.232715] {Default Queue} wl_touch#55.frame()
1787603646.242 [20:34:06.241327] {Default Queue} wl_touch#32.motion(18939779, 0, 711.63671875, 675.35937500)
1787603646.242 [20:34:06.241391] {Default Queue} wl_touch#55.motion(18939779, 0, 711.63671875, 675.35937500)
1787603646.242 [20:34:06.241406] {Default Queue} wl_touch#32.motion(18939779, 1, 808.58593750, 462.55468750)
1787603646.242 [20:34:06.241423] {Default Queue} wl_touch#55.motion(18939779, 1, 808.58593750, 462.55468750)
1787603646.242 [20:34:06.241434] {Default Queue} wl_touch#32.frame()
1787603646.242 [20:34:06.241445] {Default Queue} wl_touch#55.frame()
1787603646.252 [20:34:06.251340] {Default Queue} wl_touch#32.motion(18939789, 0, 714.63671875, 670.36328125)
1787603646.252 [20:34:06.251406] {Default Queue} wl_touch#55.motion(18939789, 0, 714.63671875, 670.36328125)
1787603646.252 [20:34:06.251421] {Default Queue} wl_touch#32.motion(18939789, 1, 807.58593750, 463.55468750)
1787603646.252 [20:34:06.251440] {Default Queue} wl_touch#55.motion(18939789, 1, 807.58593750, 463.55468750)
1787603646.252 [20:34:06.251450] {Default Queue} wl_touch#32.frame()
1787603646.252 [20:34:06.251460] {Default Queue} wl_touch#55.frame()
1787603646.262 [20:34:06.261469] {Default Queue} wl_touch#32.motion(18939800, 0, 717.63281250, 666.36718750)
1787603646.262 [20:34:06.261541] {Default Queue} wl_touch#55.motion(18939800, 0, 717.63281250, 666.36718750)
1787603646.262 [20:34:06.261557] {Default Queue} wl_touch#32.motion(18939800, 1, 806.58593750, 465.55468750)
1787603646.262 [20:34:06.261576] {Default Queue} wl_touch#55.motion(18939800, 1, 806.58593750, 465.55468750)
1787603646.262 [20:34:06.261588] {Default Queue} wl_touch#32.frame()
1787603646.262 [20:34:06.261599] {Default Queue} wl_touch#55.frame()
1787603646.272 [20:34:06.271346] {Default Queue} wl_touch#32.motion(18939809, 0, 720.63281250, 662.37109375)
1787603646.272 [20:34:06.271416] {Default Queue} wl_touch#55.motion(18939809, 0, 720.63281250, 662.37109375)
1787603646.272 [20:34:06.271431] {Default Queue} wl_touch#32.motion(18939809, 1, 805.58984375, 467.55078125)
1787603646.272 [20:34:06.271450] {Default Queue} wl_touch#55.motion(18939809, 1, 805.58984375, 467.55078125)
1787603646.272 [20:34:06.271460] {Default Queue} wl_touch#32.frame()
1787603646.272 [20:34:06.271471] {Default Queue} wl_touch#55.frame()
1787603646.283 [20:34:06.282642] {Default Queue} wl_touch#32.motion(18939820, 0, 725.62890625, 658.37500000)
1787603646.283 [20:34:06.282707] {Default Queue} wl_touch#55.motion(18939820, 0, 725.62890625, 658.37500000)
1787603646.283 [20:34:06.282731] {Default Queue} wl_touch#32.motion(18939820, 1, 802.58984375, 470.54687500)
1787603646.283 [20:34:06.282795] {Default Queue} wl_touch#55.motion(18939820, 1, 802.58984375, 470.54687500)
1787603646.283 [20:34:06.282824] {Default Queue} wl_touch#32.frame()
1787603646.283 [20:34:06.282845] {Default Queue} wl_touch#55.frame()
1787603646.291 [20:34:06.290465] {Default Queue} wl_touch#32.motion(18939828, 0, 729.62890625, 653.37890625)
1787603646.291 [20:34:06.290529] {Default Queue} wl_touch#55.motion(18939828, 0, 729.62890625, 653.37890625)
1787603646.291 [20:34:06.290552] {Default Queue} wl_touch#32.motion(18939828, 1, 800.58984375, 474.54296875)
1787603646.291 [20:34:06.290579] {Default Queue} wl_touch#55.motion(18939828, 1, 800.58984375, 474.54296875)
1787603646.291 [20:34:06.290595] {Default Queue} wl_touch#32.frame()
1787603646.291 [20:34:06.290607] {Default Queue} wl_touch#55.frame()
1787603646.301 [20:34:06.300785] {Default Queue} wl_touch#32.motion(18939838, 0, 733.62500000, 648.38281250)
1787603646.301 [20:34:06.300873] {Default Queue} wl_touch#55.motion(18939838, 0, 733.62500000, 648.38281250)
1787603646.301 [20:34:06.300896] {Default Queue} wl_touch#32.motion(18939838, 1, 798.59375000, 478.54296875)
1787603646.301 [20:34:06.300925] {Default Queue} wl_touch#55.motion(18939838, 1, 798.59375000, 478.54296875)
1787603646.301 [20:34:06.300942] {Default Queue} wl_touch#32.frame()
1787603646.301 [20:34:06.300957] {Default Queue} wl_touch#55.frame()
1787603646.311 [20:34:06.310483] {Default Queue} wl_touch#32.motion(18939849, 0, 736.62500000, 644.38671875)
1787603646.311 [20:34:06.310553] {Default Queue} wl_touch#55.motion(18939849, 0, 736.62500000, 644.38671875)
1787603646.311 [20:34:06.310568] {Default Queue} wl_touch#32.motion(18939849, 1, 795.59375000, 481.53906250)
1787603646.311 [20:34:06.310586] {Default Queue} wl_touch#55.motion(18939849, 1, 795.59375000, 481.53906250)
1787603646.311 [20:34:06.310596] {Default Queue} wl_touch#32.frame()
1787603646.311 [20:34:06.310607] {Default Queue} wl_touch#55.frame()
1787603646.320 [20:34:06.320276] {Default Queue} wl_touch#32.motion(18939859, 0, 738.62500000, 640.39062500)
1787603646.321 [20:34:06.320438] {Default Queue} wl_touch#55.motion(18939859, 0, 738.62500000, 640.39062500)
1787603646.321 [20:34:06.320470] {Default Queue} wl_touch#32.motion(18939859, 1, 793.59375000, 484.53515625)
1787603646.321 [20:34:06.320516] {Default Queue} wl_touch#55.motion(18939859, 1, 793.59375000, 484.53515625)
1787603646.321 [20:34:06.320545] {Default Queue} wl_touch#32.frame()
1787603646.321 [20:34:06.320559] {Default Queue} wl_touch#55.frame()
1787603646.333 [20:34:06.332530] {Default Queue} wl_touch#32.motion(18939869, 0, 741.62109375, 636.39453125)
1787603646.333 [20:34:06.332601] {Default Queue} wl_touch#55.motion(18939869, 0, 741.62109375, 636.39453125)
1787603646.333 [20:34:06.332615] {Default Queue} wl_touch#32.motion(18939869, 1, 792.59375000, 487.53125000)
1787603646.333 [20:34:06.332636] {Default Queue} wl_touch#55.motion(18939869, 1, 792.59375000, 487.53125000)
1787603646.333 [20:34:06.332647] {Default Queue} wl_touch#32.frame()
1787603646.333 [20:34:06.332657] {Default Queue} wl_touch#55.frame()
1787603646.341 [20:34:06.340357] {Default Queue} wl_touch#32.motion(18939879, 0, 743.62109375, 633.39843750)
1787603646.341 [20:34:06.340414] {Default Queue} wl_touch#55.motion(18939879, 0, 743.62109375, 633.39843750)
1787603646.341 [20:34:06.340428] {Default Queue} wl_touch#32.motion(18939879, 1, 790.59765625, 488.53125000)
1787603646.341 [20:34:06.340446] {Default Queue} wl_touch#55.motion(18939879, 1, 790.59765625, 488.53125000)
1787603646.341 [20:34:06.340456] {Default Queue} wl_touch#32.frame()
1787603646.341 [20:34:06.340470] {Default Queue} wl_touch#55.frame()
1787603646.351 [20:34:06.351162] {Default Queue} wl_touch#32.motion(18939888, 0, 745.62109375, 630.40234375)
1787603646.351 [20:34:06.351263] {Default Queue} wl_touch#55.motion(18939888, 0, 745.62109375, 630.40234375)
1787603646.351 [20:34:06.351284] {Default Queue} wl_touch#32.motion(18939888, 1, 789.59765625, 490.53125000)
1787603646.351 [20:34:06.351316] {Default Queue} wl_touch#55.motion(18939888, 1, 789.59765625, 490.53125000)
1787603646.352 [20:34:06.351349] {Default Queue} wl_touch#32.frame()
1787603646.352 [20:34:06.351364] {Default Queue} wl_touch#55.frame()
1787603646.361 [20:34:06.360415] {Default Queue} wl_touch#32.motion(18939898, 0, 746.61718750, 626.40234375)
1787603646.361 [20:34:06.360484] {Default Queue} wl_touch#55.motion(18939898, 0, 746.61718750, 626.40234375)
1787603646.361 [20:34:06.360499] {Default Queue} wl_touch#32.motion(18939898, 1, 787.59765625, 491.52734375)
1787603646.361 [20:34:06.360517] {Default Queue} wl_touch#55.motion(18939898, 1, 787.59765625, 491.52734375)
1787603646.361 [20:34:06.360527] {Default Queue} wl_touch#32.frame()
1787603646.361 [20:34:06.360537] {Default Queue} wl_touch#55.frame()
1787603646.370 [20:34:06.369350] {Default Queue} wl_touch#32.motion(18939907, 0, 748.61718750, 623.40625000)
1787603646.370 [20:34:06.369419] {Default Queue} wl_touch#55.motion(18939907, 0, 748.61718750, 623.40625000)
1787603646.370 [20:34:06.369447] {Default Queue} wl_touch#32.motion(18939907, 1, 786.59765625, 491.52734375)
1787603646.370 [20:34:06.369466] {Default Queue} wl_touch#55.motion(18939907, 1, 786.59765625, 491.52734375)
1787603646.370 [20:34:06.369477] {Default Queue} wl_touch#32.frame()
1787603646.370 [20:34:06.369487] {Default Queue} wl_touch#55.frame()
1787603646.380 [20:34:06.379626] {Default Queue} wl_touch#32.motion(18939918, 0, 749.61718750, 620.41015625)
1787603646.380 [20:34:06.379695] {Default Queue} wl_touch#55.motion(18939918, 0, 749.61718750, 620.41015625)
1787603646.380 [20:34:06.379710] {Default Queue} wl_touch#32.motion(18939918, 1, 785.59765625, 492.52734375)
1787603646.380 [20:34:06.379728] {Default Queue} wl_touch#55.motion(18939918, 1, 785.59765625, 492.52734375)
1787603646.380 [20:34:06.379739] {Default Queue} wl_touch#32.frame()
1787603646.380 [20:34:06.379749] {Default Queue} wl_touch#55.frame()
1787603646.390 [20:34:06.389554] {Default Queue} wl_touch#32.motion(18939928, 0, 750.61718750, 617.41406250)
1787603646.390 [20:34:06.389624] {Default Queue} wl_touch#55.motion(18939928, 0, 750.61718750, 617.41406250)
1787603646.390 [20:34:06.389640] {Default Queue} wl_touch#32.frame()
1787603646.390 [20:34:06.389651] {Default Queue} wl_touch#55.frame()
1787603646.402 [20:34:06.401522] {Default Queue} wl_touch#32.motion(18939938, 0, 750.61718750, 614.41406250)
1787603646.402 [20:34:06.401607] {Default Queue} wl_touch#55.motion(18939938, 0, 750.61718750, 614.41406250)
1787603646.402 [20:34:06.401647] {Default Queue} wl_touch#32.motion(18939938, 1, 784.59765625, 492.52734375)
1787603646.402 [20:34:06.401702] {Default Queue} wl_touch#55.motion(18939938, 1, 784.59765625, 492.52734375)
1787603646.402 [20:34:06.401721] {Default Queue} wl_touch#32.frame()
1787603646.402 [20:34:06.401736] {Default Queue} wl_touch#55.frame()
1787603646.410 [20:34:06.409397] {Default Queue} wl_touch#32.motion(18939948, 0, 751.61718750, 610.41796875)
1787603646.410 [20:34:06.409465] {Default Queue} wl_touch#55.motion(18939948, 0, 751.61718750, 610.41796875)
1787603646.410 [20:34:06.409480] {Default Queue} wl_touch#32.motion(18939948, 1, 783.60156250, 492.52734375)
1787603646.410 [20:34:06.409499] {Default Queue} wl_touch#55.motion(18939948, 1, 783.60156250, 492.52734375)
1787603646.410 [20:34:06.409509] {Default Queue} wl_touch#32.frame()
1787603646.410 [20:34:06.409520] {Default Queue} wl_touch#55.frame()
1787603646.420 [20:34:06.419630] {Default Queue} wl_touch#32.motion(18939957, 0, 752.61718750, 607.42187500)
1787603646.420 [20:34:06.419704] {Default Queue} wl_touch#55.motion(18939957, 0, 752.61718750, 607.42187500)
1787603646.420 [20:34:06.419733] {Default Queue} wl_touch#32.frame()
1787603646.420 [20:34:06.419749] {Default Queue} wl_touch#55.frame()
1787603646.471 [20:34:06.470262] {Default Queue} wl_touch#32.up(1167, 18940008, 0)
1787603646.471 [20:34:06.470345] {Default Queue} wl_touch#55.up(1167, 18940008, 0)
1787603646.471 [20:34:06.470361] {Default Queue} wl_touch#32.up(1168, 18940008, 1)
1787603646.471 [20:34:06.470403] {Default Queue} wl_touch#55.up(1168, 18940008, 1)
1787603646.471 [20:34:06.470414] {Default Queue} wl_touch#32.frame()
1787603646.471 [20:34:06.470426] {Default Queue} wl_touch#55.frame()
1787603647.289 [20:34:07.288744] {Default Queue} wl_touch#32.down(1169, 18940825, wl_surface#67, 0, 600.69531250, 546.47656250)
1787603647.289 [20:34:07.288890] {Default Queue} wl_touch#55.down(1169, 18940825, wl_surface#67, 0, 600.69531250, 546.47656250)
1787603647.289 [20:34:07.288910] {Default Queue} wl_touch#32.down(1170, 18940825, wl_surface#67, 1, 750.61718750, 579.44921875)
1787603647.289 [20:34:07.288934] {Default Queue} wl_touch#55.down(1170, 18940825, wl_surface#67, 1, 750.61718750, 579.44921875)
1787603647.289 [20:34:07.288947] {Default Queue} wl_touch#32.up(1171, 18940825, 0)
1787603647.289 [20:34:07.288977] {Default Queue} wl_touch#55.up(1171, 18940825, 0)
1787603647.289 [20:34:07.288989] {Default Queue} wl_touch#32.up(1173, 18940825, 1)
1787603647.289 [20:34:07.289016] {Default Queue} wl_touch#55.up(1173, 18940825, 1)
1787603647.289 [20:34:07.289029] {Default Queue} wl_touch#32.frame()
1787603647.289 [20:34:07.289041] {Default Queue} wl_touch#55.frame()
1787603649.096 [20:34:09.096069] {Default Queue} wl_touch#32.down(1178, 18942632, wl_surface#67, 0, 971.50000000, 768.27343750)
1787603649.097 [20:34:09.096192] {Default Queue} wl_touch#55.down(1178, 18942632, wl_surface#67, 0, 971.50000000, 768.27343750)
1787603649.097 [20:34:09.096212] {Default Queue} wl_touch#32.down(1179, 18942632, wl_surface#67, 1, 663.66406250, 686.34765625)
1787603649.097 [20:34:09.096234] {Default Queue} wl_touch#55.down(1179, 18942632, wl_surface#67, 1, 663.66406250, 686.34765625)
1787603649.097 [20:34:09.096247] {Default Queue} wl_touch#32.up(1180, 18942632, 0)
1787603649.097 [20:34:09.096277] {Default Queue} wl_touch#55.up(1180, 18942632, 0)
1787603649.097 [20:34:09.096288] {Default Queue} wl_touch#32.up(1181, 18942632, 1)
1787603649.097 [20:34:09.096313] {Default Queue} wl_touch#55.up(1181, 18942632, 1)
1787603649.097 [20:34:09.096325] {Default Queue} wl_touch#32.frame()
1787603649.097 [20:34:09.096337] {Default Queue} wl_touch#55.frame()
1787603650.630 [20:34:10.629964] {Default Queue} wl_touch#32.down(1194, 18944168, wl_surface#67, 0, 734.62500000, 472.54687500)
1787603650.630 [20:34:10.630076] {Default Queue} wl_touch#55.down(1194, 18944168, wl_surface#67, 0, 734.62500000, 472.54687500)
1787603650.630 [20:34:10.630105] {Default Queue} wl_touch#32.down(1195, 18944168, wl_surface#67, 1, 873.55468750, 520.50390625)
1787603650.630 [20:34:10.630142] {Default Queue} wl_touch#55.down(1195, 18944168, wl_surface#67, 1, 873.55468750, 520.50390625)
1787603650.630 [20:34:10.630164] {Default Queue} wl_touch#32.frame()
1787603650.630 [20:34:10.630181] {Default Queue} wl_touch#55.frame()
1787603650.650 [20:34:10.649523] {Default Queue} wl_touch#32.up(1196, 18944186, 0)
1787603650.650 [20:34:10.649604] {Default Queue} wl_touch#55.up(1196, 18944186, 0)
1787603650.650 [20:34:10.649635] {Default Queue} wl_touch#32.up(1198, 18944186, 1)
1787603650.650 [20:34:10.649687] {Default Queue} wl_touch#55.up(1198, 18944186, 1)
1787603650.650 [20:34:10.649717] {Default Queue} wl_touch#32.frame()
1787603650.650 [20:34:10.649742] {Default Queue} wl_touch#55.frame()
1787603651.720 [20:34:11.719844] {Default Queue} wl_touch#32.down(1207, 18945256, wl_surface#67, 0, 793.59375000, 623.40625000)
1787603651.720 [20:34:11.719966] {Default Queue} wl_touch#55.down(1207, 18945256, wl_surface#67, 0, 793.59375000, 623.40625000)
1787603651.720 [20:34:11.719987] {Default Queue} wl_touch#32.frame()
1787603651.720 [20:34:11.720000] {Default Queue} wl_touch#55.frame()
1787603651.763 [20:34:11.762829] {Default Queue} wl_touch#32.motion(18945301, 0, 787.59765625, 628.40234375)
1787603651.763 [20:34:11.762911] {Default Queue} wl_touch#55.motion(18945301, 0, 787.59765625, 628.40234375)
1787603651.763 [20:34:11.762929] {Default Queue} wl_touch#32.frame()
1787603651.763 [20:34:11.762946] {Default Queue} wl_touch#55.frame()
1787603651.772 [20:34:11.771784] {Default Queue} wl_touch#32.motion(18945310, 0, 777.60156250, 637.39453125)
1787603651.772 [20:34:11.771870] {Default Queue} wl_touch#55.motion(18945310, 0, 777.60156250, 637.39453125)
1787603651.772 [20:34:11.771887] {Default Queue} wl_touch#32.frame()
1787603651.772 [20:34:11.771900] {Default Queue} wl_touch#55.frame()
1787603651.783 [20:34:11.782417] {Default Queue} wl_touch#32.motion(18945320, 0, 776.60156250, 638.39453125)
1787603651.783 [20:34:11.782506] {Default Queue} wl_touch#55.motion(18945320, 0, 776.60156250, 638.39453125)
1787603651.783 [20:34:11.782533] {Default Queue} wl_touch#32.frame()
1787603651.783 [20:34:11.782657] {Default Queue} wl_touch#55.frame()
1787603651.792 [20:34:11.791617] {Default Queue} wl_touch#32.motion(18945330, 0, 775.60546875, 639.39062500)
1787603651.792 [20:34:11.791692] {Default Queue} wl_touch#55.motion(18945330, 0, 775.60546875, 639.39062500)
1787603651.792 [20:34:11.791709] {Default Queue} wl_touch#32.frame()
1787603651.792 [20:34:11.791721] {Default Queue} wl_touch#55.frame()
1787603651.802 [20:34:11.801481] {Default Queue} wl_touch#32.motion(18945340, 0, 772.60546875, 642.39062500)
1787603651.802 [20:34:11.801553] {Default Queue} wl_touch#55.motion(18945340, 0, 772.60546875, 642.39062500)
1787603651.802 [20:34:11.801572] {Default Queue} wl_touch#32.frame()
1787603651.802 [20:34:11.801584] {Default Queue} wl_touch#55.frame()
1787603651.815 [20:34:11.812727] {Default Queue} wl_touch#32.motion(18945351, 0, 769.60546875, 645.38671875)
1787603651.815 [20:34:11.814550] {Default Queue} wl_touch#55.motion(18945351, 0, 769.60546875, 645.38671875)
1787603651.815 [20:34:11.814597] {Default Queue} wl_touch#32.frame()
1787603651.815 [20:34:11.814615] {Default Queue} wl_touch#55.frame()
1787603651.822 [20:34:11.821713] {Default Queue} wl_touch#32.motion(18945360, 0, 766.60937500, 649.38281250)
1787603651.822 [20:34:11.821859] {Default Queue} wl_touch#55.motion(18945360, 0, 766.60937500, 649.38281250)
1787603651.822 [20:34:11.821889] {Default Queue} wl_touch#32.frame()
1787603651.822 [20:34:11.821906] {Default Queue} wl_touch#55.frame()
1787603651.832 [20:34:11.831989] {Default Queue} wl_touch#32.motion(18945370, 0, 759.61328125, 658.37500000)
1787603651.832 [20:34:11.832083] {Default Queue} wl_touch#55.motion(18945370, 0, 759.61328125, 658.37500000)
1787603651.832 [20:34:11.832102] {Default Queue} wl_touch#32.frame()
1787603651.832 [20:34:11.832114] {Default Queue} wl_touch#55.frame()
1787603651.842 [20:34:11.841489] {Default Queue} wl_touch#32.motion(18945380, 0, 751.61718750, 666.36718750)
1787603651.842 [20:34:11.841563] {Default Queue} wl_touch#55.motion(18945380, 0, 751.61718750, 666.36718750)
1787603651.842 [20:34:11.841579] {Default Queue} wl_touch#32.frame()
1787603651.842 [20:34:11.841591] {Default Queue} wl_touch#55.frame()
1787603651.851 [20:34:11.850682] {Default Queue} wl_touch#32.motion(18945389, 0, 744.62109375, 674.35937500)
1787603651.851 [20:34:11.850796] {Default Queue} wl_touch#55.motion(18945389, 0, 744.62109375, 674.35937500)
1787603651.851 [20:34:11.850815] {Default Queue} wl_touch#32.down(1208, 18945389, wl_surface#67, 1, 885.54687500, 398.61328125)
1787603651.851 [20:34:11.850848] {Default Queue} wl_touch#55.down(1208, 18945389, wl_surface#67, 1, 885.54687500, 398.61328125)
1787603651.851 [20:34:11.850866] {Default Queue} wl_touch#32.frame()
1787603651.851 [20:34:11.850880] {Default Queue} wl_touch#55.frame()
1787603651.861 [20:34:11.860793] {Default Queue} wl_touch#32.motion(18945399, 0, 738.62500000, 681.35156250)
1787603651.861 [20:34:11.860874] {Default Queue} wl_touch#55.motion(18945399, 0, 738.62500000, 681.35156250)
1787603651.861 [20:34:11.860892] {Default Queue} wl_touch#32.motion(18945399, 1, 892.54296875, 389.62500000)
1787603651.861 [20:34:11.860912] {Default Queue} wl_touch#55.motion(18945399, 1, 892.54296875, 389.62500000)
1787603651.861 [20:34:11.860924] {Default Queue} wl_touch#32.frame()
1787603651.861 [20:34:11.860936] {Default Queue} wl_touch#55.frame()
1787603651.870 [20:34:11.869801] {Default Queue} wl_touch#32.motion(18945408, 0, 733.62500000, 688.34765625)
1787603651.870 [20:34:11.869876] {Default Queue} wl_touch#55.motion(18945408, 0, 733.62500000, 688.34765625)
1787603651.870 [20:34:11.869890] {Default Queue} wl_touch#32.motion(18945408, 1, 899.53906250, 380.63281250)
1787603651.870 [20:34:11.869910] {Default Queue} wl_touch#55.motion(18945408, 1, 899.53906250, 380.63281250)
1787603651.870 [20:34:11.869921] {Default Queue} wl_touch#32.frame()
1787603651.870 [20:34:11.869931] {Default Queue} wl_touch#55.frame()
1787603651.879 [20:34:11.878813] {Default Queue} wl_touch#32.motion(18945417, 0, 729.62890625, 695.33984375)
1787603651.879 [20:34:11.878893] {Default Queue} wl_touch#55.motion(18945417, 0, 729.62890625, 695.33984375)
1787603651.879 [20:34:11.878910] {Default Queue} wl_touch#32.motion(18945417, 1, 905.53515625, 372.64062500)
1787603651.879 [20:34:11.878931] {Default Queue} wl_touch#55.motion(18945417, 1, 905.53515625, 372.64062500)
1787603651.879 [20:34:11.878943] {Default Queue} wl_touch#32.frame()
1787603651.879 [20:34:11.878954] {Default Queue} wl_touch#55.frame()
1787603651.888 [20:34:11.887383] {Default Queue} wl_touch#32.motion(18945426, 0, 725.62890625, 703.33203125)
1787603651.888 [20:34:11.887454] {Default Queue} wl_touch#55.motion(18945426, 0, 725.62890625, 703.33203125)
1787603651.888 [20:34:11.887469] {Default Queue} wl_touch#32.motion(18945426, 1, 911.53125000, 365.64453125)
1787603651.888 [20:34:11.887490] {Default Queue} wl_touch#55.motion(18945426, 1, 911.53125000, 365.64453125)
1787603651.888 [20:34:11.887501] {Default Queue} wl_touch#32.frame()
1787603651.888 [20:34:11.887512] {Default Queue} wl_touch#55.frame()
1787603651.897 [20:34:11.896864] {Default Queue} wl_touch#32.motion(18945435, 0, 720.63281250, 710.32812500)
1787603651.897 [20:34:11.896950] {Default Queue} wl_touch#55.motion(18945435, 0, 720.63281250, 710.32812500)
1787603651.897 [20:34:11.896969] {Default Queue} wl_touch#32.motion(18945435, 1, 917.53125000, 359.65234375)
1787603651.897 [20:34:11.896991] {Default Queue} wl_touch#55.motion(18945435, 1, 917.53125000, 359.65234375)
1787603651.897 [20:34:11.897005] {Default Queue} wl_touch#32.frame()
1787603651.897 [20:34:11.897017] {Default Queue} wl_touch#55.frame()
1787603651.906 [20:34:11.905530] {Default Queue} wl_touch#32.motion(18945444, 0, 717.63281250, 717.32031250)
1787603651.906 [20:34:11.905603] {Default Queue} wl_touch#55.motion(18945444, 0, 717.63281250, 717.32031250)
1787603651.906 [20:34:11.905621] {Default Queue} wl_touch#32.motion(18945444, 1, 922.52734375, 353.65625000)
1787603651.906 [20:34:11.905644] {Default Queue} wl_touch#55.motion(18945444, 1, 922.52734375, 353.65625000)
1787603651.906 [20:34:11.905657] {Default Queue} wl_touch#32.frame()
1787603651.906 [20:34:11.905671] {Default Queue} wl_touch#55.frame()
1787603651.915 [20:34:11.915145] {Default Queue} wl_touch#32.motion(18945453, 0, 714.63671875, 724.31250000)
1787603651.915 [20:34:11.915192] {Default Queue} wl_touch#55.motion(18945453, 0, 714.63671875, 724.31250000)
1787603651.916 [20:34:11.915208] {Default Queue} wl_touch#32.motion(18945453, 1, 926.52343750, 348.66015625)
1787603651.916 [20:34:11.915246] {Default Queue} wl_touch#55.motion(18945453, 1, 926.52343750, 348.66015625)
1787603651.916 [20:34:11.915263] {Default Queue} wl_touch#32.frame()
1787603651.916 [20:34:11.915278] {Default Queue} wl_touch#55.frame()
1787603651.924 [20:34:11.923578] {Default Queue} wl_touch#32.motion(18945462, 0, 711.63671875, 732.30468750)
1787603651.924 [20:34:11.923639] {Default Queue} wl_touch#55.motion(18945462, 0, 711.63671875, 732.30468750)
1787603651.924 [20:34:11.923655] {Default Queue} wl_touch#32.motion(18945462, 1, 929.52343750, 344.66406250)
1787603651.924 [20:34:11.923675] {Default Queue} wl_touch#55.motion(18945462, 1, 929.52343750, 344.66406250)
1787603651.924 [20:34:11.923687] {Default Queue} wl_touch#32.frame()
1787603651.924 [20:34:11.923698] {Default Queue} wl_touch#55.frame()
1787603651.933 [20:34:11.932412] {Default Queue} wl_touch#32.motion(18945471, 0, 708.64062500, 739.30078125)
1787603651.933 [20:34:11.932490] {Default Queue} wl_touch#55.motion(18945471, 0, 708.64062500, 739.30078125)
1787603651.933 [20:34:11.932528] {Default Queue} wl_touch#32.motion(18945471, 1, 933.52343750, 339.66796875)
1787603651.933 [20:34:11.932553] {Default Queue} wl_touch#55.motion(18945471, 1, 933.52343750, 339.66796875)
1787603651.933 [20:34:11.932565] {Default Queue} wl_touch#32.frame()
1787603651.933 [20:34:11.932576] {Default Queue} wl_touch#55.frame()
1787603651.943 [20:34:11.942678] {Default Queue} wl_touch#32.motion(18945481, 0, 704.64062500, 745.29296875)
1787603651.943 [20:34:11.942824] {Default Queue} wl_touch#55.motion(18945481, 0, 704.64062500, 745.29296875)
1787603651.943 [20:34:11.942962] {Default Queue} wl_touch#32.motion(18945481, 1, 936.51953125, 335.67187500)
1787603651.943 [20:34:11.943015] {Default Queue} wl_touch#55.motion(18945481, 1, 936.51953125, 335.67187500)
1787603651.943 [20:34:11.943052] {Default Queue} wl_touch#32.frame()
1787603651.943 [20:34:11.943074] {Default Queue} wl_touch#55.frame()
1787603651.952 [20:34:11.951407] {Default Queue} wl_touch#32.motion(18945490, 0, 701.64062500, 753.28515625)
1787603651.952 [20:34:11.951497] {Default Queue} wl_touch#55.motion(18945490, 0, 701.64062500, 753.28515625)
1787603651.952 [20:34:11.951523] {Default Queue} wl_touch#32.motion(18945490, 1, 939.51953125, 331.67578125)
1787603651.952 [20:34:11.951557] {Default Queue} wl_touch#55.motion(18945490, 1, 939.51953125, 331.67578125)
1787603651.952 [20:34:11.951577] {Default Queue} wl_touch#32.frame()
1787603651.952 [20:34:11.951594] {Default Queue} wl_touch#55.frame()
1787603651.961 [20:34:11.960614] {Default Queue} wl_touch#32.motion(18945499, 0, 698.64453125, 759.28125000)
1787603651.961 [20:34:11.960689] {Default Queue} wl_touch#55.motion(18945499, 0, 698.64453125, 759.28125000)
1787603651.961 [20:34:11.960705] {Default Queue} wl_touch#32.motion(18945499, 1, 943.51562500, 326.68359375)
1787603651.961 [20:34:11.960726] {Default Queue} wl_touch#55.motion(18945499, 1, 943.51562500, 326.68359375)
1787603651.961 [20:34:11.960738] {Default Queue} wl_touch#32.frame()
1787603651.961 [20:34:11.960750] {Default Queue} wl_touch#55.frame()
1787603651.970 [20:34:11.969515] {Default Queue} wl_touch#32.motion(18945508, 0, 695.64453125, 765.27734375)
1787603651.970 [20:34:11.969585] {Default Queue} wl_touch#55.motion(18945508, 0, 695.64453125, 765.27734375)
1787603651.970 [20:34:11.969602] {Default Queue} wl_touch#32.motion(18945508, 1, 949.51171875, 320.68750000)
1787603651.970 [20:34:11.969624] {Default Queue} wl_touch#55.motion(18945508, 1, 949.51171875, 320.68750000)
1787603651.970 [20:34:11.969636] {Default Queue} wl_touch#32.frame()
1787603651.970 [20:34:11.969649] {Default Queue} wl_touch#55.frame()
1787603651.979 [20:34:11.978791] {Default Queue} wl_touch#32.motion(18945517, 0, 691.64843750, 772.26953125)
1787603651.979 [20:34:11.978895] {Default Queue} wl_touch#55.motion(18945517, 0, 691.64843750, 772.26953125)
1787603651.979 [20:34:11.978932] {Default Queue} wl_touch#32.motion(18945517, 1, 956.50781250, 315.69140625)
1787603651.979 [20:34:11.978975] {Default Queue} wl_touch#55.motion(18945517, 1, 956.50781250, 315.69140625)
1787603651.979 [20:34:11.978992] {Default Queue} wl_touch#32.frame()
1787603651.979 [20:34:11.979008] {Default Queue} wl_touch#55.frame()
1787603651.988 [20:34:11.987535] {Default Queue} wl_touch#32.motion(18945526, 0, 688.64843750, 778.26171875)
1787603651.988 [20:34:11.987609] {Default Queue} wl_touch#55.motion(18945526, 0, 688.64843750, 778.26171875)
1787603651.988 [20:34:11.987626] {Default Queue} wl_touch#32.motion(18945526, 1, 960.50781250, 310.69531250)
1787603651.988 [20:34:11.987646] {Default Queue} wl_touch#55.motion(18945526, 1, 960.50781250, 310.69531250)
1787603651.988 [20:34:11.987658] {Default Queue} wl_touch#32.frame()
1787603651.988 [20:34:11.987671] {Default Queue} wl_touch#55.frame()
1787603651.997 [20:34:11.996646] {Default Queue} wl_touch#32.motion(18945535, 0, 686.64843750, 785.25781250)
1787603651.997 [20:34:11.996722] {Default Queue} wl_touch#55.motion(18945535, 0, 686.64843750, 785.25781250)
1787603651.997 [20:34:11.996738] {Default Queue} wl_touch#32.motion(18945535, 1, 965.50390625, 305.69921875)
1787603651.997 [20:34:11.996791] {Default Queue} wl_touch#55.motion(18945535, 1, 965.50390625, 305.69921875)
1787603651.997 [20:34:11.996819] {Default Queue} wl_touch#32.frame()
1787603651.997 [20:34:11.996831] {Default Queue} wl_touch#55.frame()
1787603652.006 [20:34:12.005472] {Default Queue} wl_touch#32.motion(18945544, 0, 683.65234375, 790.25390625)
1787603652.006 [20:34:12.005542] {Default Queue} wl_touch#55.motion(18945544, 0, 683.65234375, 790.25390625)
1787603652.006 [20:34:12.005558] {Default Queue} wl_touch#32.motion(18945544, 1, 967.50390625, 301.70312500)
1787603652.006 [20:34:12.005580] {Default Queue} wl_touch#55.motion(18945544, 1, 967.50390625, 301.70312500)
1787603652.006 [20:34:12.005592] {Default Queue} wl_touch#32.frame()
1787603652.006 [20:34:12.005603] {Default Queue} wl_touch#55.frame()
1787603652.016 [20:34:12.015570] {Default Queue} wl_touch#32.motion(18945554, 0, 681.65234375, 796.24609375)
1787603652.016 [20:34:12.015650] {Default Queue} wl_touch#55.motion(18945554, 0, 681.65234375, 796.24609375)
1787603652.016 [20:34:12.015667] {Default Queue} wl_touch#32.motion(18945554, 1, 969.50390625, 298.70703125)
1787603652.016 [20:34:12.015687] {Default Queue} wl_touch#55.motion(18945554, 1, 969.50390625, 298.70703125)
1787603652.016 [20:34:12.015705] {Default Queue} wl_touch#32.frame()
1787603652.016 [20:34:12.015716] {Default Queue} wl_touch#55.frame()
1787603652.025 [20:34:12.024636] {Default Queue} wl_touch#32.motion(18945563, 0, 678.65625000, 801.24218750)
1787603652.025 [20:34:12.024715] {Default Queue} wl_touch#55.motion(18945563, 0, 678.65625000, 801.24218750)
1787603652.025 [20:34:12.024731] {Default Queue} wl_touch#32.motion(18945563, 1, 971.50000000, 294.71093750)
1787603652.025 [20:34:12.024750] {Default Queue} wl_touch#55.motion(18945563, 1, 971.50000000, 294.71093750)
1787603652.025 [20:34:12.024780] {Default Queue} wl_touch#32.frame()
1787603652.025 [20:34:12.024792] {Default Queue} wl_touch#55.frame()
1787603652.034 [20:34:12.033541] {Default Queue} wl_touch#32.motion(18945572, 0, 677.65625000, 806.23828125)
1787603652.034 [20:34:12.033620] {Default Queue} wl_touch#55.motion(18945572, 0, 677.65625000, 806.23828125)
1787603652.034 [20:34:12.033638] {Default Queue} wl_touch#32.motion(18945572, 1, 973.50000000, 292.71484375)
1787603652.034 [20:34:12.033660] {Default Queue} wl_touch#55.motion(18945572, 1, 973.50000000, 292.71484375)
1787603652.034 [20:34:12.033672] {Default Queue} wl_touch#32.frame()
1787603652.034 [20:34:12.033683] {Default Queue} wl_touch#55.frame()
1787603652.043 [20:34:12.042492] {Default Queue} wl_touch#32.motion(18945581, 0, 675.65625000, 811.23437500)
1787603652.043 [20:34:12.042570] {Default Queue} wl_touch#55.motion(18945581, 0, 675.65625000, 811.23437500)
1787603652.043 [20:34:12.042587] {Default Queue} wl_touch#32.motion(18945581, 1, 975.50000000, 290.71484375)
1787603652.043 [20:34:12.042607] {Default Queue} wl_touch#55.motion(18945581, 1, 975.50000000, 290.71484375)
1787603652.043 [20:34:12.042619] {Default Queue} wl_touch#32.frame()
1787603652.043 [20:34:12.042630] {Default Queue} wl_touch#55.frame()
1787603652.052 [20:34:12.051486] {Default Queue} wl_touch#32.motion(18945590, 0, 673.65625000, 816.22656250)
1787603652.052 [20:34:12.051558] {Default Queue} wl_touch#55.motion(18945590, 0, 673.65625000, 816.22656250)
1787603652.052 [20:34:12.051575] {Default Queue} wl_touch#32.motion(18945590, 1, 977.50000000, 289.71484375)
1787603652.052 [20:34:12.051595] {Default Queue} wl_touch#55.motion(18945590, 1, 977.50000000, 289.71484375)
1787603652.052 [20:34:12.051606] {Default Queue} wl_touch#32.frame()
1787603652.052 [20:34:12.051619] {Default Queue} wl_touch#55.frame()
1787603652.061 [20:34:12.060562] {Default Queue} wl_touch#32.motion(18945599, 0, 670.66015625, 821.22265625)
1787603652.061 [20:34:12.060635] {Default Queue} wl_touch#55.motion(18945599, 0, 670.66015625, 821.22265625)
1787603652.061 [20:34:12.060651] {Default Queue} wl_touch#32.motion(18945599, 1, 978.50000000, 287.71875000)
1787603652.061 [20:34:12.060671] {Default Queue} wl_touch#55.motion(18945599, 1, 978.50000000, 287.71875000)
1787603652.061 [20:34:12.060683] {Default Queue} wl_touch#32.frame()
1787603652.061 [20:34:12.060695] {Default Queue} wl_touch#55.frame()
1787603652.070 [20:34:12.069529] {Default Queue} wl_touch#32.motion(18945608, 0, 669.66015625, 826.21875000)
1787603652.070 [20:34:12.069599] {Default Queue} wl_touch#55.motion(18945608, 0, 669.66015625, 826.21875000)
1787603652.070 [20:34:12.069617] {Default Queue} wl_touch#32.motion(18945608, 1, 979.49609375, 286.71875000)
1787603652.070 [20:34:12.069638] {Default Queue} wl_touch#55.motion(18945608, 1, 979.49609375, 286.71875000)
1787603652.070 [20:34:12.069651] {Default Queue} wl_touch#32.frame()
1787603652.070 [20:34:12.069664] {Default Queue} wl_touch#55.frame()
1787603652.079 [20:34:12.078558] {Default Queue} wl_touch#32.motion(18945617, 0, 667.66015625, 830.21484375)
1787603652.079 [20:34:12.078637] {Default Queue} wl_touch#55.motion(18945617, 0, 667.66015625, 830.21484375)
1787603652.079 [20:34:12.078653] {Default Queue} wl_touch#32.motion(18945617, 1, 980.49609375, 286.71875000)
1787603652.079 [20:34:12.078673] {Default Queue} wl_touch#55.motion(18945617, 1, 980.49609375, 286.71875000)
1787603652.079 [20:34:12.078685] {Default Queue} wl_touch#32.frame()
1787603652.079 [20:34:12.078697] {Default Queue} wl_touch#55.frame()
1787603652.089 [20:34:12.088579] {Default Queue} wl_touch#32.motion(18945627, 0, 665.66015625, 834.21093750)
1787603652.089 [20:34:12.088657] {Default Queue} wl_touch#55.motion(18945627, 0, 665.66015625, 834.21093750)
1787603652.089 [20:34:12.088674] {Default Queue} wl_touch#32.motion(18945627, 1, 981.49609375, 285.71875000)
1787603652.089 [20:34:12.088695] {Default Queue} wl_touch#55.motion(18945627, 1, 981.49609375, 285.71875000)
1787603652.089 [20:34:12.088708] {Default Queue} wl_touch#32.frame()
1787603652.089 [20:34:12.088719] {Default Queue} wl_touch#55.frame()
1787603652.099 [20:34:12.099261] {Default Queue} wl_touch#32.motion(18945636, 0, 664.66015625, 837.20703125)
1787603652.100 [20:34:12.099332] {Default Queue} wl_touch#55.motion(18945636, 0, 664.66015625, 837.20703125)
1787603652.100 [20:34:12.099367] {Default Queue} wl_touch#32.motion(18945636, 1, 982.49609375, 284.71875000)
1787603652.100 [20:34:12.099402] {Default Queue} wl_touch#55.motion(18945636, 1, 982.49609375, 284.71875000)
1787603652.100 [20:34:12.099414] {Default Queue} wl_touch#32.frame()
1787603652.100 [20:34:12.099425] {Default Queue} wl_touch#55.frame()
1787603652.107 [20:34:12.106700] {Default Queue} wl_touch#32.motion(18945645, 0, 662.66406250, 840.20703125)
1787603652.107 [20:34:12.106825] {Default Queue} wl_touch#55.motion(18945645, 0, 662.66406250, 840.20703125)
1787603652.107 [20:34:12.106843] {Default Queue} wl_touch#32.motion(18945645, 1, 982.49609375, 283.72265625)
1787603652.107 [20:34:12.106866] {Default Queue} wl_touch#55.motion(18945645, 1, 982.49609375, 283.72265625)
1787603652.107 [20:34:12.106877] {Default Queue} wl_touch#32.frame()
1787603652.107 [20:34:12.106889] {Default Queue} wl_touch#55.frame()
1787603652.116 [20:34:12.115466] {Default Queue} wl_touch#32.motion(18945654, 0, 660.66406250, 843.20312500)
1787603652.116 [20:34:12.115534] {Default Queue} wl_touch#55.motion(18945654, 0, 660.66406250, 843.20312500)
1787603652.116 [20:34:12.115559] {Default Queue} wl_touch#32.frame()
1787603652.116 [20:34:12.115573] {Default Queue} wl_touch#55.frame()
1787603652.125 [20:34:12.124485] {Default Queue} wl_touch#32.motion(18945663, 0, 660.66406250, 846.19921875)
1787603652.125 [20:34:12.124554] {Default Queue} wl_touch#55.motion(18945663, 0, 660.66406250, 846.19921875)
1787603652.125 [20:34:12.124571] {Default Queue} wl_touch#32.frame()
1787603652.125 [20:34:12.124582] {Default Queue} wl_touch#55.frame()
1787603652.134 [20:34:12.133427] {Default Queue} wl_touch#32.motion(18945672, 0, 659.66406250, 848.19921875)
1787603652.134 [20:34:12.133502] {Default Queue} wl_touch#55.motion(18945672, 0, 659.66406250, 848.19921875)
1787603652.134 [20:34:12.133522] {Default Queue} wl_touch#32.frame()
1787603652.134 [20:34:12.133535] {Default Queue} wl_touch#55.frame()
1787603652.143 [20:34:12.142505] {Default Queue} wl_touch#32.motion(18945681, 0, 658.66406250, 850.19531250)
1787603652.143 [20:34:12.142576] {Default Queue} wl_touch#55.motion(18945681, 0, 658.66406250, 850.19531250)
1787603652.143 [20:34:12.142592] {Default Queue} wl_touch#32.frame()
1787603652.143 [20:34:12.142604] {Default Queue} wl_touch#55.frame()
1787603652.152 [20:34:12.151397] {Default Queue} wl_touch#32.motion(18945690, 0, 658.66406250, 851.19531250)
1787603652.152 [20:34:12.151473] {Default Queue} wl_touch#55.motion(18945690, 0, 658.66406250, 851.19531250)
1787603652.152 [20:34:12.151492] {Default Queue} wl_touch#32.frame()
1787603652.152 [20:34:12.151504] {Default Queue} wl_touch#55.frame()
1787603652.162 [20:34:12.161662] {Default Queue} wl_touch#32.motion(18945700, 1, 982.49609375, 284.71875000)
1787603652.162 [20:34:12.161739] {Default Queue} wl_touch#55.motion(18945700, 1, 982.49609375, 284.71875000)
1787603652.162 [20:34:12.161756] {Default Queue} wl_touch#32.frame()
1787603652.162 [20:34:12.161829] {Default Queue} wl_touch#55.frame()
1787603652.171 [20:34:12.170557] {Default Queue} wl_touch#32.motion(18945709, 0, 658.66406250, 852.19531250)
1787603652.171 [20:34:12.170656] {Default Queue} wl_touch#55.motion(18945709, 0, 658.66406250, 852.19531250)
1787603652.171 [20:34:12.170689] {Default Queue} wl_touch#32.motion(18945709, 1, 982.49609375, 286.71875000)
1787603652.171 [20:34:12.170741] {Default Queue} wl_touch#55.motion(18945709, 1, 982.49609375, 286.71875000)
1787603652.171 [20:34:12.170798] {Default Queue} wl_touch#32.frame()
1787603652.171 [20:34:12.170844] {Default Queue} wl_touch#55.frame()
1787603652.180 [20:34:12.179590] {Default Queue} wl_touch#32.motion(18945718, 0, 658.66406250, 853.19531250)
1787603652.180 [20:34:12.179688] {Default Queue} wl_touch#55.motion(18945718, 0, 658.66406250, 853.19531250)
1787603652.180 [20:34:12.179714] {Default Queue} wl_touch#32.motion(18945718, 1, 982.49609375, 288.71875000)
1787603652.180 [20:34:12.179748] {Default Queue} wl_touch#55.motion(18945718, 1, 982.49609375, 288.71875000)
1787603652.180 [20:34:12.179807] {Default Queue} wl_touch#32.frame()
1787603652.180 [20:34:12.179841] {Default Queue} wl_touch#55.frame()
1787603652.189 [20:34:12.188458] {Default Queue} wl_touch#32.motion(18945727, 1, 982.49609375, 290.71484375)
1787603652.189 [20:34:12.188528] {Default Queue} wl_touch#55.motion(18945727, 1, 982.49609375, 290.71484375)
1787603652.189 [20:34:12.188545] {Default Queue} wl_touch#32.frame()
1787603652.189 [20:34:12.188556] {Default Queue} wl_touch#55.frame()
1787603652.198 [20:34:12.197832] {Default Queue} wl_touch#32.motion(18945736, 1, 982.49609375, 294.71093750)
1787603652.198 [20:34:12.197882] {Default Queue} wl_touch#55.motion(18945736, 1, 982.49609375, 294.71093750)
1787603652.198 [20:34:12.197899] {Default Queue} wl_touch#32.frame()
1787603652.198 [20:34:12.197916] {Default Queue} wl_touch#55.frame()
1787603652.207 [20:34:12.206442] {Default Queue} wl_touch#32.motion(18945745, 0, 659.66406250, 853.19531250)
1787603652.207 [20:34:12.206494] {Default Queue} wl_touch#55.motion(18945745, 0, 659.66406250, 853.19531250)
1787603652.207 [20:34:12.206505] {Default Queue} wl_touch#32.motion(18945745, 1, 980.49609375, 298.70703125)
1787603652.207 [20:34:12.206518] {Default Queue} wl_touch#55.motion(18945745, 1, 980.49609375, 298.70703125)
1787603652.207 [20:34:12.206526] {Default Queue} wl_touch#32.frame()
1787603652.207 [20:34:12.206534] {Default Queue} wl_touch#55.frame()
1787603652.215 [20:34:12.215218] {Default Queue} wl_touch#32.motion(18945754, 0, 660.66406250, 852.19531250)
1787603652.215 [20:34:12.215269] {Default Queue} wl_touch#55.motion(18945754, 0, 660.66406250, 852.19531250)
1787603652.215 [20:34:12.215280] {Default Queue} wl_touch#32.motion(18945754, 1, 977.50000000, 303.70312500)
1787603652.215 [20:34:12.215294] {Default Queue} wl_touch#55.motion(18945754, 1, 977.50000000, 303.70312500)
1787603652.215 [20:34:12.215302] {Default Queue} wl_touch#32.frame()
1787603652.215 [20:34:12.215311] {Default Queue} wl_touch#55.frame()
1787603652.225 [20:34:12.224395] {Default Queue} wl_touch#32.motion(18945763, 0, 662.66406250, 850.19531250)
1787603652.225 [20:34:12.224447] {Default Queue} wl_touch#55.motion(18945763, 0, 662.66406250, 850.19531250)
1787603652.225 [20:34:12.224458] {Default Queue} wl_touch#32.motion(18945763, 1, 972.50000000, 309.69921875)
1787603652.225 [20:34:12.224471] {Default Queue} wl_touch#55.motion(18945763, 1, 972.50000000, 309.69921875)
1787603652.225 [20:34:12.224479] {Default Queue} wl_touch#32.frame()
1787603652.225 [20:34:12.224487] {Default Queue} wl_touch#55.frame()
1787603652.234 [20:34:12.234225] {Default Queue} wl_touch#32.motion(18945773, 0, 665.66015625, 847.19921875)
1787603652.234 [20:34:12.234267] {Default Queue} wl_touch#55.motion(18945773, 0, 665.66015625, 847.19921875)
1787603652.234 [20:34:12.234308] {Default Queue} wl_touch#32.motion(18945773, 1, 967.50390625, 316.69140625)
1787603652.234 [20:34:12.234322] {Default Queue} wl_touch#55.motion(18945773, 1, 967.50390625, 316.69140625)
1787603652.234 [20:34:12.234330] {Default Queue} wl_touch#32.frame()
1787603652.235 [20:34:12.234338] {Default Queue} wl_touch#55.frame()
1787603652.244 [20:34:12.243506] {Default Queue} wl_touch#32.motion(18945782, 0, 669.66015625, 843.20312500)
1787603652.244 [20:34:12.243560] {Default Queue} wl_touch#55.motion(18945782, 0, 669.66015625, 843.20312500)
1787603652.244 [20:34:12.243570] {Default Queue} wl_touch#32.motion(18945782, 1, 962.50781250, 324.68359375)
1787603652.244 [20:34:12.243584] {Default Queue} wl_touch#55.motion(18945782, 1, 962.50781250, 324.68359375)
1787603652.244 [20:34:12.243592] {Default Queue} wl_touch#32.frame()
1787603652.244 [20:34:12.243600] {Default Queue} wl_touch#55.frame()
1787603652.253 [20:34:12.252487] {Default Queue} wl_touch#32.motion(18945791, 0, 673.65625000, 839.20703125)
1787603652.253 [20:34:12.252569] {Default Queue} wl_touch#55.motion(18945791, 0, 673.65625000, 839.20703125)
1787603652.253 [20:34:12.252600] {Default Queue} wl_touch#32.motion(18945791, 1, 956.50781250, 333.67578125)
1787603652.253 [20:34:12.252700] {Default Queue} wl_touch#55.motion(18945791, 1, 956.50781250, 333.67578125)
1787603652.253 [20:34:12.252729] {Default Queue} wl_touch#32.frame()
1787603652.253 [20:34:12.252750] {Default Queue} wl_touch#55.frame()
1787603652.262 [20:34:12.261715] {Default Queue} wl_touch#32.motion(18945800, 0, 677.65625000, 835.21093750)
1787603652.262 [20:34:12.261802] {Default Queue} wl_touch#55.motion(18945800, 0, 677.65625000, 835.21093750)
1787603652.262 [20:34:12.261817] {Default Queue} wl_touch#32.motion(18945800, 1, 949.51171875, 342.66796875)
1787603652.262 [20:34:12.261835] {Default Queue} wl_touch#55.motion(18945800, 1, 949.51171875, 342.66796875)
1787603652.262 [20:34:12.261846] {Default Queue} wl_touch#32.frame()
1787603652.262 [20:34:12.261857] {Default Queue} wl_touch#55.frame()
1787603652.271 [20:34:12.270403] {Default Queue} wl_touch#32.motion(18945809, 0, 680.65234375, 830.21484375)
1787603652.271 [20:34:12.270471] {Default Queue} wl_touch#55.motion(18945809, 0, 680.65234375, 830.21484375)
1787603652.271 [20:34:12.270494] {Default Queue} wl_touch#32.motion(18945809, 1, 943.51562500, 352.65625000)
1787603652.271 [20:34:12.270521] {Default Queue} wl_touch#55.motion(18945809, 1, 943.51562500, 352.65625000)
1787603652.271 [20:34:12.270541] {Default Queue} wl_touch#32.frame()
1787603652.271 [20:34:12.270562] {Default Queue} wl_touch#55.frame()
1787603652.280 [20:34:12.279528] {Default Queue} wl_touch#32.motion(18945818, 0, 684.65234375, 826.21875000)
1787603652.280 [20:34:12.279607] {Default Queue} wl_touch#55.motion(18945818, 0, 684.65234375, 826.21875000)
1787603652.280 [20:34:12.279630] {Default Queue} wl_touch#32.motion(18945818, 1, 938.51953125, 361.64843750)
1787603652.280 [20:34:12.279664] {Default Queue} wl_touch#55.motion(18945818, 1, 938.51953125, 361.64843750)
1787603652.280 [20:34:12.279684] {Default Queue} wl_touch#32.frame()
1787603652.280 [20:34:12.279700] {Default Queue} wl_touch#55.frame()
1787603652.289 [20:34:12.288405] {Default Queue} wl_touch#32.motion(18945827, 0, 688.64843750, 822.22265625)
1787603652.289 [20:34:12.288475] {Default Queue} wl_touch#55.motion(18945827, 0, 688.64843750, 822.22265625)
1787603652.289 [20:34:12.288490] {Default Queue} wl_touch#32.motion(18945827, 1, 933.52343750, 370.64062500)
1787603652.289 [20:34:12.288509] {Default Queue} wl_touch#55.motion(18945827, 1, 933.52343750, 370.64062500)
1787603652.289 [20:34:12.288521] {Default Queue} wl_touch#32.frame()
1787603652.289 [20:34:12.288531] {Default Queue} wl_touch#55.frame()
1787603652.299 [20:34:12.298864] {Default Queue} wl_touch#32.motion(18945836, 0, 692.64843750, 818.22656250)
1787603652.299 [20:34:12.298937] {Default Queue} wl_touch#55.motion(18945836, 0, 692.64843750, 818.22656250)
1787603652.299 [20:34:12.298959] {Default Queue} wl_touch#32.motion(18945836, 1, 927.52343750, 379.63281250)
1787603652.299 [20:34:12.298986] {Default Queue} wl_touch#55.motion(18945836, 1, 927.52343750, 379.63281250)
1787603652.299 [20:34:12.299001] {Default Queue} wl_touch#32.frame()
1787603652.299 [20:34:12.299014] {Default Queue} wl_touch#55.frame()
1787603652.308 [20:34:12.307512] {Default Queue} wl_touch#32.motion(18945846, 0, 695.64453125, 814.23046875)
1787603652.308 [20:34:12.307570] {Default Queue} wl_touch#55.motion(18945846, 0, 695.64453125, 814.23046875)
1787603652.308 [20:34:12.307584] {Default Queue} wl_touch#32.motion(18945846, 1, 922.52734375, 388.62500000)
1787603652.308 [20:34:12.307618] {Default Queue} wl_touch#55.motion(18945846, 1, 922.52734375, 388.62500000)
1787603652.308 [20:34:12.307634] {Default Queue} wl_touch#32.frame()
1787603652.308 [20:34:12.307655] {Default Queue} wl_touch#55.frame()
1787603652.316 [20:34:12.316224] {Default Queue} wl_touch#32.motion(18945855, 0, 699.64453125, 810.23437500)
1787603652.316 [20:34:12.316282] {Default Queue} wl_touch#55.motion(18945855, 0, 699.64453125, 810.23437500)
1787603652.316 [20:34:12.316296] {Default Queue} wl_touch#32.motion(18945855, 1, 917.53125000, 396.61718750)
1787603652.316 [20:34:12.316315] {Default Queue} wl_touch#55.motion(18945855, 1, 917.53125000, 396.61718750)
1787603652.317 [20:34:12.316326] {Default Queue} wl_touch#32.frame()
1787603652.317 [20:34:12.316337] {Default Queue} wl_touch#55.frame()
1787603652.326 [20:34:12.325466] {Default Queue} wl_touch#32.motion(18945864, 0, 702.64062500, 806.23828125)
1787603652.326 [20:34:12.325534] {Default Queue} wl_touch#55.motion(18945864, 0, 702.64062500, 806.23828125)
1787603652.326 [20:34:12.325549] {Default Queue} wl_touch#32.motion(18945864, 1, 911.53125000, 405.60937500)
1787603652.326 [20:34:12.325568] {Default Queue} wl_touch#55.motion(18945864, 1, 911.53125000, 405.60937500)
1787603652.326 [20:34:12.325579] {Default Queue} wl_touch#32.frame()
1787603652.326 [20:34:12.325589] {Default Queue} wl_touch#55.frame()
1787603652.335 [20:34:12.334417] {Default Queue} wl_touch#32.motion(18945873, 0, 705.64062500, 802.24218750)
1787603652.335 [20:34:12.334483] {Default Queue} wl_touch#55.motion(18945873, 0, 705.64062500, 802.24218750)
1787603652.335 [20:34:12.334501] {Default Queue} wl_touch#32.motion(18945873, 1, 905.53515625, 413.60156250)
1787603652.335 [20:34:12.334520] {Default Queue} wl_touch#55.motion(18945873, 1, 905.53515625, 413.60156250)
1787603652.335 [20:34:12.334534] {Default Queue} wl_touch#32.frame()
1787603652.335 [20:34:12.334544] {Default Queue} wl_touch#55.frame()
1787603652.344 [20:34:12.343459] {Default Queue} wl_touch#32.motion(18945882, 0, 708.64062500, 798.24609375)
1787603652.344 [20:34:12.343527] {Default Queue} wl_touch#55.motion(18945882, 0, 708.64062500, 798.24609375)
1787603652.344 [20:34:12.343542] {Default Queue} wl_touch#32.motion(18945882, 1, 899.53906250, 421.59375000)
1787603652.344 [20:34:12.343559] {Default Queue} wl_touch#55.motion(18945882, 1, 899.53906250, 421.59375000)
1787603652.344 [20:34:12.343570] {Default Queue} wl_touch#32.frame()
1787603652.344 [20:34:12.343581] {Default Queue} wl_touch#55.frame()
1787603652.353 [20:34:12.352503] {Default Queue} wl_touch#32.motion(18945891, 0, 710.63671875, 794.25000000)
1787603652.353 [20:34:12.352569] {Default Queue} wl_touch#55.motion(18945891, 0, 710.63671875, 794.25000000)
1787603652.353 [20:34:12.352585] {Default Queue} wl_touch#32.motion(18945891, 1, 893.54296875, 429.58593750)
1787603652.353 [20:34:12.352604] {Default Queue} wl_touch#55.motion(18945891, 1, 893.54296875, 429.58593750)
1787603652.353 [20:34:12.352617] {Default Queue} wl_touch#32.frame()
1787603652.353 [20:34:12.352630] {Default Queue} wl_touch#55.frame()
1787603652.362 [20:34:12.361691] {Default Queue} wl_touch#32.motion(18945900, 0, 713.63671875, 789.25390625)
1787603652.362 [20:34:12.361781] {Default Queue} wl_touch#55.motion(18945900, 0, 713.63671875, 789.25390625)
1787603652.362 [20:34:12.361796] {Default Queue} wl_touch#32.motion(18945900, 1, 888.54687500, 438.57812500)
1787603652.362 [20:34:12.361815] {Default Queue} wl_touch#55.motion(18945900, 1, 888.54687500, 438.57812500)
1787603652.362 [20:34:12.361826] {Default Queue} wl_touch#32.frame()
1787603652.362 [20:34:12.361837] {Default Queue} wl_touch#55.frame()
1787603652.371 [20:34:12.370430] {Default Queue} wl_touch#32.motion(18945909, 0, 717.63281250, 785.25781250)
1787603652.371 [20:34:12.370496] {Default Queue} wl_touch#55.motion(18945909, 0, 717.63281250, 785.25781250)
1787603652.371 [20:34:12.370513] {Default Queue} wl_touch#32.motion(18945909, 1, 883.54687500, 447.57031250)
1787603652.371 [20:34:12.370533] {Default Queue} wl_touch#55.motion(18945909, 1, 883.54687500, 447.57031250)
1787603652.371 [20:34:12.370547] {Default Queue} wl_touch#32.frame()
1787603652.371 [20:34:12.370564] {Default Queue} wl_touch#55.frame()
1787603652.382 [20:34:12.381736] {Default Queue} wl_touch#32.motion(18945919, 0, 721.63281250, 780.26171875)
1787603652.382 [20:34:12.381824] {Default Queue} wl_touch#55.motion(18945919, 0, 721.63281250, 780.26171875)
1787603652.382 [20:34:12.381855] {Default Queue} wl_touch#32.motion(18945919, 1, 878.55078125, 456.56250000)
1787603652.382 [20:34:12.381903] {Default Queue} wl_touch#55.motion(18945919, 1, 878.55078125, 456.56250000)
1787603652.382 [20:34:12.381933] {Default Queue} wl_touch#32.frame()
1787603652.382 [20:34:12.381953] {Default Queue} wl_touch#55.frame()
1787603652.390 [20:34:12.389589] {Default Queue} wl_touch#32.motion(18945928, 0, 726.62890625, 776.26562500)
1787603652.390 [20:34:12.389638] {Default Queue} wl_touch#55.motion(18945928, 0, 726.62890625, 776.26562500)
1787603652.390 [20:34:12.389651] {Default Queue} wl_touch#32.motion(18945928, 1, 873.55468750, 465.55468750)
1787603652.390 [20:34:12.389669] {Default Queue} wl_touch#55.motion(18945928, 1, 873.55468750, 465.55468750)
1787603652.390 [20:34:12.389679] {Default Queue} wl_touch#32.frame()
1787603652.390 [20:34:12.389688] {Default Queue} wl_touch#55.frame()
1787603652.399 [20:34:12.398675] {Default Queue} wl_touch#32.motion(18945937, 0, 729.62890625, 772.26953125)
1787603652.399 [20:34:12.398742] {Default Queue} wl_touch#55.motion(18945937, 0, 729.62890625, 772.26953125)
1787603652.399 [20:34:12.398791] {Default Queue} wl_touch#32.motion(18945937, 1, 868.55468750, 473.54687500)
1787603652.399 [20:34:12.398821] {Default Queue} wl_touch#55.motion(18945937, 1, 868.55468750, 473.54687500)
1787603652.399 [20:34:12.398837] {Default Queue} wl_touch#32.frame()
1787603652.399 [20:34:12.398852] {Default Queue} wl_touch#55.frame()
1787603652.408 [20:34:12.407569] {Default Queue} wl_touch#32.motion(18945946, 0, 733.62500000, 767.27343750)
1787603652.408 [20:34:12.407653] {Default Queue} wl_touch#55.motion(18945946, 0, 733.62500000, 767.27343750)
1787603652.408 [20:34:12.407676] {Default Queue} wl_touch#32.motion(18945946, 1, 865.55859375, 481.53906250)
1787603652.408 [20:34:12.407708] {Default Queue} wl_touch#55.motion(18945946, 1, 865.55859375, 481.53906250)
1787603652.408 [20:34:12.407726] {Default Queue} wl_touch#32.frame()
1787603652.408 [20:34:12.407740] {Default Queue} wl_touch#55.frame()
1787603652.417 [20:34:12.416451] {Default Queue} wl_touch#32.motion(18945955, 0, 738.62500000, 762.27734375)
1787603652.417 [20:34:12.416520] {Default Queue} wl_touch#55.motion(18945955, 0, 738.62500000, 762.27734375)
1787603652.417 [20:34:12.416536] {Default Queue} wl_touch#32.motion(18945955, 1, 862.55859375, 488.53125000)
1787603652.417 [20:34:12.416559] {Default Queue} wl_touch#55.motion(18945955, 1, 862.55859375, 488.53125000)
1787603652.417 [20:34:12.416570] {Default Queue} wl_touch#32.frame()
1787603652.417 [20:34:12.416582] {Default Queue} wl_touch#55.frame()
1787603652.427 [20:34:12.426458] {Default Queue} wl_touch#32.motion(18945965, 0, 740.62109375, 760.28125000)
1787603652.427 [20:34:12.426525] {Default Queue} wl_touch#55.motion(18945965, 0, 740.62109375, 760.28125000)
1787603652.427 [20:34:12.426540] {Default Queue} wl_touch#32.motion(18945965, 1, 860.55859375, 491.52734375)
1787603652.427 [20:34:12.426558] {Default Queue} wl_touch#55.motion(18945965, 1, 860.55859375, 491.52734375)
1787603652.427 [20:34:12.426568] {Default Queue} wl_touch#32.frame()
1787603652.427 [20:34:12.426579] {Default Queue} wl_touch#55.frame()
1787603652.437 [20:34:12.436487] {Default Queue} wl_touch#32.motion(18945975, 0, 742.62109375, 757.28125000)
1787603652.437 [20:34:12.436554] {Default Queue} wl_touch#55.motion(18945975, 0, 742.62109375, 757.28125000)
1787603652.437 [20:34:12.436568] {Default Queue} wl_touch#32.motion(18945975, 1, 858.56250000, 495.52343750)
1787603652.437 [20:34:12.436587] {Default Queue} wl_touch#55.motion(18945975, 1, 858.56250000, 495.52343750)
1787603652.437 [20:34:12.436597] {Default Queue} wl_touch#32.frame()
1787603652.437 [20:34:12.436608] {Default Queue} wl_touch#55.frame()
1787603652.446 [20:34:12.446312] {Default Queue} wl_touch#32.motion(18945985, 0, 745.62109375, 754.28515625)
1787603652.446 [20:34:12.446358] {Default Queue} wl_touch#55.motion(18945985, 0, 745.62109375, 754.28515625)
1787603652.447 [20:34:12.446366] {Default Queue} wl_touch#32.motion(18945985, 1, 857.56250000, 499.52343750)
1787603652.447 [20:34:12.446376] {Default Queue} wl_touch#55.motion(18945985, 1, 857.56250000, 499.52343750)
1787603652.447 [20:34:12.446382] {Default Queue} wl_touch#32.frame()
1787603652.447 [20:34:12.446387] {Default Queue} wl_touch#55.frame()
1787603652.456 [20:34:12.456193] {Default Queue} wl_touch#32.motion(18945995, 0, 747.61718750, 751.28906250)
1787603652.456 [20:34:12.456224] {Default Queue} wl_touch#55.motion(18945995, 0, 747.61718750, 751.28906250)
1787603652.456 [20:34:12.456230] {Default Queue} wl_touch#32.motion(18945995, 1, 855.56250000, 503.51953125)
1787603652.456 [20:34:12.456240] {Default Queue} wl_touch#55.motion(18945995, 1, 855.56250000, 503.51953125)
1787603652.456 [20:34:12.456244] {Default Queue} wl_touch#32.frame()
1787603652.456 [20:34:12.456248] {Default Queue} wl_touch#55.frame()
1787603652.468 [20:34:12.467487] {Default Queue} wl_touch#32.motion(18946005, 0, 750.61718750, 747.29296875)
1787603652.468 [20:34:12.467528] {Default Queue} wl_touch#55.motion(18946005, 0, 750.61718750, 747.29296875)
1787603652.468 [20:34:12.467538] {Default Queue} wl_touch#32.motion(18946005, 1, 853.56250000, 507.51562500)
1787603652.468 [20:34:12.467551] {Default Queue} wl_touch#55.motion(18946005, 1, 853.56250000, 507.51562500)
1787603652.468 [20:34:12.467558] {Default Queue} wl_touch#32.frame()
1787603652.468 [20:34:12.467565] {Default Queue} wl_touch#55.frame()
1787603652.475 [20:34:12.475215] {Default Queue} wl_touch#32.motion(18946014, 0, 752.61718750, 743.29687500)
1787603652.475 [20:34:12.475247] {Default Queue} wl_touch#55.motion(18946014, 0, 752.61718750, 743.29687500)
1787603652.475 [20:34:12.475253] {Default Queue} wl_touch#32.motion(18946014, 1, 851.56250000, 511.51171875)
1787603652.475 [20:34:12.475261] {Default Queue} wl_touch#55.motion(18946014, 1, 851.56250000, 511.51171875)
1787603652.475 [20:34:12.475265] {Default Queue} wl_touch#32.frame()
1787603652.475 [20:34:12.475270] {Default Queue} wl_touch#55.frame()
1787603652.485 [20:34:12.485067] {Default Queue} wl_touch#32.motion(18946024, 0, 755.61328125, 739.30078125)
1787603652.485 [20:34:12.485098] {Default Queue} wl_touch#55.motion(18946024, 0, 755.61328125, 739.30078125)
1787603652.485 [20:34:12.485104] {Default Queue} wl_touch#32.motion(18946024, 1, 849.56640625, 515.50781250)
1787603652.485 [20:34:12.485112] {Default Queue} wl_touch#55.motion(18946024, 1, 849.56640625, 515.50781250)
1787603652.485 [20:34:12.485116] {Default Queue} wl_touch#32.frame()
1787603652.485 [20:34:12.485120] {Default Queue} wl_touch#55.frame()
1787603652.495 [20:34:12.495384] {Default Queue} wl_touch#32.motion(18946034, 0, 759.61328125, 735.30468750)
1787603652.496 [20:34:12.495418] {Default Queue} wl_touch#55.motion(18946034, 0, 759.61328125, 735.30468750)
1787603652.496 [20:34:12.495425] {Default Queue} wl_touch#32.motion(18946034, 1, 846.56640625, 519.50390625)
1787603652.496 [20:34:12.495433] {Default Queue} wl_touch#55.motion(18946034, 1, 846.56640625, 519.50390625)
1787603652.496 [20:34:12.495438] {Default Queue} wl_touch#32.frame()
1787603652.496 [20:34:12.495442] {Default Queue} wl_touch#55.frame()
1787603652.505 [20:34:12.505217] {Default Queue} wl_touch#32.motion(18946044, 0, 763.60937500, 731.30859375)
1787603652.505 [20:34:12.505252] {Default Queue} wl_touch#55.motion(18946044, 0, 763.60937500, 731.30859375)
1787603652.505 [20:34:12.505259] {Default Queue} wl_touch#32.motion(18946044, 1, 844.56640625, 525.49609375)
1787603652.505 [20:34:12.505292] {Default Queue} wl_touch#55.motion(18946044, 1, 844.56640625, 525.49609375)
1787603652.505 [20:34:12.505297] {Default Queue} wl_touch#32.frame()
1787603652.505 [20:34:12.505303] {Default Queue} wl_touch#55.frame()
1787603652.517 [20:34:12.517015] {Default Queue} wl_touch#32.motion(18946054, 0, 766.60937500, 727.31250000)
1787603652.517 [20:34:12.517099] {Default Queue} wl_touch#55.motion(18946054, 0, 766.60937500, 727.31250000)
1787603652.517 [20:34:12.517122] {Default Queue} wl_touch#32.motion(18946054, 1, 841.57031250, 531.49218750)
1787603652.517 [20:34:12.517154] {Default Queue} wl_touch#55.motion(18946054, 1, 841.57031250, 531.49218750)
1787603652.517 [20:34:12.517173] {Default Queue} wl_touch#32.frame()
1787603652.517 [20:34:12.517189] {Default Queue} wl_touch#55.frame()
1787603652.526 [20:34:12.525498] {Default Queue} wl_touch#32.motion(18946064, 0, 769.60546875, 723.31250000)
1787603652.526 [20:34:12.525570] {Default Queue} wl_touch#55.motion(18946064, 0, 769.60546875, 723.31250000)
1787603652.526 [20:34:12.525585] {Default Queue} wl_touch#32.motion(18946064, 1, 838.57031250, 538.48437500)
1787603652.526 [20:34:12.525604] {Default Queue} wl_touch#55.motion(18946064, 1, 838.57031250, 538.48437500)
1787603652.526 [20:34:12.525614] {Default Queue} wl_touch#32.frame()
1787603652.526 [20:34:12.525624] {Default Queue} wl_touch#55.frame()
1787603652.536 [20:34:12.535418] {Default Queue} wl_touch#32.motion(18946074, 0, 772.60546875, 719.31640625)
1787603652.536 [20:34:12.535501] {Default Queue} wl_touch#55.motion(18946074, 0, 772.60546875, 719.31640625)
1787603652.536 [20:34:12.535525] {Default Queue} wl_touch#32.motion(18946074, 1, 836.57031250, 545.48046875)
1787603652.536 [20:34:12.535558] {Default Queue} wl_touch#55.motion(18946074, 1, 836.57031250, 545.48046875)
1787603652.536 [20:34:12.535577] {Default Queue} wl_touch#32.frame()
1787603652.536 [20:34:12.535593] {Default Queue} wl_touch#55.frame()
1787603652.545 [20:34:12.544697] {Default Queue} wl_touch#32.motion(18946083, 0, 774.60546875, 716.32031250)
1787603652.545 [20:34:12.544789] {Default Queue} wl_touch#55.motion(18946083, 0, 774.60546875, 716.32031250)
1787603652.545 [20:34:12.544805] {Default Queue} wl_touch#32.motion(18946083, 1, 833.57421875, 551.47265625)
1787603652.545 [20:34:12.544823] {Default Queue} wl_touch#55.motion(18946083, 1, 833.57421875, 551.47265625)
1787603652.545 [20:34:12.544834] {Default Queue} wl_touch#32.frame()
1787603652.545 [20:34:12.544844] {Default Queue} wl_touch#55.frame()
1787603652.555 [20:34:12.554509] {Default Queue} wl_touch#32.motion(18946093, 0, 776.60156250, 712.32421875)
1787603652.555 [20:34:12.554585] {Default Queue} wl_touch#55.motion(18946093, 0, 776.60156250, 712.32421875)
1787603652.555 [20:34:12.554615] {Default Queue} wl_touch#32.motion(18946093, 1, 831.57421875, 556.46875000)
1787603652.555 [20:34:12.554666] {Default Queue} wl_touch#55.motion(18946093, 1, 831.57421875, 556.46875000)
1787603652.555 [20:34:12.554691] {Default Queue} wl_touch#32.frame()
1787603652.555 [20:34:12.554713] {Default Queue} wl_touch#55.frame()
1787603652.568 [20:34:12.567291] {Default Queue} wl_touch#32.motion(18946103, 0, 777.60156250, 709.32812500)
1787603652.568 [20:34:12.567394] {Default Queue} wl_touch#55.motion(18946103, 0, 777.60156250, 709.32812500)
1787603652.568 [20:34:12.567418] {Default Queue} wl_touch#32.motion(18946103, 1, 829.57421875, 560.46484375)
1787603652.568 [20:34:12.567458] {Default Queue} wl_touch#55.motion(18946103, 1, 829.57421875, 560.46484375)
1787603652.568 [20:34:12.567480] {Default Queue} wl_touch#32.frame()
1787603652.568 [20:34:12.567501] {Default Queue} wl_touch#55.frame()
1787603652.575 [20:34:12.574594] {Default Queue} wl_touch#32.motion(18946113, 0, 778.60156250, 706.33203125)
1787603652.575 [20:34:12.574661] {Default Queue} wl_touch#55.motion(18946113, 0, 778.60156250, 706.33203125)
1787603652.575 [20:34:12.574676] {Default Queue} wl_touch#32.motion(18946113, 1, 828.57812500, 563.46093750)
1787603652.575 [20:34:12.574693] {Default Queue} wl_touch#55.motion(18946113, 1, 828.57812500, 563.46093750)
1787603652.575 [20:34:12.574705] {Default Queue} wl_touch#32.frame()
1787603652.575 [20:34:12.574716] {Default Queue} wl_touch#55.frame()
1787603652.585 [20:34:12.584460] {Default Queue} wl_touch#32.motion(18946123, 0, 779.60156250, 703.33203125)
1787603652.585 [20:34:12.584526] {Default Queue} wl_touch#55.motion(18946123, 0, 779.60156250, 703.33203125)
1787603652.585 [20:34:12.584541] {Default Queue} wl_touch#32.motion(18946123, 1, 826.57812500, 565.46093750)
1787603652.585 [20:34:12.584561] {Default Queue} wl_touch#55.motion(18946123, 1, 826.57812500, 565.46093750)
1787603652.585 [20:34:12.584578] {Default Queue} wl_touch#32.frame()
1787603652.585 [20:34:12.584590] {Default Queue} wl_touch#55.frame()
1787603652.595 [20:34:12.594717] {Default Queue} wl_touch#32.motion(18946133, 0, 780.60156250, 700.33593750)
1787603652.595 [20:34:12.594807] {Default Queue} wl_touch#55.motion(18946133, 0, 780.60156250, 700.33593750)
1787603652.595 [20:34:12.594824] {Default Queue} wl_touch#32.motion(18946133, 1, 824.57812500, 567.45703125)
1787603652.595 [20:34:12.594841] {Default Queue} wl_touch#55.motion(18946133, 1, 824.57812500, 567.45703125)
1787603652.595 [20:34:12.594852] {Default Queue} wl_touch#32.frame()
1787603652.595 [20:34:12.594862] {Default Queue} wl_touch#55.frame()
1787603652.605 [20:34:12.604919] {Default Queue} wl_touch#32.motion(18946143, 0, 780.60156250, 698.33593750)
1787603652.605 [20:34:12.604972] {Default Queue} wl_touch#55.motion(18946143, 0, 780.60156250, 698.33593750)
1787603652.605 [20:34:12.604993] {Default Queue} wl_touch#32.motion(18946143, 1, 823.57812500, 569.45703125)
1787603652.605 [20:34:12.605023] {Default Queue} wl_touch#55.motion(18946143, 1, 823.57812500, 569.45703125)
1787603652.605 [20:34:12.605040] {Default Queue} wl_touch#32.frame()
1787603652.605 [20:34:12.605053] {Default Queue} wl_touch#55.frame()
1787603652.616 [20:34:12.615521] {Default Queue} wl_touch#32.motion(18946152, 0, 781.60156250, 695.33984375)
1787603652.616 [20:34:12.615591] {Default Queue} wl_touch#55.motion(18946152, 0, 781.60156250, 695.33984375)
1787603652.616 [20:34:12.615605] {Default Queue} wl_touch#32.motion(18946152, 1, 821.57812500, 570.45703125)
1787603652.616 [20:34:12.615624] {Default Queue} wl_touch#55.motion(18946152, 1, 821.57812500, 570.45703125)
1787603652.616 [20:34:12.615634] {Default Queue} wl_touch#32.frame()
1787603652.616 [20:34:12.615643] {Default Queue} wl_touch#55.frame()
1787603652.624 [20:34:12.623466] {Default Queue} wl_touch#32.motion(18946162, 0, 781.60156250, 693.34375000)
1787603652.624 [20:34:12.623530] {Default Queue} wl_touch#55.motion(18946162, 0, 781.60156250, 693.34375000)
1787603652.624 [20:34:12.623544] {Default Queue} wl_touch#32.motion(18946162, 1, 820.58203125, 571.45312500)
1787603652.624 [20:34:12.623564] {Default Queue} wl_touch#55.motion(18946162, 1, 820.58203125, 571.45312500)
1787603652.624 [20:34:12.623574] {Default Queue} wl_touch#32.frame()
1787603652.624 [20:34:12.623585] {Default Queue} wl_touch#55.frame()
1787603652.634 [20:34:12.633469] {Default Queue} wl_touch#32.motion(18946172, 0, 781.60156250, 691.34375000)
1787603652.634 [20:34:12.633535] {Default Queue} wl_touch#55.motion(18946172, 0, 781.60156250, 691.34375000)
1787603652.634 [20:34:12.633552] {Default Queue} wl_touch#32.motion(18946172, 1, 819.58203125, 572.45312500)
1787603652.634 [20:34:12.633572] {Default Queue} wl_touch#55.motion(18946172, 1, 819.58203125, 572.45312500)
1787603652.634 [20:34:12.633584] {Default Queue} wl_touch#32.frame()
1787603652.634 [20:34:12.633595] {Default Queue} wl_touch#55.frame()
1787603652.644 [20:34:12.643690] {Default Queue} wl_touch#32.motion(18946182, 0, 781.60156250, 689.34765625)
1787603652.644 [20:34:12.643785] {Default Queue} wl_touch#55.motion(18946182, 0, 781.60156250, 689.34765625)
1787603652.644 [20:34:12.643801] {Default Queue} wl_touch#32.motion(18946182, 1, 819.58203125, 573.45312500)
1787603652.644 [20:34:12.643820] {Default Queue} wl_touch#55.motion(18946182, 1, 819.58203125, 573.45312500)
1787603652.644 [20:34:12.643830] {Default Queue} wl_touch#32.frame()
1787603652.644 [20:34:12.643841] {Default Queue} wl_touch#55.frame()
1787603652.654 [20:34:12.653474] {Default Queue} wl_touch#32.motion(18946192, 0, 781.60156250, 687.34765625)
1787603652.654 [20:34:12.653531] {Default Queue} wl_touch#55.motion(18946192, 0, 781.60156250, 687.34765625)
1787603652.654 [20:34:12.653545] {Default Queue} wl_touch#32.motion(18946192, 1, 818.58203125, 573.45312500)
1787603652.654 [20:34:12.653563] {Default Queue} wl_touch#55.motion(18946192, 1, 818.58203125, 573.45312500)
1787603652.654 [20:34:12.653574] {Default Queue} wl_touch#32.frame()
1787603652.654 [20:34:12.653584] {Default Queue} wl_touch#55.frame()
1787603652.666 [20:34:12.665797] {Default Queue} wl_touch#32.motion(18946202, 0, 781.60156250, 686.34765625)
1787603652.666 [20:34:12.665875] {Default Queue} wl_touch#55.motion(18946202, 0, 781.60156250, 686.34765625)
1787603652.666 [20:34:12.665891] {Default Queue} wl_touch#32.motion(18946202, 1, 817.58203125, 573.45312500)
1787603652.666 [20:34:12.665911] {Default Queue} wl_touch#55.motion(18946202, 1, 817.58203125, 573.45312500)
1787603652.666 [20:34:12.665923] {Default Queue} wl_touch#32.frame()
1787603652.666 [20:34:12.665933] {Default Queue} wl_touch#55.frame()
1787603652.674 [20:34:12.673598] {Default Queue} wl_touch#32.motion(18946212, 0, 781.60156250, 684.35156250)
1787603652.674 [20:34:12.673673] {Default Queue} wl_touch#55.motion(18946212, 0, 781.60156250, 684.35156250)
1787603652.674 [20:34:12.673689] {Default Queue} wl_touch#32.motion(18946212, 1, 816.58203125, 573.45312500)
1787603652.674 [20:34:12.673713] {Default Queue} wl_touch#55.motion(18946212, 1, 816.58203125, 573.45312500)
1787603652.674 [20:34:12.673725] {Default Queue} wl_touch#32.frame()
1787603652.674 [20:34:12.673737] {Default Queue} wl_touch#55.frame()
1787603652.683 [20:34:12.683307] {Default Queue} wl_touch#32.motion(18946222, 0, 781.60156250, 683.35156250)
1787603652.684 [20:34:12.683369] {Default Queue} wl_touch#55.motion(18946222, 0, 781.60156250, 683.35156250)
1787603652.684 [20:34:12.683387] {Default Queue} wl_touch#32.frame()
1787603652.684 [20:34:12.683400] {Default Queue} wl_touch#55.frame()
1787603652.703 [20:34:12.702532] {Default Queue} wl_touch#32.motion(18946241, 0, 781.60156250, 682.35156250)
1787603652.703 [20:34:12.702621] {Default Queue} wl_touch#55.motion(18946241, 0, 781.60156250, 682.35156250)
1787603652.703 [20:34:12.702645] {Default Queue} wl_touch#32.frame()
1787603652.703 [20:34:12.702664] {Default Queue} wl_touch#55.frame()
1787603652.713 [20:34:12.712567] {Default Queue} wl_touch#32.motion(18946251, 0, 781.60156250, 681.35156250)
1787603652.713 [20:34:12.712640] {Default Queue} wl_touch#55.motion(18946251, 0, 781.60156250, 681.35156250)
1787603652.713 [20:34:12.712657] {Default Queue} wl_touch#32.motion(18946251, 1, 816.58203125, 571.45312500)
1787603652.713 [20:34:12.712677] {Default Queue} wl_touch#55.motion(18946251, 1, 816.58203125, 571.45312500)
1787603652.713 [20:34:12.712688] {Default Queue} wl_touch#32.frame()
1787603652.713 [20:34:12.712700] {Default Queue} wl_touch#55.frame()
1787603652.723 [20:34:12.722969] {Default Queue} wl_touch#32.motion(18946261, 0, 781.60156250, 680.35546875)
1787603652.723 [20:34:12.723026] {Default Queue} wl_touch#55.motion(18946261, 0, 781.60156250, 680.35546875)
1787603652.723 [20:34:12.723044] {Default Queue} wl_touch#32.motion(18946261, 1, 816.58203125, 569.45703125)
1787603652.723 [20:34:12.723067] {Default Queue} wl_touch#55.motion(18946261, 1, 816.58203125, 569.45703125)
1787603652.723 [20:34:12.723080] {Default Queue} wl_touch#32.frame()
1787603652.723 [20:34:12.723094] {Default Queue} wl_touch#55.frame()
1787603652.735 [20:34:12.734382] {Default Queue} wl_touch#32.motion(18946271, 0, 781.60156250, 679.35546875)
1787603652.735 [20:34:12.734475] {Default Queue} wl_touch#55.motion(18946271, 0, 781.60156250, 679.35546875)
1787603652.735 [20:34:12.734498] {Default Queue} wl_touch#32.motion(18946271, 1, 818.58203125, 565.46093750)
1787603652.735 [20:34:12.734531] {Default Queue} wl_touch#55.motion(18946271, 1, 818.58203125, 565.46093750)
1787603652.735 [20:34:12.734552] {Default Queue} wl_touch#32.frame()
1787603652.735 [20:34:12.734568] {Default Queue} wl_touch#55.frame()
1787603652.743 [20:34:12.742606] {Default Queue} wl_touch#32.motion(18946281, 0, 780.60156250, 679.35546875)
1787603652.743 [20:34:12.742679] {Default Queue} wl_touch#55.motion(18946281, 0, 780.60156250, 679.35546875)
1787603652.743 [20:34:12.742696] {Default Queue} wl_touch#32.motion(18946281, 1, 819.58203125, 559.46484375)
1787603652.743 [20:34:12.742717] {Default Queue} wl_touch#55.motion(18946281, 1, 819.58203125, 559.46484375)
1787603652.743 [20:34:12.742729] {Default Queue} wl_touch#32.frame()
1787603652.743 [20:34:12.742741] {Default Queue} wl_touch#55.frame()
1787603652.753 [20:34:12.752483] {Default Queue} wl_touch#32.motion(18946291, 0, 779.60156250, 679.35546875)
1787603652.753 [20:34:12.752577] {Default Queue} wl_touch#55.motion(18946291, 0, 779.60156250, 679.35546875)
1787603652.753 [20:34:12.752645] {Default Queue} wl_touch#32.motion(18946291, 1, 822.57812500, 550.47265625)
1787603652.753 [20:34:12.752704] {Default Queue} wl_touch#55.motion(18946291, 1, 822.57812500, 550.47265625)
1787603652.753 [20:34:12.752740] {Default Queue} wl_touch#32.frame()
1787603652.753 [20:34:12.752786] {Default Queue} wl_touch#55.frame()
1787603652.762 [20:34:12.761629] {Default Queue} wl_touch#32.motion(18946300, 0, 776.60156250, 679.35546875)
1787603652.762 [20:34:12.761710] {Default Queue} wl_touch#55.motion(18946300, 0, 776.60156250, 679.35546875)
1787603652.762 [20:34:12.761726] {Default Queue} wl_touch#32.motion(18946300, 1, 827.57812500, 539.48437500)
1787603652.762 [20:34:12.761747] {Default Queue} wl_touch#55.motion(18946300, 1, 827.57812500, 539.48437500)
1787603652.762 [20:34:12.761786] {Default Queue} wl_touch#32.frame()
1787603652.762 [20:34:12.761799] {Default Queue} wl_touch#55.frame()
1787603652.772 [20:34:12.771599] {Default Queue} wl_touch#32.motion(18946310, 0, 772.60546875, 679.35546875)
1787603652.772 [20:34:12.771673] {Default Queue} wl_touch#55.motion(18946310, 0, 772.60546875, 679.35546875)
1787603652.772 [20:34:12.771692] {Default Queue} wl_touch#32.motion(18946310, 1, 832.57421875, 525.49609375)
1787603652.772 [20:34:12.771713] {Default Queue} wl_touch#55.motion(18946310, 1, 832.57421875, 525.49609375)
1787603652.772 [20:34:12.771727] {Default Queue} wl_touch#32.frame()
1787603652.772 [20:34:12.771750] {Default Queue} wl_touch#55.frame()
1787603652.784 [20:34:12.783701] {Default Queue} wl_touch#32.motion(18946320, 0, 767.60937500, 681.35156250)
1787603652.784 [20:34:12.783811] {Default Queue} wl_touch#55.motion(18946320, 0, 767.60937500, 681.35156250)
1787603652.784 [20:34:12.783853] {Default Queue} wl_touch#32.motion(18946320, 1, 838.57031250, 511.51171875)
1787603652.784 [20:34:12.783908] {Default Queue} wl_touch#55.motion(18946320, 1, 838.57031250, 511.51171875)
1787603652.784 [20:34:12.783944] {Default Queue} wl_touch#32.frame()
1787603652.784 [20:34:12.783969] {Default Queue} wl_touch#55.frame()
1787603652.792 [20:34:12.791632] {Default Queue} wl_touch#32.motion(18946330, 0, 755.61328125, 685.34765625)
1787603652.792 [20:34:12.791723] {Default Queue} wl_touch#55.motion(18946330, 0, 755.61328125, 685.34765625)
1787603652.792 [20:34:12.791757] {Default Queue} wl_touch#32.motion(18946330, 1, 850.56640625, 483.53515625)
1787603652.792 [20:34:12.791806] {Default Queue} wl_touch#55.motion(18946330, 1, 850.56640625, 483.53515625)
1787603652.792 [20:34:12.791821] {Default Queue} wl_touch#32.frame()
1787603652.792 [20:34:12.791832] {Default Queue} wl_touch#55.frame()
1787603652.802 [20:34:12.801704] {Default Queue} wl_touch#32.motion(18946340, 0, 746.61718750, 690.34375000)
1787603652.802 [20:34:12.801839] {Default Queue} wl_touch#55.motion(18946340, 0, 746.61718750, 690.34375000)
1787603652.802 [20:34:12.801869] {Default Queue} wl_touch#32.motion(18946340, 1, 860.55859375, 459.55859375)
1787603652.802 [20:34:12.801917] {Default Queue} wl_touch#55.motion(18946340, 1, 860.55859375, 459.55859375)
1787603652.802 [20:34:12.801940] {Default Queue} wl_touch#32.frame()
1787603652.802 [20:34:12.801963] {Default Queue} wl_touch#55.frame()
1787603652.812 [20:34:12.811784] {Default Queue} wl_touch#32.motion(18946350, 0, 738.62500000, 695.33984375)
1787603652.812 [20:34:12.811868] {Default Queue} wl_touch#55.motion(18946350, 0, 738.62500000, 695.33984375)
1787603652.812 [20:34:12.811885] {Default Queue} wl_touch#32.motion(18946350, 1, 869.55468750, 438.57812500)
1787603652.812 [20:34:12.811905] {Default Queue} wl_touch#55.motion(18946350, 1, 869.55468750, 438.57812500)
1787603652.812 [20:34:12.811917] {Default Queue} wl_touch#32.frame()
1787603652.812 [20:34:12.811928] {Default Queue} wl_touch#55.frame()
1787603652.821 [20:34:12.820658] {Default Queue} wl_touch#32.motion(18946359, 0, 731.62500000, 699.33593750)
1787603652.821 [20:34:12.820730] {Default Queue} wl_touch#55.motion(18946359, 0, 731.62500000, 699.33593750)
1787603652.821 [20:34:12.820747] {Default Queue} wl_touch#32.motion(18946359, 1, 877.55078125, 421.59375000)
1787603652.821 [20:34:12.820790] {Default Queue} wl_touch#55.motion(18946359, 1, 877.55078125, 421.59375000)
1787603652.821 [20:34:12.820802] {Default Queue} wl_touch#32.frame()
1787603652.821 [20:34:12.820814] {Default Queue} wl_touch#55.frame()
1787603652.830 [20:34:12.829472] {Default Queue} wl_touch#32.motion(18946368, 0, 726.62890625, 704.33203125)
1787603652.830 [20:34:12.829530] {Default Queue} wl_touch#55.motion(18946368, 0, 726.62890625, 704.33203125)
1787603652.830 [20:34:12.829540] {Default Queue} wl_touch#32.motion(18946368, 1, 883.54687500, 407.60546875)
1787603652.830 [20:34:12.829554] {Default Queue} wl_touch#55.motion(18946368, 1, 883.54687500, 407.60546875)
1787603652.830 [20:34:12.829562] {Default Queue} wl_touch#32.frame()
1787603652.830 [20:34:12.829570] {Default Queue} wl_touch#55.frame()
1787603652.839 [20:34:12.838379] {Default Queue} wl_touch#32.motion(18946377, 0, 722.63281250, 708.32812500)
1787603652.839 [20:34:12.838416] {Default Queue} wl_touch#55.motion(18946377, 0, 722.63281250, 708.32812500)
1787603652.839 [20:34:12.838422] {Default Queue} wl_touch#32.motion(18946377, 1, 888.54687500, 397.61718750)
1787603652.839 [20:34:12.838431] {Default Queue} wl_touch#55.motion(18946377, 1, 888.54687500, 397.61718750)
1787603652.839 [20:34:12.838436] {Default Queue} wl_touch#32.frame()
1787603652.839 [20:34:12.838441] {Default Queue} wl_touch#55.frame()
1787603652.848 [20:34:12.848103] {Default Queue} wl_touch#32.motion(18946386, 0, 719.63281250, 712.32421875)
1787603652.848 [20:34:12.848132] {Default Queue} wl_touch#55.motion(18946386, 0, 719.63281250, 712.32421875)
1787603652.848 [20:34:12.848138] {Default Queue} wl_touch#32.motion(18946386, 1, 892.54296875, 388.62500000)
1787603652.848 [20:34:12.848155] {Default Queue} wl_touch#55.motion(18946386, 1, 892.54296875, 388.62500000)
1787603652.848 [20:34:12.848163] {Default Queue} wl_touch#32.frame()
1787603652.848 [20:34:12.848168] {Default Queue} wl_touch#55.frame()
1787603652.856 [20:34:12.856239] {Default Queue} wl_touch#32.motion(18946395, 0, 716.63281250, 717.32031250)
1787603652.856 [20:34:12.856270] {Default Queue} wl_touch#55.motion(18946395, 0, 716.63281250, 717.32031250)
1787603652.856 [20:34:12.856275] {Default Queue} wl_touch#32.motion(18946395, 1, 895.54296875, 380.63281250)
1787603652.856 [20:34:12.856282] {Default Queue} wl_touch#55.motion(18946395, 1, 895.54296875, 380.63281250)
1787603652.856 [20:34:12.856286] {Default Queue} wl_touch#32.frame()
1787603652.856 [20:34:12.856290] {Default Queue} wl_touch#55.frame()
1787603652.865 [20:34:12.865183] {Default Queue} wl_touch#32.motion(18946404, 0, 712.63671875, 722.31640625)
1787603652.865 [20:34:12.865224] {Default Queue} wl_touch#55.motion(18946404, 0, 712.63671875, 722.31640625)
1787603652.865 [20:34:12.865241] {Default Queue} wl_touch#32.motion(18946404, 1, 897.53906250, 374.63671875)
1787603652.865 [20:34:12.865261] {Default Queue} wl_touch#55.motion(18946404, 1, 897.53906250, 374.63671875)
1787603652.865 [20:34:12.865273] {Default Queue} wl_touch#32.frame()
1787603652.865 [20:34:12.865281] {Default Queue} wl_touch#55.frame()
1787603652.875 [20:34:12.875152] {Default Queue} wl_touch#32.motion(18946414, 0, 709.63671875, 727.31250000)
1787603652.875 [20:34:12.875181] {Default Queue} wl_touch#55.motion(18946414, 0, 709.63671875, 727.31250000)
1787603652.875 [20:34:12.875186] {Default Queue} wl_touch#32.motion(18946414, 1, 899.53906250, 368.64453125)
1787603652.875 [20:34:12.875193] {Default Queue} wl_touch#55.motion(18946414, 1, 899.53906250, 368.64453125)
1787603652.875 [20:34:12.875197] {Default Queue} wl_touch#32.frame()
1787603652.875 [20:34:12.875201] {Default Queue} wl_touch#55.frame()
1787603652.884 [20:34:12.884235] {Default Queue} wl_touch#32.motion(18946423, 0, 706.64062500, 732.30468750)
1787603652.884 [20:34:12.884272] {Default Queue} wl_touch#55.motion(18946423, 0, 706.64062500, 732.30468750)
1787603652.884 [20:34:12.884278] {Default Queue} wl_touch#32.motion(18946423, 1, 900.53906250, 363.64843750)
1787603652.884 [20:34:12.884286] {Default Queue} wl_touch#55.motion(18946423, 1, 900.53906250, 363.64843750)
1787603652.884 [20:34:12.884290] {Default Queue} wl_touch#32.frame()
1787603652.884 [20:34:12.884295] {Default Queue} wl_touch#55.frame()
1787603652.894 [20:34:12.893498] {Default Queue} wl_touch#32.motion(18946432, 0, 703.64062500, 739.30078125)
1787603652.894 [20:34:12.893541] {Default Queue} wl_touch#55.motion(18946432, 0, 703.64062500, 739.30078125)
1787603652.894 [20:34:12.893550] {Default Queue} wl_touch#32.motion(18946432, 1, 902.53906250, 357.65234375)
1787603652.894 [20:34:12.893561] {Default Queue} wl_touch#55.motion(18946432, 1, 902.53906250, 357.65234375)
1787603652.894 [20:34:12.893567] {Default Queue} wl_touch#32.frame()
1787603652.894 [20:34:12.893574] {Default Queue} wl_touch#55.frame()
1787603652.903 [20:34:12.902866] {Default Queue} wl_touch#32.motion(18946441, 0, 699.64453125, 745.29296875)
1787603652.903 [20:34:12.902930] {Default Queue} wl_touch#55.motion(18946441, 0, 699.64453125, 745.29296875)
1787603652.903 [20:34:12.902946] {Default Queue} wl_touch#32.motion(18946441, 1, 905.53515625, 352.65625000)
1787603652.903 [20:34:12.902967] {Default Queue} wl_touch#55.motion(18946441, 1, 905.53515625, 352.65625000)
1787603652.903 [20:34:12.902978] {Default Queue} wl_touch#32.frame()
1787603652.903 [20:34:12.902991] {Default Queue} wl_touch#55.frame()
1787603652.912 [20:34:12.911751] {Default Queue} wl_touch#32.motion(18946450, 0, 696.64453125, 752.28906250)
1787603652.912 [20:34:12.911857] {Default Queue} wl_touch#55.motion(18946450, 0, 696.64453125, 752.28906250)
1787603652.912 [20:34:12.911874] {Default Queue} wl_touch#32.motion(18946450, 1, 907.53515625, 346.66406250)
1787603652.912 [20:34:12.911894] {Default Queue} wl_touch#55.motion(18946450, 1, 907.53515625, 346.66406250)
1787603652.912 [20:34:12.911906] {Default Queue} wl_touch#32.frame()
1787603652.912 [20:34:12.911917] {Default Queue} wl_touch#55.frame()
1787603652.921 [20:34:12.920663] {Default Queue} wl_touch#32.motion(18946459, 0, 694.64453125, 758.28125000)
1787603652.921 [20:34:12.920740] {Default Queue} wl_touch#55.motion(18946459, 0, 694.64453125, 758.28125000)
1787603652.921 [20:34:12.920785] {Default Queue} wl_touch#32.motion(18946459, 1, 909.53515625, 341.66796875)
1787603652.921 [20:34:12.920809] {Default Queue} wl_touch#55.motion(18946459, 1, 909.53515625, 341.66796875)
1787603652.921 [20:34:12.920821] {Default Queue} wl_touch#32.frame()
1787603652.921 [20:34:12.920833] {Default Queue} wl_touch#55.frame()
1787603652.930 [20:34:12.929654] {Default Queue} wl_touch#32.motion(18946468, 0, 690.64843750, 765.27734375)
1787603652.930 [20:34:12.929734] {Default Queue} wl_touch#55.motion(18946468, 0, 690.64843750, 765.27734375)
1787603652.930 [20:34:12.929751] {Default Queue} wl_touch#32.motion(18946468, 1, 910.53515625, 337.67187500)
1787603652.930 [20:34:12.929801] {Default Queue} wl_touch#55.motion(18946468, 1, 910.53515625, 337.67187500)
1787603652.930 [20:34:12.929814] {Default Queue} wl_touch#32.frame()
1787603652.930 [20:34:12.929825] {Default Queue} wl_touch#55.frame()
1787603652.939 [20:34:12.938662] {Default Queue} wl_touch#32.motion(18946477, 0, 687.64843750, 771.26953125)
1787603652.939 [20:34:12.938742] {Default Queue} wl_touch#55.motion(18946477, 0, 687.64843750, 771.26953125)
1787603652.939 [20:34:12.938779] {Default Queue} wl_touch#32.motion(18946477, 1, 912.53125000, 333.67578125)
1787603652.939 [20:34:12.938801] {Default Queue} wl_touch#55.motion(18946477, 1, 912.53125000, 333.67578125)
1787603652.939 [20:34:12.938813] {Default Queue} wl_touch#32.frame()
1787603652.939 [20:34:12.938825] {Default Queue} wl_touch#55.frame()
1787603652.964 [20:34:12.964264] {Default Queue} wl_touch#32.motion(18946487, 0, 684.65234375, 777.26562500)
1787603652.964 [20:34:12.964290] {Default Queue} wl_touch#55.motion(18946487, 0, 684.65234375, 777.26562500)
1787603652.964 [20:34:12.964301] {Default Queue} wl_touch#32.motion(18946487, 1, 913.53125000, 329.67968750)
1787603652.964 [20:34:12.964313] {Default Queue} wl_touch#55.motion(18946487, 1, 913.53125000, 329.67968750)
1787603652.964 [20:34:12.964323] {Default Queue} wl_touch#32.frame()
1787603652.964 [20:34:12.964331] {Default Queue} wl_touch#55.frame()
1787603652.964 [20:34:12.964339] {Default Queue} wl_touch#32.motion(18946496, 0, 681.65234375, 785.25781250)
1787603652.964 [20:34:12.964355] {Default Queue} wl_touch#55.motion(18946496, 0, 681.65234375, 785.25781250)
1787603652.964 [20:34:12.964364] {Default Queue} wl_touch#32.motion(18946496, 1, 915.53125000, 325.68359375)
1787603652.964 [20:34:12.964378] {Default Queue} wl_touch#55.motion(18946496, 1, 915.53125000, 325.68359375)
1787603652.964 [20:34:12.964386] {Default Queue} wl_touch#32.frame()
1787603652.965 [20:34:12.964392] {Default Queue} wl_touch#55.frame()
1787603652.966 [20:34:12.966022] {Default Queue} wl_touch#32.motion(18946505, 0, 678.65625000, 792.25000000)
1787603652.966 [20:34:12.966048] {Default Queue} wl_touch#55.motion(18946505, 0, 678.65625000, 792.25000000)
1787603652.966 [20:34:12.966054] {Default Queue} wl_touch#32.motion(18946505, 1, 917.53125000, 321.68750000)
1787603652.966 [20:34:12.966063] {Default Queue} wl_touch#55.motion(18946505, 1, 917.53125000, 321.68750000)
1787603652.966 [20:34:12.966068] {Default Queue} wl_touch#32.frame()
1787603652.966 [20:34:12.966072] {Default Queue} wl_touch#55.frame()
1787603652.975 [20:34:12.975161] {Default Queue} wl_touch#32.motion(18946514, 0, 674.65625000, 800.24218750)
1787603652.975 [20:34:12.975191] {Default Queue} wl_touch#55.motion(18946514, 0, 674.65625000, 800.24218750)
1787603652.975 [20:34:12.975196] {Default Queue} wl_touch#32.motion(18946514, 1, 918.53125000, 316.69140625)
1787603652.975 [20:34:12.975202] {Default Queue} wl_touch#55.motion(18946514, 1, 918.53125000, 316.69140625)
1787603652.975 [20:34:12.975206] {Default Queue} wl_touch#32.frame()
1787603652.975 [20:34:12.975210] {Default Queue} wl_touch#55.frame()
1787603652.984 [20:34:12.984102] {Default Queue} wl_touch#32.motion(18946523, 0, 670.66015625, 809.23437500)
1787603652.984 [20:34:12.984130] {Default Queue} wl_touch#55.motion(18946523, 0, 670.66015625, 809.23437500)
1787603652.984 [20:34:12.984135] {Default Queue} wl_touch#32.motion(18946523, 1, 922.52734375, 311.69531250)
1787603652.984 [20:34:12.984141] {Default Queue} wl_touch#55.motion(18946523, 1, 922.52734375, 311.69531250)
1787603652.984 [20:34:12.984146] {Default Queue} wl_touch#32.frame()
1787603652.984 [20:34:12.984150] {Default Queue} wl_touch#55.frame()
1787603652.993 [20:34:12.993222] {Default Queue} wl_touch#32.motion(18946532, 0, 666.66015625, 817.22656250)
1787603652.993 [20:34:12.993251] {Default Queue} wl_touch#55.motion(18946532, 0, 666.66015625, 817.22656250)
1787603652.993 [20:34:12.993257] {Default Queue} wl_touch#32.motion(18946532, 1, 931.52343750, 301.70312500)
1787603652.993 [20:34:12.993263] {Default Queue} wl_touch#55.motion(18946532, 1, 931.52343750, 301.70312500)
1787603652.993 [20:34:12.993267] {Default Queue} wl_touch#32.frame()
1787603652.993 [20:34:12.993271] {Default Queue} wl_touch#55.frame()
1787603653.002 [20:34:13.002149] {Default Queue} wl_touch#32.motion(18946541, 0, 663.66406250, 824.22265625)
1787603653.002 [20:34:13.002182] {Default Queue} wl_touch#55.motion(18946541, 0, 663.66406250, 824.22265625)
1787603653.002 [20:34:13.002187] {Default Queue} wl_touch#32.motion(18946541, 1, 940.51953125, 292.71484375)
1787603653.002 [20:34:13.002194] {Default Queue} wl_touch#55.motion(18946541, 1, 940.51953125, 292.71484375)
1787603653.002 [20:34:13.002198] {Default Queue} wl_touch#32.frame()
1787603653.002 [20:34:13.002203] {Default Queue} wl_touch#55.frame()
1787603653.011 [20:34:13.011185] {Default Queue} wl_touch#32.motion(18946550, 0, 660.66406250, 830.21484375)
1787603653.011 [20:34:13.011214] {Default Queue} wl_touch#55.motion(18946550, 0, 660.66406250, 830.21484375)
1787603653.011 [20:34:13.011219] {Default Queue} wl_touch#32.motion(18946550, 1, 948.51562500, 286.71875000)
1787603653.011 [20:34:13.011228] {Default Queue} wl_touch#55.motion(18946550, 1, 948.51562500, 286.71875000)
1787603653.011 [20:34:13.011232] {Default Queue} wl_touch#32.frame()
1787603653.011 [20:34:13.011235] {Default Queue} wl_touch#55.frame()
1787603653.020 [20:34:13.020248] {Default Queue} wl_touch#32.motion(18946559, 0, 657.66406250, 836.21093750)
1787603653.020 [20:34:13.020295] {Default Queue} wl_touch#55.motion(18946559, 0, 657.66406250, 836.21093750)
1787603653.020 [20:34:13.020302] {Default Queue} wl_touch#32.motion(18946559, 1, 953.51171875, 280.72265625)
1787603653.020 [20:34:13.020310] {Default Queue} wl_touch#55.motion(18946559, 1, 953.51171875, 280.72265625)
1787603653.020 [20:34:13.020315] {Default Queue} wl_touch#32.frame()
1787603653.020 [20:34:13.020319] {Default Queue} wl_touch#55.frame()
1787603653.032 [20:34:13.031711] {Default Queue} wl_touch#32.motion(18946569, 0, 656.66406250, 841.20703125)
1787603653.032 [20:34:13.031789] {Default Queue} wl_touch#55.motion(18946569, 0, 656.66406250, 841.20703125)
1787603653.032 [20:34:13.031810] {Default Queue} wl_touch#32.motion(18946569, 1, 959.50781250, 274.73046875)
1787603653.032 [20:34:13.031839] {Default Queue} wl_touch#55.motion(18946569, 1, 959.50781250, 274.73046875)
1787603653.032 [20:34:13.031848] {Default Queue} wl_touch#32.frame()
1787603653.032 [20:34:13.031857] {Default Queue} wl_touch#55.frame()
1787603653.040 [20:34:13.039433] {Default Queue} wl_touch#32.motion(18946578, 0, 655.66796875, 845.20312500)
1787603653.040 [20:34:13.039494] {Default Queue} wl_touch#55.motion(18946578, 0, 655.66796875, 845.20312500)
1787603653.040 [20:34:13.039508] {Default Queue} wl_touch#32.motion(18946578, 1, 965.50390625, 270.73437500)
1787603653.040 [20:34:13.039524] {Default Queue} wl_touch#55.motion(18946578, 1, 965.50390625, 270.73437500)
1787603653.040 [20:34:13.039534] {Default Queue} wl_touch#32.frame()
1787603653.040 [20:34:13.039543] {Default Queue} wl_touch#55.frame()
1787603653.049 [20:34:13.048634] {Default Queue} wl_touch#32.motion(18946587, 0, 654.66796875, 848.19921875)
1787603653.049 [20:34:13.048680] {Default Queue} wl_touch#55.motion(18946587, 0, 654.66796875, 848.19921875)
1787603653.049 [20:34:13.048694] {Default Queue} wl_touch#32.motion(18946587, 1, 971.50000000, 266.73828125)
1787603653.049 [20:34:13.048720] {Default Queue} wl_touch#55.motion(18946587, 1, 971.50000000, 266.73828125)
1787603653.049 [20:34:13.048745] {Default Queue} wl_touch#32.frame()
1787603653.049 [20:34:13.048782] {Default Queue} wl_touch#55.frame()
1787603653.058 [20:34:13.057641] {Default Queue} wl_touch#32.motion(18946596, 0, 653.66796875, 851.19531250)
1787603653.058 [20:34:13.057717] {Default Queue} wl_touch#55.motion(18946596, 0, 653.66796875, 851.19531250)
1787603653.058 [20:34:13.057733] {Default Queue} wl_touch#32.motion(18946596, 1, 975.50000000, 262.74218750)
1787603653.058 [20:34:13.057754] {Default Queue} wl_touch#55.motion(18946596, 1, 975.50000000, 262.74218750)
1787603653.058 [20:34:13.057786] {Default Queue} wl_touch#32.frame()
1787603653.058 [20:34:13.057798] {Default Queue} wl_touch#55.frame()
1787603653.068 [20:34:13.067865] {Default Queue} wl_touch#32.motion(18946605, 0, 653.66796875, 853.19531250)
1787603653.068 [20:34:13.067960] {Default Queue} wl_touch#55.motion(18946605, 0, 653.66796875, 853.19531250)
1787603653.068 [20:34:13.067987] {Default Queue} wl_touch#32.motion(18946605, 1, 978.50000000, 260.74218750)
1787603653.068 [20:34:13.068019] {Default Queue} wl_touch#55.motion(18946605, 1, 978.50000000, 260.74218750)
1787603653.068 [20:34:13.068039] {Default Queue} wl_touch#32.frame()
1787603653.068 [20:34:13.068054] {Default Queue} wl_touch#55.frame()
1787603653.076 [20:34:13.075531] {Default Queue} wl_touch#32.motion(18946614, 0, 652.66796875, 855.19140625)
1787603653.076 [20:34:13.075608] {Default Queue} wl_touch#55.motion(18946614, 0, 652.66796875, 855.19140625)
1787603653.076 [20:34:13.075624] {Default Queue} wl_touch#32.motion(18946614, 1, 981.49609375, 258.74609375)
1787603653.076 [20:34:13.075645] {Default Queue} wl_touch#55.motion(18946614, 1, 981.49609375, 258.74609375)
1787603653.076 [20:34:13.075657] {Default Queue} wl_touch#32.frame()
1787603653.076 [20:34:13.075669] {Default Queue} wl_touch#55.frame()
1787603653.085 [20:34:13.084490] {Default Queue} wl_touch#32.motion(18946623, 1, 983.49609375, 257.74609375)
1787603653.085 [20:34:13.084579] {Default Queue} wl_touch#55.motion(18946623, 1, 983.49609375, 257.74609375)
1787603653.085 [20:34:13.084612] {Default Queue} wl_touch#32.frame()
1787603653.085 [20:34:13.084630] {Default Queue} wl_touch#55.frame()
1787603653.094 [20:34:13.093627] {Default Queue} wl_touch#32.motion(18946632, 0, 652.66796875, 856.19140625)
1787603653.094 [20:34:13.093715] {Default Queue} wl_touch#55.motion(18946632, 0, 652.66796875, 856.19140625)
1787603653.094 [20:34:13.093743] {Default Queue} wl_touch#32.motion(18946632, 1, 985.49609375, 256.74609375)
1787603653.094 [20:34:13.093809] {Default Queue} wl_touch#55.motion(18946632, 1, 985.49609375, 256.74609375)
1787603653.094 [20:34:13.093822] {Default Queue} wl_touch#32.frame()
1787603653.094 [20:34:13.093834] {Default Queue} wl_touch#55.frame()
1787603653.104 [20:34:13.103487] {Default Queue} wl_touch#32.motion(18946642, 0, 652.66796875, 857.19140625)
1787603653.104 [20:34:13.103558] {Default Queue} wl_touch#55.motion(18946642, 0, 652.66796875, 857.19140625)
1787603653.104 [20:34:13.103575] {Default Queue} wl_touch#32.motion(18946642, 1, 986.49609375, 255.74609375)
1787603653.104 [20:34:13.103600] {Default Queue} wl_touch#55.motion(18946642, 1, 986.49609375, 255.74609375)
1787603653.104 [20:34:13.103613] {Default Queue} wl_touch#32.frame()
1787603653.104 [20:34:13.103625] {Default Queue} wl_touch#55.frame()
1787603653.113 [20:34:13.112548] {Default Queue} wl_touch#32.motion(18946651, 0, 652.66796875, 858.19140625)
1787603653.113 [20:34:13.112620] {Default Queue} wl_touch#55.motion(18946651, 0, 652.66796875, 858.19140625)
1787603653.113 [20:34:13.112637] {Default Queue} wl_touch#32.frame()
1787603653.113 [20:34:13.112649] {Default Queue} wl_touch#55.frame()
1787603653.134 [20:34:13.133892] {Default Queue} wl_touch#32.motion(18946669, 1, 986.49609375, 256.74609375)
1787603653.134 [20:34:13.133994] {Default Queue} wl_touch#55.motion(18946669, 1, 986.49609375, 256.74609375)
1787603653.134 [20:34:13.134023] {Default Queue} wl_touch#32.frame()
1787603653.134 [20:34:13.134046] {Default Queue} wl_touch#55.frame()
1787603653.140 [20:34:13.139579] {Default Queue} wl_touch#32.motion(18946678, 1, 986.49609375, 258.74609375)
1787603653.140 [20:34:13.139648] {Default Queue} wl_touch#55.motion(18946678, 1, 986.49609375, 258.74609375)
1787603653.140 [20:34:13.139665] {Default Queue} wl_touch#32.frame()
1787603653.140 [20:34:13.139676] {Default Queue} wl_touch#55.frame()
1787603653.151 [20:34:13.150953] {Default Queue} wl_touch#32.motion(18946687, 0, 652.66796875, 856.19140625)
1787603653.151 [20:34:13.151026] {Default Queue} wl_touch#55.motion(18946687, 0, 652.66796875, 856.19140625)
1787603653.151 [20:34:13.151044] {Default Queue} wl_touch#32.motion(18946687, 1, 983.49609375, 260.74218750)
1787603653.151 [20:34:13.151066] {Default Queue} wl_touch#55.motion(18946687, 1, 983.49609375, 260.74218750)
1787603653.151 [20:34:13.151080] {Default Queue} wl_touch#32.frame()
1787603653.151 [20:34:13.151094] {Default Queue} wl_touch#55.frame()
1787603653.158 [20:34:13.157608] {Default Queue} wl_touch#32.motion(18946696, 0, 653.66796875, 854.19140625)
1787603653.158 [20:34:13.157681] {Default Queue} wl_touch#55.motion(18946696, 0, 653.66796875, 854.19140625)
1787603653.158 [20:34:13.157698] {Default Queue} wl_touch#32.motion(18946696, 1, 979.49609375, 264.73828125)
1787603653.158 [20:34:13.157718] {Default Queue} wl_touch#55.motion(18946696, 1, 979.49609375, 264.73828125)
1787603653.158 [20:34:13.157733] {Default Queue} wl_touch#32.frame()
1787603653.158 [20:34:13.157744] {Default Queue} wl_touch#55.frame()
1787603653.167 [20:34:13.166519] {Default Queue} wl_touch#32.motion(18946705, 0, 655.66796875, 851.19531250)
1787603653.167 [20:34:13.166599] {Default Queue} wl_touch#55.motion(18946705, 0, 655.66796875, 851.19531250)
1787603653.167 [20:34:13.166617] {Default Queue} wl_touch#32.motion(18946705, 1, 974.50000000, 269.73437500)
1787603653.167 [20:34:13.166639] {Default Queue} wl_touch#55.motion(18946705, 1, 974.50000000, 269.73437500)
1787603653.167 [20:34:13.166652] {Default Queue} wl_touch#32.frame()
1787603653.167 [20:34:13.166665] {Default Queue} wl_touch#55.frame()
1787603653.177 [20:34:13.176914] {Default Queue} wl_touch#32.motion(18946715, 0, 657.66406250, 847.19921875)
1787603653.177 [20:34:13.176989] {Default Queue} wl_touch#55.motion(18946715, 0, 657.66406250, 847.19921875)
1787603653.177 [20:34:13.177006] {Default Queue} wl_touch#32.motion(18946715, 1, 969.50390625, 274.73046875)
1787603653.177 [20:34:13.177026] {Default Queue} wl_touch#55.motion(18946715, 1, 969.50390625, 274.73046875)
1787603653.177 [20:34:13.177038] {Default Queue} wl_touch#32.frame()
1787603653.177 [20:34:13.177049] {Default Queue} wl_touch#55.frame()
1787603653.186 [20:34:13.185560] {Default Queue} wl_touch#32.motion(18946724, 0, 659.66406250, 844.20312500)
1787603653.186 [20:34:13.185648] {Default Queue} wl_touch#55.motion(18946724, 0, 659.66406250, 844.20312500)
1787603653.186 [20:34:13.185674] {Default Queue} wl_touch#32.motion(18946724, 1, 965.50390625, 280.72265625)
1787603653.186 [20:34:13.185709] {Default Queue} wl_touch#55.motion(18946724, 1, 965.50390625, 280.72265625)
1787603653.186 [20:34:13.185730] {Default Queue} wl_touch#32.frame()
1787603653.186 [20:34:13.185747] {Default Queue} wl_touch#55.frame()
1787603653.195 [20:34:13.194553] {Default Queue} wl_touch#32.motion(18946733, 0, 660.66406250, 841.20703125)
1787603653.195 [20:34:13.194629] {Default Queue} wl_touch#55.motion(18946733, 0, 660.66406250, 841.20703125)
1787603653.195 [20:34:13.194646] {Default Queue} wl_touch#32.motion(18946733, 1, 961.50781250, 286.71875000)
1787603653.195 [20:34:13.194669] {Default Queue} wl_touch#55.motion(18946733, 1, 961.50781250, 286.71875000)
1787603653.195 [20:34:13.194682] {Default Queue} wl_touch#32.frame()
1787603653.195 [20:34:13.194693] {Default Queue} wl_touch#55.frame()
1787603653.204 [20:34:13.203637] {Default Queue} wl_touch#32.motion(18946742, 0, 664.66015625, 838.20703125)
1787603653.204 [20:34:13.203722] {Default Queue} wl_touch#55.motion(18946742, 0, 664.66015625, 838.20703125)
1787603653.204 [20:34:13.203746] {Default Queue} wl_touch#32.motion(18946742, 1, 957.50781250, 292.71484375)
1787603653.204 [20:34:13.203813] {Default Queue} wl_touch#55.motion(18946742, 1, 957.50781250, 292.71484375)
1787603653.204 [20:34:13.203832] {Default Queue} wl_touch#32.frame()
1787603653.204 [20:34:13.203848] {Default Queue} wl_touch#55.frame()
1787603653.213 [20:34:13.212528] {Default Queue} wl_touch#32.motion(18946751, 0, 667.66015625, 834.21093750)
1787603653.213 [20:34:13.212598] {Default Queue} wl_touch#55.motion(18946751, 0, 667.66015625, 834.21093750)
1787603653.213 [20:34:13.212615] {Default Queue} wl_touch#32.motion(18946751, 1, 952.51171875, 298.70703125)
1787603653.213 [20:34:13.212634] {Default Queue} wl_touch#55.motion(18946751, 1, 952.51171875, 298.70703125)
1787603653.213 [20:34:13.212681] {Default Queue} wl_touch#32.frame()
1787603653.213 [20:34:13.212693] {Default Queue} wl_touch#55.frame()
1787603653.222 [20:34:13.221432] {Default Queue} wl_touch#32.motion(18946760, 0, 669.66015625, 830.21484375)
1787603653.222 [20:34:13.221493] {Default Queue} wl_touch#55.motion(18946760, 0, 669.66015625, 830.21484375)
1787603653.222 [20:34:13.221508] {Default Queue} wl_touch#32.motion(18946760, 1, 948.51562500, 304.70312500)
1787603653.222 [20:34:13.221528] {Default Queue} wl_touch#55.motion(18946760, 1, 948.51562500, 304.70312500)
1787603653.222 [20:34:13.221540] {Default Queue} wl_touch#32.frame()
1787603653.222 [20:34:13.221551] {Default Queue} wl_touch#55.frame()
1787603653.232 [20:34:13.232254] {Default Queue} wl_touch#32.motion(18946769, 0, 673.65625000, 826.21875000)
1787603653.233 [20:34:13.232319] {Default Queue} wl_touch#55.motion(18946769, 0, 673.65625000, 826.21875000)
1787603653.233 [20:34:13.232338] {Default Queue} wl_touch#32.motion(18946769, 1, 943.51562500, 311.69531250)
1787603653.233 [20:34:13.232371] {Default Queue} wl_touch#55.motion(18946769, 1, 943.51562500, 311.69531250)
1787603653.233 [20:34:13.232389] {Default Queue} wl_touch#32.frame()
1787603653.233 [20:34:13.232404] {Default Queue} wl_touch#55.frame()
1787603653.240 [20:34:13.239813] {Default Queue} wl_touch#32.motion(18946778, 0, 678.65625000, 821.22265625)
1787603653.240 [20:34:13.239890] {Default Queue} wl_touch#55.motion(18946778, 0, 678.65625000, 821.22265625)
1787603653.240 [20:34:13.239907] {Default Queue} wl_touch#32.motion(18946778, 1, 938.51953125, 320.68750000)
1787603653.240 [20:34:13.239927] {Default Queue} wl_touch#55.motion(18946778, 1, 938.51953125, 320.68750000)
1787603653.240 [20:34:13.239939] {Default Queue} wl_touch#32.frame()
1787603653.240 [20:34:13.239951] {Default Queue} wl_touch#55.frame()
1787603653.250 [20:34:13.249337] {Default Queue} wl_touch#32.motion(18946788, 0, 682.65234375, 814.23046875)
1787603653.250 [20:34:13.249399] {Default Queue} wl_touch#55.motion(18946788, 0, 682.65234375, 814.23046875)
1787603653.250 [20:34:13.249415] {Default Queue} wl_touch#32.motion(18946788, 1, 933.52343750, 330.67968750)
1787603653.250 [20:34:13.249436] {Default Queue} wl_touch#55.motion(18946788, 1, 933.52343750, 330.67968750)
1787603653.250 [20:34:13.249448] {Default Queue} wl_touch#32.frame()
1787603653.250 [20:34:13.249459] {Default Queue} wl_touch#55.frame()
1787603653.259 [20:34:13.258519] {Default Queue} wl_touch#32.motion(18946797, 0, 687.64843750, 808.23437500)
1787603653.259 [20:34:13.258592] {Default Queue} wl_touch#55.motion(18946797, 0, 687.64843750, 808.23437500)
1787603653.259 [20:34:13.258608] {Default Queue} wl_touch#32.motion(18946797, 1, 927.52343750, 341.66796875)
1787603653.259 [20:34:13.258628] {Default Queue} wl_touch#55.motion(18946797, 1, 927.52343750, 341.66796875)
1787603653.259 [20:34:13.258640] {Default Queue} wl_touch#32.frame()
1787603653.259 [20:34:13.258651] {Default Queue} wl_touch#55.frame()
1787603653.268 [20:34:13.267577] {Default Queue} wl_touch#32.motion(18946806, 0, 693.64843750, 802.24218750)
1787603653.268 [20:34:13.267652] {Default Queue} wl_touch#55.motion(18946806, 0, 693.64843750, 802.24218750)
1787603653.268 [20:34:13.267669] {Default Queue} wl_touch#32.motion(18946806, 1, 921.52734375, 353.65625000)
1787603653.268 [20:34:13.267711] {Default Queue} wl_touch#55.motion(18946806, 1, 921.52734375, 353.65625000)
1787603653.268 [20:34:13.267733] {Default Queue} wl_touch#32.frame()
1787603653.268 [20:34:13.267748] {Default Queue} wl_touch#55.frame()
1787603653.277 [20:34:13.276535] {Default Queue} wl_touch#32.motion(18946815, 0, 699.64453125, 796.24609375)
1787603653.277 [20:34:13.276610] {Default Queue} wl_touch#55.motion(18946815, 0, 699.64453125, 796.24609375)
1787603653.277 [20:34:13.276626] {Default Queue} wl_touch#32.motion(18946815, 1, 915.53125000, 365.64453125)
1787603653.277 [20:34:13.276646] {Default Queue} wl_touch#55.motion(18946815, 1, 915.53125000, 365.64453125)
1787603653.277 [20:34:13.276658] {Default Queue} wl_touch#32.frame()
1787603653.277 [20:34:13.276670] {Default Queue} wl_touch#55.frame()
1787603653.286 [20:34:13.285669] {Default Queue} wl_touch#32.motion(18946824, 0, 703.64062500, 790.25390625)
1787603653.286 [20:34:13.285756] {Default Queue} wl_touch#55.motion(18946824, 0, 703.64062500, 790.25390625)
1787603653.286 [20:34:13.285817] {Default Queue} wl_touch#32.motion(18946824, 1, 909.53515625, 376.63671875)
1787603653.286 [20:34:13.285851] {Default Queue} wl_touch#55.motion(18946824, 1, 909.53515625, 376.63671875)
1787603653.286 [20:34:13.285866] {Default Queue} wl_touch#32.frame()
1787603653.286 [20:34:13.285884] {Default Queue} wl_touch#55.frame()
1787603653.295 [20:34:13.294726] {Default Queue} wl_touch#32.motion(18946833, 0, 708.64062500, 785.25781250)
1787603653.295 [20:34:13.294863] {Default Queue} wl_touch#55.motion(18946833, 0, 708.64062500, 785.25781250)
1787603653.295 [20:34:13.294880] {Default Queue} wl_touch#32.motion(18946833, 1, 902.53906250, 387.62500000)
1787603653.295 [20:34:13.294901] {Default Queue} wl_touch#55.motion(18946833, 1, 902.53906250, 387.62500000)
1787603653.295 [20:34:13.294914] {Default Queue} wl_touch#32.frame()
1787603653.295 [20:34:13.294927] {Default Queue} wl_touch#55.frame()
1787603653.304 [20:34:13.303476] {Default Queue} wl_touch#32.motion(18946842, 0, 711.63671875, 780.26171875)
1787603653.304 [20:34:13.303555] {Default Queue} wl_touch#55.motion(18946842, 0, 711.63671875, 780.26171875)
1787603653.304 [20:34:13.303574] {Default Queue} wl_touch#32.motion(18946842, 1, 896.53906250, 396.61718750)
1787603653.304 [20:34:13.303595] {Default Queue} wl_touch#55.motion(18946842, 1, 896.53906250, 396.61718750)
1787603653.304 [20:34:13.303608] {Default Queue} wl_touch#32.frame()
1787603653.304 [20:34:13.303622] {Default Queue} wl_touch#55.frame()
1787603653.313 [20:34:13.312614] {Default Queue} wl_touch#32.motion(18946851, 0, 715.63671875, 775.26562500)
1787603653.313 [20:34:13.312720] {Default Queue} wl_touch#55.motion(18946851, 0, 715.63671875, 775.26562500)
1787603653.313 [20:34:13.312737] {Default Queue} wl_touch#32.motion(18946851, 1, 892.54296875, 405.60937500)
1787603653.313 [20:34:13.312756] {Default Queue} wl_touch#55.motion(18946851, 1, 892.54296875, 405.60937500)
1787603653.313 [20:34:13.312796] {Default Queue} wl_touch#32.frame()
1787603653.313 [20:34:13.312808] {Default Queue} wl_touch#55.frame()
1787603653.323 [20:34:13.322454] {Default Queue} wl_touch#32.motion(18946861, 0, 719.63281250, 769.27343750)
1787603653.323 [20:34:13.322523] {Default Queue} wl_touch#55.motion(18946861, 0, 719.63281250, 769.27343750)
1787603653.323 [20:34:13.322540] {Default Queue} wl_touch#32.motion(18946861, 1, 887.54687500, 413.60156250)
1787603653.323 [20:34:13.322561] {Default Queue} wl_touch#55.motion(18946861, 1, 887.54687500, 413.60156250)
1787603653.323 [20:34:13.322573] {Default Queue} wl_touch#32.frame()
1787603653.323 [20:34:13.322585] {Default Queue} wl_touch#55.frame()
1787603653.332 [20:34:13.331917] {Default Queue} wl_touch#32.motion(18946870, 0, 724.62890625, 764.27734375)
1787603653.332 [20:34:13.331978] {Default Queue} wl_touch#55.motion(18946870, 0, 724.62890625, 764.27734375)
1787603653.332 [20:34:13.331995] {Default Queue} wl_touch#32.motion(18946870, 1, 882.54687500, 422.59375000)
1787603653.332 [20:34:13.332019] {Default Queue} wl_touch#55.motion(18946870, 1, 882.54687500, 422.59375000)
1787603653.332 [20:34:13.332032] {Default Queue} wl_touch#32.frame()
1787603653.332 [20:34:13.332053] {Default Queue} wl_touch#55.frame()
1787603653.341 [20:34:13.340536] {Default Queue} wl_touch#32.motion(18946879, 0, 728.62890625, 758.28125000)
1787603653.341 [20:34:13.340610] {Default Queue} wl_touch#55.motion(18946879, 0, 728.62890625, 758.28125000)
1787603653.341 [20:34:13.340626] {Default Queue} wl_touch#32.motion(18946879, 1, 877.55078125, 432.58203125)
1787603653.341 [20:34:13.340646] {Default Queue} wl_touch#55.motion(18946879, 1, 877.55078125, 432.58203125)
1787603653.341 [20:34:13.340658] {Default Queue} wl_touch#32.frame()
1787603653.341 [20:34:13.340669] {Default Queue} wl_touch#55.frame()
1787603653.350 [20:34:13.349748] {Default Queue} wl_touch#32.motion(18946888, 0, 733.62500000, 753.28515625)
1787603653.350 [20:34:13.349843] {Default Queue} wl_touch#55.motion(18946888, 0, 733.62500000, 753.28515625)
1787603653.350 [20:34:13.349861] {Default Queue} wl_touch#32.motion(18946888, 1, 872.55468750, 442.57421875)
1787603653.350 [20:34:13.349883] {Default Queue} wl_touch#55.motion(18946888, 1, 872.55468750, 442.57421875)
1787603653.350 [20:34:13.349898] {Default Queue} wl_touch#32.frame()
1787603653.350 [20:34:13.349911] {Default Queue} wl_touch#55.frame()
1787603653.360 [20:34:13.359502] {Default Queue} wl_touch#32.motion(18946898, 0, 735.62500000, 750.28906250)
1787603653.360 [20:34:13.359580] {Default Queue} wl_touch#55.motion(18946898, 0, 735.62500000, 750.28906250)
1787603653.360 [20:34:13.359597] {Default Queue} wl_touch#32.motion(18946898, 1, 870.55468750, 446.57031250)
1787603653.360 [20:34:13.359617] {Default Queue} wl_touch#55.motion(18946898, 1, 870.55468750, 446.57031250)
1787603653.360 [20:34:13.359630] {Default Queue} wl_touch#32.frame()
1787603653.360 [20:34:13.359641] {Default Queue} wl_touch#55.frame()
1787603653.370 [20:34:13.369526] {Default Queue} wl_touch#32.motion(18946908, 0, 738.62500000, 747.29296875)
1787603653.370 [20:34:13.369598] {Default Queue} wl_touch#55.motion(18946908, 0, 738.62500000, 747.29296875)
1787603653.370 [20:34:13.369618] {Default Queue} wl_touch#32.motion(18946908, 1, 867.55468750, 452.56640625)
1787603653.370 [20:34:13.369639] {Default Queue} wl_touch#55.motion(18946908, 1, 867.55468750, 452.56640625)
1787603653.370 [20:34:13.369654] {Default Queue} wl_touch#32.frame()
1787603653.370 [20:34:13.369675] {Default Queue} wl_touch#55.frame()
1787603653.380 [20:34:13.379533] {Default Queue} wl_touch#32.motion(18946918, 0, 742.62109375, 743.29687500)
1787603653.380 [20:34:13.379611] {Default Queue} wl_touch#55.motion(18946918, 0, 742.62109375, 743.29687500)
1787603653.380 [20:34:13.379628] {Default Queue} wl_touch#32.motion(18946918, 1, 865.55859375, 458.55859375)
1787603653.380 [20:34:13.379648] {Default Queue} wl_touch#55.motion(18946918, 1, 865.55859375, 458.55859375)
1787603653.380 [20:34:13.379660] {Default Queue} wl_touch#32.frame()
1787603653.380 [20:34:13.379671] {Default Queue} wl_touch#55.frame()
1787603653.390 [20:34:13.389564] {Default Queue} wl_touch#32.motion(18946928, 0, 745.62109375, 739.30078125)
1787603653.390 [20:34:13.389640] {Default Queue} wl_touch#55.motion(18946928, 0, 745.62109375, 739.30078125)
1787603653.390 [20:34:13.389657] {Default Queue} wl_touch#32.motion(18946928, 1, 863.55859375, 463.55468750)
1787603653.390 [20:34:13.389677] {Default Queue} wl_touch#55.motion(18946928, 1, 863.55859375, 463.55468750)
1787603653.390 [20:34:13.389689] {Default Queue} wl_touch#32.frame()
1787603653.390 [20:34:13.389700] {Default Queue} wl_touch#55.frame()
1787603653.399 [20:34:13.398861] {Default Queue} wl_touch#32.motion(18946937, 0, 748.61718750, 735.30468750)
1787603653.399 [20:34:13.398907] {Default Queue} wl_touch#55.motion(18946937, 0, 748.61718750, 735.30468750)
1787603653.399 [20:34:13.398920] {Default Queue} wl_touch#32.motion(18946937, 1, 862.55859375, 468.55078125)
1787603653.399 [20:34:13.398943] {Default Queue} wl_touch#55.motion(18946937, 1, 862.55859375, 468.55078125)
1787603653.399 [20:34:13.398970] {Default Queue} wl_touch#32.frame()
1787603653.399 [20:34:13.398983] {Default Queue} wl_touch#55.frame()
1787603653.409 [20:34:13.408565] {Default Queue} wl_touch#32.motion(18946947, 0, 751.61718750, 730.30859375)
1787603653.409 [20:34:13.408637] {Default Queue} wl_touch#55.motion(18946947, 0, 751.61718750, 730.30859375)
1787603653.409 [20:34:13.408653] {Default Queue} wl_touch#32.motion(18946947, 1, 859.55859375, 473.54687500)
1787603653.409 [20:34:13.408673] {Default Queue} wl_touch#55.motion(18946947, 1, 859.55859375, 473.54687500)
1787603653.409 [20:34:13.408685] {Default Queue} wl_touch#32.frame()
1787603653.409 [20:34:13.408697] {Default Queue} wl_touch#55.frame()
1787603653.419 [20:34:13.418588] {Default Queue} wl_touch#32.motion(18946957, 0, 755.61328125, 725.31250000)
1787603653.419 [20:34:13.418663] {Default Queue} wl_touch#55.motion(18946957, 0, 755.61328125, 725.31250000)
1787603653.419 [20:34:13.418681] {Default Queue} wl_touch#32.motion(18946957, 1, 858.56250000, 477.54296875)
1787603653.419 [20:34:13.418702] {Default Queue} wl_touch#55.motion(18946957, 1, 858.56250000, 477.54296875)
1787603653.419 [20:34:13.418716] {Default Queue} wl_touch#32.frame()
1787603653.419 [20:34:13.418727] {Default Queue} wl_touch#55.frame()
1787603653.429 [20:34:13.428555] {Default Queue} wl_touch#32.motion(18946967, 0, 759.61328125, 720.31640625)
1787603653.429 [20:34:13.428635] {Default Queue} wl_touch#55.motion(18946967, 0, 759.61328125, 720.31640625)
1787603653.429 [20:34:13.428651] {Default Queue} wl_touch#32.motion(18946967, 1, 855.56250000, 481.53906250)
1787603653.429 [20:34:13.428672] {Default Queue} wl_touch#55.motion(18946967, 1, 855.56250000, 481.53906250)
1787603653.429 [20:34:13.428684] {Default Queue} wl_touch#32.frame()
1787603653.429 [20:34:13.428696] {Default Queue} wl_touch#55.frame()
1787603653.439 [20:34:13.438631] {Default Queue} wl_touch#32.motion(18946977, 0, 763.60937500, 715.32031250)
1787603653.439 [20:34:13.438712] {Default Queue} wl_touch#55.motion(18946977, 0, 763.60937500, 715.32031250)
1787603653.439 [20:34:13.438729] {Default Queue} wl_touch#32.motion(18946977, 1, 853.56250000, 485.53515625)
1787603653.439 [20:34:13.438751] {Default Queue} wl_touch#55.motion(18946977, 1, 853.56250000, 485.53515625)
1787603653.439 [20:34:13.438791] {Default Queue} wl_touch#32.frame()
1787603653.439 [20:34:13.438803] {Default Queue} wl_touch#55.frame()
1787603653.449 [20:34:13.448567] {Default Queue} wl_touch#32.motion(18946987, 0, 768.60937500, 708.32812500)
1787603653.449 [20:34:13.448645] {Default Queue} wl_touch#55.motion(18946987, 0, 768.60937500, 708.32812500)
1787603653.449 [20:34:13.448667] {Default Queue} wl_touch#32.motion(18946987, 1, 850.56640625, 490.53125000)
1787603653.449 [20:34:13.448698] {Default Queue} wl_touch#55.motion(18946987, 1, 850.56640625, 490.53125000)
1787603653.449 [20:34:13.448718] {Default Queue} wl_touch#32.frame()
1787603653.449 [20:34:13.448737] {Default Queue} wl_touch#55.frame()
1787603653.459 [20:34:13.458662] {Default Queue} wl_touch#32.motion(18946997, 0, 772.60546875, 703.33203125)
1787603653.459 [20:34:13.458807] {Default Queue} wl_touch#55.motion(18946997, 0, 772.60546875, 703.33203125)
1787603653.459 [20:34:13.458833] {Default Queue} wl_touch#32.motion(18946997, 1, 848.56640625, 495.52343750)
1787603653.459 [20:34:13.458890] {Default Queue} wl_touch#55.motion(18946997, 1, 848.56640625, 495.52343750)
1787603653.459 [20:34:13.458907] {Default Queue} wl_touch#32.frame()
1787603653.459 [20:34:13.458921] {Default Queue} wl_touch#55.frame()
1787603653.468 [20:34:13.467533] {Default Queue} wl_touch#32.motion(18947006, 0, 777.60156250, 697.33984375)
1787603653.468 [20:34:13.467605] {Default Queue} wl_touch#55.motion(18947006, 0, 777.60156250, 697.33984375)
1787603653.468 [20:34:13.467621] {Default Queue} wl_touch#32.motion(18947006, 1, 845.56640625, 503.51953125)
1787603653.468 [20:34:13.467642] {Default Queue} wl_touch#55.motion(18947006, 1, 845.56640625, 503.51953125)
1787603653.468 [20:34:13.467654] {Default Queue} wl_touch#32.frame()
1787603653.468 [20:34:13.467666] {Default Queue} wl_touch#55.frame()
1787603653.478 [20:34:13.477668] {Default Queue} wl_touch#32.motion(18947016, 0, 781.60156250, 691.34375000)
1787603653.478 [20:34:13.477792] {Default Queue} wl_touch#55.motion(18947016, 0, 781.60156250, 691.34375000)
1787603653.478 [20:34:13.477813] {Default Queue} wl_touch#32.motion(18947016, 1, 844.56640625, 509.51171875)
1787603653.478 [20:34:13.477838] {Default Queue} wl_touch#55.motion(18947016, 1, 844.56640625, 509.51171875)
1787603653.478 [20:34:13.477852] {Default Queue} wl_touch#32.frame()
1787603653.478 [20:34:13.477876] {Default Queue} wl_touch#55.frame()
1787603653.488 [20:34:13.487614] {Default Queue} wl_touch#32.motion(18947026, 0, 785.59765625, 686.34765625)
1787603653.488 [20:34:13.487690] {Default Queue} wl_touch#55.motion(18947026, 0, 785.59765625, 686.34765625)
1787603653.488 [20:34:13.487706] {Default Queue} wl_touch#32.motion(18947026, 1, 842.57031250, 514.50781250)
1787603653.488 [20:34:13.487727] {Default Queue} wl_touch#55.motion(18947026, 1, 842.57031250, 514.50781250)
1787603653.488 [20:34:13.487741] {Default Queue} wl_touch#32.frame()
1787603653.488 [20:34:13.487755] {Default Queue} wl_touch#55.frame()
1787603653.499 [20:34:13.498801] {Default Queue} wl_touch#32.motion(18947036, 0, 789.59765625, 681.35156250)
1787603653.499 [20:34:13.498896] {Default Queue} wl_touch#55.motion(18947036, 0, 789.59765625, 681.35156250)
1787603653.499 [20:34:13.498920] {Default Queue} wl_touch#32.motion(18947036, 1, 840.57031250, 518.50390625)
1787603653.499 [20:34:13.498954] {Default Queue} wl_touch#55.motion(18947036, 1, 840.57031250, 518.50390625)
1787603653.499 [20:34:13.498982] {Default Queue} wl_touch#32.frame()
1787603653.499 [20:34:13.499007] {Default Queue} wl_touch#55.frame()
1787603653.508 [20:34:13.507427] {Default Queue} wl_touch#32.motion(18947046, 0, 791.59375000, 676.35937500)
1787603653.508 [20:34:13.507495] {Default Queue} wl_touch#55.motion(18947046, 0, 791.59375000, 676.35937500)
1787603653.508 [20:34:13.507515] {Default Queue} wl_touch#32.motion(18947046, 1, 839.57031250, 521.50000000)
1787603653.508 [20:34:13.507537] {Default Queue} wl_touch#55.motion(18947046, 1, 839.57031250, 521.50000000)
1787603653.508 [20:34:13.507552] {Default Queue} wl_touch#32.frame()
1787603653.508 [20:34:13.507564] {Default Queue} wl_touch#55.frame()
1787603653.518 [20:34:13.517477] {Default Queue} wl_touch#32.motion(18947056, 0, 793.59375000, 671.36328125)
1787603653.518 [20:34:13.517556] {Default Queue} wl_touch#55.motion(18947056, 0, 793.59375000, 671.36328125)
1787603653.518 [20:34:13.517575] {Default Queue} wl_touch#32.motion(18947056, 1, 838.57031250, 524.50000000)
1787603653.518 [20:34:13.517621] {Default Queue} wl_touch#55.motion(18947056, 1, 838.57031250, 524.50000000)
1787603653.518 [20:34:13.517644] {Default Queue} wl_touch#32.frame()
1787603653.518 [20:34:13.517663] {Default Queue} wl_touch#55.frame()
1787603653.528 [20:34:13.527624] {Default Queue} wl_touch#32.motion(18947066, 0, 795.59375000, 667.36718750)
1787603653.528 [20:34:13.527695] {Default Queue} wl_touch#55.motion(18947066, 0, 795.59375000, 667.36718750)
1787603653.528 [20:34:13.527711] {Default Queue} wl_touch#32.motion(18947066, 1, 837.57031250, 525.49609375)
1787603653.528 [20:34:13.527731] {Default Queue} wl_touch#55.motion(18947066, 1, 837.57031250, 525.49609375)
1787603653.528 [20:34:13.527743] {Default Queue} wl_touch#32.frame()
1787603653.528 [20:34:13.527754] {Default Queue} wl_touch#55.frame()
1787603653.537 [20:34:13.536461] {Default Queue} wl_touch#32.motion(18947075, 1, 836.57031250, 527.49609375)
1787603653.537 [20:34:13.536529] {Default Queue} wl_touch#55.motion(18947075, 1, 836.57031250, 527.49609375)
1787603653.537 [20:34:13.536546] {Default Queue} wl_touch#32.frame()
1787603653.537 [20:34:13.536558] {Default Queue} wl_touch#55.frame()
1787603653.549 [20:34:13.548462] {Default Queue} wl_touch#32.motion(18947085, 1, 835.57421875, 529.49218750)
1787603653.549 [20:34:13.548515] {Default Queue} wl_touch#55.motion(18947085, 1, 835.57421875, 529.49218750)
1787603653.549 [20:34:13.548530] {Default Queue} wl_touch#32.frame()
1787603653.549 [20:34:13.548541] {Default Queue} wl_touch#55.frame()
1787603653.579 [20:34:13.578672] {Default Queue} wl_touch#32.up(1209, 18947117, 0)
1787603653.579 [20:34:13.578784] {Default Queue} wl_touch#55.up(1209, 18947117, 0)
1787603653.579 [20:34:13.578804] {Default Queue} wl_touch#32.frame()
1787603653.579 [20:34:13.578817] {Default Queue} wl_touch#55.frame()
1787603653.599 [20:34:13.598566] {Default Queue} wl_touch#32.up(1210, 18947137, 1)
1787603653.599 [20:34:13.598660] {Default Queue} wl_touch#55.up(1210, 18947137, 1)
1787603653.599 [20:34:13.598705] {Default Queue} wl_touch#32.frame()
1787603653.599 [20:34:13.598721] {Default Queue} wl_touch#55.frame()
1787603654.291 [20:34:14.290922] {Default Queue} wl_touch#32.down(1211, 18947827, wl_surface#67, 0, 892.54296875, 803.24218750)
1787603654.291 [20:34:14.291047] {Default Queue} wl_touch#55.down(1211, 18947827, wl_surface#67, 0, 892.54296875, 803.24218750)
1787603654.291 [20:34:14.291065] {Default Queue} wl_touch#32.frame()
1787603654.291 [20:34:14.291079] {Default Queue} wl_touch#55.frame()
1787603654.328 [20:34:14.327639] {Default Queue} wl_touch#32.motion(18947866, 0, 896.53906250, 798.24609375)
1787603654.328 [20:34:14.327717] {Default Queue} wl_touch#55.motion(18947866, 0, 896.53906250, 798.24609375)
1787603654.328 [20:34:14.327734] {Default Queue} wl_touch#32.frame()
1787603654.328 [20:34:14.327747] {Default Queue} wl_touch#55.frame()
1787603654.338 [20:34:14.337844] {Default Queue} wl_touch#32.motion(18947876, 0, 896.53906250, 797.24609375)
1787603654.338 [20:34:14.337924] {Default Queue} wl_touch#55.motion(18947876, 0, 896.53906250, 797.24609375)
1787603654.338 [20:34:14.337941] {Default Queue} wl_touch#32.frame()
1787603654.338 [20:34:14.337953] {Default Queue} wl_touch#55.frame()
1787603654.349 [20:34:14.348536] {Default Queue} wl_touch#32.motion(18947885, 0, 898.53906250, 795.24609375)
1787603654.349 [20:34:14.348601] {Default Queue} wl_touch#55.motion(18947885, 0, 898.53906250, 795.24609375)
1787603654.349 [20:34:14.348617] {Default Queue} wl_touch#32.frame()
1787603654.349 [20:34:14.348629] {Default Queue} wl_touch#55.frame()
1787603654.355 [20:34:14.354804] {Default Queue} wl_touch#32.motion(18947893, 0, 900.53906250, 794.25000000)
1787603654.355 [20:34:14.354887] {Default Queue} wl_touch#55.motion(18947893, 0, 900.53906250, 794.25000000)
1787603654.355 [20:34:14.354904] {Default Queue} wl_touch#32.frame()
1787603654.355 [20:34:14.354916] {Default Queue} wl_touch#55.frame()
1787603654.365 [20:34:14.365100] {Default Queue} wl_touch#32.motion(18947902, 0, 902.53906250, 792.25000000)
1787603654.365 [20:34:14.365161] {Default Queue} wl_touch#55.motion(18947902, 0, 902.53906250, 792.25000000)
1787603654.365 [20:34:14.365176] {Default Queue} wl_touch#32.frame()
1787603654.365 [20:34:14.365188] {Default Queue} wl_touch#55.frame()
1787603654.374 [20:34:14.373901] {Default Queue} wl_touch#32.motion(18947912, 0, 905.53515625, 790.25390625)
1787603654.374 [20:34:14.373981] {Default Queue} wl_touch#55.motion(18947912, 0, 905.53515625, 790.25390625)
1787603654.374 [20:34:14.373999] {Default Queue} wl_touch#32.frame()
1787603654.374 [20:34:14.374012] {Default Queue} wl_touch#55.frame()
1787603654.383 [20:34:14.382563] {Default Queue} wl_touch#32.motion(18947921, 0, 907.53515625, 789.25390625)
1787603654.383 [20:34:14.382621] {Default Queue} wl_touch#55.motion(18947921, 0, 907.53515625, 789.25390625)
1787603654.383 [20:34:14.382637] {Default Queue} wl_touch#32.down(1212, 18947921, wl_surface#67, 1, 1059.45703125, 556.46875000)
1787603654.383 [20:34:14.382670] {Default Queue} wl_touch#55.down(1212, 18947921, wl_surface#67, 1, 1059.45703125, 556.46875000)
1787603654.383 [20:34:14.382685] {Default Queue} wl_touch#32.frame()
1787603654.383 [20:34:14.382695] {Default Queue} wl_touch#55.frame()
1787603654.392 [20:34:14.391599] {Default Queue} wl_touch#32.motion(18947930, 0, 909.53515625, 787.25390625)
1787603654.392 [20:34:14.391674] {Default Queue} wl_touch#55.motion(18947930, 0, 909.53515625, 787.25390625)
1787603654.392 [20:34:14.391691] {Default Queue} wl_touch#32.motion(18947930, 1, 1058.45703125, 557.46875000)
1787603654.392 [20:34:14.391712] {Default Queue} wl_touch#55.motion(18947930, 1, 1058.45703125, 557.46875000)
1787603654.392 [20:34:14.391726] {Default Queue} wl_touch#32.frame()
1787603654.392 [20:34:14.391737] {Default Queue} wl_touch#55.frame()
1787603654.401 [20:34:14.400518] {Default Queue} wl_touch#32.motion(18947939, 0, 910.53515625, 785.25781250)
1787603654.401 [20:34:14.400593] {Default Queue} wl_touch#55.motion(18947939, 0, 910.53515625, 785.25781250)
1787603654.401 [20:34:14.400646] {Default Queue} wl_touch#32.motion(18947939, 1, 1056.45703125, 559.46484375)
1787603654.401 [20:34:14.400668] {Default Queue} wl_touch#55.motion(18947939, 1, 1056.45703125, 559.46484375)
1787603654.401 [20:34:14.400680] {Default Queue} wl_touch#32.frame()
1787603654.401 [20:34:14.400691] {Default Queue} wl_touch#55.frame()
1787603654.410 [20:34:14.409745] {Default Queue} wl_touch#32.motion(18947948, 0, 913.53125000, 783.25781250)
1787603654.410 [20:34:14.409863] {Default Queue} wl_touch#55.motion(18947948, 0, 913.53125000, 783.25781250)
1787603654.410 [20:34:14.409881] {Default Queue} wl_touch#32.motion(18947948, 1, 1055.45703125, 560.46484375)
1787603654.410 [20:34:14.409902] {Default Queue} wl_touch#55.motion(18947948, 1, 1055.45703125, 560.46484375)
1787603654.410 [20:34:14.409914] {Default Queue} wl_touch#32.frame()
1787603654.410 [20:34:14.409925] {Default Queue} wl_touch#55.frame()
1787603654.419 [20:34:14.418606] {Default Queue} wl_touch#32.motion(18947957, 0, 915.53125000, 781.26171875)
1787603654.419 [20:34:14.418684] {Default Queue} wl_touch#55.motion(18947957, 0, 915.53125000, 781.26171875)
1787603654.419 [20:34:14.418702] {Default Queue} wl_touch#32.motion(18947957, 1, 1053.46093750, 560.46484375)
1787603654.419 [20:34:14.418725] {Default Queue} wl_touch#55.motion(18947957, 1, 1053.46093750, 560.46484375)
1787603654.419 [20:34:14.418738] {Default Queue} wl_touch#32.frame()
1787603654.419 [20:34:14.418750] {Default Queue} wl_touch#55.frame()
1787603654.428 [20:34:14.427853] {Default Queue} wl_touch#32.motion(18947966, 0, 918.53125000, 778.26171875)
1787603654.428 [20:34:14.427929] {Default Queue} wl_touch#55.motion(18947966, 0, 918.53125000, 778.26171875)
1787603654.428 [20:34:14.427946] {Default Queue} wl_touch#32.motion(18947966, 1, 1051.46093750, 561.46484375)
1787603654.428 [20:34:14.427968] {Default Queue} wl_touch#55.motion(18947966, 1, 1051.46093750, 561.46484375)
1787603654.428 [20:34:14.427980] {Default Queue} wl_touch#32.frame()
1787603654.428 [20:34:14.427991] {Default Queue} wl_touch#55.frame()
1787603654.438 [20:34:14.436378] {Default Queue} wl_touch#32.motion(18947975, 0, 921.52734375, 776.26562500)
1787603654.438 [20:34:14.437601] {Default Queue} wl_touch#55.motion(18947975, 0, 921.52734375, 776.26562500)
1787603654.438 [20:34:14.437618] {Default Queue} wl_touch#32.motion(18947975, 1, 1050.46093750, 562.46484375)
1787603654.438 [20:34:14.437639] {Default Queue} wl_touch#55.motion(18947975, 1, 1050.46093750, 562.46484375)
1787603654.438 [20:34:14.437651] {Default Queue} wl_touch#32.frame()
1787603654.438 [20:34:14.437662] {Default Queue} wl_touch#55.frame()
1787603654.449 [20:34:14.448561] {Default Queue} wl_touch#32.motion(18947985, 0, 922.52734375, 775.26562500)
1787603654.449 [20:34:14.448636] {Default Queue} wl_touch#55.motion(18947985, 0, 922.52734375, 775.26562500)
1787603654.449 [20:34:14.448651] {Default Queue} wl_touch#32.frame()
1787603654.449 [20:34:14.448662] {Default Queue} wl_touch#55.frame()
1787603654.457 [20:34:14.456577] {Default Queue} wl_touch#32.motion(18947995, 0, 925.52734375, 774.26562500)
1787603654.457 [20:34:14.456639] {Default Queue} wl_touch#55.motion(18947995, 0, 925.52734375, 774.26562500)
1787603654.457 [20:34:14.456656] {Default Queue} wl_touch#32.motion(18947995, 1, 1049.46093750, 563.46093750)
1787603654.457 [20:34:14.456677] {Default Queue} wl_touch#55.motion(18947995, 1, 1049.46093750, 563.46093750)
1787603654.457 [20:34:14.456689] {Default Queue} wl_touch#32.frame()
1787603654.457 [20:34:14.456702] {Default Queue} wl_touch#55.frame()
1787603654.467 [20:34:14.466556] {Default Queue} wl_touch#32.motion(18948005, 0, 927.52343750, 773.26953125)
1787603654.467 [20:34:14.466620] {Default Queue} wl_touch#55.motion(18948005, 0, 927.52343750, 773.26953125)
1787603654.467 [20:34:14.466636] {Default Queue} wl_touch#32.motion(18948005, 1, 1048.46093750, 564.46093750)
1787603654.467 [20:34:14.466659] {Default Queue} wl_touch#55.motion(18948005, 1, 1048.46093750, 564.46093750)
1787603654.467 [20:34:14.466671] {Default Queue} wl_touch#32.frame()
1787603654.467 [20:34:14.466682] {Default Queue} wl_touch#55.frame()
1787603654.477 [20:34:14.476546] {Default Queue} wl_touch#32.motion(18948015, 0, 930.52343750, 772.26953125)
1787603654.477 [20:34:14.476608] {Default Queue} wl_touch#55.motion(18948015, 0, 930.52343750, 772.26953125)
1787603654.477 [20:34:14.476625] {Default Queue} wl_touch#32.motion(18948015, 1, 1047.46093750, 565.46093750)
1787603654.477 [20:34:14.476646] {Default Queue} wl_touch#55.motion(18948015, 1, 1047.46093750, 565.46093750)
1787603654.477 [20:34:14.476658] {Default Queue} wl_touch#32.frame()
1787603654.477 [20:34:14.476669] {Default Queue} wl_touch#55.frame()
1787603654.487 [20:34:14.486507] {Default Queue} wl_touch#32.motion(18948025, 0, 933.52343750, 770.26953125)
1787603654.487 [20:34:14.486577] {Default Queue} wl_touch#55.motion(18948025, 0, 933.52343750, 770.26953125)
1787603654.487 [20:34:14.486593] {Default Queue} wl_touch#32.motion(18948025, 1, 1046.46484375, 568.45703125)
1787603654.487 [20:34:14.486614] {Default Queue} wl_touch#55.motion(18948025, 1, 1046.46484375, 568.45703125)
1787603654.487 [20:34:14.486626] {Default Queue} wl_touch#32.frame()
1787603654.487 [20:34:14.486637] {Default Queue} wl_touch#55.frame()
1787603654.499 [20:34:14.498918] {Default Queue} wl_touch#32.motion(18948035, 0, 937.51953125, 769.27343750)
1787603654.499 [20:34:14.498989] {Default Queue} wl_touch#55.motion(18948035, 0, 937.51953125, 769.27343750)
1787603654.499 [20:34:14.499022] {Default Queue} wl_touch#32.motion(18948035, 1, 1046.46484375, 570.45703125)
1787603654.500 [20:34:14.499052] {Default Queue} wl_touch#55.motion(18948035, 1, 1046.46484375, 570.45703125)
1787603654.500 [20:34:14.499070] {Default Queue} wl_touch#32.frame()
1787603654.500 [20:34:14.499086] {Default Queue} wl_touch#55.frame()
1787603654.506 [20:34:14.505528] {Default Queue} wl_touch#32.motion(18948044, 1, 1046.46484375, 573.45312500)
1787603654.506 [20:34:14.505621] {Default Queue} wl_touch#55.motion(18948044, 1, 1046.46484375, 573.45312500)
1787603654.506 [20:34:14.505649] {Default Queue} wl_touch#32.frame()
1787603654.506 [20:34:14.505668] {Default Queue} wl_touch#55.frame()
1787603654.549 [20:34:14.549129] {Default Queue} wl_touch#32.up(1213, 18948086, 0)
1787603654.549 [20:34:14.549207] {Default Queue} wl_touch#55.up(1213, 18948086, 0)
1787603654.549 [20:34:14.549223] {Default Queue} wl_touch#32.frame()
1787603654.549 [20:34:14.549235] {Default Queue} wl_touch#55.frame()
1787603654.568 [20:34:14.567414] {Default Queue} wl_touch#32.up(1214, 18948106, 1)
1787603654.568 [20:34:14.567489] {Default Queue} wl_touch#55.up(1214, 18948106, 1)
1787603654.568 [20:34:14.567506] {Default Queue} wl_touch#32.frame()
1787603654.568 [20:34:14.567519] {Default Queue} wl_touch#55.frame()
1787603655.082 [20:34:15.081724] {Default Queue} wl_touch#32.down(1215, 18948618, wl_surface#67, 0, 1147.41015625, 564.46093750)
1787603655.082 [20:34:15.081865] {Default Queue} wl_touch#55.down(1215, 18948618, wl_surface#67, 0, 1147.41015625, 564.46093750)
1787603655.082 [20:34:15.081887] {Default Queue} wl_touch#32.frame()
1787603655.082 [20:34:15.081901] {Default Queue} wl_touch#55.frame()
1787603655.182 [20:34:15.182123] {Default Queue} wl_touch#32.up(1216, 18948719, 0)
1787603655.182 [20:34:15.182200] {Default Queue} wl_touch#55.up(1216, 18948719, 0)
1787603655.182 [20:34:15.182216] {Default Queue} wl_touch#32.frame()
1787603655.182 [20:34:15.182227] {Default Queue} wl_touch#55.frame()
1787603655.307 [20:34:15.306682] {Default Queue} wl_touch#32.down(1217, 18948845, wl_surface#67, 0, 1166.40234375, 563.46093750)
1787603655.307 [20:34:15.306808] {Default Queue} wl_touch#55.down(1217, 18948845, wl_surface#67, 0, 1166.40234375, 563.46093750)
1787603655.307 [20:34:15.306829] {Default Queue} wl_touch#32.frame()
1787603655.307 [20:34:15.306842] {Default Queue} wl_touch#55.frame()
1787603655.409 [20:34:15.409227] {Default Queue} wl_touch#32.up(1218, 18948946, 0)
1787603655.410 [20:34:15.409303] {Default Queue} wl_touch#55.up(1218, 18948946, 0)
1787603655.410 [20:34:15.409318] {Default Queue} wl_touch#32.frame()
1787603655.410 [20:34:15.409329] {Default Queue} wl_touch#55.frame()
1787603655.524 [20:34:15.523837] {Default Queue} wl_touch#32.down(1219, 18949062, wl_surface#67, 0, 1170.39843750, 560.46484375)
1787603655.524 [20:34:15.523930] {Default Queue} wl_touch#55.down(1219, 18949062, wl_surface#67, 0, 1170.39843750, 560.46484375)
1787603655.524 [20:34:15.523950] {Default Queue} wl_touch#32.frame()
1787603655.524 [20:34:15.523962] {Default Queue} wl_touch#55.frame()
1787603655.625 [20:34:15.624606] {Default Queue} wl_touch#32.up(1220, 18949163, 0)
1787603655.625 [20:34:15.624701] {Default Queue} wl_touch#55.up(1220, 18949163, 0)
1787603655.625 [20:34:15.624718] {Default Queue} wl_touch#32.frame()
1787603655.625 [20:34:15.624730] {Default Queue} wl_touch#55.frame()
1787603655.741 [20:34:15.740671] {Default Queue} wl_touch#32.down(1221, 18949279, wl_surface#67, 0, 1183.39062500, 557.46875000)
1787603655.741 [20:34:15.740797] {Default Queue} wl_touch#55.down(1221, 18949279, wl_surface#67, 0, 1183.39062500, 557.46875000)
1787603655.741 [20:34:15.740838] {Default Queue} wl_touch#32.frame()
1787603655.741 [20:34:15.740864] {Default Queue} wl_touch#55.frame()
1787603655.832 [20:34:15.831599] {Default Queue} wl_touch#32.up(1222, 18949370, 0)
1787603655.832 [20:34:15.831667] {Default Queue} wl_touch#55.up(1222, 18949370, 0)
1787603655.832 [20:34:15.831686] {Default Queue} wl_touch#32.frame()
1787603655.832 [20:34:15.831699] {Default Queue} wl_touch#55.frame()
1787603655.949 [20:34:15.948500] {Default Queue} wl_touch#32.down(1223, 18949487, wl_surface#67, 0, 1183.39062500, 561.46484375)
1787603655.949 [20:34:15.948572] {Default Queue} wl_touch#55.down(1223, 18949487, wl_surface#67, 0, 1183.39062500, 561.46484375)
1787603655.949 [20:34:15.948591] {Default Queue} wl_touch#32.frame()
1787603655.949 [20:34:15.948601] {Default Queue} wl_touch#55.frame()
1787603656.050 [20:34:16.049954] {Default Queue} wl_touch#32.up(1224, 18949587, 0)
1787603656.050 [20:34:16.050015] {Default Queue} wl_touch#55.up(1224, 18949587, 0)
1787603656.050 [20:34:16.050028] {Default Queue} wl_touch#32.frame()
1787603656.050 [20:34:16.050038] {Default Queue} wl_touch#55.frame()
