1787603529.363 -event6   DEVICE_ADDED                 Raydium Corporation Raydium Touch System seat0 default group1  cap:t  size 320x180mm ntouches 10 calib
1787603582.532  event6   TOUCH_DOWN                   +0.000s	0 (0) 55.54/56.06 (177.83/101.00mm)
1787603582.532  event6   TOUCH_FRAME                  +0.000s	
1787603582.541  event6   TOUCH_DOWN                   +0.010s	1 (1) 56.06/43.85 (179.50/79.00mm)
1787603582.541  event6   TOUCH_FRAME                  +0.010s	
1787603582.551  event6   TOUCH_MOTION                 +0.020s	1 (1) 56.06/43.11 (179.50/77.67mm)
1787603582.551  event6   TOUCH_FRAME                  +0.020s	
1787603582.560  event6   TOUCH_MOTION              2  +0.029s	1 (1) 56.12/42.65 (179.67/76.83mm)
1787603582.560  event6   TOUCH_FRAME                  +0.029s	
1787603582.570  event6   TOUCH_MOTION              2  +0.039s	1 (1) 56.22/42.09 (180.00/75.83mm)
1787603582.571  event6   TOUCH_FRAME                  +0.039s	
1787603582.580  event6   TOUCH_MOTION              2  +0.049s	0 (0) 55.54/56.80 (177.83/102.33mm)
1787603582.581  event6   TOUCH_MOTION              3  +0.049s	1 (1) 56.27/41.54 (180.17/74.83mm)
1787603582.581  event6   TOUCH_FRAME                  +0.049s	
1787603582.591  event6   TOUCH_MOTION              2  +0.059s	0 (0) 55.54/56.98 (177.83/102.67mm)
1787603582.591  event6   TOUCH_MOTION              3  +0.059s	1 (1) 56.38/40.80 (180.50/73.50mm)
1787603582.591  event6   TOUCH_FRAME                  +0.059s	
1787603582.600  event6   TOUCH_MOTION              2  +0.069s	0 (0) 55.54/57.08 (177.83/102.83mm)
1787603582.601  event6   TOUCH_MOTION              3  +0.069s	1 (1) 56.43/40.15 (180.67/72.33mm)
1787603582.601  event6   TOUCH_FRAME                  +0.069s	
1787603582.610  event6   TOUCH_MOTION              2  +0.079s	0 (0) 55.54/57.26 (177.83/103.17mm)
1787603582.610  event6   TOUCH_MOTION              3  +0.079s	1 (1) 56.59/39.50 (181.17/71.17mm)
1787603582.610  event6   TOUCH_FRAME                  +0.079s	
1787603582.620  event6   TOUCH_MOTION              2  +0.089s	0 (0) 55.54/57.45 (177.83/103.50mm)
1787603582.621  event6   TOUCH_MOTION              3  +0.089s	1 (1) 56.69/38.85 (181.50/70.00mm)
1787603582.621  event6   TOUCH_FRAME                  +0.089s	
1787603582.629  event6   TOUCH_MOTION              2  +0.098s	0 (0) 55.49/57.72 (177.67/104.00mm)
1787603582.629  event6   TOUCH_MOTION              3  +0.098s	1 (1) 56.79/38.11 (181.83/68.67mm)
1787603582.629  event6   TOUCH_FRAME                  +0.098s	
1787603582.639  event6   TOUCH_MOTION              2  +0.108s	0 (0) 55.44/57.91 (177.50/104.33mm)
1787603582.639  event6   TOUCH_MOTION              3  +0.108s	1 (1) 56.85/37.37 (182.00/67.33mm)
1787603582.639  event6   TOUCH_FRAME                  +0.108s	
1787603582.649  event6   TOUCH_MOTION              2  +0.118s	0 (0) 55.39/58.28 (177.33/105.00mm)
1787603582.649  event6   TOUCH_MOTION              3  +0.118s	1 (1) 56.95/36.63 (182.33/66.00mm)
1787603582.649  event6   TOUCH_FRAME                  +0.118s	
1787603582.659  event6   TOUCH_MOTION              2  +0.128s	0 (0) 55.34/58.56 (177.17/105.50mm)
1787603582.659  event6   TOUCH_MOTION              3  +0.128s	1 (1) 57.05/35.89 (182.67/64.67mm)
1787603582.659  event6   TOUCH_FRAME                  +0.128s	
1787603582.669  event6   TOUCH_MOTION              2  +0.138s	0 (0) 55.34/58.93 (177.17/106.17mm)
1787603582.669  event6   TOUCH_MOTION              3  +0.138s	1 (1) 57.16/35.25 (183.00/63.50mm)
1787603582.669  event6   TOUCH_FRAME                  +0.138s	
1787603582.679  event6   TOUCH_MOTION              2  +0.148s	0 (0) 55.34/59.30 (177.17/106.83mm)
1787603582.679  event6   TOUCH_MOTION              3  +0.148s	1 (1) 57.31/34.60 (183.50/62.33mm)
1787603582.679  event6   TOUCH_FRAME                  +0.148s	
1787603582.689  event6   TOUCH_MOTION              2  +0.158s	0 (0) 55.34/59.67 (177.17/107.50mm)
1787603582.689  event6   TOUCH_MOTION              3  +0.158s	1 (1) 57.42/34.04 (183.83/61.33mm)
1787603582.689  event6   TOUCH_FRAME                  +0.158s	
1787603582.698  event6   TOUCH_MOTION              2  +0.167s	0 (0) 55.34/60.04 (177.17/108.17mm)
1787603582.698  event6   TOUCH_MOTION              3  +0.167s	1 (1) 57.52/33.40 (184.17/60.17mm)
1787603582.698  event6   TOUCH_FRAME                  +0.167s	
1787603582.708  event6   TOUCH_MOTION              2  +0.177s	0 (0) 55.34/60.50 (177.17/109.00mm)
1787603582.708  event6   TOUCH_MOTION              3  +0.177s	1 (1) 57.68/32.84 (184.67/59.17mm)
1787603582.708  event6   TOUCH_FRAME                  +0.177s	
1787603582.718  event6   TOUCH_MOTION              2  +0.187s	0 (0) 55.28/60.87 (177.00/109.67mm)
1787603582.718  event6   TOUCH_MOTION              3  +0.187s	1 (1) 57.78/32.38 (185.00/58.33mm)
1787603582.718  event6   TOUCH_FRAME                  +0.187s	
1787603582.728  event6   TOUCH_MOTION              2  +0.197s	0 (0) 55.28/61.33 (177.00/110.50mm)
1787603582.728  event6   TOUCH_MOTION              3  +0.197s	1 (1) 57.94/31.82 (185.50/57.33mm)
1787603582.728  event6   TOUCH_FRAME                  +0.197s	
1787603582.738  event6   TOUCH_MOTION              2  +0.207s	0 (0) 55.23/61.89 (176.83/111.50mm)
1787603582.738  event6   TOUCH_MOTION              3  +0.207s	1 (1) 58.04/31.36 (185.83/56.50mm)
1787603582.738  event6   TOUCH_FRAME                  +0.207s	
1787603582.748  event6   TOUCH_MOTION              2  +0.217s	0 (0) 55.18/62.44 (176.67/112.50mm)
1787603582.748  event6   TOUCH_MOTION              3  +0.217s	1 (1) 58.20/30.90 (186.33/55.67mm)
1787603582.748  event6   TOUCH_FRAME                  +0.217s	
1787603582.758  event6   TOUCH_MOTION              2  +0.227s	0 (0) 55.13/62.90 (176.50/113.33mm)
1787603582.758  event6   TOUCH_MOTION              3  +0.227s	1 (1) 58.25/30.53 (186.50/55.00mm)
1787603582.758  event6   TOUCH_FRAME                  +0.227s	
1787603582.768  event6   TOUCH_MOTION              2  +0.237s	0 (0) 55.08/63.46 (176.33/114.33mm)
1787603582.768  event6   TOUCH_MOTION              3  +0.237s	1 (1) 58.36/30.16 (186.83/54.33mm)
1787603582.769  event6   TOUCH_FRAME                  +0.237s	
1787603582.777  event6   TOUCH_MOTION              2  +0.246s	0 (0) 55.08/64.01 (176.33/115.33mm)
1787603582.777  event6   TOUCH_MOTION              3  +0.246s	1 (1) 58.41/29.88 (187.00/53.83mm)
1787603582.777  event6   TOUCH_FRAME                  +0.246s	
1787603582.788  event6   TOUCH_MOTION              2  +0.256s	0 (0) 55.02/64.66 (176.17/116.50mm)
1787603582.788  event6   TOUCH_MOTION              3  +0.256s	1 (1) 58.51/29.51 (187.33/53.17mm)
1787603582.788  event6   TOUCH_FRAME                  +0.256s	
1787603582.797  event6   TOUCH_MOTION              2  +0.266s	0 (0) 54.97/65.22 (176.00/117.50mm)
1787603582.797  event6   TOUCH_MOTION              3  +0.266s	1 (1) 58.62/29.32 (187.67/52.83mm)
1787603582.797  event6   TOUCH_FRAME                  +0.266s	
1787603582.807  event6   TOUCH_MOTION              2  +0.276s	0 (0) 54.92/65.77 (175.83/118.50mm)
1787603582.807  event6   TOUCH_MOTION              3  +0.276s	1 (1) 58.67/29.14 (187.83/52.50mm)
1787603582.807  event6   TOUCH_FRAME                  +0.276s	
1787603582.817  event6   TOUCH_MOTION              2  +0.286s	0 (0) 54.87/66.42 (175.67/119.67mm)
1787603582.817  event6   TOUCH_MOTION              3  +0.286s	1 (1) 58.67/28.95 (187.83/52.17mm)
1787603582.817  event6   TOUCH_FRAME                  +0.286s	
1787603582.827  event6   TOUCH_MOTION              2  +0.296s	0 (0) 54.82/66.98 (175.50/120.67mm)
1787603582.827  event6   TOUCH_MOTION              3  +0.296s	1 (1) 58.72/28.77 (188.00/51.83mm)
1787603582.827  event6   TOUCH_FRAME                  +0.296s	
1787603582.837  event6   TOUCH_MOTION              2  +0.306s	0 (0) 54.76/67.62 (175.33/121.83mm)
1787603582.838  event6   TOUCH_MOTION              3  +0.306s	1 (1) 58.77/28.68 (188.17/51.67mm)
1787603582.838  event6   TOUCH_FRAME                  +0.306s	
1787603582.846  event6   TOUCH_MOTION              2  +0.315s	0 (0) 54.66/68.09 (175.00/122.67mm)
1787603582.846  event6   TOUCH_MOTION              3  +0.315s	1 (1) 58.82/28.49 (188.33/51.33mm)
1787603582.847  event6   TOUCH_FRAME                  +0.315s	
1787603582.856  event6   TOUCH_MOTION              2  +0.325s	0 (0) 54.61/68.73 (174.83/123.83mm)
1787603582.856  event6   TOUCH_MOTION              3  +0.325s	1 (1) 58.88/28.31 (188.50/51.00mm)
1787603582.856  event6   TOUCH_FRAME                  +0.325s	
1787603582.866  event6   TOUCH_MOTION              2  +0.335s	0 (0) 54.50/69.29 (174.50/124.83mm)
1787603582.866  event6   TOUCH_MOTION              3  +0.335s	1 (1) 58.88/28.21 (188.50/50.83mm)
1787603582.866  event6   TOUCH_FRAME                  +0.335s	
1787603582.877  event6   TOUCH_MOTION              2  +0.345s	0 (0) 54.40/69.84 (174.17/125.83mm)
1787603582.877  event6   TOUCH_MOTION              3  +0.345s	1 (1) 58.93/28.03 (188.67/50.50mm)
1787603582.877  event6   TOUCH_FRAME                  +0.345s	
1787603582.886  event6   TOUCH_MOTION              2  +0.355s	0 (0) 54.40/70.31 (174.17/126.67mm)
1787603582.887  event6   TOUCH_MOTION              3  +0.355s	1 (1) 58.98/27.94 (188.83/50.33mm)
1787603582.887  event6   TOUCH_FRAME                  +0.355s	
1787603582.896  event6   TOUCH_MOTION              2  +0.365s	0 (0) 54.35/70.86 (174.00/127.67mm)
1787603582.896  event6   TOUCH_MOTION              3  +0.365s	1 (1) 59.03/27.94 (189.00/50.33mm)
1787603582.896  event6   TOUCH_FRAME                  +0.365s	
1787603582.906  event6   TOUCH_MOTION              2  +0.375s	0 (0) 54.29/71.32 (173.83/128.50mm)
1787603582.906  event6   TOUCH_MOTION              3  +0.375s	1 (1) 59.08/27.84 (189.17/50.17mm)
1787603582.906  event6   TOUCH_FRAME                  +0.375s	
1787603582.915  event6   TOUCH_MOTION              2  +0.384s	0 (0) 54.24/71.79 (173.67/129.33mm)
1787603582.915  event6   TOUCH_MOTION              3  +0.384s	1 (1) 59.08/27.75 (189.17/50.00mm)
1787603582.915  event6   TOUCH_FRAME                  +0.384s	
1787603582.925  event6   TOUCH_MOTION              2  +0.394s	0 (0) 54.19/72.16 (173.50/130.00mm)
1787603582.925  event6   TOUCH_MOTION              3  +0.394s	1 (1) 59.14/27.66 (189.33/49.83mm)
1787603582.925  event6   TOUCH_FRAME                  +0.394s	
1787603582.935  event6   TOUCH_MOTION              2  +0.404s	0 (0) 54.14/72.53 (173.33/130.67mm)
1787603582.935  event6   TOUCH_MOTION              3  +0.404s	1 (1) 59.19/27.57 (189.50/49.67mm)
1787603582.935  event6   TOUCH_FRAME                  +0.404s	
1787603582.945  event6   TOUCH_MOTION              2  +0.414s	0 (0) 54.03/72.90 (173.00/131.33mm)
1787603582.945  event6   TOUCH_MOTION              3  +0.414s	1 (1) 59.24/27.57 (189.67/49.67mm)
1787603582.945  event6   TOUCH_FRAME                  +0.414s	
1787603582.955  event6   TOUCH_MOTION              2  +0.424s	0 (0) 53.98/73.27 (172.83/132.00mm)
1787603582.955  event6   TOUCH_MOTION              3  +0.424s	1 (1) 59.24/27.47 (189.67/49.50mm)
1787603582.955  event6   TOUCH_FRAME                  +0.424s	
1787603582.965  event6   TOUCH_MOTION              2  +0.434s	0 (0) 53.88/73.64 (172.50/132.67mm)
1787603582.965  event6   TOUCH_MOTION              3  +0.434s	1 (1) 59.24/27.38 (189.67/49.33mm)
1787603582.965  event6   TOUCH_FRAME                  +0.434s	
1787603582.975  event6   TOUCH_MOTION              2  +0.444s	0 (0) 53.77/74.01 (172.17/133.33mm)
1787603582.975  event6   TOUCH_MOTION              3  +0.444s	1 (1) 59.24/27.29 (189.67/49.17mm)
1787603582.976  event6   TOUCH_FRAME                  +0.444s	
1787603582.985  event6   TOUCH_MOTION              2  +0.453s	0 (0) 53.72/74.28 (172.00/133.83mm)
1787603582.985  event6   TOUCH_MOTION              3  +0.453s	1 (1) 59.24/27.20 (189.67/49.00mm)
1787603582.985  event6   TOUCH_FRAME                  +0.453s	
1787603582.994  event6   TOUCH_MOTION              2  +0.463s	0 (0) 53.62/74.65 (171.67/134.50mm)
1787603582.995  event6   TOUCH_MOTION              3  +0.463s	1 (1) 59.29/27.20 (189.83/49.00mm)
1787603582.995  event6   TOUCH_FRAME                  +0.463s	
1787603583.004  event6   TOUCH_MOTION              2  +0.473s	0 (0) 53.46/75.30 (171.17/135.67mm)
1787603583.005  event6   TOUCH_MOTION              3  +0.473s	1 (1) 59.34/27.01 (190.00/48.67mm)
1787603583.005  event6   TOUCH_FRAME                  +0.473s	
1787603583.014  event6   TOUCH_MOTION              2  +0.483s	0 (0) 53.31/75.95 (170.67/136.83mm)
1787603583.014  event6   TOUCH_MOTION              3  +0.483s	1 (1) 59.34/26.92 (190.00/48.50mm)
1787603583.014  event6   TOUCH_FRAME                  +0.483s	
1787603583.024  event6   TOUCH_MOTION              2  +0.493s	0 (0) 53.10/76.41 (170.00/137.67mm)
1787603583.024  event6   TOUCH_MOTION              3  +0.493s	1 (1) 59.40/26.83 (190.17/48.33mm)
1787603583.024  event6   TOUCH_FRAME                  +0.493s	
1787603583.034  event6   TOUCH_MOTION              2  +0.503s	0 (0) 52.99/76.87 (169.67/138.50mm)
1787603583.034  event6   TOUCH_MOTION              3  +0.503s	1 (1) 59.45/26.83 (190.33/48.33mm)
1787603583.035  event6   TOUCH_FRAME                  +0.503s	
1787603583.044  event6   TOUCH_MOTION              2  +0.513s	0 (0) 52.84/77.34 (169.17/139.33mm)
1787603583.045  event6   TOUCH_MOTION              3  +0.513s	1 (1) 59.50/26.73 (190.50/48.17mm)
1787603583.045  event6   TOUCH_FRAME                  +0.513s	
1787603583.053  event6   TOUCH_MOTION              2  +0.522s	0 (0) 52.79/77.71 (169.00/140.00mm)
1787603583.053  event6   TOUCH_MOTION              3  +0.522s	1 (1) 59.50/26.64 (190.50/48.00mm)
1787603583.053  event6   TOUCH_FRAME                  +0.522s	
1787603583.063  event6   TOUCH_MOTION              2  +0.532s	0 (0) 52.68/77.98 (168.67/140.50mm)
1787603583.064  event6   TOUCH_FRAME                  +0.532s	
1787603583.073  event6   TOUCH_MOTION              2  +0.542s	0 (0) 52.63/78.26 (168.50/141.00mm)
1787603583.073  event6   TOUCH_FRAME                  +0.542s	
1787603583.083  event6   TOUCH_MOTION              2  +0.552s	0 (0) 52.58/78.54 (168.33/141.50mm)
1787603583.084  event6   TOUCH_FRAME                  +0.552s	
1787603583.093  event6   TOUCH_MOTION              2  +0.562s	0 (0) 52.52/78.63 (168.17/141.67mm)
1787603583.093  event6   TOUCH_FRAME                  +0.562s	
1787603583.103  event6   TOUCH_MOTION              2  +0.572s	0 (0) 52.47/78.72 (168.00/141.83mm)
1787603583.103  event6   TOUCH_MOTION              3  +0.572s	1 (1) 59.55/26.64 (190.67/48.00mm)
1787603583.104  event6   TOUCH_FRAME                  +0.572s	
1787603583.113  event6   TOUCH_MOTION              2  +0.582s	0 (0) 52.42/78.82 (167.83/142.00mm)
1787603583.113  event6   TOUCH_MOTION              3  +0.582s	1 (1) 59.55/26.73 (190.67/48.17mm)
1787603583.113  event6   TOUCH_FRAME                  +0.582s	
1787603583.123  event6   TOUCH_MOTION              2  +0.592s	0 (0) 52.42/78.91 (167.83/142.17mm)
1787603583.123  event6   TOUCH_MOTION              3  +0.592s	1 (1) 59.55/26.83 (190.67/48.33mm)
1787603583.124  event6   TOUCH_FRAME                  +0.592s	
1787603583.132  event6   TOUCH_MOTION              2  +0.601s	1 (1) 59.55/27.01 (190.67/48.67mm)
1787603583.132  event6   TOUCH_FRAME                  +0.601s	
1787603583.142  event6   TOUCH_MOTION              2  +0.611s	1 (1) 59.55/27.20 (190.67/49.00mm)
1787603583.142  event6   TOUCH_FRAME                  +0.611s	
1787603583.152  event6   TOUCH_MOTION              2  +0.621s	0 (0) 52.42/78.82 (167.83/142.00mm)
1787603583.153  event6   TOUCH_MOTION              3  +0.621s	1 (1) 59.50/27.57 (190.50/49.67mm)
1787603583.153  event6   TOUCH_FRAME                  +0.621s	
1787603583.162  event6   TOUCH_MOTION              2  +0.631s	0 (0) 52.42/78.72 (167.83/141.83mm)
1787603583.162  event6   TOUCH_MOTION              3  +0.631s	1 (1) 59.45/27.94 (190.33/50.33mm)
1787603583.163  event6   TOUCH_FRAME                  +0.631s	
1787603583.172  event6   TOUCH_MOTION              2  +0.641s	0 (0) 52.42/78.63 (167.83/141.67mm)
1787603583.172  event6   TOUCH_MOTION              3  +0.641s	1 (1) 59.40/28.31 (190.17/51.00mm)
1787603583.172  event6   TOUCH_FRAME                  +0.641s	
1787603583.182  event6   TOUCH_MOTION              2  +0.651s	0 (0) 52.47/78.63 (168.00/141.67mm)
1787603583.182  event6   TOUCH_MOTION              3  +0.651s	1 (1) 59.34/28.68 (190.00/51.67mm)
1787603583.182  event6   TOUCH_FRAME                  +0.651s	
1787603583.192  event6   TOUCH_MOTION              2  +0.661s	0 (0) 52.52/78.54 (168.17/141.50mm)
1787603583.192  event6   TOUCH_MOTION              3  +0.661s	1 (1) 59.34/29.05 (190.00/52.33mm)
1787603583.192  event6   TOUCH_FRAME                  +0.661s	
1787603583.201  event6   TOUCH_MOTION              2  +0.670s	0 (0) 52.58/78.45 (168.33/141.33mm)
1787603583.202  event6   TOUCH_MOTION              3  +0.670s	1 (1) 59.34/29.14 (190.00/52.50mm)
1787603583.202  event6   TOUCH_FRAME                  +0.670s	
1787603583.211  event6   TOUCH_MOTION              2  +0.680s	0 (0) 52.63/78.35 (168.50/141.17mm)
1787603583.211  event6   TOUCH_MOTION              3  +0.680s	1 (1) 59.34/29.32 (190.00/52.83mm)
1787603583.211  event6   TOUCH_FRAME                  +0.680s	
1787603583.221  event6   TOUCH_MOTION              2  +0.690s	0 (0) 52.63/78.26 (168.50/141.00mm)
1787603583.221  event6   TOUCH_MOTION              3  +0.690s	1 (1) 59.34/29.51 (190.00/53.17mm)
1787603583.221  event6   TOUCH_FRAME                  +0.690s	
1787603583.231  event6   TOUCH_MOTION              2  +0.700s	0 (0) 52.68/78.17 (168.67/140.83mm)
1787603583.232  event6   TOUCH_MOTION              3  +0.700s	1 (1) 59.34/29.88 (190.00/53.83mm)
1787603583.232  event6   TOUCH_FRAME                  +0.700s	
1787603583.242  event6   TOUCH_MOTION              2  +0.710s	0 (0) 52.73/77.98 (168.83/140.50mm)
1787603583.242  event6   TOUCH_MOTION              3  +0.710s	1 (1) 59.29/30.16 (189.83/54.33mm)
1787603583.242  event6   TOUCH_FRAME                  +0.710s	
1787603583.251  event6   TOUCH_MOTION              2  +0.720s	0 (0) 52.84/77.89 (169.17/140.33mm)
1787603583.252  event6   TOUCH_MOTION              3  +0.720s	1 (1) 59.24/30.53 (189.67/55.00mm)
1787603583.252  event6   TOUCH_FRAME                  +0.720s	
1787603583.261  event6   TOUCH_MOTION              2  +0.730s	0 (0) 52.89/77.71 (169.33/140.00mm)
1787603583.262  event6   TOUCH_MOTION              3  +0.730s	1 (1) 59.19/30.90 (189.50/55.67mm)
1787603583.262  event6   TOUCH_FRAME                  +0.730s	
1787603583.270  event6   TOUCH_MOTION              2  +0.739s	0 (0) 52.94/77.52 (169.50/139.67mm)
1787603583.270  event6   TOUCH_MOTION              3  +0.739s	1 (1) 59.14/31.27 (189.33/56.33mm)
1787603583.270  event6   TOUCH_FRAME                  +0.739s	
1787603583.280  event6   TOUCH_MOTION              2  +0.749s	0 (0) 52.99/77.43 (169.67/139.50mm)
1787603583.281  event6   TOUCH_MOTION              3  +0.749s	1 (1) 59.08/31.64 (189.17/57.00mm)
1787603583.281  event6   TOUCH_FRAME                  +0.749s	
1787603583.290  event6   TOUCH_MOTION              2  +0.759s	0 (0) 53.10/77.24 (170.00/139.17mm)
1787603583.291  event6   TOUCH_MOTION              3  +0.759s	1 (1) 59.03/32.01 (189.00/57.67mm)
1787603583.291  event6   TOUCH_FRAME                  +0.759s	
1787603583.300  event6   TOUCH_MOTION              2  +0.769s	0 (0) 53.10/77.15 (170.00/139.00mm)
1787603583.300  event6   TOUCH_MOTION              3  +0.769s	1 (1) 58.98/32.38 (188.83/58.33mm)
1787603583.300  event6   TOUCH_FRAME                  +0.769s	
1787603583.310  event6   TOUCH_MOTION              2  +0.779s	0 (0) 53.20/76.97 (170.33/138.67mm)
1787603583.310  event6   TOUCH_MOTION              3  +0.779s	1 (1) 58.88/32.75 (188.50/59.00mm)
1787603583.310  event6   TOUCH_FRAME                  +0.779s	
1787603583.320  event6   TOUCH_MOTION              2  +0.789s	0 (0) 53.31/76.78 (170.67/138.33mm)
1787603583.321  event6   TOUCH_MOTION              3  +0.789s	1 (1) 58.88/33.12 (188.50/59.67mm)
1787603583.321  event6   TOUCH_FRAME                  +0.789s	
1787603583.330  event6   TOUCH_MOTION              2  +0.799s	0 (0) 53.36/76.60 (170.83/138.00mm)
1787603583.330  event6   TOUCH_MOTION              3  +0.799s	1 (1) 58.77/33.49 (188.17/60.33mm)
1787603583.330  event6   TOUCH_FRAME                  +0.799s	
1787603583.341  event6   TOUCH_MOTION              2  +0.809s	0 (0) 53.46/76.41 (171.17/137.67mm)
1787603583.341  event6   TOUCH_MOTION              3  +0.809s	1 (1) 58.72/33.86 (188.00/61.00mm)
1787603583.341  event6   TOUCH_FRAME                  +0.809s	
1787603583.349  event6   TOUCH_MOTION              2  +0.818s	0 (0) 53.51/76.13 (171.33/137.17mm)
1787603583.349  event6   TOUCH_MOTION              3  +0.818s	1 (1) 58.67/34.23 (187.83/61.67mm)
1787603583.350  event6   TOUCH_FRAME                  +0.818s	
1787603583.359  event6   TOUCH_MOTION              2  +0.828s	0 (0) 53.51/75.95 (171.33/136.83mm)
1787603583.359  event6   TOUCH_MOTION              3  +0.828s	1 (1) 58.56/34.60 (187.50/62.33mm)
1787603583.359  event6   TOUCH_FRAME                  +0.828s	
1787603583.369  event6   TOUCH_MOTION              2  +0.838s	0 (0) 53.57/75.67 (171.50/136.33mm)
1787603583.369  event6   TOUCH_MOTION              3  +0.838s	1 (1) 58.46/35.06 (187.17/63.17mm)
1787603583.369  event6   TOUCH_FRAME                  +0.838s	
1787603583.379  event6   TOUCH_MOTION              2  +0.848s	0 (0) 53.62/75.49 (171.67/136.00mm)
1787603583.379  event6   TOUCH_MOTION              3  +0.848s	1 (1) 58.41/35.52 (187.00/64.00mm)
1787603583.379  event6   TOUCH_FRAME                  +0.848s	
1787603583.389  event6   TOUCH_MOTION              2  +0.858s	0 (0) 53.67/75.30 (171.83/135.67mm)
1787603583.389  event6   TOUCH_MOTION              3  +0.858s	1 (1) 58.30/35.89 (186.67/64.67mm)
1787603583.389  event6   TOUCH_FRAME                  +0.858s	
1787603583.399  event6   TOUCH_MOTION              2  +0.868s	0 (0) 53.72/75.02 (172.00/135.17mm)
1787603583.399  event6   TOUCH_MOTION              3  +0.868s	1 (1) 58.20/36.36 (186.33/65.50mm)
1787603583.399  event6   TOUCH_FRAME                  +0.868s	
1787603583.409  event6   TOUCH_MOTION              2  +0.878s	0 (0) 53.77/74.84 (172.17/134.83mm)
1787603583.409  event6   TOUCH_MOTION              3  +0.878s	1 (1) 58.15/36.73 (186.17/66.17mm)
1787603583.409  event6   TOUCH_FRAME                  +0.878s	
1787603583.418  event6   TOUCH_MOTION              2  +0.887s	0 (0) 53.88/74.47 (172.50/134.17mm)
1787603583.419  event6   TOUCH_MOTION              3  +0.887s	1 (1) 58.04/37.10 (185.83/66.83mm)
1787603583.419  event6   TOUCH_FRAME                  +0.887s	
1787603583.428  event6   TOUCH_MOTION              2  +0.897s	0 (0) 53.98/74.19 (172.83/133.67mm)
1787603583.428  event6   TOUCH_MOTION              3  +0.897s	1 (1) 57.99/37.47 (185.67/67.50mm)
1787603583.428  event6   TOUCH_FRAME                  +0.897s	
1787603583.438  event6   TOUCH_MOTION              2  +0.907s	0 (0) 54.03/73.91 (173.00/133.17mm)
1787603583.438  event6   TOUCH_MOTION              3  +0.907s	1 (1) 57.89/37.84 (185.33/68.17mm)
1787603583.438  event6   TOUCH_FRAME                  +0.907s	
1787603583.448  event6   TOUCH_MOTION              2  +0.917s	0 (0) 54.14/73.64 (173.33/132.67mm)
1787603583.448  event6   TOUCH_MOTION              3  +0.917s	1 (1) 57.78/38.21 (185.00/68.83mm)
1787603583.449  event6   TOUCH_FRAME                  +0.917s	
1787603583.458  event6   TOUCH_MOTION              2  +0.927s	0 (0) 54.19/73.36 (173.50/132.17mm)
1787603583.458  event6   TOUCH_MOTION              3  +0.927s	1 (1) 57.73/38.58 (184.83/69.50mm)
1787603583.459  event6   TOUCH_FRAME                  +0.927s	
1787603583.468  event6   TOUCH_MOTION              2  +0.937s	0 (0) 54.29/73.08 (173.83/131.67mm)
1787603583.469  event6   TOUCH_MOTION              3  +0.937s	1 (1) 57.63/38.95 (184.50/70.17mm)
1787603583.469  event6   TOUCH_FRAME                  +0.937s	
1787603583.478  event6   TOUCH_MOTION              2  +0.947s	0 (0) 54.40/72.90 (174.17/131.33mm)
1787603583.478  event6   TOUCH_MOTION              3  +0.947s	1 (1) 57.52/39.41 (184.17/71.00mm)
1787603583.478  event6   TOUCH_FRAME                  +0.947s	
1787603583.488  event6   TOUCH_MOTION              2  +0.956s	0 (0) 54.40/72.62 (174.17/130.83mm)
1787603583.488  event6   TOUCH_MOTION              3  +0.956s	1 (1) 57.47/39.87 (184.00/71.83mm)
1787603583.488  event6   TOUCH_FRAME                  +0.956s	
1787603583.497  event6   TOUCH_MOTION              2  +0.966s	0 (0) 54.45/72.43 (174.33/130.50mm)
1787603583.497  event6   TOUCH_MOTION              3  +0.966s	1 (1) 57.37/40.24 (183.67/72.50mm)
1787603583.497  event6   TOUCH_FRAME                  +0.966s	
1787603583.507  event6   TOUCH_MOTION              2  +0.976s	0 (0) 54.50/72.25 (174.50/130.17mm)
1787603583.508  event6   TOUCH_MOTION              3  +0.976s	1 (1) 57.31/40.61 (183.50/73.17mm)
1787603583.508  event6   TOUCH_FRAME                  +0.976s	
1787603583.517  event6   TOUCH_MOTION              2  +0.986s	0 (0) 54.55/71.97 (174.67/129.67mm)
1787603583.518  event6   TOUCH_MOTION              3  +0.986s	1 (1) 57.21/40.98 (183.17/73.83mm)
1787603583.518  event6   TOUCH_FRAME                  +0.986s	
1787603583.528  event6   TOUCH_MOTION              2  +0.996s	0 (0) 54.61/71.79 (174.83/129.33mm)
1787603583.528  event6   TOUCH_MOTION              3  +0.996s	1 (1) 57.11/41.35 (182.83/74.50mm)
1787603583.528  event6   TOUCH_FRAME                  +0.996s	
1787603583.537  event6   TOUCH_MOTION              2  +1.006s	0 (0) 54.66/71.51 (175.00/128.83mm)
1787603583.537  event6   TOUCH_MOTION              3  +1.006s	1 (1) 57.05/41.72 (182.67/75.17mm)
1787603583.538  event6   TOUCH_FRAME                  +1.006s	
1787603583.547  event6   TOUCH_MOTION              2  +1.016s	0 (0) 54.66/71.32 (175.00/128.50mm)
1787603583.547  event6   TOUCH_MOTION              3  +1.016s	1 (1) 57.00/42.00 (182.50/75.67mm)
1787603583.548  event6   TOUCH_FRAME                  +1.016s	
1787603583.557  event6   TOUCH_MOTION              2  +1.025s	0 (0) 54.71/71.14 (175.17/128.17mm)
1787603583.557  event6   TOUCH_MOTION              3  +1.025s	1 (1) 56.95/42.37 (182.33/76.33mm)
1787603583.557  event6   TOUCH_FRAME                  +1.025s	
1787603583.567  event6   TOUCH_MOTION              2  +1.035s	0 (0) 54.76/70.77 (175.33/127.50mm)
1787603583.567  event6   TOUCH_MOTION              3  +1.035s	1 (1) 56.90/42.65 (182.17/76.83mm)
1787603583.567  event6   TOUCH_FRAME                  +1.035s	
1787603583.577  event6   TOUCH_MOTION              2  +1.045s	0 (0) 54.82/70.49 (175.50/127.00mm)
1787603583.577  event6   TOUCH_MOTION              3  +1.045s	1 (1) 56.85/42.92 (182.00/77.33mm)
1787603583.577  event6   TOUCH_FRAME                  +1.045s	
1787603583.586  event6   TOUCH_MOTION              2  +1.055s	0 (0) 54.87/70.21 (175.67/126.50mm)
1787603583.586  event6   TOUCH_MOTION              3  +1.055s	1 (1) 56.85/43.20 (182.00/77.83mm)
1787603583.586  event6   TOUCH_FRAME                  +1.055s	
1787603583.596  event6   TOUCH_MOTION              2  +1.065s	0 (0) 54.87/69.94 (175.67/126.00mm)
1787603583.596  event6   TOUCH_MOTION              3  +1.065s	1 (1) 56.79/43.48 (181.83/78.33mm)
1787603583.596  event6   TOUCH_FRAME                  +1.065s	
1787603583.606  event6   TOUCH_MOTION              2  +1.075s	0 (0) 54.92/69.57 (175.83/125.33mm)
1787603583.606  event6   TOUCH_MOTION              3  +1.075s	1 (1) 56.74/43.85 (181.67/79.00mm)
1787603583.606  event6   TOUCH_FRAME                  +1.075s	
1787603583.616  event6   TOUCH_MOTION              2  +1.085s	0 (0) 54.97/69.29 (176.00/124.83mm)
1787603583.616  event6   TOUCH_MOTION              3  +1.085s	1 (1) 56.69/44.13 (181.50/79.50mm)
1787603583.617  event6   TOUCH_FRAME                  +1.085s	
1787603583.626  event6   TOUCH_MOTION              2  +1.095s	0 (0) 55.02/69.01 (176.17/124.33mm)
1787603583.626  event6   TOUCH_MOTION              3  +1.095s	1 (1) 56.64/44.31 (181.33/79.83mm)
1787603583.626  event6   TOUCH_FRAME                  +1.095s	
1787603583.635  event6   TOUCH_MOTION              2  +1.104s	0 (0) 55.08/68.73 (176.33/123.83mm)
1787603583.636  event6   TOUCH_MOTION              3  +1.104s	1 (1) 56.64/44.59 (181.33/80.33mm)
1787603583.636  event6   TOUCH_FRAME                  +1.104s	
1787603583.647  event6   TOUCH_MOTION              2  +1.114s	0 (0) 55.08/68.46 (176.33/123.33mm)
1787603583.647  event6   TOUCH_MOTION              3  +1.114s	1 (1) 56.59/44.77 (181.17/80.67mm)
1787603583.647  event6   TOUCH_FRAME                  +1.114s	
1787603583.655  event6   TOUCH_MOTION              2  +1.124s	0 (0) 55.13/68.09 (176.50/122.67mm)
1787603583.655  event6   TOUCH_MOTION              3  +1.124s	1 (1) 56.53/44.96 (181.00/81.00mm)
1787603583.656  event6   TOUCH_FRAME                  +1.124s	
1787603583.665  event6   TOUCH_MOTION              2  +1.134s	0 (0) 55.18/67.81 (176.67/122.17mm)
1787603583.665  event6   TOUCH_MOTION              3  +1.134s	1 (1) 56.48/45.05 (180.83/81.17mm)
1787603583.665  event6   TOUCH_FRAME                  +1.134s	
1787603583.675  event6   TOUCH_MOTION              2  +1.144s	0 (0) 55.23/67.53 (176.83/121.67mm)
1787603583.675  event6   TOUCH_MOTION              3  +1.144s	1 (1) 56.43/45.33 (180.67/81.67mm)
1787603583.675  event6   TOUCH_FRAME                  +1.144s	
1787603583.686  event6   TOUCH_MOTION              2  +1.154s	0 (0) 55.28/67.25 (177.00/121.17mm)
1787603583.686  event6   TOUCH_MOTION              3  +1.154s	1 (1) 56.43/45.51 (180.67/82.00mm)
1787603583.686  event6   TOUCH_FRAME                  +1.154s	
1787603583.695  event6   TOUCH_MOTION              2  +1.164s	0 (0) 55.28/66.98 (177.00/120.67mm)
1787603583.695  event6   TOUCH_MOTION              3  +1.164s	1 (1) 56.38/45.79 (180.50/82.50mm)
1787603583.696  event6   TOUCH_FRAME                  +1.164s	
1787603583.704  event6   TOUCH_MOTION              2  +1.173s	0 (0) 55.34/66.60 (177.17/120.00mm)
1787603583.705  event6   TOUCH_MOTION              3  +1.173s	1 (1) 56.32/46.07 (180.33/83.00mm)
1787603583.705  event6   TOUCH_FRAME                  +1.173s	
1787603583.714  event6   TOUCH_MOTION              2  +1.183s	0 (0) 55.39/66.33 (177.33/119.50mm)
1787603583.714  event6   TOUCH_MOTION              3  +1.183s	1 (1) 56.27/46.35 (180.17/83.50mm)
1787603583.714  event6   TOUCH_FRAME                  +1.183s	
1787603583.724  event6   TOUCH_MOTION              2  +1.193s	0 (0) 55.44/66.05 (177.50/119.00mm)
1787603583.724  event6   TOUCH_MOTION              3  +1.193s	1 (1) 56.22/46.62 (180.00/84.00mm)
1787603583.724  event6   TOUCH_FRAME                  +1.193s	
1787603583.734  event6   TOUCH_MOTION              2  +1.203s	0 (0) 55.49/65.77 (177.67/118.50mm)
1787603583.735  event6   TOUCH_MOTION              3  +1.203s	1 (1) 56.17/46.90 (179.83/84.50mm)
1787603583.735  event6   TOUCH_FRAME                  +1.203s	
1787603583.744  event6   TOUCH_MOTION              2  +1.213s	0 (0) 55.54/65.40 (177.83/117.83mm)
1787603583.745  event6   TOUCH_MOTION              3  +1.213s	1 (1) 56.06/47.27 (179.50/85.17mm)
1787603583.745  event6   TOUCH_FRAME                  +1.213s	
1787603583.754  event6   TOUCH_MOTION              2  +1.223s	0 (0) 55.54/65.22 (177.83/117.50mm)
1787603583.755  event6   TOUCH_MOTION              3  +1.223s	1 (1) 55.96/47.46 (179.17/85.50mm)
1787603583.755  event6   TOUCH_FRAME                  +1.223s	
1787603583.764  event6   TOUCH_MOTION              2  +1.233s	0 (0) 55.54/65.03 (177.83/117.17mm)
1787603583.764  event6   TOUCH_MOTION              3  +1.233s	1 (1) 55.91/47.64 (179.00/85.83mm)
1787603583.764  event6   TOUCH_FRAME                  +1.233s	
1787603583.774  event6   TOUCH_MOTION              2  +1.242s	0 (0) 55.54/64.75 (177.83/116.67mm)
1787603583.774  event6   TOUCH_MOTION              3  +1.242s	1 (1) 55.80/47.83 (178.67/86.17mm)
1787603583.774  event6   TOUCH_FRAME                  +1.242s	
1787603583.783  event6   TOUCH_MOTION              2  +1.252s	0 (0) 55.54/64.57 (177.83/116.33mm)
1787603583.783  event6   TOUCH_MOTION              3  +1.252s	1 (1) 55.75/48.01 (178.50/86.50mm)
1787603583.784  event6   TOUCH_FRAME                  +1.252s	
1787603583.793  event6   TOUCH_MOTION              2  +1.262s	0 (0) 55.54/64.29 (177.83/115.83mm)
1787603583.793  event6   TOUCH_MOTION              3  +1.262s	1 (1) 55.65/48.10 (178.17/86.67mm)
1787603583.793  event6   TOUCH_FRAME                  +1.262s	
1787603583.803  event6   TOUCH_MOTION              2  +1.272s	0 (0) 55.54/63.92 (177.83/115.17mm)
1787603583.803  event6   TOUCH_MOTION              3  +1.272s	1 (1) 55.54/48.38 (177.83/87.17mm)
1787603583.804  event6   TOUCH_FRAME                  +1.272s	
1787603583.813  event6   TOUCH_MOTION              2  +1.282s	0 (0) 55.54/63.64 (177.83/114.67mm)
1787603583.813  event6   TOUCH_MOTION              3  +1.282s	1 (1) 55.49/48.66 (177.67/87.67mm)
1787603583.813  event6   TOUCH_FRAME                  +1.282s	
1787603583.823  event6   TOUCH_MOTION              2  +1.292s	0 (0) 55.54/63.37 (177.83/114.17mm)
1787603583.823  event6   TOUCH_MOTION              3  +1.292s	1 (1) 55.39/49.03 (177.33/88.33mm)
1787603583.823  event6   TOUCH_FRAME                  +1.292s	
1787603583.833  event6   TOUCH_MOTION              2  +1.302s	0 (0) 55.54/63.18 (177.83/113.83mm)
1787603583.833  event6   TOUCH_MOTION              3  +1.302s	1 (1) 55.28/49.31 (177.00/88.83mm)
1787603583.833  event6   TOUCH_FRAME                  +1.302s	
1787603583.843  event6   TOUCH_MOTION              2  +1.312s	0 (0) 55.49/62.90 (177.67/113.33mm)
1787603583.843  event6   TOUCH_MOTION              3  +1.312s	1 (1) 55.23/49.58 (176.83/89.33mm)
1787603583.843  event6   TOUCH_FRAME                  +1.312s	
1787603583.852  event6   TOUCH_MOTION              2  +1.321s	0 (0) 55.44/62.72 (177.50/113.00mm)
1787603583.852  event6   TOUCH_MOTION              3  +1.321s	1 (1) 55.18/49.86 (176.67/89.83mm)
1787603583.852  event6   TOUCH_FRAME                  +1.321s	
1787603583.862  event6   TOUCH_MOTION              2  +1.331s	0 (0) 55.44/62.44 (177.50/112.50mm)
1787603583.862  event6   TOUCH_MOTION              3  +1.331s	1 (1) 55.13/49.95 (176.50/90.00mm)
1787603583.862  event6   TOUCH_FRAME                  +1.331s	
1787603583.872  event6   TOUCH_MOTION              2  +1.341s	0 (0) 55.44/62.26 (177.50/112.17mm)
1787603583.873  event6   TOUCH_MOTION              3  +1.341s	1 (1) 55.08/50.14 (176.33/90.33mm)
1787603583.873  event6   TOUCH_FRAME                  +1.341s	
1787603583.883  event6   TOUCH_MOTION              2  +1.351s	0 (0) 55.39/61.98 (177.33/111.67mm)
1787603583.883  event6   TOUCH_MOTION              3  +1.351s	1 (1) 55.08/50.32 (176.33/90.67mm)
1787603583.883  event6   TOUCH_FRAME                  +1.351s	
1787603583.892  event6   TOUCH_MOTION              2  +1.361s	0 (0) 55.34/61.89 (177.17/111.50mm)
1787603583.892  event6   TOUCH_MOTION              3  +1.361s	1 (1) 55.02/50.32 (176.17/90.67mm)
1787603583.892  event6   TOUCH_FRAME                  +1.361s	
1787603583.902  event6   TOUCH_MOTION              2  +1.371s	0 (0) 55.28/61.70 (177.00/111.17mm)
1787603583.902  event6   TOUCH_MOTION              3  +1.371s	1 (1) 54.97/50.42 (176.00/90.83mm)
1787603583.902  event6   TOUCH_FRAME                  +1.371s	
1787603583.912  event6   TOUCH_MOTION              2  +1.381s	0 (0) 55.28/61.61 (177.00/111.00mm)
1787603583.912  event6   TOUCH_MOTION              3  +1.381s	1 (1) 54.92/50.51 (175.83/91.00mm)
1787603583.912  event6   TOUCH_FRAME                  +1.381s	
1787603583.921  event6   TOUCH_MOTION              2  +1.390s	0 (0) 55.23/61.42 (176.83/110.67mm)
1787603583.922  event6   TOUCH_MOTION              3  +1.390s	1 (1) 54.92/50.60 (175.83/91.17mm)
1787603583.922  event6   TOUCH_FRAME                  +1.390s	
1787603583.931  event6   TOUCH_MOTION              2  +1.400s	0 (0) 55.23/61.24 (176.83/110.33mm)
1787603583.931  event6   TOUCH_MOTION              3  +1.400s	1 (1) 54.87/50.69 (175.67/91.33mm)
1787603583.931  event6   TOUCH_FRAME                  +1.400s	
1787603583.941  event6   TOUCH_MOTION              2  +1.410s	0 (0) 55.18/61.15 (176.67/110.17mm)
1787603583.942  event6   TOUCH_FRAME                  +1.410s	
1787603583.952  event6   TOUCH_MOTION              2  +1.420s	0 (0) 55.18/61.05 (176.67/110.00mm)
1787603583.952  event6   TOUCH_MOTION              3  +1.420s	1 (1) 54.87/50.79 (175.67/91.50mm)
1787603583.952  event6   TOUCH_FRAME                  +1.420s	
1787603583.961  event6   TOUCH_MOTION              2  +1.430s	0 (0) 55.18/60.96 (176.67/109.83mm)
1787603583.961  event6   TOUCH_MOTION              3  +1.430s	1 (1) 54.87/50.88 (175.67/91.67mm)
1787603583.961  event6   TOUCH_FRAME                  +1.430s	
1787603583.972  event6   TOUCH_MOTION              2  +1.440s	0 (0) 55.18/60.87 (176.67/109.67mm)
1787603583.972  event6   TOUCH_MOTION              3  +1.440s	1 (1) 54.87/50.97 (175.67/91.83mm)
1787603583.972  event6   TOUCH_FRAME                  +1.440s	
1787603583.981  event6   TOUCH_MOTION              2  +1.450s	1 (1) 54.87/51.06 (175.67/92.00mm)
1787603583.981  event6   TOUCH_FRAME                  +1.450s	
1787603583.990  event6   TOUCH_MOTION              2  +1.459s	0 (0) 55.18/60.78 (176.67/109.50mm)
1787603583.990  event6   TOUCH_FRAME                  +1.459s	
1787603584.000  event6   TOUCH_MOTION              2  +1.469s	0 (0) 55.18/60.68 (176.67/109.33mm)
1787603584.001  event6   TOUCH_FRAME                  +1.469s	
1787603584.010  event6   TOUCH_MOTION              2  +1.479s	0 (0) 55.13/60.59 (176.50/109.17mm)
1787603584.010  event6   TOUCH_FRAME                  +1.479s	
1787603584.138  event6   TOUCH_MOTION              2  +1.607s	0 (0) 55.13/60.50 (176.50/109.00mm)
1787603584.139  event6   TOUCH_FRAME                  +1.607s	
1787603584.158  event6   TOUCH_MOTION              2  +1.627s	0 (0) 55.08/60.50 (176.33/109.00mm)
1787603584.158  event6   TOUCH_FRAME                  +1.627s	
1787603584.219  event6   TOUCH_UP                     +1.688s	0 (0)
1787603584.219  event6   TOUCH_FRAME                  +1.688s	
1787603584.240  event6   TOUCH_UP                     +1.709s	1 (1)
1787603584.240  event6   TOUCH_FRAME                  +1.709s	
1787603585.247  event6   TOUCH_DOWN                   +2.715s	0 (0) 56.17/37.65 (179.83/67.83mm)
1787603585.247  event6   TOUCH_FRAME                  +2.715s	
1787603585.276  event6   TOUCH_MOTION                 +2.745s	0 (0) 56.22/38.58 (180.00/69.50mm)
1787603585.276  event6   TOUCH_FRAME                  +2.745s	
1787603585.285  event6   TOUCH_MOTION              2  +2.754s	0 (0) 56.22/39.13 (180.00/70.50mm)
1787603585.285  event6   TOUCH_FRAME                  +2.754s	
1787603585.295  event6   TOUCH_MOTION              2  +2.764s	0 (0) 56.22/39.69 (180.00/71.50mm)
1787603585.295  event6   TOUCH_FRAME                  +2.764s	
1787603585.305  event6   TOUCH_MOTION              2  +2.774s	0 (0) 56.17/40.43 (179.83/72.83mm)
1787603585.305  event6   TOUCH_FRAME                  +2.774s	
1787603585.315  event6   TOUCH_MOTION              2  +2.784s	0 (0) 56.17/41.17 (179.83/74.17mm)
1787603585.315  event6   TOUCH_FRAME                  +2.784s	
1787603585.325  event6   TOUCH_MOTION              2  +2.794s	0 (0) 56.17/42.00 (179.83/75.67mm)
1787603585.325  event6   TOUCH_FRAME                  +2.794s	
1787603585.335  event6   TOUCH_MOTION              2  +2.804s	0 (0) 56.17/42.92 (179.83/77.33mm)
1787603585.335  event6   TOUCH_FRAME                  +2.804s	
1787603585.345  event6   TOUCH_MOTION              2  +2.814s	0 (0) 56.17/43.85 (179.83/79.00mm)
1787603585.345  event6   TOUCH_FRAME                  +2.814s	
1787603585.355  event6   TOUCH_MOTION              2  +2.823s	0 (0) 56.17/44.96 (179.83/81.00mm)
1787603585.355  event6   TOUCH_FRAME                  +2.823s	
1787603585.365  event6   TOUCH_MOTION              2  +2.833s	0 (0) 56.17/46.07 (179.83/83.00mm)
1787603585.365  event6   TOUCH_FRAME                  +2.833s	
1787603585.374  event6   TOUCH_MOTION              2  +2.843s	0 (0) 56.17/47.18 (179.83/85.00mm)
1787603585.374  event6   TOUCH_FRAME                  +2.843s	
1787603585.385  event6   TOUCH_MOTION              2  +2.853s	0 (0) 56.17/48.29 (179.83/87.00mm)
1787603585.385  event6   TOUCH_FRAME                  +2.853s	
1787603585.394  event6   TOUCH_MOTION              2  +2.863s	0 (0) 56.17/49.49 (179.83/89.17mm)
1787603585.394  event6   TOUCH_FRAME                  +2.863s	
1787603585.405  event6   TOUCH_MOTION              2  +2.873s	0 (0) 56.17/50.79 (179.83/91.50mm)
1787603585.405  event6   TOUCH_FRAME                  +2.873s	
1787603585.414  event6   TOUCH_MOTION              2  +2.883s	0 (0) 56.17/52.17 (179.83/94.00mm)
1787603585.415  event6   TOUCH_FRAME                  +2.883s	
1787603585.423  event6   TOUCH_MOTION              2  +2.892s	0 (0) 56.17/53.47 (179.83/96.33mm)
1787603585.423  event6   TOUCH_FRAME                  +2.892s	
1787603585.433  event6   TOUCH_MOTION              2  +2.902s	0 (0) 56.17/54.86 (179.83/98.83mm)
1787603585.434  event6   TOUCH_FRAME                  +2.902s	
1787603585.443  event6   TOUCH_MOTION              2  +2.912s	0 (0) 56.17/56.24 (179.83/101.33mm)
1787603585.443  event6   TOUCH_FRAME                  +2.912s	
1787603585.453  event6   TOUCH_MOTION              2  +2.922s	0 (0) 56.17/57.63 (179.83/103.83mm)
1787603585.454  event6   TOUCH_FRAME                  +2.922s	
1787603585.463  event6   TOUCH_MOTION              2  +2.932s	0 (0) 56.17/59.02 (179.83/106.33mm)
1787603585.463  event6   TOUCH_FRAME                  +2.932s	
1787603585.473  event6   TOUCH_MOTION              2  +2.942s	0 (0) 56.17/60.50 (179.83/109.00mm)
1787603585.473  event6   TOUCH_FRAME                  +2.942s	
1787603585.484  event6   TOUCH_MOTION              2  +2.952s	0 (0) 56.12/61.98 (179.67/111.67mm)
1787603585.484  event6   TOUCH_FRAME                  +2.952s	
1787603585.493  event6   TOUCH_MOTION              2  +2.962s	0 (0) 56.06/63.37 (179.50/114.17mm)
1787603585.493  event6   TOUCH_FRAME                  +2.962s	
1787603585.502  event6   TOUCH_MOTION              2  +2.971s	0 (0) 56.01/64.85 (179.33/116.83mm)
1787603585.502  event6   TOUCH_FRAME                  +2.971s	
1787603585.512  event6   TOUCH_MOTION              2  +2.981s	0 (0) 55.96/66.23 (179.17/119.33mm)
1787603585.512  event6   TOUCH_FRAME                  +2.981s	
1787603585.522  event6   TOUCH_MOTION              2  +2.991s	0 (0) 55.96/67.72 (179.17/122.00mm)
1787603585.522  event6   TOUCH_FRAME                  +2.991s	
1787603585.532  event6   TOUCH_MOTION              2  +3.001s	0 (0) 55.96/69.10 (179.17/124.50mm)
1787603585.532  event6   TOUCH_FRAME                  +3.001s	
1787603585.543  event6   TOUCH_MOTION              2  +3.011s	0 (0) 55.96/70.49 (179.17/127.00mm)
1787603585.543  event6   TOUCH_FRAME                  +3.011s	
1787603585.552  event6   TOUCH_MOTION              2  +3.021s	0 (0) 55.96/71.88 (179.17/129.50mm)
1787603585.553  event6   TOUCH_FRAME                  +3.021s	
1787603585.563  event6   TOUCH_MOTION              2  +3.031s	0 (0) 55.96/73.17 (179.17/131.83mm)
1787603585.563  event6   TOUCH_FRAME                  +3.031s	
1787603585.572  event6   TOUCH_MOTION              2  +3.040s	0 (0) 55.96/74.47 (179.17/134.17mm)
1787603585.572  event6   TOUCH_FRAME                  +3.040s	
1787603585.581  event6   TOUCH_MOTION              2  +3.050s	0 (0) 55.96/75.67 (179.17/136.33mm)
1787603585.582  event6   TOUCH_FRAME                  +3.050s	
1787603585.591  event6   TOUCH_MOTION              2  +3.060s	0 (0) 55.96/76.78 (179.17/138.33mm)
1787603585.591  event6   TOUCH_FRAME                  +3.060s	
1787603585.602  event6   TOUCH_MOTION              2  +3.070s	0 (0) 55.96/77.80 (179.17/140.17mm)
1787603585.602  event6   TOUCH_FRAME                  +3.070s	
1787603585.612  event6   TOUCH_MOTION              2  +3.080s	0 (0) 55.96/78.82 (179.17/142.00mm)
1787603585.612  event6   TOUCH_FRAME                  +3.080s	
1787603585.622  event6   TOUCH_MOTION              2  +3.090s	0 (0) 55.96/79.83 (179.17/143.83mm)
1787603585.622  event6   TOUCH_FRAME                  +3.090s	
1787603585.631  event6   TOUCH_MOTION              2  +3.100s	0 (0) 55.96/80.67 (179.17/145.33mm)
1787603585.632  event6   TOUCH_FRAME                  +3.100s	
1787603585.640  event6   TOUCH_MOTION              2  +3.109s	0 (0) 55.96/81.50 (179.17/146.83mm)
1787603585.640  event6   TOUCH_FRAME                  +3.109s	
1787603585.651  event6   TOUCH_MOTION              2  +3.119s	0 (0) 55.96/82.33 (179.17/148.33mm)
1787603585.651  event6   TOUCH_FRAME                  +3.119s	
1787603585.660  event6   TOUCH_MOTION              2  +3.129s	0 (0) 55.96/83.07 (179.17/149.67mm)
1787603585.660  event6   TOUCH_FRAME                  +3.129s	
1787603585.671  event6   TOUCH_MOTION              2  +3.139s	0 (0) 55.96/83.81 (179.17/151.00mm)
1787603585.671  event6   TOUCH_FRAME                  +3.139s	
1787603585.681  event6   TOUCH_MOTION              2  +3.149s	0 (0) 55.96/84.37 (179.17/152.00mm)
1787603585.681  event6   TOUCH_FRAME                  +3.149s	
1787603585.690  event6   TOUCH_MOTION              2  +3.159s	0 (0) 55.96/85.01 (179.17/153.17mm)
1787603585.690  event6   TOUCH_FRAME                  +3.159s	
1787603585.701  event6   TOUCH_MOTION              2  +3.169s	0 (0) 55.96/85.48 (179.17/154.00mm)
1787603585.701  event6   TOUCH_FRAME                  +3.169s	
1787603585.709  event6   TOUCH_MOTION              2  +3.178s	0 (0) 55.96/85.94 (179.17/154.83mm)
1787603585.709  event6   TOUCH_FRAME                  +3.178s	
1787603585.719  event6   TOUCH_MOTION              2  +3.188s	0 (0) 55.96/86.31 (179.17/155.50mm)
1787603585.719  event6   TOUCH_FRAME                  +3.188s	
1787603585.729  event6   TOUCH_MOTION              2  +3.198s	0 (0) 55.96/86.59 (179.17/156.00mm)
1787603585.730  event6   TOUCH_FRAME                  +3.198s	
1787603585.739  event6   TOUCH_MOTION              2  +3.208s	0 (0) 55.96/86.86 (179.17/156.50mm)
1787603585.739  event6   TOUCH_FRAME                  +3.208s	
1787603585.749  event6   TOUCH_MOTION              2  +3.218s	0 (0) 55.96/87.05 (179.17/156.83mm)
1787603585.750  event6   TOUCH_FRAME                  +3.218s	
1787603585.759  event6   TOUCH_MOTION              2  +3.228s	0 (0) 55.96/87.23 (179.17/157.17mm)
1787603585.760  event6   TOUCH_FRAME                  +3.228s	
1787603585.769  event6   TOUCH_MOTION              2  +3.238s	0 (0) 55.96/87.42 (179.17/157.50mm)
1787603585.770  event6   TOUCH_FRAME                  +3.238s	
1787603585.798  event6   TOUCH_MOTION              2  +3.267s	0 (0) 55.96/87.33 (179.17/157.33mm)
1787603585.799  event6   TOUCH_FRAME                  +3.267s	
1787603585.808  event6   TOUCH_MOTION              2  +3.277s	0 (0) 55.96/86.96 (179.17/156.67mm)
1787603585.808  event6   TOUCH_FRAME                  +3.277s	
1787603585.818  event6   TOUCH_MOTION              2  +3.287s	0 (0) 55.96/86.59 (179.17/156.00mm)
1787603585.818  event6   TOUCH_FRAME                  +3.287s	
1787603585.828  event6   TOUCH_MOTION              2  +3.297s	0 (0) 55.96/86.22 (179.17/155.33mm)
1787603585.828  event6   TOUCH_FRAME                  +3.297s	
1787603585.838  event6   TOUCH_MOTION              2  +3.307s	0 (0) 55.91/85.57 (179.00/154.17mm)
1787603585.838  event6   TOUCH_FRAME                  +3.307s	
1787603585.848  event6   TOUCH_MOTION              2  +3.317s	0 (0) 55.86/84.92 (178.83/153.00mm)
1787603585.849  event6   TOUCH_FRAME                  +3.317s	
1787603585.857  event6   TOUCH_MOTION              2  +3.326s	0 (0) 55.80/84.18 (178.67/151.67mm)
1787603585.857  event6   TOUCH_FRAME                  +3.326s	
1787603585.868  event6   TOUCH_MOTION              2  +3.336s	0 (0) 55.75/83.35 (178.50/150.17mm)
1787603585.868  event6   TOUCH_FRAME                  +3.336s	
1787603585.877  event6   TOUCH_MOTION              2  +3.346s	0 (0) 55.75/82.42 (178.50/148.50mm)
1787603585.877  event6   TOUCH_FRAME                  +3.346s	
1787603585.888  event6   TOUCH_MOTION              2  +3.356s	0 (0) 55.70/81.50 (178.33/146.83mm)
1787603585.888  event6   TOUCH_FRAME                  +3.356s	
1787603585.897  event6   TOUCH_MOTION              2  +3.366s	0 (0) 55.65/80.39 (178.17/144.83mm)
1787603585.897  event6   TOUCH_FRAME                  +3.366s	
1787603585.907  event6   TOUCH_MOTION              2  +3.376s	0 (0) 55.65/79.19 (178.17/142.67mm)
1787603585.908  event6   TOUCH_FRAME                  +3.376s	
1787603585.917  event6   TOUCH_MOTION              2  +3.386s	0 (0) 55.65/77.89 (178.17/140.33mm)
1787603585.918  event6   TOUCH_FRAME                  +3.386s	
1787603585.927  event6   TOUCH_MOTION              2  +3.395s	0 (0) 55.65/76.60 (178.17/138.00mm)
1787603585.927  event6   TOUCH_FRAME                  +3.395s	
1787603585.937  event6   TOUCH_MOTION              2  +3.405s	0 (0) 55.60/75.12 (178.00/135.33mm)
1787603585.937  event6   TOUCH_FRAME                  +3.405s	
1787603585.947  event6   TOUCH_MOTION              2  +3.415s	0 (0) 55.54/73.64 (177.83/132.67mm)
1787603585.947  event6   TOUCH_FRAME                  +3.415s	
1787603585.956  event6   TOUCH_MOTION              2  +3.425s	0 (0) 55.54/72.16 (177.83/130.00mm)
1787603585.956  event6   TOUCH_FRAME                  +3.425s	
1787603585.966  event6   TOUCH_MOTION              2  +3.435s	0 (0) 55.49/70.68 (177.67/127.33mm)
1787603585.967  event6   TOUCH_FRAME                  +3.435s	
1787603585.977  event6   TOUCH_MOTION              2  +3.445s	0 (0) 55.44/69.20 (177.50/124.67mm)
1787603585.977  event6   TOUCH_FRAME                  +3.445s	
1787603585.987  event6   TOUCH_MOTION              2  +3.455s	0 (0) 55.34/67.72 (177.17/122.00mm)
1787603585.987  event6   TOUCH_FRAME                  +3.455s	
1787603585.996  event6   TOUCH_MOTION              2  +3.464s	0 (0) 55.28/66.14 (177.00/119.17mm)
1787603585.996  event6   TOUCH_FRAME                  +3.464s	
1787603586.005  event6   TOUCH_MOTION              2  +3.474s	0 (0) 55.23/64.66 (176.83/116.50mm)
1787603586.005  event6   TOUCH_FRAME                  +3.474s	
1787603586.015  event6   TOUCH_MOTION              2  +3.484s	0 (0) 55.18/63.00 (176.67/113.50mm)
1787603586.015  event6   TOUCH_FRAME                  +3.484s	
1787603586.025  event6   TOUCH_MOTION              2  +3.494s	0 (0) 55.13/61.33 (176.50/110.50mm)
1787603586.026  event6   TOUCH_FRAME                  +3.494s	
1787603586.035  event6   TOUCH_MOTION              2  +3.504s	0 (0) 55.13/59.67 (176.50/107.50mm)
1787603586.036  event6   TOUCH_FRAME                  +3.504s	
1787603586.046  event6   TOUCH_MOTION              2  +3.514s	0 (0) 55.13/57.82 (176.50/104.17mm)
1787603586.046  event6   TOUCH_FRAME                  +3.514s	
1787603586.055  event6   TOUCH_MOTION              2  +3.524s	0 (0) 55.13/55.97 (176.50/100.83mm)
1787603586.055  event6   TOUCH_FRAME                  +3.524s	
1787603586.065  event6   TOUCH_MOTION              2  +3.534s	0 (0) 55.13/54.12 (176.50/97.50mm)
1787603586.066  event6   TOUCH_FRAME                  +3.534s	
1787603586.074  event6   TOUCH_MOTION              2  +3.543s	0 (0) 55.13/52.27 (176.50/94.17mm)
1787603586.074  event6   TOUCH_FRAME                  +3.543s	
1787603586.084  event6   TOUCH_MOTION              2  +3.553s	0 (0) 55.18/50.42 (176.67/90.83mm)
1787603586.085  event6   TOUCH_FRAME                  +3.553s	
1787603586.094  event6   TOUCH_MOTION              2  +3.563s	0 (0) 55.23/48.66 (176.83/87.67mm)
1787603586.095  event6   TOUCH_FRAME                  +3.563s	
1787603586.105  event6   TOUCH_MOTION              2  +3.573s	0 (0) 55.28/46.90 (177.00/84.50mm)
1787603586.105  event6   TOUCH_FRAME                  +3.573s	
1787603586.114  event6   TOUCH_MOTION              2  +3.583s	0 (0) 55.28/45.33 (177.00/81.67mm)
1787603586.114  event6   TOUCH_FRAME                  +3.583s	
1787603586.124  event6   TOUCH_MOTION              2  +3.593s	0 (0) 55.28/43.85 (177.00/79.00mm)
1787603586.124  event6   TOUCH_FRAME                  +3.593s	
1787603586.134  event6   TOUCH_MOTION              2  +3.603s	0 (0) 55.28/42.55 (177.00/76.67mm)
1787603586.135  event6   TOUCH_FRAME                  +3.603s	
1787603586.143  event6   TOUCH_MOTION              2  +3.612s	0 (0) 55.28/41.35 (177.00/74.50mm)
1787603586.143  event6   TOUCH_FRAME                  +3.612s	
1787603586.153  event6   TOUCH_MOTION              2  +3.622s	0 (0) 55.28/40.24 (177.00/72.50mm)
1787603586.154  event6   TOUCH_FRAME                  +3.622s	
1787603586.163  event6   TOUCH_MOTION              2  +3.632s	0 (0) 55.28/39.32 (177.00/70.83mm)
1787603586.163  event6   TOUCH_FRAME                  +3.632s	
1787603586.173  event6   TOUCH_MOTION              2  +3.642s	0 (0) 55.28/38.48 (177.00/69.33mm)
1787603586.174  event6   TOUCH_FRAME                  +3.642s	
1787603586.184  event6   TOUCH_MOTION              2  +3.652s	0 (0) 55.28/37.74 (177.00/68.00mm)
1787603586.184  event6   TOUCH_FRAME                  +3.652s	
1787603586.193  event6   TOUCH_MOTION              2  +3.662s	0 (0) 55.28/37.00 (177.00/66.67mm)
1787603586.193  event6   TOUCH_FRAME                  +3.662s	
1787603586.203  event6   TOUCH_MOTION              2  +3.672s	0 (0) 55.28/36.45 (177.00/65.67mm)
1787603586.203  event6   TOUCH_FRAME                  +3.672s	
1787603586.212  event6   TOUCH_MOTION              2  +3.681s	0 (0) 55.28/35.89 (177.00/64.67mm)
1787603586.212  event6   TOUCH_FRAME                  +3.681s	
1787603586.222  event6   TOUCH_MOTION              2  +3.691s	0 (0) 55.28/35.52 (177.00/64.00mm)
1787603586.222  event6   TOUCH_FRAME                  +3.691s	
1787603586.232  event6   TOUCH_MOTION              2  +3.701s	0 (0) 55.28/35.15 (177.00/63.33mm)
1787603586.233  event6   TOUCH_FRAME                  +3.701s	
1787603586.242  event6   TOUCH_MOTION              2  +3.711s	0 (0) 55.28/34.78 (177.00/62.67mm)
1787603586.242  event6   TOUCH_FRAME                  +3.711s	
1787603586.252  event6   TOUCH_MOTION              2  +3.721s	0 (0) 55.28/34.60 (177.00/62.33mm)
1787603586.253  event6   TOUCH_FRAME                  +3.721s	
1787603586.262  event6   TOUCH_MOTION              2  +3.731s	0 (0) 55.28/34.41 (177.00/62.00mm)
1787603586.262  event6   TOUCH_FRAME                  +3.731s	
1787603586.272  event6   TOUCH_MOTION              2  +3.741s	0 (0) 55.28/34.23 (177.00/61.67mm)
1787603586.272  event6   TOUCH_FRAME                  +3.741s	
1787603586.282  event6   TOUCH_MOTION              2  +3.751s	0 (0) 55.28/34.14 (177.00/61.50mm)
1787603586.283  event6   TOUCH_FRAME                  +3.751s	
1787603586.291  event6   TOUCH_MOTION              2  +3.760s	0 (0) 55.28/34.04 (177.00/61.33mm)
1787603586.291  event6   TOUCH_FRAME                  +3.760s	
1787603586.311  event6   TOUCH_MOTION              2  +3.780s	0 (0) 55.28/33.95 (177.00/61.17mm)
1787603586.311  event6   TOUCH_FRAME                  +3.780s	
1787603586.352  event6   TOUCH_MOTION              2  +3.820s	0 (0) 55.34/34.04 (177.17/61.33mm)
1787603586.352  event6   TOUCH_FRAME                  +3.820s	
1787603586.360  event6   TOUCH_MOTION              2  +3.829s	0 (0) 55.39/34.14 (177.33/61.50mm)
1787603586.360  event6   TOUCH_FRAME                  +3.829s	
1787603586.370  event6   TOUCH_MOTION              2  +3.839s	0 (0) 55.49/34.41 (177.67/62.00mm)
1787603586.371  event6   TOUCH_FRAME                  +3.839s	
1787603586.380  event6   TOUCH_MOTION              2  +3.849s	0 (0) 55.54/34.78 (177.83/62.67mm)
1787603586.381  event6   TOUCH_FRAME                  +3.849s	
1787603586.390  event6   TOUCH_MOTION              2  +3.859s	0 (0) 55.54/35.34 (177.83/63.67mm)
1787603586.390  event6   TOUCH_FRAME                  +3.859s	
1787603586.400  event6   TOUCH_MOTION              2  +3.869s	0 (0) 55.60/35.99 (178.00/64.83mm)
1787603586.400  event6   TOUCH_FRAME                  +3.869s	
1787603586.410  event6   TOUCH_MOTION              2  +3.879s	0 (0) 55.65/36.82 (178.17/66.33mm)
1787603586.410  event6   TOUCH_FRAME                  +3.879s	
1787603586.420  event6   TOUCH_MOTION              2  +3.889s	0 (0) 55.65/37.74 (178.17/68.00mm)
1787603586.420  event6   TOUCH_FRAME                  +3.889s	
1787603586.429  event6   TOUCH_MOTION              2  +3.898s	0 (0) 55.65/38.76 (178.17/69.83mm)
1787603586.429  event6   TOUCH_FRAME                  +3.898s	
1787603586.439  event6   TOUCH_MOTION              2  +3.908s	0 (0) 55.65/39.96 (178.17/72.00mm)
1787603586.439  event6   TOUCH_FRAME                  +3.908s	
1787603586.449  event6   TOUCH_MOTION              2  +3.918s	0 (0) 55.60/41.17 (178.00/74.17mm)
1787603586.449  event6   TOUCH_FRAME                  +3.918s	
1787603586.459  event6   TOUCH_MOTION              2  +3.928s	0 (0) 55.54/42.65 (177.83/76.83mm)
1787603586.459  event6   TOUCH_FRAME                  +3.928s	
1787603586.469  event6   TOUCH_MOTION              2  +3.938s	0 (0) 55.54/44.13 (177.83/79.50mm)
1787603586.470  event6   TOUCH_FRAME                  +3.938s	
1787603586.479  event6   TOUCH_MOTION              2  +3.948s	0 (0) 55.44/45.70 (177.50/82.33mm)
1787603586.479  event6   TOUCH_FRAME                  +3.948s	
1787603586.489  event6   TOUCH_MOTION              2  +3.958s	0 (0) 55.34/47.27 (177.17/85.17mm)
1787603586.489  event6   TOUCH_FRAME                  +3.958s	
1787603586.498  event6   TOUCH_MOTION              2  +3.967s	0 (0) 55.28/49.03 (177.00/88.33mm)
1787603586.499  event6   TOUCH_FRAME                  +3.967s	
1787603586.508  event6   TOUCH_MOTION              2  +3.977s	0 (0) 55.18/50.69 (176.67/91.33mm)
1787603586.508  event6   TOUCH_FRAME                  +3.977s	
1787603586.519  event6   TOUCH_MOTION              2  +3.987s	0 (0) 55.08/52.45 (176.33/94.50mm)
1787603586.519  event6   TOUCH_FRAME                  +3.987s	
1787603586.529  event6   TOUCH_MOTION              2  +3.997s	0 (0) 55.08/54.12 (176.33/97.50mm)
1787603586.529  event6   TOUCH_FRAME                  +3.997s	
1787603586.539  event6   TOUCH_MOTION              2  +4.007s	0 (0) 55.02/55.97 (176.17/100.83mm)
1787603586.539  event6   TOUCH_FRAME                  +4.007s	
1787603586.549  event6   TOUCH_MOTION              2  +4.017s	0 (0) 54.97/57.72 (176.00/104.00mm)
1787603586.549  event6   TOUCH_FRAME                  +4.017s	
1787603586.558  event6   TOUCH_MOTION              2  +4.027s	0 (0) 54.92/59.48 (175.83/107.17mm)
1787603586.559  event6   TOUCH_FRAME                  +4.027s	
1787603586.568  event6   TOUCH_MOTION              2  +4.037s	0 (0) 54.87/61.24 (175.67/110.33mm)
1787603586.569  event6   TOUCH_FRAME                  +4.037s	
1787603586.577  event6   TOUCH_MOTION              2  +4.046s	0 (0) 54.87/63.09 (175.67/113.67mm)
1787603586.577  event6   TOUCH_FRAME                  +4.046s	
1787603586.587  event6   TOUCH_MOTION              2  +4.056s	0 (0) 54.82/64.85 (175.50/116.83mm)
1787603586.588  event6   TOUCH_FRAME                  +4.056s	
1787603586.597  event6   TOUCH_MOTION              2  +4.066s	0 (0) 54.76/66.60 (175.33/120.00mm)
1787603586.597  event6   TOUCH_FRAME                  +4.066s	
1787603586.607  event6   TOUCH_MOTION              2  +4.076s	0 (0) 54.76/68.18 (175.33/122.83mm)
1787603586.608  event6   TOUCH_FRAME                  +4.076s	
1787603586.617  event6   TOUCH_MOTION              2  +4.086s	0 (0) 54.76/69.75 (175.33/125.67mm)
1787603586.618  event6   TOUCH_FRAME                  +4.086s	
1787603586.627  event6   TOUCH_MOTION              2  +4.096s	0 (0) 54.76/71.23 (175.33/128.33mm)
1787603586.628  event6   TOUCH_FRAME                  +4.096s	
1787603586.637  event6   TOUCH_MOTION              2  +4.106s	0 (0) 54.76/72.62 (175.33/130.83mm)
1787603586.638  event6   TOUCH_FRAME                  +4.106s	
1787603586.646  event6   TOUCH_MOTION              2  +4.115s	0 (0) 54.76/73.82 (175.33/133.00mm)
1787603586.646  event6   TOUCH_FRAME                  +4.115s	
1787603586.657  event6   TOUCH_MOTION              2  +4.125s	0 (0) 54.82/74.93 (175.50/135.00mm)
1787603586.657  event6   TOUCH_FRAME                  +4.125s	
1787603586.666  event6   TOUCH_MOTION              2  +4.135s	0 (0) 54.87/75.86 (175.67/136.67mm)
1787603586.666  event6   TOUCH_FRAME                  +4.135s	
1787603586.676  event6   TOUCH_MOTION              2  +4.145s	0 (0) 54.87/76.69 (175.67/138.17mm)
1787603586.677  event6   TOUCH_FRAME                  +4.145s	
1787603586.687  event6   TOUCH_MOTION              2  +4.155s	0 (0) 54.92/77.43 (175.83/139.50mm)
1787603586.687  event6   TOUCH_FRAME                  +4.155s	
1787603586.696  event6   TOUCH_MOTION              2  +4.165s	0 (0) 54.97/77.98 (176.00/140.50mm)
1787603586.697  event6   TOUCH_FRAME                  +4.165s	
1787603586.706  event6   TOUCH_MOTION              2  +4.175s	0 (0) 55.02/78.54 (176.17/141.50mm)
1787603586.706  event6   TOUCH_FRAME                  +4.175s	
1787603586.716  event6   TOUCH_MOTION              2  +4.184s	0 (0) 55.02/78.91 (176.17/142.17mm)
1787603586.716  event6   TOUCH_FRAME                  +4.184s	
1787603586.725  event6   TOUCH_MOTION              2  +4.194s	0 (0) 55.02/79.19 (176.17/142.67mm)
1787603586.725  event6   TOUCH_FRAME                  +4.194s	
1787603586.735  event6   TOUCH_MOTION              2  +4.204s	0 (0) 55.02/79.46 (176.17/143.17mm)
1787603586.735  event6   TOUCH_FRAME                  +4.204s	
1787603586.755  event6   TOUCH_MOTION              2  +4.224s	0 (0) 55.08/79.46 (176.33/143.17mm)
1787603586.755  event6   TOUCH_FRAME                  +4.224s	
1787603586.765  event6   TOUCH_MOTION              2  +4.234s	0 (0) 55.08/79.37 (176.33/143.00mm)
1787603586.766  event6   TOUCH_FRAME                  +4.234s	
1787603586.775  event6   TOUCH_MOTION              2  +4.244s	0 (0) 55.13/79.09 (176.50/142.50mm)
1787603586.776  event6   TOUCH_FRAME                  +4.244s	
1787603586.785  event6   TOUCH_MOTION              2  +4.253s	0 (0) 55.13/78.63 (176.50/141.67mm)
1787603586.785  event6   TOUCH_FRAME                  +4.253s	
1787603586.794  event6   TOUCH_MOTION              2  +4.263s	0 (0) 55.13/78.08 (176.50/140.67mm)
1787603586.795  event6   TOUCH_FRAME                  +4.263s	
1787603586.805  event6   TOUCH_MOTION              2  +4.273s	0 (0) 55.13/77.43 (176.50/139.50mm)
1787603586.805  event6   TOUCH_FRAME                  +4.273s	
1787603586.814  event6   TOUCH_MOTION              2  +4.283s	0 (0) 55.13/76.69 (176.50/138.17mm)
1787603586.814  event6   TOUCH_FRAME                  +4.283s	
1787603586.824  event6   TOUCH_MOTION              2  +4.293s	0 (0) 55.13/75.76 (176.50/136.50mm)
1787603586.824  event6   TOUCH_FRAME                  +4.293s	
1787603586.835  event6   TOUCH_MOTION              2  +4.303s	0 (0) 55.13/74.84 (176.50/134.83mm)
1787603586.835  event6   TOUCH_FRAME                  +4.303s	
1787603586.844  event6   TOUCH_MOTION              2  +4.313s	0 (0) 55.13/73.73 (176.50/132.83mm)
1787603586.845  event6   TOUCH_FRAME                  +4.313s	
1787603586.855  event6   TOUCH_MOTION              2  +4.323s	0 (0) 55.13/72.62 (176.50/130.83mm)
1787603586.855  event6   TOUCH_FRAME                  +4.323s	
1787603586.863  event6   TOUCH_MOTION              2  +4.332s	0 (0) 55.18/71.32 (176.67/128.50mm)
1787603586.864  event6   TOUCH_FRAME                  +4.332s	
1787603586.873  event6   TOUCH_MOTION              2  +4.342s	0 (0) 55.23/69.94 (176.83/126.00mm)
1787603586.874  event6   TOUCH_FRAME                  +4.342s	
1787603586.883  event6   TOUCH_MOTION              2  +4.352s	0 (0) 55.28/68.64 (177.00/123.67mm)
1787603586.884  event6   TOUCH_FRAME                  +4.352s	
1787603586.893  event6   TOUCH_MOTION              2  +4.362s	0 (0) 55.28/67.25 (177.00/121.17mm)
1787603586.893  event6   TOUCH_FRAME                  +4.362s	
1787603586.904  event6   TOUCH_MOTION              2  +4.372s	0 (0) 55.34/65.77 (177.17/118.50mm)
1787603586.904  event6   TOUCH_FRAME                  +4.372s	
1787603586.913  event6   TOUCH_MOTION              2  +4.382s	0 (0) 55.39/64.38 (177.33/116.00mm)
1787603586.914  event6   TOUCH_FRAME                  +4.382s	
1787603586.923  event6   TOUCH_MOTION              2  +4.392s	0 (0) 55.39/63.09 (177.33/113.67mm)
1787603586.923  event6   TOUCH_FRAME                  +4.392s	
1787603586.932  event6   TOUCH_MOTION              2  +4.401s	0 (0) 55.39/61.70 (177.33/111.17mm)
1787603586.933  event6   TOUCH_FRAME                  +4.401s	
1787603586.943  event6   TOUCH_MOTION              2  +4.411s	0 (0) 55.39/60.50 (177.33/109.00mm)
1787603586.943  event6   TOUCH_FRAME                  +4.411s	
1787603586.952  event6   TOUCH_MOTION              2  +4.421s	0 (0) 55.39/59.39 (177.33/107.00mm)
1787603586.952  event6   TOUCH_FRAME                  +4.421s	
1787603586.962  event6   TOUCH_MOTION              2  +4.431s	0 (0) 55.39/58.28 (177.33/105.00mm)
1787603586.963  event6   TOUCH_FRAME                  +4.431s	
1787603586.972  event6   TOUCH_MOTION              2  +4.441s	0 (0) 55.39/57.35 (177.33/103.33mm)
1787603586.972  event6   TOUCH_FRAME                  +4.441s	
1787603586.982  event6   TOUCH_MOTION              2  +4.451s	0 (0) 55.39/56.43 (177.33/101.67mm)
1787603586.983  event6   TOUCH_FRAME                  +4.451s	
1787603586.993  event6   TOUCH_MOTION              2  +4.461s	0 (0) 55.34/55.69 (177.17/100.33mm)
1787603586.993  event6   TOUCH_FRAME                  +4.461s	
1787603587.001  event6   TOUCH_MOTION              2  +4.470s	0 (0) 55.28/55.04 (177.00/99.17mm)
1787603587.002  event6   TOUCH_FRAME                  +4.470s	
1787603587.011  event6   TOUCH_MOTION              2  +4.480s	0 (0) 55.28/54.49 (177.00/98.17mm)
1787603587.012  event6   TOUCH_FRAME                  +4.480s	
1787603587.022  event6   TOUCH_MOTION              2  +4.490s	0 (0) 55.28/53.93 (177.00/97.17mm)
1787603587.022  event6   TOUCH_FRAME                  +4.490s	
1787603587.031  event6   TOUCH_MOTION              2  +4.500s	0 (0) 55.23/53.47 (176.83/96.33mm)
1787603587.032  event6   TOUCH_FRAME                  +4.500s	
1787603587.041  event6   TOUCH_MOTION              2  +4.510s	0 (0) 55.18/53.10 (176.67/95.67mm)
1787603587.041  event6   TOUCH_FRAME                  +4.510s	
1787603587.051  event6   TOUCH_MOTION              2  +4.520s	0 (0) 55.13/52.82 (176.50/95.17mm)
1787603587.052  event6   TOUCH_FRAME                  +4.520s	
1787603587.061  event6   TOUCH_MOTION              2  +4.530s	0 (0) 55.08/52.54 (176.33/94.67mm)
1787603587.061  event6   TOUCH_FRAME                  +4.530s	
1787603587.070  event6   TOUCH_MOTION              2  +4.539s	0 (0) 55.02/52.54 (176.17/94.67mm)
1787603587.071  event6   TOUCH_FRAME                  +4.539s	
1787603587.122  event6   TOUCH_UP                     +4.591s	0 (0)
1787603587.122  event6   TOUCH_FRAME                  +4.591s	
1787603588.749  event6   TOUCH_DOWN                   +6.217s	0 (0) 63.20/42.28 (202.33/76.17mm)
1787603588.749  event6   TOUCH_DOWN                   +6.217s	1 (1) 47.53/44.50 (152.17/80.17mm)
1787603588.749  event6   TOUCH_FRAME                  +6.217s	
1787603588.757  event6   TOUCH_DOWN                   +6.226s	2 (2) 55.54/34.97 (177.83/63.00mm)
1787603588.757  event6   TOUCH_FRAME                  +6.226s	
1787603588.786  event6   TOUCH_MOTION                 +6.254s	2 (2) 55.39/35.52 (177.33/64.00mm)
1787603588.786  event6   TOUCH_FRAME                  +6.254s	
1787603589.169  event6   TOUCH_MOTION              2  +6.637s	2 (2) 55.39/35.62 (177.33/64.17mm)
1787603589.169  event6   TOUCH_FRAME                  +6.637s	
1787603589.178  event6   TOUCH_MOTION              2  +6.646s	2 (2) 55.39/35.71 (177.33/64.33mm)
1787603589.178  event6   TOUCH_FRAME                  +6.646s	
1787603589.187  event6   TOUCH_MOTION              2  +6.655s	1 (1) 47.53/45.33 (152.17/81.67mm)
1787603589.187  event6   TOUCH_MOTION              3  +6.655s	2 (2) 55.39/35.80 (177.33/64.50mm)
1787603589.187  event6   TOUCH_FRAME                  +6.655s	
1787603589.196  event6   TOUCH_MOTION              2  +6.664s	1 (1) 47.53/45.42 (152.17/81.83mm)
1787603589.196  event6   TOUCH_MOTION              3  +6.664s	2 (2) 55.39/35.89 (177.33/64.67mm)
1787603589.196  event6   TOUCH_FRAME                  +6.664s	
1787603589.205  event6   TOUCH_MOTION              2  +6.674s	1 (1) 47.53/45.61 (152.17/82.17mm)
1787603589.206  event6   TOUCH_MOTION              3  +6.674s	2 (2) 55.39/36.08 (177.33/65.00mm)
1787603589.206  event6   TOUCH_FRAME                  +6.674s	
1787603589.215  event6   TOUCH_MOTION              2  +6.683s	1 (1) 47.53/45.79 (152.17/82.50mm)
1787603589.215  event6   TOUCH_MOTION              3  +6.683s	2 (2) 55.39/36.26 (177.33/65.33mm)
1787603589.215  event6   TOUCH_FRAME                  +6.683s	
1787603589.223  event6   TOUCH_MOTION              2  +6.692s	0 (0) 63.30/43.02 (202.67/77.50mm)
1787603589.224  event6   TOUCH_MOTION              3  +6.692s	1 (1) 47.53/46.07 (152.17/83.00mm)
1787603589.224  event6   TOUCH_MOTION              4  +6.692s	2 (2) 55.39/36.45 (177.33/65.67mm)
1787603589.224  event6   TOUCH_FRAME                  +6.692s	
1787603589.233  event6   TOUCH_MOTION              2  +6.701s	0 (0) 63.35/43.20 (202.83/77.83mm)
1787603589.233  event6   TOUCH_MOTION              3  +6.701s	1 (1) 47.53/46.25 (152.17/83.33mm)
1787603589.233  event6   TOUCH_MOTION              4  +6.701s	2 (2) 55.39/36.63 (177.33/66.00mm)
1787603589.233  event6   TOUCH_FRAME                  +6.701s	
1787603589.242  event6   TOUCH_MOTION              2  +6.710s	0 (0) 63.35/43.48 (202.83/78.33mm)
1787603589.242  event6   TOUCH_MOTION              3  +6.710s	1 (1) 47.53/46.53 (152.17/83.83mm)
1787603589.242  event6   TOUCH_MOTION              4  +6.710s	2 (2) 55.44/37.00 (177.50/66.67mm)
1787603589.242  event6   TOUCH_FRAME                  +6.710s	
1787603589.251  event6   TOUCH_MOTION              2  +6.719s	0 (0) 63.40/43.76 (203.00/78.83mm)
1787603589.251  event6   TOUCH_MOTION              3  +6.719s	1 (1) 47.53/46.90 (152.17/84.50mm)
1787603589.251  event6   TOUCH_MOTION              4  +6.719s	2 (2) 55.49/37.28 (177.67/67.17mm)
1787603589.251  event6   TOUCH_FRAME                  +6.719s	
1787603589.260  event6   TOUCH_MOTION              2  +6.728s	0 (0) 63.46/44.03 (203.17/79.33mm)
1787603589.260  event6   TOUCH_MOTION              3  +6.728s	1 (1) 47.53/47.27 (152.17/85.17mm)
1787603589.260  event6   TOUCH_MOTION              4  +6.728s	2 (2) 55.54/37.56 (177.83/67.67mm)
1787603589.260  event6   TOUCH_FRAME                  +6.728s	
1787603589.269  event6   TOUCH_MOTION              2  +6.737s	0 (0) 63.51/44.31 (203.33/79.83mm)
1787603589.269  event6   TOUCH_MOTION              3  +6.737s	1 (1) 47.53/47.64 (152.17/85.83mm)
1787603589.269  event6   TOUCH_MOTION              4  +6.737s	2 (2) 55.54/37.84 (177.83/68.17mm)
1787603589.269  event6   TOUCH_FRAME                  +6.737s	
1787603589.279  event6   TOUCH_MOTION              2  +6.747s	0 (0) 63.56/44.68 (203.50/80.50mm)
1787603589.279  event6   TOUCH_MOTION              3  +6.747s	1 (1) 47.53/48.01 (152.17/86.50mm)
1787603589.279  event6   TOUCH_MOTION              4  +6.747s	2 (2) 55.60/38.21 (178.00/68.83mm)
1787603589.279  event6   TOUCH_FRAME                  +6.747s	
1787603589.287  event6   TOUCH_MOTION              2  +6.756s	0 (0) 63.56/45.05 (203.50/81.17mm)
1787603589.287  event6   TOUCH_MOTION              3  +6.756s	1 (1) 47.53/48.38 (152.17/87.17mm)
1787603589.288  event6   TOUCH_MOTION              4  +6.756s	2 (2) 55.65/38.58 (178.17/69.50mm)
1787603589.288  event6   TOUCH_FRAME                  +6.756s	
1787603589.297  event6   TOUCH_MOTION              2  +6.765s	0 (0) 63.61/45.42 (203.67/81.83mm)
1787603589.297  event6   TOUCH_MOTION              3  +6.765s	1 (1) 47.53/48.75 (152.17/87.83mm)
1787603589.297  event6   TOUCH_MOTION              4  +6.765s	2 (2) 55.70/38.95 (178.33/70.17mm)
1787603589.297  event6   TOUCH_FRAME                  +6.765s	
1787603589.305  event6   TOUCH_MOTION              2  +6.774s	0 (0) 63.66/45.79 (203.83/82.50mm)
1787603589.306  event6   TOUCH_MOTION              3  +6.774s	1 (1) 47.53/49.12 (152.17/88.50mm)
1787603589.306  event6   TOUCH_MOTION              4  +6.774s	2 (2) 55.75/39.32 (178.50/70.83mm)
1787603589.306  event6   TOUCH_FRAME                  +6.774s	
1787603589.315  event6   TOUCH_MOTION              2  +6.783s	0 (0) 63.72/46.16 (204.00/83.17mm)
1787603589.315  event6   TOUCH_MOTION              3  +6.783s	1 (1) 47.53/49.49 (152.17/89.17mm)
1787603589.315  event6   TOUCH_MOTION              4  +6.783s	2 (2) 55.75/39.69 (178.50/71.50mm)
1787603589.315  event6   TOUCH_FRAME                  +6.783s	
1787603589.324  event6   TOUCH_MOTION              2  +6.792s	0 (0) 63.77/46.53 (204.17/83.83mm)
1787603589.324  event6   TOUCH_MOTION              3  +6.792s	1 (1) 47.53/49.86 (152.17/89.83mm)
1787603589.324  event6   TOUCH_MOTION              4  +6.792s	2 (2) 55.80/40.06 (178.67/72.17mm)
1787603589.324  event6   TOUCH_FRAME                  +6.792s	
1787603589.333  event6   TOUCH_MOTION              2  +6.801s	0 (0) 63.77/46.90 (204.17/84.50mm)
1787603589.333  event6   TOUCH_MOTION              3  +6.801s	1 (1) 47.53/50.32 (152.17/90.67mm)
1787603589.333  event6   TOUCH_MOTION              4  +6.801s	2 (2) 55.86/40.43 (178.83/72.83mm)
1787603589.333  event6   TOUCH_FRAME                  +6.801s	
1787603589.342  event6   TOUCH_MOTION              2  +6.810s	0 (0) 63.87/47.27 (204.50/85.17mm)
1787603589.342  event6   TOUCH_MOTION              3  +6.810s	1 (1) 47.53/50.69 (152.17/91.33mm)
1787603589.342  event6   TOUCH_MOTION              4  +6.810s	2 (2) 55.86/40.80 (178.83/73.50mm)
1787603589.342  event6   TOUCH_FRAME                  +6.810s	
1787603589.351  event6   TOUCH_MOTION              2  +6.819s	0 (0) 63.98/47.64 (204.83/85.83mm)
1787603589.351  event6   TOUCH_MOTION              3  +6.819s	1 (1) 47.53/51.06 (152.17/92.00mm)
1787603589.351  event6   TOUCH_MOTION              4  +6.819s	2 (2) 55.91/41.17 (179.00/74.17mm)
1787603589.351  event6   TOUCH_FRAME                  +6.819s	
1787603589.361  event6   TOUCH_MOTION              2  +6.829s	0 (0) 64.03/48.01 (205.00/86.50mm)
1787603589.361  event6   TOUCH_MOTION              3  +6.829s	1 (1) 47.53/51.43 (152.17/92.67mm)
1787603589.361  event6   TOUCH_MOTION              4  +6.829s	2 (2) 55.96/41.63 (179.17/75.00mm)
1787603589.361  event6   TOUCH_FRAME                  +6.829s	
1787603589.370  event6   TOUCH_MOTION              2  +6.838s	0 (0) 64.03/48.38 (205.00/87.17mm)
1787603589.370  event6   TOUCH_MOTION              3  +6.838s	1 (1) 47.53/51.80 (152.17/93.33mm)
1787603589.370  event6   TOUCH_MOTION              4  +6.838s	2 (2) 55.96/42.00 (179.17/75.67mm)
1787603589.370  event6   TOUCH_FRAME                  +6.838s	
1787603589.379  event6   TOUCH_MOTION              2  +6.847s	0 (0) 64.08/48.75 (205.17/87.83mm)
1787603589.379  event6   TOUCH_MOTION              3  +6.847s	1 (1) 47.53/52.17 (152.17/94.00mm)
1787603589.379  event6   TOUCH_MOTION              4  +6.847s	2 (2) 55.96/42.37 (179.17/76.33mm)
1787603589.379  event6   TOUCH_FRAME                  +6.847s	
1787603589.387  event6   TOUCH_MOTION              2  +6.856s	0 (0) 64.13/49.12 (205.33/88.50mm)
1787603589.387  event6   TOUCH_MOTION              3  +6.856s	1 (1) 47.53/52.54 (152.17/94.67mm)
1787603589.387  event6   TOUCH_MOTION              4  +6.856s	2 (2) 56.01/42.74 (179.33/77.00mm)
1787603589.387  event6   TOUCH_FRAME                  +6.856s	
1787603589.397  event6   TOUCH_MOTION              2  +6.865s	0 (0) 64.19/49.49 (205.50/89.17mm)
1787603589.397  event6   TOUCH_MOTION              3  +6.865s	1 (1) 47.53/52.91 (152.17/95.33mm)
1787603589.397  event6   TOUCH_MOTION              4  +6.865s	2 (2) 56.01/43.11 (179.33/77.67mm)
1787603589.397  event6   TOUCH_FRAME                  +6.865s	
1787603589.406  event6   TOUCH_MOTION              2  +6.874s	0 (0) 64.24/49.95 (205.67/90.00mm)
1787603589.406  event6   TOUCH_MOTION              3  +6.874s	1 (1) 47.53/53.28 (152.17/96.00mm)
1787603589.406  event6   TOUCH_MOTION              4  +6.874s	2 (2) 56.06/43.48 (179.50/78.33mm)
1787603589.406  event6   TOUCH_FRAME                  +6.874s	
1787603589.415  event6   TOUCH_MOTION              2  +6.883s	0 (0) 64.24/50.23 (205.67/90.50mm)
1787603589.415  event6   TOUCH_MOTION              3  +6.883s	1 (1) 47.53/53.65 (152.17/96.67mm)
1787603589.415  event6   TOUCH_MOTION              4  +6.883s	2 (2) 56.12/43.85 (179.67/79.00mm)
1787603589.415  event6   TOUCH_FRAME                  +6.883s	
1787603589.423  event6   TOUCH_MOTION              2  +6.892s	0 (0) 64.29/50.51 (205.83/91.00mm)
1787603589.424  event6   TOUCH_MOTION              3  +6.892s	1 (1) 47.53/54.12 (152.17/97.50mm)
1787603589.424  event6   TOUCH_MOTION              4  +6.892s	2 (2) 56.12/44.22 (179.67/79.67mm)
1787603589.424  event6   TOUCH_FRAME                  +6.892s	
1787603589.434  event6   TOUCH_MOTION              2  +6.902s	0 (0) 64.34/50.88 (206.00/91.67mm)
1787603589.434  event6   TOUCH_MOTION              3  +6.902s	1 (1) 47.53/54.49 (152.17/98.17mm)
1787603589.434  event6   TOUCH_MOTION              4  +6.902s	2 (2) 56.12/44.50 (179.67/80.17mm)
1787603589.434  event6   TOUCH_FRAME                  +6.902s	
1787603589.443  event6   TOUCH_MOTION              2  +6.911s	0 (0) 64.39/51.25 (206.17/92.33mm)
1787603589.443  event6   TOUCH_MOTION              3  +6.911s	1 (1) 47.53/54.86 (152.17/98.83mm)
1787603589.443  event6   TOUCH_MOTION              4  +6.911s	2 (2) 56.12/44.87 (179.67/80.83mm)
1787603589.443  event6   TOUCH_FRAME                  +6.911s	
1787603589.452  event6   TOUCH_MOTION              2  +6.920s	0 (0) 64.45/51.62 (206.33/93.00mm)
1787603589.452  event6   TOUCH_MOTION              3  +6.920s	1 (1) 47.53/55.23 (152.17/99.50mm)
1787603589.452  event6   TOUCH_MOTION              4  +6.920s	2 (2) 56.12/45.14 (179.67/81.33mm)
1787603589.452  event6   TOUCH_FRAME                  +6.920s	
1787603589.461  event6   TOUCH_MOTION              2  +6.929s	0 (0) 64.45/51.99 (206.33/93.67mm)
1787603589.461  event6   TOUCH_MOTION              3  +6.929s	1 (1) 47.53/55.60 (152.17/100.17mm)
1787603589.461  event6   TOUCH_MOTION              4  +6.929s	2 (2) 56.12/45.51 (179.67/82.00mm)
1787603589.461  event6   TOUCH_FRAME                  +6.929s	
1787603589.469  event6   TOUCH_MOTION              2  +6.938s	0 (0) 64.50/52.36 (206.50/94.33mm)
1787603589.469  event6   TOUCH_MOTION              3  +6.938s	1 (1) 47.53/55.97 (152.17/100.83mm)
1787603589.469  event6   TOUCH_MOTION              4  +6.938s	2 (2) 56.12/45.88 (179.67/82.67mm)
1787603589.469  event6   TOUCH_FRAME                  +6.938s	
1787603589.478  event6   TOUCH_MOTION              2  +6.947s	0 (0) 64.55/52.73 (206.67/95.00mm)
1787603589.478  event6   TOUCH_MOTION              3  +6.947s	1 (1) 47.53/56.43 (152.17/101.67mm)
1787603589.478  event6   TOUCH_MOTION              4  +6.947s	2 (2) 56.12/46.25 (179.67/83.33mm)
1787603589.478  event6   TOUCH_FRAME                  +6.947s	
1787603589.487  event6   TOUCH_MOTION              2  +6.956s	0 (0) 64.60/53.10 (206.83/95.67mm)
1787603589.487  event6   TOUCH_MOTION              3  +6.956s	1 (1) 47.53/56.89 (152.17/102.50mm)
1787603589.487  event6   TOUCH_MOTION              4  +6.956s	2 (2) 56.12/46.62 (179.67/84.00mm)
1787603589.487  event6   TOUCH_FRAME                  +6.956s	
1787603589.497  event6   TOUCH_MOTION              2  +6.965s	0 (0) 64.65/53.56 (207.00/96.50mm)
1787603589.497  event6   TOUCH_MOTION              3  +6.965s	1 (1) 47.53/57.35 (152.17/103.33mm)
1787603589.497  event6   TOUCH_MOTION              4  +6.965s	2 (2) 56.12/46.99 (179.67/84.67mm)
1787603589.497  event6   TOUCH_FRAME                  +6.965s	
1787603589.506  event6   TOUCH_MOTION              2  +6.975s	0 (0) 64.65/54.02 (207.00/97.33mm)
1787603589.506  event6   TOUCH_MOTION              3  +6.975s	1 (1) 47.53/57.82 (152.17/104.17mm)
1787603589.506  event6   TOUCH_MOTION              4  +6.975s	2 (2) 56.12/47.36 (179.67/85.33mm)
1787603589.506  event6   TOUCH_FRAME                  +6.975s	
1787603589.516  event6   TOUCH_MOTION              2  +6.984s	0 (0) 64.65/54.49 (207.00/98.17mm)
1787603589.516  event6   TOUCH_MOTION              3  +6.984s	1 (1) 47.53/58.28 (152.17/105.00mm)
1787603589.516  event6   TOUCH_MOTION              4  +6.984s	2 (2) 56.12/47.92 (179.67/86.33mm)
1787603589.516  event6   TOUCH_FRAME                  +6.984s	
1787603589.525  event6   TOUCH_MOTION              2  +6.993s	0 (0) 64.71/54.95 (207.17/99.00mm)
1787603589.525  event6   TOUCH_MOTION              3  +6.993s	1 (1) 47.53/58.83 (152.17/106.00mm)
1787603589.525  event6   TOUCH_MOTION              4  +6.993s	2 (2) 56.12/48.38 (179.67/87.17mm)
1787603589.525  event6   TOUCH_FRAME                  +6.993s	
1787603589.534  event6   TOUCH_MOTION              2  +7.002s	0 (0) 64.76/55.50 (207.33/100.00mm)
1787603589.534  event6   TOUCH_MOTION              3  +7.002s	1 (1) 47.53/59.39 (152.17/107.00mm)
1787603589.534  event6   TOUCH_MOTION              4  +7.002s	2 (2) 56.12/48.94 (179.67/88.17mm)
1787603589.534  event6   TOUCH_FRAME                  +7.002s	
1787603589.543  event6   TOUCH_MOTION              2  +7.011s	0 (0) 64.76/56.06 (207.33/101.00mm)
1787603589.543  event6   TOUCH_MOTION              3  +7.011s	1 (1) 47.53/59.94 (152.17/108.00mm)
1787603589.543  event6   TOUCH_MOTION              4  +7.011s	2 (2) 56.12/49.49 (179.67/89.17mm)
1787603589.543  event6   TOUCH_FRAME                  +7.011s	
1787603589.552  event6   TOUCH_MOTION              2  +7.020s	0 (0) 64.81/56.71 (207.50/102.17mm)
1787603589.552  event6   TOUCH_MOTION              3  +7.020s	1 (1) 47.53/60.50 (152.17/109.00mm)
1787603589.552  event6   TOUCH_MOTION              4  +7.020s	2 (2) 56.12/50.14 (179.67/90.33mm)
1787603589.552  event6   TOUCH_FRAME                  +7.020s	
1787603589.561  event6   TOUCH_MOTION              2  +7.029s	0 (0) 64.86/57.35 (207.67/103.33mm)
1787603589.561  event6   TOUCH_MOTION              3  +7.029s	1 (1) 47.53/61.24 (152.17/110.33mm)
1787603589.561  event6   TOUCH_MOTION              4  +7.029s	2 (2) 56.12/50.69 (179.67/91.33mm)
1787603589.561  event6   TOUCH_FRAME                  +7.029s	
1787603589.570  event6   TOUCH_MOTION              2  +7.038s	0 (0) 64.86/58.00 (207.67/104.50mm)
1787603589.570  event6   TOUCH_MOTION              3  +7.038s	1 (1) 47.48/61.89 (152.00/111.50mm)
1787603589.570  event6   TOUCH_MOTION              4  +7.038s	2 (2) 56.12/51.43 (179.67/92.67mm)
1787603589.570  event6   TOUCH_FRAME                  +7.038s	
1787603589.580  event6   TOUCH_MOTION              2  +7.048s	0 (0) 64.91/58.74 (207.83/105.83mm)
1787603589.580  event6   TOUCH_MOTION              3  +7.048s	1 (1) 47.48/62.53 (152.00/112.67mm)
1787603589.580  event6   TOUCH_MOTION              4  +7.048s	2 (2) 56.12/52.08 (179.67/93.83mm)
1787603589.580  event6   TOUCH_FRAME                  +7.048s	
1787603589.588  event6   TOUCH_MOTION              2  +7.057s	0 (0) 64.91/59.48 (207.83/107.17mm)
1787603589.589  event6   TOUCH_MOTION              3  +7.057s	1 (1) 47.42/63.27 (151.83/114.00mm)
1787603589.589  event6   TOUCH_MOTION              4  +7.057s	2 (2) 56.12/52.73 (179.67/95.00mm)
1787603589.589  event6   TOUCH_FRAME                  +7.057s	
1787603589.598  event6   TOUCH_MOTION              2  +7.066s	0 (0) 64.91/60.31 (207.83/108.67mm)
1787603589.598  event6   TOUCH_MOTION              3  +7.066s	1 (1) 47.42/64.01 (151.83/115.33mm)
1787603589.598  event6   TOUCH_MOTION              4  +7.066s	2 (2) 56.12/53.47 (179.67/96.33mm)
1787603589.598  event6   TOUCH_FRAME                  +7.066s	
1787603589.607  event6   TOUCH_MOTION              2  +7.075s	0 (0) 64.91/61.15 (207.83/110.17mm)
1787603589.607  event6   TOUCH_MOTION              3  +7.075s	1 (1) 47.37/64.75 (151.67/116.67mm)
1787603589.607  event6   TOUCH_MOTION              4  +7.075s	2 (2) 56.12/54.21 (179.67/97.67mm)
1787603589.607  event6   TOUCH_FRAME                  +7.075s	
1787603589.616  event6   TOUCH_MOTION              2  +7.084s	0 (0) 64.91/61.98 (207.83/111.67mm)
1787603589.616  event6   TOUCH_MOTION              3  +7.084s	1 (1) 47.32/65.59 (151.50/118.17mm)
1787603589.616  event6   TOUCH_MOTION              4  +7.084s	2 (2) 56.12/54.95 (179.67/99.00mm)
1787603589.616  event6   TOUCH_FRAME                  +7.084s	
1787603589.625  event6   TOUCH_MOTION              2  +7.093s	0 (0) 64.91/63.00 (207.83/113.50mm)
1787603589.625  event6   TOUCH_MOTION              3  +7.093s	1 (1) 47.27/66.42 (151.33/119.67mm)
1787603589.625  event6   TOUCH_MOTION              4  +7.093s	2 (2) 56.12/55.69 (179.67/100.33mm)
1787603589.625  event6   TOUCH_FRAME                  +7.093s	
1787603589.634  event6   TOUCH_MOTION              2  +7.102s	0 (0) 64.91/64.11 (207.83/115.50mm)
1787603589.634  event6   TOUCH_MOTION              3  +7.102s	1 (1) 47.27/67.35 (151.33/121.33mm)
1787603589.634  event6   TOUCH_MOTION              4  +7.102s	2 (2) 56.12/56.52 (179.67/101.83mm)
1787603589.634  event6   TOUCH_FRAME                  +7.102s	
1787603589.643  event6   TOUCH_MOTION              2  +7.111s	0 (0) 64.91/65.22 (207.83/117.50mm)
1787603589.643  event6   TOUCH_MOTION              3  +7.111s	1 (1) 47.21/68.18 (151.17/122.83mm)
1787603589.643  event6   TOUCH_MOTION              4  +7.111s	2 (2) 56.12/57.35 (179.67/103.33mm)
1787603589.643  event6   TOUCH_FRAME                  +7.111s	
1787603589.653  event6   TOUCH_MOTION              2  +7.121s	0 (0) 64.91/66.51 (207.83/119.83mm)
1787603589.653  event6   TOUCH_MOTION              3  +7.121s	1 (1) 47.16/69.20 (151.00/124.67mm)
1787603589.653  event6   TOUCH_MOTION              4  +7.121s	2 (2) 56.12/58.28 (179.67/105.00mm)
1787603589.653  event6   TOUCH_FRAME                  +7.121s	
1787603589.662  event6   TOUCH_MOTION              2  +7.130s	0 (0) 64.91/67.99 (207.83/122.50mm)
1787603589.662  event6   TOUCH_MOTION              3  +7.130s	1 (1) 47.11/70.21 (150.83/126.50mm)
1787603589.662  event6   TOUCH_MOTION              4  +7.130s	2 (2) 56.12/59.20 (179.67/106.67mm)
1787603589.662  event6   TOUCH_FRAME                  +7.130s	
1787603589.671  event6   TOUCH_MOTION              2  +7.139s	0 (0) 64.86/69.84 (207.67/125.83mm)
1787603589.671  event6   TOUCH_MOTION              3  +7.139s	1 (1) 47.06/71.32 (150.67/128.50mm)
1787603589.671  event6   TOUCH_MOTION              4  +7.139s	2 (2) 56.12/60.22 (179.67/108.50mm)
1787603589.671  event6   TOUCH_FRAME                  +7.139s	
1787603589.680  event6   TOUCH_MOTION              2  +7.148s	1 (1) 47.06/72.62 (150.67/130.83mm)
1787603589.680  event6   TOUCH_MOTION              3  +7.148s	2 (2) 56.12/61.33 (179.67/110.50mm)
1787603589.680  event6   TOUCH_FRAME                  +7.148s	
1787603589.688  event6   TOUCH_MOTION              2  +7.157s	2 (2) 56.12/62.63 (179.67/112.83mm)
1787603589.688  event6   TOUCH_FRAME                  +7.157s	
1787603589.698  event6   TOUCH_MOTION              2  +7.166s	2 (2) 56.12/64.11 (179.67/115.50mm)
1787603589.698  event6   TOUCH_FRAME                  +7.166s	
1787603589.707  event6   TOUCH_MOTION              2  +7.175s	2 (2) 56.12/65.77 (179.67/118.50mm)
1787603589.707  event6   TOUCH_FRAME                  +7.175s	
1787603589.716  event6   TOUCH_UP                     +7.184s	0 (0)
1787603589.716  event6   TOUCH_FRAME                  +7.184s	
1787603589.724  event6   TOUCH_UP                     +7.193s	1 (1)
1787603589.724  event6   TOUCH_FRAME                  +7.193s	
1787603589.754  event6   TOUCH_UP                     +7.222s	2 (2)
1787603589.754  event6   TOUCH_FRAME                  +7.222s	
1787603591.427  event6   TOUCH_DOWN                   +8.895s	0 (0) 51.28/55.60 (164.17/100.17mm)
1787603591.427  event6   TOUCH_FRAME                  +8.895s	
1787603591.481  event6   TOUCH_MOTION                 +8.949s	0 (0) 51.12/56.80 (163.67/102.33mm)
1787603591.481  event6   TOUCH_FRAME                  +8.949s	
1787603591.490  event6   TOUCH_MOTION              2  +8.959s	0 (0) 51.12/56.89 (163.67/102.50mm)
1787603591.491  event6   TOUCH_FRAME                  +8.959s	
1787603591.501  event6   TOUCH_MOTION              2  +8.969s	0 (0) 51.12/56.98 (163.67/102.67mm)
1787603591.501  event6   TOUCH_FRAME                  +8.969s	
1787603591.511  event6   TOUCH_MOTION              2  +8.979s	0 (0) 51.07/57.08 (163.50/102.83mm)
1787603591.511  event6   TOUCH_FRAME                  +8.979s	
1787603591.520  event6   TOUCH_MOTION              2  +8.989s	0 (0) 51.07/57.26 (163.50/103.17mm)
1787603591.520  event6   TOUCH_FRAME                  +8.989s	
1787603591.530  event6   TOUCH_MOTION              2  +8.999s	0 (0) 51.02/57.45 (163.33/103.50mm)
1787603591.530  event6   TOUCH_FRAME                  +8.999s	
1787603591.540  event6   TOUCH_MOTION              2  +9.009s	0 (0) 50.96/57.63 (163.17/103.83mm)
1787603591.540  event6   TOUCH_FRAME                  +9.009s	
1787603591.551  event6   TOUCH_MOTION              2  +9.019s	0 (0) 50.86/57.82 (162.83/104.17mm)
1787603591.551  event6   TOUCH_FRAME                  +9.019s	
1787603591.560  event6   TOUCH_MOTION              2  +9.029s	0 (0) 50.81/58.09 (162.67/104.67mm)
1787603591.561  event6   TOUCH_FRAME                  +9.029s	
1787603591.570  event6   TOUCH_MOTION              2  +9.038s	0 (0) 50.70/58.28 (162.33/105.00mm)
1787603591.570  event6   TOUCH_FRAME                  +9.038s	
1787603591.579  event6   TOUCH_MOTION              2  +9.048s	0 (0) 50.60/58.65 (162.00/105.67mm)
1787603591.580  event6   TOUCH_FRAME                  +9.048s	
1787603591.589  event6   TOUCH_MOTION              2  +9.058s	0 (0) 50.44/58.93 (161.50/106.17mm)
1787603591.590  event6   TOUCH_FRAME                  +9.058s	
1787603591.600  event6   TOUCH_MOTION              2  +9.068s	0 (0) 50.34/59.20 (161.17/106.67mm)
1787603591.600  event6   TOUCH_DOWN                   +9.068s	1 (1) 54.76/41.81 (175.33/75.33mm)
1787603591.600  event6   TOUCH_FRAME                  +9.068s	
1787603591.609  event6   TOUCH_MOTION                 +9.078s	0 (0) 50.18/59.48 (160.67/107.17mm)
1787603591.610  event6   TOUCH_MOTION              2  +9.078s	1 (1) 54.87/41.54 (175.67/74.83mm)
1787603591.610  event6   TOUCH_FRAME                  +9.078s	
1787603591.620  event6   TOUCH_MOTION              2  +9.088s	0 (0) 49.97/60.13 (160.00/108.33mm)
1787603591.620  event6   TOUCH_MOTION              3  +9.088s	1 (1) 55.13/40.80 (176.50/73.50mm)
1787603591.620  event6   TOUCH_FRAME                  +9.088s	
1787603591.629  event6   TOUCH_MOTION              2  +9.097s	0 (0) 49.71/60.50 (159.17/109.00mm)
1787603591.629  event6   TOUCH_MOTION              3  +9.097s	1 (1) 55.39/40.24 (177.33/72.50mm)
1787603591.629  event6   TOUCH_FRAME                  +9.097s	
1787603591.638  event6   TOUCH_MOTION              2  +9.107s	0 (0) 49.45/60.96 (158.33/109.83mm)
1787603591.638  event6   TOUCH_MOTION              3  +9.107s	1 (1) 55.54/39.59 (177.83/71.33mm)
1787603591.638  event6   TOUCH_FRAME                  +9.107s	
1787603591.649  event6   TOUCH_MOTION              2  +9.117s	0 (0) 49.19/61.52 (157.50/110.83mm)
1787603591.649  event6   TOUCH_MOTION              3  +9.117s	1 (1) 55.80/38.85 (178.67/70.00mm)
1787603591.649  event6   TOUCH_FRAME                  +9.117s	
1787603591.659  event6   TOUCH_MOTION              2  +9.127s	0 (0) 48.93/61.98 (156.67/111.67mm)
1787603591.659  event6   TOUCH_MOTION              3  +9.127s	1 (1) 56.12/38.02 (179.67/68.50mm)
1787603591.659  event6   TOUCH_FRAME                  +9.127s	
1787603591.668  event6   TOUCH_MOTION              2  +9.136s	0 (0) 48.72/62.44 (156.00/112.50mm)
1787603591.668  event6   TOUCH_MOTION              3  +9.136s	1 (1) 56.43/37.28 (180.67/67.17mm)
1787603591.668  event6   TOUCH_FRAME                  +9.136s	
1787603591.677  event6   TOUCH_MOTION              2  +9.145s	0 (0) 48.52/62.90 (155.33/113.33mm)
1787603591.677  event6   TOUCH_MOTION              3  +9.145s	1 (1) 56.69/36.63 (181.50/66.00mm)
1787603591.677  event6   TOUCH_FRAME                  +9.145s	
1787603591.685  event6   TOUCH_MOTION              2  +9.154s	0 (0) 48.36/63.27 (154.83/114.00mm)
1787603591.686  event6   TOUCH_MOTION              3  +9.154s	1 (1) 56.90/36.17 (182.17/65.17mm)
1787603591.686  event6   TOUCH_FRAME                  +9.154s	
1787603591.695  event6   TOUCH_MOTION              2  +9.163s	0 (0) 48.15/63.55 (154.17/114.50mm)
1787603591.695  event6   TOUCH_MOTION              3  +9.163s	1 (1) 57.11/35.71 (182.83/64.33mm)
1787603591.695  event6   TOUCH_FRAME                  +9.163s	
1787603591.704  event6   TOUCH_MOTION              2  +9.172s	0 (0) 48.05/63.92 (153.83/115.17mm)
1787603591.704  event6   TOUCH_MOTION              3  +9.172s	1 (1) 57.26/35.25 (183.33/63.50mm)
1787603591.704  event6   TOUCH_FRAME                  +9.172s	
1787603591.713  event6   TOUCH_MOTION              2  +9.182s	0 (0) 47.94/64.11 (153.50/115.50mm)
1787603591.713  event6   TOUCH_MOTION              3  +9.182s	1 (1) 57.42/34.78 (183.83/62.67mm)
1787603591.713  event6   TOUCH_FRAME                  +9.182s	
1787603591.722  event6   TOUCH_MOTION              2  +9.191s	0 (0) 47.79/64.38 (153.00/116.00mm)
1787603591.722  event6   TOUCH_MOTION              3  +9.191s	1 (1) 57.57/34.41 (184.33/62.00mm)
1787603591.722  event6   TOUCH_FRAME                  +9.191s	
1787603591.731  event6   TOUCH_MOTION              2  +9.200s	0 (0) 47.68/64.75 (152.67/116.67mm)
1787603591.731  event6   TOUCH_MOTION              3  +9.200s	1 (1) 57.78/33.95 (185.00/61.17mm)
1787603591.731  event6   TOUCH_FRAME                  +9.200s	
1787603591.740  event6   TOUCH_MOTION              2  +9.209s	0 (0) 47.53/65.03 (152.17/117.17mm)
1787603591.740  event6   TOUCH_MOTION              3  +9.209s	1 (1) 57.99/33.49 (185.67/60.33mm)
1787603591.740  event6   TOUCH_FRAME                  +9.209s	
1787603591.749  event6   TOUCH_MOTION              2  +9.218s	0 (0) 47.42/65.40 (151.83/117.83mm)
1787603591.749  event6   TOUCH_MOTION              3  +9.218s	1 (1) 58.20/33.02 (186.33/59.50mm)
1787603591.749  event6   TOUCH_FRAME                  +9.218s	
1787603591.758  event6   TOUCH_MOTION              2  +9.227s	0 (0) 47.27/65.77 (151.33/118.50mm)
1787603591.758  event6   TOUCH_MOTION              3  +9.227s	1 (1) 58.41/32.56 (187.00/58.67mm)
1787603591.758  event6   TOUCH_FRAME                  +9.227s	
1787603591.767  event6   TOUCH_MOTION              2  +9.236s	0 (0) 47.16/66.14 (151.00/119.17mm)
1787603591.767  event6   TOUCH_MOTION              3  +9.236s	1 (1) 58.67/32.10 (187.83/57.83mm)
1787603591.767  event6   TOUCH_FRAME                  +9.236s	
1787603591.776  event6   TOUCH_MOTION              2  +9.245s	0 (0) 47.06/66.60 (150.67/120.00mm)
1787603591.776  event6   TOUCH_MOTION              3  +9.245s	1 (1) 58.88/31.73 (188.50/57.17mm)
1787603591.776  event6   TOUCH_FRAME                  +9.245s	
1787603591.786  event6   TOUCH_MOTION              2  +9.255s	0 (0) 46.85/66.98 (150.00/120.67mm)
1787603591.786  event6   TOUCH_MOTION              3  +9.255s	1 (1) 59.03/31.27 (189.00/56.33mm)
1787603591.786  event6   TOUCH_FRAME                  +9.255s	
1787603591.795  event6   TOUCH_MOTION              2  +9.264s	0 (0) 46.69/67.44 (149.50/121.50mm)
1787603591.795  event6   TOUCH_MOTION              3  +9.264s	1 (1) 59.19/30.90 (189.50/55.67mm)
1787603591.795  event6   TOUCH_FRAME                  +9.264s	
1787603591.804  event6   TOUCH_MOTION              2  +9.273s	0 (0) 46.59/67.81 (149.17/122.17mm)
1787603591.804  event6   TOUCH_MOTION              3  +9.273s	1 (1) 59.34/30.62 (190.00/55.17mm)
1787603591.804  event6   TOUCH_FRAME                  +9.273s	
1787603591.814  event6   TOUCH_MOTION              2  +9.282s	0 (0) 46.43/68.18 (148.67/122.83mm)
1787603591.814  event6   TOUCH_MOTION              3  +9.282s	1 (1) 59.50/30.25 (190.50/54.50mm)
1787603591.814  event6   TOUCH_FRAME                  +9.282s	
1787603591.823  event6   TOUCH_MOTION              2  +9.291s	0 (0) 46.33/68.64 (148.33/123.67mm)
1787603591.823  event6   TOUCH_MOTION              3  +9.291s	1 (1) 59.60/30.06 (190.83/54.17mm)
1787603591.823  event6   TOUCH_FRAME                  +9.291s	
1787603591.831  event6   TOUCH_MOTION              2  +9.300s	0 (0) 46.17/69.01 (147.83/124.33mm)
1787603591.832  event6   TOUCH_MOTION              3  +9.300s	1 (1) 59.76/29.88 (191.33/53.83mm)
1787603591.832  event6   TOUCH_FRAME                  +9.300s	
1787603591.841  event6   TOUCH_MOTION              2  +9.309s	0 (0) 46.02/69.38 (147.33/125.00mm)
1787603591.841  event6   TOUCH_MOTION              3  +9.309s	1 (1) 59.86/29.60 (191.67/53.33mm)
1787603591.841  event6   TOUCH_FRAME                  +9.309s	
1787603591.850  event6   TOUCH_MOTION              2  +9.318s	0 (0) 45.86/69.75 (146.83/125.67mm)
1787603591.850  event6   TOUCH_MOTION              3  +9.318s	1 (1) 59.97/29.42 (192.00/53.00mm)
1787603591.850  event6   TOUCH_FRAME                  +9.318s	
1787603591.860  event6   TOUCH_MOTION              2  +9.328s	0 (0) 45.71/70.12 (146.33/126.33mm)
1787603591.860  event6   TOUCH_MOTION              3  +9.328s	1 (1) 60.12/29.14 (192.50/52.50mm)
1787603591.860  event6   TOUCH_FRAME                  +9.328s	
1787603591.868  event6   TOUCH_MOTION              2  +9.337s	0 (0) 45.55/70.58 (145.83/127.17mm)
1787603591.869  event6   TOUCH_MOTION              3  +9.337s	1 (1) 60.23/28.95 (192.83/52.17mm)
1787603591.869  event6   TOUCH_FRAME                  +9.337s	
1787603591.878  event6   TOUCH_MOTION              2  +9.346s	0 (0) 45.39/71.05 (145.33/128.00mm)
1787603591.878  event6   TOUCH_MOTION              3  +9.346s	1 (1) 60.39/28.68 (193.33/51.67mm)
1787603591.878  event6   TOUCH_FRAME                  +9.346s	
1787603591.887  event6   TOUCH_MOTION              2  +9.355s	0 (0) 45.24/71.51 (144.83/128.83mm)
1787603591.887  event6   TOUCH_MOTION              3  +9.355s	1 (1) 60.54/28.31 (193.83/51.00mm)
1787603591.887  event6   TOUCH_FRAME                  +9.355s	
1787603591.895  event6   TOUCH_MOTION              2  +9.364s	0 (0) 45.03/71.88 (144.17/129.50mm)
1787603591.896  event6   TOUCH_MOTION              3  +9.364s	1 (1) 60.70/28.03 (194.33/50.50mm)
1787603591.896  event6   TOUCH_FRAME                  +9.364s	
1787603591.904  event6   TOUCH_MOTION              2  +9.373s	0 (0) 44.87/72.25 (143.67/130.17mm)
1787603591.905  event6   TOUCH_MOTION              3  +9.373s	1 (1) 60.91/27.84 (195.00/50.17mm)
1787603591.905  event6   TOUCH_FRAME                  +9.373s	
1787603591.913  event6   TOUCH_MOTION              2  +9.382s	0 (0) 44.77/72.71 (143.33/131.00mm)
1787603591.914  event6   TOUCH_MOTION              3  +9.382s	1 (1) 61.11/27.57 (195.67/49.67mm)
1787603591.914  event6   TOUCH_FRAME                  +9.382s	
1787603591.923  event6   TOUCH_MOTION              2  +9.391s	0 (0) 44.61/73.08 (142.83/131.67mm)
1787603591.923  event6   TOUCH_MOTION              3  +9.391s	1 (1) 61.32/27.38 (196.33/49.33mm)
1787603591.923  event6   TOUCH_FRAME                  +9.391s	
1787603591.933  event6   TOUCH_MOTION              2  +9.401s	0 (0) 44.51/73.45 (142.50/132.33mm)
1787603591.933  event6   TOUCH_MOTION              3  +9.401s	1 (1) 61.53/27.20 (197.00/49.00mm)
1787603591.933  event6   TOUCH_FRAME                  +9.401s	
1787603591.941  event6   TOUCH_MOTION              2  +9.410s	0 (0) 44.35/73.73 (142.00/132.83mm)
1787603591.942  event6   TOUCH_MOTION              3  +9.410s	1 (1) 61.69/27.01 (197.50/48.67mm)
1787603591.942  event6   TOUCH_FRAME                  +9.410s	
1787603591.951  event6   TOUCH_MOTION              2  +9.419s	0 (0) 44.30/74.10 (141.83/133.50mm)
1787603591.951  event6   TOUCH_MOTION              3  +9.419s	1 (1) 61.79/26.92 (197.83/48.50mm)
1787603591.951  event6   TOUCH_FRAME                  +9.419s	
1787603591.959  event6   TOUCH_MOTION              2  +9.428s	0 (0) 44.20/74.38 (141.50/134.00mm)
1787603591.959  event6   TOUCH_MOTION              3  +9.428s	1 (1) 61.95/26.83 (198.33/48.33mm)
1787603591.960  event6   TOUCH_FRAME                  +9.428s	
1787603591.969  event6   TOUCH_MOTION              2  +9.437s	0 (0) 44.14/74.56 (141.33/134.33mm)
1787603591.969  event6   TOUCH_MOTION              3  +9.437s	1 (1) 62.05/26.83 (198.67/48.33mm)
1787603591.969  event6   TOUCH_FRAME                  +9.437s	
1787603591.978  event6   TOUCH_MOTION              2  +9.446s	0 (0) 44.09/74.84 (141.17/134.83mm)
1787603591.978  event6   TOUCH_MOTION              3  +9.446s	1 (1) 62.16/26.83 (199.00/48.33mm)
1787603591.978  event6   TOUCH_FRAME                  +9.446s	
1787603591.987  event6   TOUCH_MOTION              2  +9.455s	0 (0) 44.04/75.02 (141.00/135.17mm)
1787603591.987  event6   TOUCH_MOTION              3  +9.455s	1 (1) 62.21/26.83 (199.17/48.33mm)
1787603591.987  event6   TOUCH_FRAME                  +9.455s	
1787603591.996  event6   TOUCH_MOTION              2  +9.464s	0 (0) 43.94/75.30 (140.67/135.67mm)
1787603591.996  event6   TOUCH_MOTION              3  +9.464s	1 (1) 62.26/26.83 (199.33/48.33mm)
1787603591.996  event6   TOUCH_FRAME                  +9.464s	
1787603592.005  event6   TOUCH_MOTION              2  +9.474s	0 (0) 43.88/75.49 (140.50/136.00mm)
1787603592.006  event6   TOUCH_MOTION              3  +9.474s	1 (1) 62.36/26.83 (199.67/48.33mm)
1787603592.006  event6   TOUCH_FRAME                  +9.474s	
1787603592.015  event6   TOUCH_MOTION              2  +9.483s	0 (0) 43.83/75.67 (140.33/136.33mm)
1787603592.015  event6   TOUCH_MOTION              3  +9.483s	1 (1) 62.47/26.83 (200.00/48.33mm)
1787603592.015  event6   TOUCH_FRAME                  +9.483s	
1787603592.024  event6   TOUCH_MOTION              2  +9.492s	0 (0) 43.73/75.86 (140.00/136.67mm)
1787603592.024  event6   TOUCH_MOTION              3  +9.492s	1 (1) 62.52/26.83 (200.17/48.33mm)
1787603592.024  event6   TOUCH_FRAME                  +9.492s	
1787603592.033  event6   TOUCH_MOTION              2  +9.501s	0 (0) 43.73/76.04 (140.00/137.00mm)
1787603592.033  event6   TOUCH_MOTION              3  +9.501s	1 (1) 62.57/26.83 (200.33/48.33mm)
1787603592.033  event6   TOUCH_FRAME                  +9.501s	
1787603592.042  event6   TOUCH_MOTION              2  +9.510s	0 (0) 43.68/76.23 (139.83/137.33mm)
1787603592.042  event6   TOUCH_MOTION              3  +9.510s	1 (1) 62.62/26.83 (200.50/48.33mm)
1787603592.042  event6   TOUCH_FRAME                  +9.510s	
1787603592.051  event6   TOUCH_MOTION              2  +9.519s	0 (0) 43.62/76.41 (139.67/137.67mm)
1787603592.051  event6   TOUCH_MOTION              3  +9.519s	1 (1) 62.68/26.73 (200.67/48.17mm)
1787603592.051  event6   TOUCH_FRAME                  +9.519s	
1787603592.059  event6   TOUCH_MOTION              2  +9.528s	0 (0) 43.57/76.41 (139.50/137.67mm)
1787603592.060  event6   TOUCH_FRAME                  +9.528s	
1787603592.068  event6   TOUCH_MOTION              2  +9.537s	0 (0) 43.52/76.50 (139.33/137.83mm)
1787603592.069  event6   TOUCH_MOTION              3  +9.537s	1 (1) 62.73/26.73 (200.83/48.17mm)
1787603592.069  event6   TOUCH_FRAME                  +9.537s	
1787603592.079  event6   TOUCH_MOTION              2  +9.547s	0 (0) 43.47/76.60 (139.17/138.00mm)
1787603592.079  event6   TOUCH_MOTION              3  +9.547s	1 (1) 62.78/26.73 (201.00/48.17mm)
1787603592.079  event6   TOUCH_FRAME                  +9.547s	
1787603592.087  event6   TOUCH_MOTION              2  +9.556s	0 (0) 43.47/76.69 (139.17/138.17mm)
1787603592.088  event6   TOUCH_FRAME                  +9.556s	
1787603592.097  event6   TOUCH_MOTION              2  +9.565s	0 (0) 43.47/76.78 (139.17/138.33mm)
1787603592.097  event6   TOUCH_FRAME                  +9.565s	
1787603592.105  event6   TOUCH_MOTION              2  +9.574s	1 (1) 62.78/26.83 (201.00/48.33mm)
1787603592.106  event6   TOUCH_FRAME                  +9.574s	
1787603592.123  event6   TOUCH_MOTION              2  +9.592s	1 (1) 62.78/27.10 (201.00/48.83mm)
1787603592.124  event6   TOUCH_FRAME                  +9.592s	
1787603592.133  event6   TOUCH_MOTION              2  +9.601s	0 (0) 43.57/76.60 (139.50/138.00mm)
1787603592.133  event6   TOUCH_MOTION              3  +9.601s	1 (1) 62.73/27.29 (200.83/49.17mm)
1787603592.133  event6   TOUCH_FRAME                  +9.601s	
1787603592.142  event6   TOUCH_MOTION              2  +9.610s	0 (0) 43.73/76.41 (140.00/137.67mm)
1787603592.142  event6   TOUCH_MOTION              3  +9.610s	1 (1) 62.62/27.57 (200.50/49.67mm)
1787603592.142  event6   TOUCH_FRAME                  +9.610s	
1787603592.151  event6   TOUCH_MOTION              2  +9.619s	0 (0) 43.94/76.04 (140.67/137.00mm)
1787603592.151  event6   TOUCH_MOTION              3  +9.619s	1 (1) 62.47/28.03 (200.00/50.50mm)
1787603592.151  event6   TOUCH_FRAME                  +9.619s	
1787603592.161  event6   TOUCH_MOTION              2  +9.629s	0 (0) 44.14/75.67 (141.33/136.33mm)
1787603592.161  event6   TOUCH_MOTION              3  +9.629s	1 (1) 62.31/28.49 (199.50/51.33mm)
1787603592.161  event6   TOUCH_FRAME                  +9.629s	
1787603592.170  event6   TOUCH_MOTION              2  +9.638s	0 (0) 44.35/75.30 (142.00/135.67mm)
1787603592.170  event6   TOUCH_MOTION              3  +9.638s	1 (1) 62.05/28.95 (198.67/52.17mm)
1787603592.170  event6   TOUCH_FRAME                  +9.638s	
1787603592.178  event6   TOUCH_MOTION              2  +9.647s	0 (0) 44.61/74.93 (142.83/135.00mm)
1787603592.179  event6   TOUCH_MOTION              3  +9.647s	1 (1) 61.79/29.51 (197.83/53.17mm)
1787603592.179  event6   TOUCH_FRAME                  +9.647s	
1787603592.187  event6   TOUCH_MOTION              2  +9.656s	0 (0) 44.82/74.65 (143.50/134.50mm)
1787603592.188  event6   TOUCH_MOTION              3  +9.656s	1 (1) 61.58/29.97 (197.17/54.00mm)
1787603592.188  event6   TOUCH_FRAME                  +9.656s	
1787603592.197  event6   TOUCH_MOTION              2  +9.665s	0 (0) 45.03/74.38 (144.17/134.00mm)
1787603592.197  event6   TOUCH_MOTION              3  +9.665s	1 (1) 61.37/30.53 (196.50/55.00mm)
1787603592.197  event6   TOUCH_FRAME                  +9.665s	
1787603592.206  event6   TOUCH_MOTION              2  +9.674s	0 (0) 45.18/74.10 (144.67/133.50mm)
1787603592.206  event6   TOUCH_MOTION              3  +9.674s	1 (1) 61.22/30.99 (196.00/55.83mm)
1787603592.206  event6   TOUCH_FRAME                  +9.674s	
1787603592.215  event6   TOUCH_MOTION              2  +9.683s	0 (0) 45.34/73.73 (145.17/132.83mm)
1787603592.215  event6   TOUCH_MOTION              3  +9.683s	1 (1) 61.06/31.54 (195.50/56.83mm)
1787603592.215  event6   TOUCH_FRAME                  +9.683s	
1787603592.223  event6   TOUCH_MOTION              2  +9.692s	0 (0) 45.60/73.36 (146.00/132.17mm)
1787603592.224  event6   TOUCH_MOTION              3  +9.692s	1 (1) 60.85/32.10 (194.83/57.83mm)
1787603592.224  event6   TOUCH_FRAME                  +9.692s	
1787603592.234  event6   TOUCH_MOTION              2  +9.702s	0 (0) 45.86/72.99 (146.83/131.50mm)
1787603592.234  event6   TOUCH_MOTION              3  +9.702s	1 (1) 60.59/32.84 (194.00/59.17mm)
1787603592.234  event6   TOUCH_FRAME                  +9.702s	
1787603592.243  event6   TOUCH_MOTION              2  +9.711s	0 (0) 46.12/72.62 (147.67/130.83mm)
1787603592.243  event6   TOUCH_MOTION              3  +9.711s	1 (1) 60.28/33.49 (193.00/60.33mm)
1787603592.243  event6   TOUCH_FRAME                  +9.711s	
1787603592.252  event6   TOUCH_MOTION              2  +9.720s	0 (0) 46.38/72.34 (148.50/130.33mm)
1787603592.252  event6   TOUCH_MOTION              3  +9.720s	1 (1) 59.97/34.23 (192.00/61.67mm)
1787603592.252  event6   TOUCH_FRAME                  +9.720s	
1787603592.261  event6   TOUCH_MOTION              2  +9.729s	0 (0) 46.59/72.06 (149.17/129.83mm)
1787603592.261  event6   TOUCH_MOTION              3  +9.729s	1 (1) 59.71/34.88 (191.17/62.83mm)
1787603592.261  event6   TOUCH_FRAME                  +9.729s	
1787603592.270  event6   TOUCH_MOTION              2  +9.738s	0 (0) 46.75/71.79 (149.67/129.33mm)
1787603592.270  event6   TOUCH_MOTION              3  +9.738s	1 (1) 59.45/35.52 (190.33/64.00mm)
1787603592.270  event6   TOUCH_FRAME                  +9.738s	
1787603592.278  event6   TOUCH_MOTION              2  +9.747s	0 (0) 46.90/71.51 (150.17/128.83mm)
1787603592.279  event6   TOUCH_MOTION              3  +9.747s	1 (1) 59.19/36.17 (189.50/65.17mm)
1787603592.279  event6   TOUCH_FRAME                  +9.747s	
1787603592.287  event6   TOUCH_MOTION              2  +9.756s	0 (0) 47.06/71.23 (150.67/128.33mm)
1787603592.288  event6   TOUCH_MOTION              3  +9.756s	1 (1) 58.93/36.63 (188.67/66.00mm)
1787603592.288  event6   TOUCH_FRAME                  +9.756s	
1787603592.297  event6   TOUCH_MOTION              2  +9.765s	0 (0) 47.27/71.05 (151.33/128.00mm)
1787603592.297  event6   TOUCH_MOTION              3  +9.765s	1 (1) 58.72/37.28 (188.00/67.17mm)
1787603592.297  event6   TOUCH_FRAME                  +9.765s	
1787603592.306  event6   TOUCH_MOTION              2  +9.775s	0 (0) 47.42/70.77 (151.83/127.50mm)
1787603592.307  event6   TOUCH_MOTION              3  +9.775s	1 (1) 58.46/37.84 (187.17/68.17mm)
1787603592.307  event6   TOUCH_FRAME                  +9.775s	
1787603592.315  event6   TOUCH_MOTION              2  +9.784s	0 (0) 47.58/70.58 (152.33/127.17mm)
1787603592.316  event6   TOUCH_MOTION              3  +9.784s	1 (1) 58.20/38.39 (186.33/69.17mm)
1787603592.316  event6   TOUCH_FRAME                  +9.784s	
1787603592.324  event6   TOUCH_MOTION              2  +9.793s	0 (0) 47.74/70.31 (152.83/126.67mm)
1787603592.324  event6   TOUCH_MOTION              3  +9.793s	1 (1) 57.99/38.95 (185.67/70.17mm)
1787603592.325  event6   TOUCH_FRAME                  +9.793s	
1787603592.334  event6   TOUCH_MOTION              2  +9.802s	0 (0) 47.89/70.12 (153.33/126.33mm)
1787603592.334  event6   TOUCH_MOTION              3  +9.802s	1 (1) 57.78/39.50 (185.00/71.17mm)
1787603592.334  event6   TOUCH_FRAME                  +9.802s	
1787603592.342  event6   TOUCH_MOTION              2  +9.811s	0 (0) 48.00/69.94 (153.67/126.00mm)
1787603592.343  event6   TOUCH_MOTION              3  +9.811s	1 (1) 57.57/40.06 (184.33/72.17mm)
1787603592.343  event6   TOUCH_FRAME                  +9.811s	
1787603592.352  event6   TOUCH_MOTION              2  +9.820s	0 (0) 48.10/69.75 (154.00/125.67mm)
1787603592.352  event6   TOUCH_MOTION              3  +9.820s	1 (1) 57.37/40.61 (183.67/73.17mm)
1787603592.352  event6   TOUCH_FRAME                  +9.820s	
1787603592.360  event6   TOUCH_MOTION              2  +9.829s	0 (0) 48.15/69.57 (154.17/125.33mm)
1787603592.361  event6   TOUCH_MOTION              3  +9.829s	1 (1) 57.16/41.17 (183.00/74.17mm)
1787603592.361  event6   TOUCH_FRAME                  +9.829s	
1787603592.370  event6   TOUCH_MOTION              2  +9.838s	0 (0) 48.26/69.29 (154.50/124.83mm)
1787603592.370  event6   TOUCH_MOTION              3  +9.838s	1 (1) 56.95/41.81 (182.33/75.33mm)
1787603592.370  event6   TOUCH_FRAME                  +9.838s	
1787603592.379  event6   TOUCH_MOTION              2  +9.848s	0 (0) 48.36/69.10 (154.83/124.50mm)
1787603592.380  event6   TOUCH_MOTION              3  +9.848s	1 (1) 56.74/42.37 (181.67/76.33mm)
1787603592.380  event6   TOUCH_FRAME                  +9.848s	
1787603592.388  event6   TOUCH_MOTION              2  +9.857s	0 (0) 48.41/68.83 (155.00/124.00mm)
1787603592.388  event6   TOUCH_MOTION              3  +9.857s	1 (1) 56.59/42.92 (181.17/77.33mm)
1787603592.388  event6   TOUCH_FRAME                  +9.857s	
1787603592.397  event6   TOUCH_MOTION              2  +9.866s	0 (0) 48.57/68.64 (155.50/123.67mm)
1787603592.398  event6   TOUCH_MOTION              3  +9.866s	1 (1) 56.43/43.39 (180.67/78.17mm)
1787603592.398  event6   TOUCH_FRAME                  +9.866s	
1787603592.407  event6   TOUCH_MOTION              2  +9.875s	0 (0) 48.62/68.46 (155.67/123.33mm)
1787603592.407  event6   TOUCH_MOTION              3  +9.875s	1 (1) 56.27/43.85 (180.17/79.00mm)
1787603592.407  event6   TOUCH_FRAME                  +9.875s	
1787603592.415  event6   TOUCH_MOTION              2  +9.884s	0 (0) 48.72/68.36 (156.00/123.17mm)
1787603592.415  event6   TOUCH_MOTION              3  +9.884s	1 (1) 56.17/44.31 (179.83/79.83mm)
1787603592.415  event6   TOUCH_FRAME                  +9.884s	
1787603592.425  event6   TOUCH_MOTION              2  +9.893s	0 (0) 48.83/68.18 (156.33/122.83mm)
1787603592.425  event6   TOUCH_MOTION              3  +9.893s	1 (1) 56.01/44.87 (179.33/80.83mm)
1787603592.425  event6   TOUCH_FRAME                  +9.893s	
1787603592.433  event6   TOUCH_MOTION              2  +9.902s	0 (0) 48.98/67.99 (156.83/122.50mm)
1787603592.433  event6   TOUCH_MOTION              3  +9.902s	1 (1) 55.86/45.33 (178.83/81.67mm)
1787603592.433  event6   TOUCH_FRAME                  +9.902s	
1787603592.443  event6   TOUCH_MOTION              2  +9.912s	0 (0) 49.04/67.90 (157.00/122.33mm)
1787603592.443  event6   TOUCH_MOTION              3  +9.912s	1 (1) 55.75/45.61 (178.50/82.17mm)
1787603592.443  event6   TOUCH_FRAME                  +9.912s	
1787603592.453  event6   TOUCH_MOTION              2  +9.922s	0 (0) 49.04/67.81 (157.00/122.17mm)
1787603592.453  event6   TOUCH_MOTION              3  +9.922s	1 (1) 55.65/45.98 (178.17/82.83mm)
1787603592.453  event6   TOUCH_FRAME                  +9.922s	
1787603592.463  event6   TOUCH_MOTION              2  +9.932s	0 (0) 49.14/67.72 (157.33/122.00mm)
1787603592.463  event6   TOUCH_MOTION              3  +9.932s	1 (1) 55.54/46.35 (177.83/83.50mm)
1787603592.463  event6   TOUCH_FRAME                  +9.932s	
1787603592.473  event6   TOUCH_MOTION              2  +9.942s	0 (0) 49.19/67.53 (157.50/121.67mm)
1787603592.473  event6   TOUCH_MOTION              3  +9.942s	1 (1) 55.39/46.72 (177.33/84.17mm)
1787603592.473  event6   TOUCH_FRAME                  +9.942s	
1787603592.483  event6   TOUCH_MOTION              2  +9.952s	0 (0) 49.30/67.35 (157.83/121.33mm)
1787603592.483  event6   TOUCH_MOTION              3  +9.952s	1 (1) 55.28/47.09 (177.00/84.83mm)
1787603592.483  event6   TOUCH_FRAME                  +9.952s	
1787603592.493  event6   TOUCH_MOTION              2  +9.962s	0 (0) 49.30/67.25 (157.83/121.17mm)
1787603592.493  event6   TOUCH_MOTION              3  +9.962s	1 (1) 55.13/47.55 (176.50/85.67mm)
1787603592.493  event6   TOUCH_FRAME                  +9.962s	
1787603592.502  event6   TOUCH_MOTION              2  +9.971s	0 (0) 49.40/66.98 (158.17/120.67mm)
1787603592.502  event6   TOUCH_MOTION              3  +9.971s	1 (1) 54.97/48.01 (176.00/86.50mm)
1787603592.502  event6   TOUCH_FRAME                  +9.971s	
1787603592.512  event6   TOUCH_MOTION              2  +9.981s	0 (0) 49.45/66.88 (158.33/120.50mm)
1787603592.512  event6   TOUCH_MOTION              3  +9.981s	1 (1) 54.82/48.47 (175.50/87.33mm)
1787603592.512  event6   TOUCH_FRAME                  +9.981s	
1787603592.522  event6   TOUCH_MOTION              2  +9.991s	0 (0) 49.51/66.70 (158.50/120.17mm)
1787603592.522  event6   TOUCH_MOTION              3  +9.991s	1 (1) 54.66/48.94 (175.00/88.17mm)
1787603592.522  event6   TOUCH_FRAME                  +9.991s	
1787603592.532  event6   TOUCH_MOTION              2  +10.001s	0 (0) 49.56/66.60 (158.67/120.00mm)
1787603592.532  event6   TOUCH_MOTION              3  +10.001s	1 (1) 54.45/49.31 (174.33/88.83mm)
1787603592.532  event6   TOUCH_FRAME                  +10.001s	
1787603592.542  event6   TOUCH_MOTION              2  +10.011s	0 (0) 49.66/66.42 (159.00/119.67mm)
1787603592.542  event6   TOUCH_MOTION              3  +10.011s	1 (1) 54.29/49.68 (173.83/89.50mm)
1787603592.542  event6   TOUCH_FRAME                  +10.011s	
1787603592.552  event6   TOUCH_MOTION              2  +10.021s	0 (0) 49.71/66.23 (159.17/119.33mm)
1787603592.552  event6   TOUCH_MOTION              3  +10.021s	1 (1) 54.19/50.05 (173.50/90.17mm)
1787603592.552  event6   TOUCH_FRAME                  +10.021s	
1787603592.562  event6   TOUCH_MOTION              2  +10.031s	0 (0) 49.82/66.14 (159.50/119.17mm)
1787603592.562  event6   TOUCH_MOTION              3  +10.031s	1 (1) 54.03/50.60 (173.00/91.17mm)
1787603592.562  event6   TOUCH_FRAME                  +10.031s	
1787603592.572  event6   TOUCH_MOTION              2  +10.041s	0 (0) 49.92/65.96 (159.83/118.83mm)
1787603592.572  event6   TOUCH_MOTION              3  +10.041s	1 (1) 53.88/51.06 (172.50/92.00mm)
1787603592.572  event6   TOUCH_FRAME                  +10.041s	
1787603592.581  event6   TOUCH_MOTION              2  +10.050s	0 (0) 49.97/65.77 (160.00/118.50mm)
1787603592.581  event6   TOUCH_FRAME                  +10.050s	
1787603592.592  event6   TOUCH_MOTION              2  +10.060s	0 (0) 50.18/65.40 (160.67/117.83mm)
1787603592.592  event6   TOUCH_FRAME                  +10.060s	
1787603592.602  event6   TOUCH_MOTION              2  +10.070s	0 (0) 50.29/65.03 (161.00/117.17mm)
1787603592.602  event6   TOUCH_FRAME                  +10.070s	
1787603592.611  event6   TOUCH_MOTION              2  +10.080s	0 (0) 50.39/64.75 (161.33/116.67mm)
1787603592.611  event6   TOUCH_MOTION              3  +10.080s	1 (1) 53.51/52.36 (171.33/94.33mm)
1787603592.611  event6   TOUCH_FRAME                  +10.080s	
1787603592.621  event6   TOUCH_MOTION              2  +10.090s	0 (0) 50.39/64.66 (161.33/116.50mm)
1787603592.621  event6   TOUCH_MOTION              3  +10.090s	1 (1) 53.31/52.91 (170.67/95.33mm)
1787603592.621  event6   TOUCH_FRAME                  +10.090s	
1787603592.641  event6   TOUCH_MOTION              2  +10.110s	0 (0) 50.39/64.38 (161.33/116.00mm)
1787603592.641  event6   TOUCH_MOTION              3  +10.110s	1 (1) 53.10/53.65 (170.00/96.67mm)
1787603592.641  event6   TOUCH_FRAME                  +10.110s	
1787603592.650  event6   TOUCH_MOTION              2  +10.119s	0 (0) 50.39/64.29 (161.33/115.83mm)
1787603592.651  event6   TOUCH_FRAME                  +10.119s	
1787603592.660  event6   TOUCH_MOTION              2  +10.129s	0 (0) 50.44/64.11 (161.50/115.50mm)
1787603592.660  event6   TOUCH_MOTION              3  +10.129s	1 (1) 52.89/54.30 (169.33/97.83mm)
1787603592.660  event6   TOUCH_FRAME                  +10.129s	
1787603592.671  event6   TOUCH_MOTION              2  +10.139s	0 (0) 50.44/64.01 (161.50/115.33mm)
1787603592.671  event6   TOUCH_FRAME                  +10.139s	
1787603592.681  event6   TOUCH_MOTION              2  +10.149s	0 (0) 50.49/63.83 (161.67/115.00mm)
1787603592.681  event6   TOUCH_MOTION              3  +10.149s	1 (1) 52.79/54.76 (169.00/98.67mm)
1787603592.681  event6   TOUCH_FRAME                  +10.149s	
1787603592.690  event6   TOUCH_MOTION              2  +10.159s	0 (0) 50.55/63.74 (161.83/114.83mm)
1787603592.690  event6   TOUCH_FRAME                  +10.159s	
1787603592.721  event6   TOUCH_UP                     +10.190s	1 (1)
1787603592.721  event6   TOUCH_FRAME                  +10.190s	
1787603592.742  event6   TOUCH_UP                     +10.211s	0 (0)
1787603592.742  event6   TOUCH_FRAME                  +10.211s	
1787603593.192  event6   TOUCH_DOWN                   +10.660s	0 (0) 54.87/61.61 (175.67/111.00mm)
1787603593.192  event6   TOUCH_FRAME                  +10.660s	
1787603593.209  event6   TOUCH_DOWN                   +10.678s	1 (1) 61.11/68.09 (195.67/122.67mm)
1787603593.209  event6   TOUCH_FRAME                  +10.678s	
1787603593.220  event6   TOUCH_DOWN                   +10.688s	2 (2) 47.79/67.53 (153.00/121.67mm)
1787603593.220  event6   TOUCH_FRAME                  +10.688s	
1787603593.931  event6   TOUCH_MOTION                 +11.399s	2 (2) 47.68/66.98 (152.67/120.67mm)
1787603593.931  event6   TOUCH_FRAME                  +11.399s	
1787603593.950  event6   TOUCH_MOTION              2  +11.418s	2 (2) 47.63/66.88 (152.50/120.50mm)
1787603593.950  event6   TOUCH_FRAME                  +11.418s	
1787603593.959  event6   TOUCH_MOTION              2  +11.427s	2 (2) 47.63/66.70 (152.50/120.17mm)
1787603593.959  event6   TOUCH_FRAME                  +11.427s	
1787603593.968  event6   TOUCH_MOTION              2  +11.436s	2 (2) 47.58/66.51 (152.33/119.83mm)
1787603593.968  event6   TOUCH_FRAME                  +11.436s	
1787603593.977  event6   TOUCH_MOTION              2  +11.445s	2 (2) 47.58/66.23 (152.33/119.33mm)
1787603593.977  event6   TOUCH_FRAME                  +11.445s	
1787603593.986  event6   TOUCH_MOTION              2  +11.454s	0 (0) 54.87/60.96 (175.67/109.83mm)
1787603593.986  event6   TOUCH_MOTION              3  +11.454s	2 (2) 47.58/66.05 (152.33/119.00mm)
1787603593.986  event6   TOUCH_FRAME                  +11.454s	
1787603593.995  event6   TOUCH_MOTION              2  +11.463s	0 (0) 54.82/60.78 (175.50/109.50mm)
1787603593.995  event6   TOUCH_MOTION              3  +11.463s	2 (2) 47.53/65.77 (152.17/118.50mm)
1787603593.995  event6   TOUCH_FRAME                  +11.463s	
1787603594.004  event6   TOUCH_MOTION              2  +11.472s	0 (0) 54.82/60.50 (175.50/109.00mm)
1787603594.004  event6   TOUCH_MOTION              3  +11.472s	2 (2) 47.48/65.49 (152.00/118.00mm)
1787603594.004  event6   TOUCH_FRAME                  +11.472s	
1787603594.013  event6   TOUCH_MOTION              2  +11.481s	0 (0) 54.82/60.22 (175.50/108.50mm)
1787603594.013  event6   TOUCH_MOTION              3  +11.481s	2 (2) 47.48/65.22 (152.00/117.50mm)
1787603594.013  event6   TOUCH_FRAME                  +11.481s	
1787603594.023  event6   TOUCH_MOTION              2  +11.491s	0 (0) 54.76/59.94 (175.33/108.00mm)
1787603594.023  event6   TOUCH_MOTION              3  +11.491s	2 (2) 47.42/64.85 (151.83/116.83mm)
1787603594.023  event6   TOUCH_FRAME                  +11.491s	
1787603594.032  event6   TOUCH_MOTION              2  +11.500s	0 (0) 54.71/59.67 (175.17/107.50mm)
1787603594.032  event6   TOUCH_MOTION              3  +11.500s	1 (1) 61.11/67.35 (195.67/121.33mm)
1787603594.032  event6   TOUCH_MOTION              4  +11.500s	2 (2) 47.37/64.48 (151.67/116.17mm)
1787603594.032  event6   TOUCH_FRAME                  +11.500s	
1787603594.040  event6   TOUCH_MOTION              2  +11.509s	0 (0) 54.71/59.39 (175.17/107.00mm)
1787603594.041  event6   TOUCH_MOTION              3  +11.509s	1 (1) 61.11/67.25 (195.67/121.17mm)
1787603594.041  event6   TOUCH_MOTION              4  +11.509s	2 (2) 47.32/64.11 (151.50/115.50mm)
1787603594.041  event6   TOUCH_FRAME                  +11.509s	
1787603594.050  event6   TOUCH_MOTION              2  +11.518s	0 (0) 54.66/59.02 (175.00/106.33mm)
1787603594.050  event6   TOUCH_MOTION              3  +11.518s	1 (1) 61.06/67.16 (195.50/121.00mm)
1787603594.050  event6   TOUCH_MOTION              4  +11.518s	2 (2) 47.27/63.64 (151.33/114.67mm)
1787603594.050  event6   TOUCH_FRAME                  +11.518s	
1787603594.059  event6   TOUCH_MOTION              2  +11.527s	0 (0) 54.66/58.65 (175.00/105.67mm)
1787603594.059  event6   TOUCH_MOTION              3  +11.527s	1 (1) 61.06/67.07 (195.50/120.83mm)
1787603594.059  event6   TOUCH_MOTION              4  +11.527s	2 (2) 47.27/63.18 (151.33/113.83mm)
1787603594.059  event6   TOUCH_FRAME                  +11.527s	
1787603594.068  event6   TOUCH_MOTION              2  +11.536s	0 (0) 54.61/58.19 (174.83/104.83mm)
1787603594.068  event6   TOUCH_MOTION              3  +11.536s	1 (1) 61.06/66.98 (195.50/120.67mm)
1787603594.068  event6   TOUCH_MOTION              4  +11.536s	2 (2) 47.21/62.63 (151.17/112.83mm)
1787603594.068  event6   TOUCH_FRAME                  +11.536s	
1787603594.077  event6   TOUCH_MOTION              2  +11.545s	0 (0) 54.55/57.63 (174.67/103.83mm)
1787603594.077  event6   TOUCH_MOTION              3  +11.545s	1 (1) 61.06/66.79 (195.50/120.33mm)
1787603594.077  event6   TOUCH_MOTION              4  +11.545s	2 (2) 47.16/62.07 (151.00/111.83mm)
1787603594.077  event6   TOUCH_FRAME                  +11.545s	
1787603594.086  event6   TOUCH_MOTION              2  +11.554s	0 (0) 54.50/57.08 (174.50/102.83mm)
1787603594.086  event6   TOUCH_MOTION              3  +11.554s	1 (1) 61.06/66.60 (195.50/120.00mm)
1787603594.086  event6   TOUCH_MOTION              4  +11.554s	2 (2) 47.11/61.52 (150.83/110.83mm)
1787603594.086  event6   TOUCH_FRAME                  +11.554s	
1787603594.095  event6   TOUCH_MOTION              2  +11.563s	0 (0) 54.45/56.52 (174.33/101.83mm)
1787603594.095  event6   TOUCH_MOTION              3  +11.563s	1 (1) 61.06/66.23 (195.50/119.33mm)
1787603594.095  event6   TOUCH_MOTION              4  +11.563s	2 (2) 47.06/60.87 (150.67/109.67mm)
1787603594.095  event6   TOUCH_FRAME                  +11.563s	
1787603594.105  event6   TOUCH_MOTION              2  +11.573s	0 (0) 54.40/55.97 (174.17/100.83mm)
1787603594.105  event6   TOUCH_MOTION              3  +11.573s	1 (1) 61.01/65.86 (195.33/118.67mm)
1787603594.105  event6   TOUCH_MOTION              4  +11.573s	2 (2) 47.06/60.31 (150.67/108.67mm)
1787603594.105  event6   TOUCH_FRAME                  +11.573s	
1787603594.114  event6   TOUCH_MOTION              2  +11.582s	0 (0) 54.40/55.32 (174.17/99.67mm)
1787603594.114  event6   TOUCH_MOTION              3  +11.582s	1 (1) 61.01/65.49 (195.33/118.00mm)
1787603594.114  event6   TOUCH_MOTION              4  +11.582s	2 (2) 47.01/59.67 (150.50/107.50mm)
1787603594.114  event6   TOUCH_FRAME                  +11.582s	
1787603594.123  event6   TOUCH_MOTION              2  +11.591s	0 (0) 54.35/54.67 (174.00/98.50mm)
1787603594.123  event6   TOUCH_MOTION              3  +11.591s	1 (1) 61.01/65.12 (195.33/117.33mm)
1787603594.123  event6   TOUCH_MOTION              4  +11.591s	2 (2) 46.95/59.02 (150.33/106.33mm)
1787603594.123  event6   TOUCH_FRAME                  +11.591s	
1787603594.132  event6   TOUCH_MOTION              2  +11.600s	0 (0) 54.29/54.02 (173.83/97.33mm)
1787603594.132  event6   TOUCH_MOTION              3  +11.600s	1 (1) 61.01/64.66 (195.33/116.50mm)
1787603594.132  event6   TOUCH_MOTION              4  +11.600s	2 (2) 46.90/58.28 (150.17/105.00mm)
1787603594.132  event6   TOUCH_FRAME                  +11.600s	
1787603594.141  event6   TOUCH_MOTION              2  +11.609s	0 (0) 54.24/53.28 (173.67/96.00mm)
1787603594.141  event6   TOUCH_MOTION              3  +11.609s	1 (1) 60.96/64.11 (195.17/115.50mm)
1787603594.141  event6   TOUCH_MOTION              4  +11.609s	2 (2) 46.85/57.54 (150.00/103.67mm)
1787603594.141  event6   TOUCH_FRAME                  +11.609s	
1787603594.150  event6   TOUCH_MOTION              2  +11.618s	0 (0) 54.19/52.54 (173.50/94.67mm)
1787603594.150  event6   TOUCH_MOTION              3  +11.618s	1 (1) 60.91/63.55 (195.00/114.50mm)
1787603594.150  event6   TOUCH_MOTION              4  +11.618s	2 (2) 46.85/56.80 (150.00/102.33mm)
1787603594.150  event6   TOUCH_FRAME                  +11.618s	
1787603594.159  event6   TOUCH_MOTION              2  +11.627s	0 (0) 54.19/51.80 (173.50/93.33mm)
1787603594.159  event6   TOUCH_MOTION              3  +11.627s	1 (1) 60.91/62.90 (195.00/113.33mm)
1787603594.159  event6   TOUCH_MOTION              4  +11.627s	2 (2) 46.80/56.06 (149.83/101.00mm)
1787603594.159  event6   TOUCH_FRAME                  +11.627s	
1787603594.168  event6   TOUCH_MOTION              2  +11.636s	0 (0) 54.14/51.06 (173.33/92.00mm)
1787603594.168  event6   TOUCH_MOTION              3  +11.636s	1 (1) 60.85/62.26 (194.83/112.17mm)
1787603594.168  event6   TOUCH_MOTION              4  +11.636s	2 (2) 46.75/55.23 (149.67/99.50mm)
1787603594.168  event6   TOUCH_FRAME                  +11.636s	
1787603594.178  event6   TOUCH_MOTION              2  +11.646s	0 (0) 54.09/50.23 (173.17/90.50mm)
1787603594.178  event6   TOUCH_MOTION              3  +11.646s	1 (1) 60.80/61.61 (194.67/111.00mm)
1787603594.178  event6   TOUCH_MOTION              4  +11.646s	2 (2) 46.69/54.49 (149.50/98.17mm)
1787603594.178  event6   TOUCH_FRAME                  +11.646s	
1787603594.187  event6   TOUCH_MOTION              2  +11.655s	0 (0) 54.03/49.40 (173.00/89.00mm)
1787603594.187  event6   TOUCH_MOTION              3  +11.655s	1 (1) 60.75/60.78 (194.50/109.50mm)
1787603594.187  event6   TOUCH_MOTION              4  +11.655s	2 (2) 46.64/53.56 (149.33/96.50mm)
1787603594.187  event6   TOUCH_FRAME                  +11.655s	
1787603594.196  event6   TOUCH_MOTION              2  +11.664s	0 (0) 53.98/48.47 (172.83/87.33mm)
1787603594.196  event6   TOUCH_MOTION              3  +11.664s	1 (1) 60.70/60.04 (194.33/108.17mm)
1787603594.196  event6   TOUCH_MOTION              4  +11.664s	2 (2) 46.59/52.64 (149.17/94.83mm)
1787603594.196  event6   TOUCH_FRAME                  +11.664s	
1787603594.205  event6   TOUCH_MOTION              2  +11.673s	0 (0) 53.98/47.64 (172.83/85.83mm)
1787603594.205  event6   TOUCH_MOTION              3  +11.673s	1 (1) 60.65/59.20 (194.17/106.67mm)
1787603594.205  event6   TOUCH_MOTION              4  +11.673s	2 (2) 46.59/51.80 (149.17/93.33mm)
1787603594.205  event6   TOUCH_FRAME                  +11.673s	
1787603594.214  event6   TOUCH_MOTION              2  +11.682s	0 (0) 53.93/46.72 (172.67/84.17mm)
1787603594.214  event6   TOUCH_MOTION              3  +11.682s	1 (1) 60.65/58.28 (194.17/105.00mm)
1787603594.214  event6   TOUCH_MOTION              4  +11.682s	2 (2) 46.54/50.88 (149.00/91.67mm)
1787603594.214  event6   TOUCH_FRAME                  +11.682s	
1787603594.223  event6   TOUCH_MOTION              2  +11.691s	0 (0) 53.88/45.79 (172.50/82.50mm)
1787603594.223  event6   TOUCH_MOTION              3  +11.691s	1 (1) 60.59/57.45 (194.00/103.50mm)
1787603594.223  event6   TOUCH_MOTION              4  +11.691s	2 (2) 46.49/49.95 (148.83/90.00mm)
1787603594.223  event6   TOUCH_FRAME                  +11.691s	
1787603594.232  event6   TOUCH_MOTION              2  +11.700s	0 (0) 53.77/44.96 (172.17/81.00mm)
1787603594.232  event6   TOUCH_MOTION              3  +11.700s	1 (1) 60.54/56.52 (193.83/101.83mm)
1787603594.232  event6   TOUCH_MOTION              4  +11.700s	2 (2) 46.43/49.12 (148.67/88.50mm)
1787603594.232  event6   TOUCH_FRAME                  +11.700s	
1787603594.241  event6   TOUCH_MOTION              2  +11.709s	0 (0) 53.72/43.94 (172.00/79.17mm)
1787603594.241  event6   TOUCH_MOTION              3  +11.709s	1 (1) 60.49/55.60 (193.67/100.17mm)
1787603594.241  event6   TOUCH_MOTION              4  +11.709s	2 (2) 46.38/48.10 (148.50/86.67mm)
1787603594.241  event6   TOUCH_FRAME                  +11.709s	
1787603594.251  event6   TOUCH_MOTION              2  +11.719s	0 (0) 53.62/43.02 (171.67/77.50mm)
1787603594.251  event6   TOUCH_MOTION              3  +11.719s	1 (1) 60.44/54.67 (193.50/98.50mm)
1787603594.251  event6   TOUCH_MOTION              4  +11.719s	2 (2) 46.38/47.18 (148.50/85.00mm)
1787603594.251  event6   TOUCH_FRAME                  +11.719s	
1787603594.260  event6   TOUCH_MOTION              2  +11.728s	0 (0) 53.57/42.00 (171.50/75.67mm)
1787603594.260  event6   TOUCH_MOTION              3  +11.728s	1 (1) 60.44/53.65 (193.50/96.67mm)
1787603594.260  event6   TOUCH_MOTION              4  +11.728s	2 (2) 46.33/46.16 (148.33/83.17mm)
1787603594.260  event6   TOUCH_FRAME                  +11.728s	
1787603594.269  event6   TOUCH_MOTION              2  +11.737s	0 (0) 53.51/41.07 (171.33/74.00mm)
1787603594.269  event6   TOUCH_MOTION              3  +11.737s	1 (1) 60.39/52.64 (193.33/94.83mm)
1787603594.269  event6   TOUCH_MOTION              4  +11.737s	2 (2) 46.28/45.24 (148.17/81.50mm)
1787603594.269  event6   TOUCH_FRAME                  +11.737s	
1787603594.278  event6   TOUCH_MOTION              2  +11.746s	0 (0) 53.51/40.06 (171.33/72.17mm)
1787603594.278  event6   TOUCH_MOTION              3  +11.746s	1 (1) 60.33/51.71 (193.17/93.17mm)
1787603594.278  event6   TOUCH_MOTION              4  +11.746s	2 (2) 46.23/44.22 (148.00/79.67mm)
1787603594.278  event6   TOUCH_FRAME                  +11.746s	
1787603594.287  event6   TOUCH_MOTION              2  +11.755s	0 (0) 53.46/38.95 (171.17/70.17mm)
1787603594.287  event6   TOUCH_MOTION              3  +11.755s	1 (1) 60.28/50.69 (193.00/91.33mm)
1787603594.287  event6   TOUCH_MOTION              4  +11.755s	2 (2) 46.17/43.29 (147.83/78.00mm)
1787603594.287  event6   TOUCH_FRAME                  +11.755s	
1787603594.296  event6   TOUCH_MOTION              2  +11.764s	0 (0) 53.41/37.93 (171.00/68.33mm)
1787603594.296  event6   TOUCH_MOTION              3  +11.764s	1 (1) 60.23/49.77 (192.83/89.67mm)
1787603594.296  event6   TOUCH_MOTION              4  +11.764s	2 (2) 46.17/42.28 (147.83/76.17mm)
1787603594.296  event6   TOUCH_FRAME                  +11.764s	
1787603594.305  event6   TOUCH_MOTION              2  +11.773s	0 (0) 53.36/36.91 (170.83/66.50mm)
1787603594.305  event6   TOUCH_MOTION              3  +11.773s	1 (1) 60.23/48.75 (192.83/87.83mm)
1787603594.305  event6   TOUCH_MOTION              4  +11.773s	2 (2) 46.12/41.26 (147.67/74.33mm)
1787603594.305  event6   TOUCH_FRAME                  +11.773s	
1787603594.314  event6   TOUCH_MOTION              2  +11.782s	0 (0) 53.31/35.89 (170.67/64.67mm)
1787603594.314  event6   TOUCH_MOTION              3  +11.782s	1 (1) 60.18/47.83 (192.67/86.17mm)
1787603594.314  event6   TOUCH_MOTION              4  +11.782s	2 (2) 46.07/40.33 (147.50/72.67mm)
1787603594.314  event6   TOUCH_FRAME                  +11.782s	
1787603594.324  event6   TOUCH_MOTION              2  +11.792s	0 (0) 53.31/34.97 (170.67/63.00mm)
1787603594.324  event6   TOUCH_MOTION              3  +11.792s	1 (1) 60.12/46.90 (192.50/84.50mm)
1787603594.324  event6   TOUCH_MOTION              4  +11.792s	2 (2) 46.02/39.32 (147.33/70.83mm)
1787603594.324  event6   TOUCH_FRAME                  +11.792s	
1787603594.333  event6   TOUCH_MOTION              2  +11.801s	0 (0) 53.25/34.04 (170.50/61.33mm)
1787603594.333  event6   TOUCH_MOTION              3  +11.801s	1 (1) 60.07/45.98 (192.33/82.83mm)
1787603594.333  event6   TOUCH_MOTION              4  +11.801s	2 (2) 45.97/38.48 (147.17/69.33mm)
1787603594.333  event6   TOUCH_FRAME                  +11.801s	
1787603594.342  event6   TOUCH_MOTION              2  +11.810s	0 (0) 53.20/33.21 (170.33/59.83mm)
1787603594.342  event6   TOUCH_MOTION              3  +11.810s	1 (1) 60.07/45.14 (192.33/81.33mm)
1787603594.342  event6   TOUCH_MOTION              4  +11.810s	2 (2) 45.97/37.56 (147.17/67.67mm)
1787603594.342  event6   TOUCH_FRAME                  +11.810s	
1787603594.351  event6   TOUCH_MOTION              2  +11.819s	0 (0) 53.20/32.38 (170.33/58.33mm)
1787603594.351  event6   TOUCH_MOTION              3  +11.819s	1 (1) 60.07/44.31 (192.33/79.83mm)
1787603594.351  event6   TOUCH_MOTION              4  +11.819s	2 (2) 45.97/36.73 (147.17/66.17mm)
1787603594.351  event6   TOUCH_FRAME                  +11.819s	
1787603594.360  event6   TOUCH_MOTION              2  +11.828s	0 (0) 53.20/31.64 (170.33/57.00mm)
1787603594.360  event6   TOUCH_MOTION              3  +11.828s	1 (1) 60.07/43.57 (192.33/78.50mm)
1787603594.360  event6   TOUCH_MOTION              4  +11.828s	2 (2) 45.91/35.89 (147.00/64.67mm)
1787603594.360  event6   TOUCH_FRAME                  +11.828s	
1787603594.369  event6   TOUCH_MOTION              2  +11.837s	0 (0) 53.20/30.90 (170.33/55.67mm)
1787603594.369  event6   TOUCH_MOTION              3  +11.837s	1 (1) 60.07/42.92 (192.33/77.33mm)
1787603594.369  event6   TOUCH_MOTION              4  +11.837s	2 (2) 45.91/35.15 (147.00/63.33mm)
1787603594.369  event6   TOUCH_FRAME                  +11.837s	
1787603594.378  event6   TOUCH_MOTION              2  +11.846s	0 (0) 53.20/30.25 (170.33/54.50mm)
1787603594.378  event6   TOUCH_MOTION              3  +11.846s	1 (1) 60.07/42.37 (192.33/76.33mm)
1787603594.378  event6   TOUCH_MOTION              4  +11.846s	2 (2) 45.91/34.51 (147.00/62.17mm)
1787603594.378  event6   TOUCH_FRAME                  +11.846s	
1787603594.387  event6   TOUCH_MOTION              2  +11.855s	0 (0) 53.20/29.60 (170.33/53.33mm)
1787603594.387  event6   TOUCH_MOTION              3  +11.855s	1 (1) 60.07/41.81 (192.33/75.33mm)
1787603594.387  event6   TOUCH_MOTION              4  +11.855s	2 (2) 45.91/33.95 (147.00/61.17mm)
1787603594.387  event6   TOUCH_FRAME                  +11.855s	
1787603594.397  event6   TOUCH_MOTION              2  +11.865s	0 (0) 53.20/29.14 (170.33/52.50mm)
1787603594.397  event6   TOUCH_MOTION              3  +11.865s	1 (1) 60.07/41.35 (192.33/74.50mm)
1787603594.397  event6   TOUCH_MOTION              4  +11.865s	2 (2) 45.91/33.40 (147.00/60.17mm)
1787603594.397  event6   TOUCH_FRAME                  +11.865s	
1787603594.406  event6   TOUCH_MOTION              2  +11.874s	0 (0) 53.20/28.58 (170.33/51.50mm)
1787603594.406  event6   TOUCH_MOTION              3  +11.874s	1 (1) 60.07/40.98 (192.33/73.83mm)
1787603594.406  event6   TOUCH_MOTION              4  +11.874s	2 (2) 45.91/32.93 (147.00/59.33mm)
1787603594.406  event6   TOUCH_FRAME                  +11.874s	
1787603594.414  event6   TOUCH_MOTION              2  +11.883s	0 (0) 53.20/28.12 (170.33/50.67mm)
1787603594.415  event6   TOUCH_MOTION              3  +11.883s	2 (2) 45.91/32.47 (147.00/58.50mm)
1787603594.415  event6   TOUCH_FRAME                  +11.883s	
1787603594.424  event6   TOUCH_MOTION              2  +11.892s	0 (0) 53.20/27.66 (170.33/49.83mm)
1787603594.424  event6   TOUCH_MOTION              3  +11.892s	2 (2) 45.91/32.10 (147.00/57.83mm)
1787603594.424  event6   TOUCH_FRAME                  +11.892s	
1787603594.433  event6   TOUCH_MOTION              2  +11.901s	0 (0) 53.20/27.20 (170.33/49.00mm)
1787603594.433  event6   TOUCH_MOTION              3  +11.901s	2 (2) 46.02/31.73 (147.33/57.17mm)
1787603594.433  event6   TOUCH_FRAME                  +11.901s	
1787603594.451  event6   TOUCH_UP                     +11.919s	1 (1)
1787603594.451  event6   TOUCH_FRAME                  +11.919s	
1787603594.480  event6   TOUCH_UP                     +11.948s	0 (0)
1787603594.480  event6   TOUCH_UP                     +11.948s	2 (2)
1787603594.480  event6   TOUCH_FRAME                  +11.948s	
1787603595.430  event6   TOUCH_DOWN                   +12.898s	0 (0) 56.59/67.72 (181.17/122.00mm)
1787603595.430  event6   TOUCH_FRAME                  +12.898s	
1787603595.448  event6   TOUCH_DOWN                   +12.916s	1 (1) 63.56/77.15 (203.50/139.00mm)
1787603595.448  event6   TOUCH_FRAME                  +12.916s	
1787603595.458  event6   TOUCH_DOWN                   +12.926s	2 (2) 49.56/75.30 (158.67/135.67mm)
1787603595.458  event6   TOUCH_FRAME                  +12.926s	
1787603596.297  event6   TOUCH_MOTION                 +13.765s	2 (2) 49.56/74.47 (158.67/134.17mm)
1787603596.297  event6   TOUCH_FRAME                  +13.765s	
1787603596.306  event6   TOUCH_MOTION              2  +13.774s	2 (2) 49.56/74.10 (158.67/133.50mm)
1787603596.306  event6   TOUCH_FRAME                  +13.774s	
1787603596.315  event6   TOUCH_MOTION              2  +13.783s	2 (2) 49.56/73.82 (158.67/133.00mm)
1787603596.315  event6   TOUCH_FRAME                  +13.783s	
1787603596.324  event6   TOUCH_MOTION              2  +13.792s	0 (0) 56.59/66.79 (181.17/120.33mm)
1787603596.324  event6   TOUCH_MOTION              3  +13.792s	1 (1) 63.56/76.32 (203.50/137.50mm)
1787603596.324  event6   TOUCH_MOTION              4  +13.792s	2 (2) 49.56/73.45 (158.67/132.33mm)
1787603596.324  event6   TOUCH_FRAME                  +13.792s	
1787603596.333  event6   TOUCH_MOTION              2  +13.801s	0 (0) 56.59/66.42 (181.17/119.67mm)
1787603596.333  event6   TOUCH_MOTION              3  +13.801s	1 (1) 63.56/76.04 (203.50/137.00mm)
1787603596.333  event6   TOUCH_MOTION              4  +13.801s	2 (2) 49.56/72.99 (158.67/131.50mm)
1787603596.333  event6   TOUCH_FRAME                  +13.801s	
1787603596.343  event6   TOUCH_MOTION              2  +13.811s	0 (0) 56.59/65.96 (181.17/118.83mm)
1787603596.343  event6   TOUCH_MOTION              3  +13.811s	1 (1) 63.56/75.67 (203.50/136.33mm)
1787603596.343  event6   TOUCH_MOTION              4  +13.811s	2 (2) 49.56/72.53 (158.67/130.67mm)
1787603596.343  event6   TOUCH_FRAME                  +13.811s	
1787603596.352  event6   TOUCH_MOTION              2  +13.820s	0 (0) 56.59/65.49 (181.17/118.00mm)
1787603596.352  event6   TOUCH_MOTION              3  +13.820s	1 (1) 63.61/75.30 (203.67/135.67mm)
1787603596.352  event6   TOUCH_MOTION              4  +13.820s	2 (2) 49.56/71.97 (158.67/129.67mm)
1787603596.352  event6   TOUCH_FRAME                  +13.820s	
1787603596.361  event6   TOUCH_MOTION              2  +13.829s	0 (0) 56.59/64.94 (181.17/117.00mm)
1787603596.361  event6   TOUCH_MOTION              3  +13.829s	1 (1) 63.66/74.93 (203.83/135.00mm)
1787603596.361  event6   TOUCH_MOTION              4  +13.829s	2 (2) 49.56/71.42 (158.67/128.67mm)
1787603596.361  event6   TOUCH_FRAME                  +13.829s	
1787603596.370  event6   TOUCH_MOTION              2  +13.838s	0 (0) 56.59/64.29 (181.17/115.83mm)
1787603596.370  event6   TOUCH_MOTION              3  +13.838s	1 (1) 63.72/74.38 (204.00/134.00mm)
1787603596.370  event6   TOUCH_MOTION              4  +13.838s	2 (2) 49.56/70.77 (158.67/127.50mm)
1787603596.370  event6   TOUCH_FRAME                  +13.838s	
1787603596.379  event6   TOUCH_MOTION              2  +13.847s	0 (0) 56.59/63.64 (181.17/114.67mm)
1787603596.379  event6   TOUCH_MOTION              3  +13.847s	1 (1) 63.77/73.73 (204.17/132.83mm)
1787603596.379  event6   TOUCH_MOTION              4  +13.847s	2 (2) 49.56/70.12 (158.67/126.33mm)
1787603596.379  event6   TOUCH_FRAME                  +13.847s	
1787603596.388  event6   TOUCH_MOTION              2  +13.856s	0 (0) 56.59/62.90 (181.17/113.33mm)
1787603596.388  event6   TOUCH_MOTION              3  +13.856s	1 (1) 63.77/73.08 (204.17/131.67mm)
1787603596.388  event6   TOUCH_MOTION              4  +13.856s	2 (2) 49.56/69.38 (158.67/125.00mm)
1787603596.388  event6   TOUCH_FRAME                  +13.856s	
1787603596.397  event6   TOUCH_MOTION              2  +13.865s	0 (0) 56.59/62.16 (181.17/112.00mm)
1787603596.397  event6   TOUCH_MOTION              3  +13.865s	1 (1) 63.77/72.34 (204.17/130.33mm)
1787603596.397  event6   TOUCH_MOTION              4  +13.865s	2 (2) 49.56/68.55 (158.67/123.50mm)
1787603596.397  event6   TOUCH_FRAME                  +13.865s	
1787603596.406  event6   TOUCH_MOTION              2  +13.874s	0 (0) 56.59/61.24 (181.17/110.33mm)
1787603596.406  event6   TOUCH_MOTION              3  +13.874s	1 (1) 63.77/71.51 (204.17/128.83mm)
1787603596.406  event6   TOUCH_MOTION              4  +13.874s	2 (2) 49.51/67.72 (158.50/122.00mm)
1787603596.406  event6   TOUCH_FRAME                  +13.874s	
1787603596.415  event6   TOUCH_MOTION              2  +13.883s	0 (0) 56.59/60.41 (181.17/108.83mm)
1787603596.415  event6   TOUCH_MOTION              3  +13.883s	1 (1) 63.82/70.68 (204.33/127.33mm)
1787603596.415  event6   TOUCH_MOTION              4  +13.883s	2 (2) 49.51/66.70 (158.50/120.17mm)
1787603596.415  event6   TOUCH_FRAME                  +13.883s	
1787603596.425  event6   TOUCH_MOTION              2  +13.893s	0 (0) 56.59/59.39 (181.17/107.00mm)
1787603596.425  event6   TOUCH_MOTION              3  +13.893s	1 (1) 63.87/69.75 (204.50/125.67mm)
1787603596.425  event6   TOUCH_MOTION              4  +13.893s	2 (2) 49.51/65.68 (158.50/118.33mm)
1787603596.425  event6   TOUCH_FRAME                  +13.893s	
1787603596.434  event6   TOUCH_MOTION              2  +13.902s	0 (0) 56.59/58.37 (181.17/105.17mm)
1787603596.434  event6   TOUCH_MOTION              3  +13.902s	1 (1) 63.93/68.83 (204.67/124.00mm)
1787603596.434  event6   TOUCH_MOTION              4  +13.902s	2 (2) 49.51/64.57 (158.50/116.33mm)
1787603596.434  event6   TOUCH_FRAME                  +13.902s	
1787603596.443  event6   TOUCH_MOTION              2  +13.911s	0 (0) 56.59/57.26 (181.17/103.17mm)
1787603596.443  event6   TOUCH_MOTION              3  +13.911s	1 (1) 63.98/67.72 (204.83/122.00mm)
1787603596.443  event6   TOUCH_MOTION              4  +13.911s	2 (2) 49.51/63.46 (158.50/114.33mm)
1787603596.443  event6   TOUCH_FRAME                  +13.911s	
1787603596.452  event6   TOUCH_MOTION              2  +13.920s	0 (0) 56.59/56.06 (181.17/101.00mm)
1787603596.452  event6   TOUCH_MOTION              3  +13.920s	1 (1) 64.03/66.60 (205.00/120.00mm)
1787603596.452  event6   TOUCH_MOTION              4  +13.920s	2 (2) 49.51/62.26 (158.50/112.17mm)
1787603596.452  event6   TOUCH_FRAME                  +13.920s	
1787603596.461  event6   TOUCH_MOTION              2  +13.929s	0 (0) 56.59/54.86 (181.17/98.83mm)
1787603596.461  event6   TOUCH_MOTION              3  +13.929s	1 (1) 64.03/65.40 (205.00/117.83mm)
1787603596.461  event6   TOUCH_MOTION              4  +13.929s	2 (2) 49.45/60.96 (158.33/109.83mm)
1787603596.461  event6   TOUCH_FRAME                  +13.929s	
1787603596.470  event6   TOUCH_MOTION              2  +13.938s	0 (0) 56.59/53.65 (181.17/96.67mm)
1787603596.470  event6   TOUCH_MOTION              3  +13.938s	1 (1) 64.03/64.11 (205.00/115.50mm)
1787603596.470  event6   TOUCH_MOTION              4  +13.938s	2 (2) 49.45/59.76 (158.33/107.67mm)
1787603596.470  event6   TOUCH_FRAME                  +13.938s	
1787603596.479  event6   TOUCH_MOTION              2  +13.947s	0 (0) 56.59/52.27 (181.17/94.17mm)
1787603596.479  event6   TOUCH_MOTION              3  +13.947s	1 (1) 64.08/62.81 (205.17/113.17mm)
1787603596.479  event6   TOUCH_MOTION              4  +13.947s	2 (2) 49.45/58.46 (158.33/105.33mm)
1787603596.479  event6   TOUCH_FRAME                  +13.947s	
1787603596.488  event6   TOUCH_MOTION              2  +13.956s	0 (0) 56.59/50.97 (181.17/91.83mm)
1787603596.488  event6   TOUCH_MOTION              3  +13.956s	1 (1) 64.13/61.52 (205.33/110.83mm)
1787603596.488  event6   TOUCH_MOTION              4  +13.956s	2 (2) 49.45/57.08 (158.33/102.83mm)
1787603596.488  event6   TOUCH_FRAME                  +13.956s	
1787603596.498  event6   TOUCH_MOTION              2  +13.966s	0 (0) 56.64/49.58 (181.33/89.33mm)
1787603596.498  event6   TOUCH_MOTION              3  +13.966s	1 (1) 64.19/60.13 (205.50/108.33mm)
1787603596.498  event6   TOUCH_MOTION              4  +13.966s	2 (2) 49.45/55.78 (158.33/100.50mm)
1787603596.498  event6   TOUCH_FRAME                  +13.966s	
1787603596.507  event6   TOUCH_MOTION              2  +13.975s	0 (0) 56.64/48.20 (181.33/86.83mm)
1787603596.507  event6   TOUCH_MOTION              3  +13.975s	1 (1) 64.24/58.83 (205.67/106.00mm)
1787603596.507  event6   TOUCH_MOTION              4  +13.975s	2 (2) 49.45/54.39 (158.33/98.00mm)
1787603596.507  event6   TOUCH_FRAME                  +13.975s	
1787603596.516  event6   TOUCH_MOTION              2  +13.984s	0 (0) 56.69/46.72 (181.50/84.17mm)
1787603596.516  event6   TOUCH_MOTION              3  +13.984s	1 (1) 64.24/57.45 (205.67/103.50mm)
1787603596.516  event6   TOUCH_MOTION              4  +13.984s	2 (2) 49.45/52.91 (158.33/95.33mm)
1787603596.516  event6   TOUCH_FRAME                  +13.984s	
1787603596.525  event6   TOUCH_MOTION              2  +13.993s	0 (0) 56.74/45.14 (181.67/81.33mm)
1787603596.525  event6   TOUCH_MOTION              3  +13.993s	1 (1) 64.29/56.06 (205.83/101.00mm)
1787603596.525  event6   TOUCH_MOTION              4  +13.993s	2 (2) 49.45/51.53 (158.33/92.83mm)
1787603596.525  event6   TOUCH_FRAME                  +13.993s	
1787603596.534  event6   TOUCH_MOTION              2  +14.002s	0 (0) 56.79/43.48 (181.83/78.33mm)
1787603596.534  event6   TOUCH_MOTION              3  +14.002s	1 (1) 64.34/54.67 (206.00/98.50mm)
1787603596.534  event6   TOUCH_MOTION              4  +14.002s	2 (2) 49.45/50.05 (158.33/90.17mm)
1787603596.534  event6   TOUCH_FRAME                  +14.002s	
1787603596.543  event6   TOUCH_MOTION              2  +14.011s	0 (0) 56.85/41.91 (182.00/75.50mm)
1787603596.543  event6   TOUCH_MOTION              3  +14.011s	1 (1) 64.39/53.28 (206.17/96.00mm)
1787603596.543  event6   TOUCH_MOTION              4  +14.011s	2 (2) 49.45/48.57 (158.33/87.50mm)
1787603596.543  event6   TOUCH_FRAME                  +14.011s	
1787603596.552  event6   TOUCH_MOTION              2  +14.020s	0 (0) 56.85/40.15 (182.00/72.33mm)
1787603596.552  event6   TOUCH_MOTION              3  +14.020s	1 (1) 64.45/51.80 (206.33/93.33mm)
1787603596.552  event6   TOUCH_MOTION              4  +14.020s	2 (2) 49.45/47.09 (158.33/84.83mm)
1787603596.552  event6   TOUCH_FRAME                  +14.020s	
1787603596.561  event6   TOUCH_MOTION              2  +14.029s	0 (0) 56.90/38.58 (182.17/69.50mm)
1787603596.561  event6   TOUCH_MOTION              3  +14.029s	1 (1) 64.45/50.42 (206.33/90.83mm)
1787603596.561  event6   TOUCH_MOTION              4  +14.029s	2 (2) 49.45/45.61 (158.33/82.17mm)
1787603596.561  event6   TOUCH_FRAME                  +14.029s	
1787603596.570  event6   TOUCH_MOTION              2  +14.039s	0 (0) 56.95/36.91 (182.33/66.50mm)
1787603596.570  event6   TOUCH_MOTION              3  +14.039s	1 (1) 64.50/49.12 (206.50/88.50mm)
1787603596.570  event6   TOUCH_MOTION              4  +14.039s	2 (2) 49.51/44.13 (158.50/79.50mm)
1787603596.570  event6   TOUCH_FRAME                  +14.039s	
1787603596.579  event6   TOUCH_MOTION              2  +14.048s	0 (0) 57.00/35.34 (182.50/63.67mm)
1787603596.580  event6   TOUCH_MOTION              3  +14.048s	1 (1) 64.55/47.73 (206.67/86.00mm)
1787603596.580  event6   TOUCH_MOTION              4  +14.048s	2 (2) 49.51/42.65 (158.50/76.83mm)
1787603596.580  event6   TOUCH_FRAME                  +14.048s	
1787603596.588  event6   TOUCH_MOTION              2  +14.057s	0 (0) 57.05/33.86 (182.67/61.00mm)
1787603596.589  event6   TOUCH_MOTION              3  +14.057s	1 (1) 64.60/46.53 (206.83/83.83mm)
1787603596.589  event6   TOUCH_MOTION              4  +14.057s	2 (2) 49.61/41.17 (158.83/74.17mm)
1787603596.589  event6   TOUCH_FRAME                  +14.057s	
1787603596.598  event6   TOUCH_MOTION              2  +14.066s	0 (0) 57.11/32.47 (182.83/58.50mm)
1787603596.598  event6   TOUCH_MOTION              3  +14.066s	1 (1) 64.65/45.33 (207.00/81.67mm)
1787603596.598  event6   TOUCH_MOTION              4  +14.066s	2 (2) 49.71/39.69 (159.17/71.50mm)
1787603596.598  event6   TOUCH_FRAME                  +14.066s	
1787603596.607  event6   TOUCH_MOTION              2  +14.075s	0 (0) 57.11/31.08 (182.83/56.00mm)
1787603596.607  event6   TOUCH_MOTION              3  +14.075s	1 (1) 64.65/44.03 (207.00/79.33mm)
1787603596.607  event6   TOUCH_FRAME                  +14.075s	
1787603596.643  event6   TOUCH_UP                     +14.111s	2 (2)
1787603596.643  event6   TOUCH_FRAME                  +14.111s	
1787603596.662  event6   TOUCH_UP                     +14.130s	0 (0)
1787603596.662  event6   TOUCH_UP                     +14.130s	1 (1)
1787603596.662  event6   TOUCH_FRAME                  +14.130s	
1787603597.797  event6   TOUCH_DOWN                   +15.265s	0 (0) 35.14/45.42 (112.50/81.83mm)
1787603597.797  event6   TOUCH_DOWN                   +15.265s	1 (1) 42.84/49.86 (137.17/89.83mm)
1787603597.797  event6   TOUCH_DOWN                   +15.265s	2 (2) 30.04/55.78 (96.17/100.50mm)
1787603597.797  event6   TOUCH_FRAME                  +15.265s	
1787603597.870  event6   TOUCH_MOTION                 +15.338s	0 (0) 35.50/45.24 (113.67/81.50mm)
1787603597.870  event6   TOUCH_FRAME                  +15.338s	
1787603597.879  event6   TOUCH_MOTION              2  +15.347s	0 (0) 35.66/45.14 (114.17/81.33mm)
1787603597.879  event6   TOUCH_FRAME                  +15.347s	
1787603597.888  event6   TOUCH_MOTION              2  +15.356s	0 (0) 35.92/45.05 (115.00/81.17mm)
1787603597.888  event6   TOUCH_MOTION              3  +15.356s	1 (1) 43.31/49.86 (138.67/89.83mm)
1787603597.888  event6   TOUCH_FRAME                  +15.356s	
1787603597.897  event6   TOUCH_MOTION              2  +15.365s	0 (0) 36.13/44.96 (115.67/81.00mm)
1787603597.897  event6   TOUCH_MOTION              3  +15.365s	1 (1) 43.52/49.86 (139.33/89.83mm)
1787603597.897  event6   TOUCH_FRAME                  +15.365s	
1787603597.907  event6   TOUCH_MOTION              2  +15.375s	0 (0) 36.44/44.96 (116.67/81.00mm)
1787603597.907  event6   TOUCH_MOTION              3  +15.375s	1 (1) 43.78/49.86 (140.17/89.83mm)
1787603597.907  event6   TOUCH_MOTION              4  +15.375s	2 (2) 30.61/55.78 (98.00/100.50mm)
1787603597.907  event6   TOUCH_FRAME                  +15.375s	
1787603597.916  event6   TOUCH_MOTION              2  +15.384s	0 (0) 36.80/44.96 (117.83/81.00mm)
1787603597.916  event6   TOUCH_MOTION              3  +15.384s	1 (1) 44.14/49.86 (141.33/89.83mm)
1787603597.916  event6   TOUCH_MOTION              4  +15.384s	2 (2) 30.87/55.78 (98.83/100.50mm)
1787603597.916  event6   TOUCH_FRAME                  +15.384s	
1787603597.925  event6   TOUCH_MOTION              2  +15.393s	0 (0) 37.22/44.96 (119.17/81.00mm)
1787603597.925  event6   TOUCH_MOTION              3  +15.393s	1 (1) 44.56/49.86 (142.67/89.83mm)
1787603597.925  event6   TOUCH_MOTION              4  +15.393s	2 (2) 31.18/55.78 (99.83/100.50mm)
1787603597.925  event6   TOUCH_FRAME                  +15.393s	
1787603597.934  event6   TOUCH_MOTION              2  +15.402s	0 (0) 37.69/44.96 (120.67/81.00mm)
1787603597.934  event6   TOUCH_MOTION              3  +15.402s	1 (1) 45.03/49.86 (144.17/89.83mm)
1787603597.934  event6   TOUCH_MOTION              4  +15.402s	2 (2) 31.49/55.78 (100.83/100.50mm)
1787603597.934  event6   TOUCH_FRAME                  +15.402s	
1787603597.943  event6   TOUCH_MOTION              2  +15.411s	0 (0) 38.26/44.87 (122.50/80.83mm)
1787603597.943  event6   TOUCH_MOTION              3  +15.411s	1 (1) 45.50/49.86 (145.67/89.83mm)
1787603597.943  event6   TOUCH_MOTION              4  +15.411s	2 (2) 31.86/55.78 (102.00/100.50mm)
1787603597.943  event6   TOUCH_FRAME                  +15.411s	
1787603597.952  event6   TOUCH_MOTION              2  +15.420s	0 (0) 38.83/44.77 (124.33/80.67mm)
1787603597.952  event6   TOUCH_MOTION              3  +15.420s	1 (1) 46.07/49.86 (147.50/89.83mm)
1787603597.952  event6   TOUCH_MOTION              4  +15.420s	2 (2) 32.33/55.69 (103.50/100.33mm)
1787603597.952  event6   TOUCH_FRAME                  +15.420s	
1787603597.961  event6   TOUCH_MOTION              2  +15.429s	0 (0) 39.46/44.68 (126.33/80.50mm)
1787603597.961  event6   TOUCH_MOTION              3  +15.429s	1 (1) 46.69/49.86 (149.50/89.83mm)
1787603597.961  event6   TOUCH_MOTION              4  +15.429s	2 (2) 32.85/55.60 (105.17/100.17mm)
1787603597.961  event6   TOUCH_FRAME                  +15.429s	
1787603597.970  event6   TOUCH_MOTION              2  +15.438s	0 (0) 40.14/44.59 (128.50/80.33mm)
1787603597.970  event6   TOUCH_MOTION              3  +15.438s	1 (1) 47.32/49.86 (151.50/89.83mm)
1787603597.970  event6   TOUCH_MOTION              4  +15.438s	2 (2) 33.42/55.60 (107.00/100.17mm)
1787603597.970  event6   TOUCH_FRAME                  +15.438s	
1787603597.980  event6   TOUCH_MOTION              2  +15.448s	0 (0) 40.86/44.59 (130.83/80.33mm)
1787603597.980  event6   TOUCH_MOTION              3  +15.448s	1 (1) 48.00/49.86 (153.67/89.83mm)
1787603597.980  event6   TOUCH_MOTION              4  +15.448s	2 (2) 33.94/55.41 (108.67/99.83mm)
1787603597.980  event6   TOUCH_FRAME                  +15.448s	
1787603597.989  event6   TOUCH_MOTION              2  +15.457s	0 (0) 41.59/44.50 (133.17/80.17mm)
1787603597.989  event6   TOUCH_MOTION              3  +15.457s	1 (1) 48.67/49.86 (155.83/89.83mm)
1787603597.989  event6   TOUCH_MOTION              4  +15.457s	2 (2) 34.57/55.32 (110.67/99.67mm)
1787603597.989  event6   TOUCH_FRAME                  +15.457s	
1787603597.998  event6   TOUCH_MOTION              2  +15.466s	0 (0) 42.32/44.40 (135.50/80.00mm)
1787603597.998  event6   TOUCH_MOTION              3  +15.466s	1 (1) 49.35/49.86 (158.00/89.83mm)
1787603597.998  event6   TOUCH_MOTION              4  +15.466s	2 (2) 35.14/55.23 (112.50/99.50mm)
1787603597.998  event6   TOUCH_FRAME                  +15.466s	
1787603598.007  event6   TOUCH_MOTION              2  +15.475s	0 (0) 43.05/44.31 (137.83/79.83mm)
1787603598.007  event6   TOUCH_MOTION              3  +15.475s	1 (1) 50.03/49.86 (160.17/89.83mm)
1787603598.007  event6   TOUCH_MOTION              4  +15.475s	2 (2) 35.76/55.04 (114.50/99.17mm)
1787603598.007  event6   TOUCH_FRAME                  +15.475s	
1787603598.016  event6   TOUCH_MOTION              2  +15.484s	0 (0) 43.78/44.22 (140.17/79.67mm)
1787603598.016  event6   TOUCH_MOTION              3  +15.484s	1 (1) 50.70/49.86 (162.33/89.83mm)
1787603598.016  event6   TOUCH_MOTION              4  +15.484s	2 (2) 36.39/54.86 (116.50/98.83mm)
1787603598.016  event6   TOUCH_FRAME                  +15.484s	
1787603598.025  event6   TOUCH_MOTION              2  +15.493s	0 (0) 44.56/44.22 (142.67/79.67mm)
1787603598.025  event6   TOUCH_MOTION              3  +15.493s	1 (1) 51.38/49.86 (164.50/89.83mm)
1787603598.025  event6   TOUCH_MOTION              4  +15.493s	2 (2) 37.01/54.76 (118.50/98.67mm)
1787603598.025  event6   TOUCH_FRAME                  +15.493s	
1787603598.034  event6   TOUCH_MOTION              2  +15.502s	0 (0) 45.29/44.13 (145.00/79.50mm)
1787603598.034  event6   TOUCH_MOTION              3  +15.502s	1 (1) 52.11/49.86 (166.83/89.83mm)
1787603598.034  event6   TOUCH_MOTION              4  +15.502s	2 (2) 37.69/54.58 (120.67/98.33mm)
1787603598.034  event6   TOUCH_FRAME                  +15.502s	
1787603598.043  event6   TOUCH_MOTION              2  +15.511s	0 (0) 46.02/44.03 (147.33/79.33mm)
1787603598.043  event6   TOUCH_MOTION              3  +15.511s	1 (1) 52.84/49.86 (169.17/89.83mm)
1787603598.043  event6   TOUCH_MOTION              4  +15.511s	2 (2) 38.37/54.49 (122.83/98.17mm)
1787603598.043  event6   TOUCH_FRAME                  +15.511s	
1787603598.053  event6   TOUCH_MOTION              2  +15.521s	0 (0) 46.80/43.85 (149.83/79.00mm)
1787603598.053  event6   TOUCH_MOTION              3  +15.521s	1 (1) 53.51/49.86 (171.33/89.83mm)
1787603598.053  event6   TOUCH_MOTION              4  +15.521s	2 (2) 39.04/54.30 (125.00/97.83mm)
1787603598.053  event6   TOUCH_FRAME                  +15.521s	
1787603598.062  event6   TOUCH_MOTION              2  +15.530s	0 (0) 47.53/43.66 (152.17/78.67mm)
1787603598.062  event6   TOUCH_MOTION              3  +15.530s	1 (1) 54.29/49.86 (173.83/89.83mm)
1787603598.062  event6   TOUCH_MOTION              4  +15.530s	2 (2) 39.72/54.12 (127.17/97.50mm)
1787603598.062  event6   TOUCH_FRAME                  +15.530s	
1787603598.071  event6   TOUCH_MOTION              2  +15.539s	0 (0) 48.36/43.48 (154.83/78.33mm)
1787603598.071  event6   TOUCH_MOTION              3  +15.539s	1 (1) 55.08/49.86 (176.33/89.83mm)
1787603598.071  event6   TOUCH_MOTION              4  +15.539s	2 (2) 40.50/54.02 (129.67/97.33mm)
1787603598.071  event6   TOUCH_FRAME                  +15.539s	
1787603598.080  event6   TOUCH_MOTION              2  +15.548s	0 (0) 49.14/43.48 (157.33/78.33mm)
1787603598.080  event6   TOUCH_MOTION              3  +15.548s	1 (1) 55.86/49.86 (178.83/89.83mm)
1787603598.080  event6   TOUCH_MOTION              4  +15.548s	2 (2) 41.23/53.84 (132.00/97.00mm)
1787603598.080  event6   TOUCH_FRAME                  +15.548s	
1787603598.089  event6   TOUCH_MOTION              2  +15.557s	0 (0) 49.97/43.39 (160.00/78.17mm)
1787603598.089  event6   TOUCH_MOTION              3  +15.557s	1 (1) 56.64/49.86 (181.33/89.83mm)
1787603598.089  event6   TOUCH_MOTION              4  +15.557s	2 (2) 42.01/53.65 (134.50/96.67mm)
1787603598.089  event6   TOUCH_FRAME                  +15.557s	
1787603598.098  event6   TOUCH_MOTION              2  +15.566s	0 (0) 50.86/43.29 (162.83/78.00mm)
1787603598.098  event6   TOUCH_MOTION              3  +15.566s	1 (1) 57.52/49.86 (184.17/89.83mm)
1787603598.098  event6   TOUCH_MOTION              4  +15.566s	2 (2) 42.79/53.56 (137.00/96.50mm)
1787603598.098  event6   TOUCH_FRAME                  +15.566s	
1787603598.107  event6   TOUCH_MOTION              2  +15.575s	0 (0) 51.69/43.20 (165.50/77.83mm)
1787603598.107  event6   TOUCH_MOTION              3  +15.575s	1 (1) 58.36/49.86 (186.83/89.83mm)
1787603598.107  event6   TOUCH_MOTION              4  +15.575s	2 (2) 43.62/53.38 (139.67/96.17mm)
1787603598.107  event6   TOUCH_FRAME                  +15.575s	
1787603598.116  event6   TOUCH_MOTION              2  +15.584s	0 (0) 52.52/43.11 (168.17/77.67mm)
1787603598.116  event6   TOUCH_MOTION              3  +15.584s	1 (1) 59.19/49.95 (189.50/90.00mm)
1787603598.116  event6   TOUCH_MOTION              4  +15.584s	2 (2) 44.40/53.28 (142.17/96.00mm)
1787603598.116  event6   TOUCH_FRAME                  +15.584s	
1787603598.126  event6   TOUCH_MOTION              2  +15.594s	0 (0) 53.36/43.11 (170.83/77.67mm)
1787603598.126  event6   TOUCH_MOTION              3  +15.594s	1 (1) 60.02/49.95 (192.17/90.00mm)
1787603598.126  event6   TOUCH_MOTION              4  +15.594s	2 (2) 45.24/53.10 (144.83/95.67mm)
1787603598.126  event6   TOUCH_FRAME                  +15.594s	
1787603598.135  event6   TOUCH_MOTION              2  +15.603s	0 (0) 54.19/43.02 (173.50/77.50mm)
1787603598.135  event6   TOUCH_MOTION              3  +15.603s	1 (1) 60.91/50.05 (195.00/90.17mm)
1787603598.135  event6   TOUCH_MOTION              4  +15.603s	2 (2) 46.02/52.91 (147.33/95.33mm)
1787603598.135  event6   TOUCH_FRAME                  +15.603s	
1787603598.144  event6   TOUCH_MOTION              2  +15.612s	0 (0) 55.08/42.92 (176.33/77.33mm)
1787603598.144  event6   TOUCH_MOTION              3  +15.612s	1 (1) 61.74/50.14 (197.67/90.33mm)
1787603598.144  event6   TOUCH_MOTION              4  +15.612s	2 (2) 46.85/52.82 (150.00/95.17mm)
1787603598.144  event6   TOUCH_FRAME                  +15.612s	
1787603598.153  event6   TOUCH_MOTION              2  +15.621s	0 (0) 55.91/42.83 (179.00/77.17mm)
1787603598.153  event6   TOUCH_MOTION              3  +15.621s	1 (1) 62.52/50.23 (200.17/90.50mm)
1787603598.153  event6   TOUCH_MOTION              4  +15.621s	2 (2) 47.63/52.64 (152.50/94.83mm)
1787603598.153  event6   TOUCH_FRAME                  +15.621s	
1787603598.162  event6   TOUCH_MOTION              2  +15.630s	0 (0) 56.74/42.74 (181.67/77.00mm)
1787603598.162  event6   TOUCH_MOTION              3  +15.630s	1 (1) 63.35/50.32 (202.83/90.67mm)
1787603598.162  event6   TOUCH_MOTION              4  +15.630s	2 (2) 48.41/52.54 (155.00/94.67mm)
1787603598.162  event6   TOUCH_FRAME                  +15.630s	
1787603598.171  event6   TOUCH_MOTION              2  +15.639s	0 (0) 57.57/42.74 (184.33/77.00mm)
1787603598.171  event6   TOUCH_MOTION              3  +15.639s	1 (1) 64.13/50.32 (205.33/90.67mm)
1787603598.171  event6   TOUCH_MOTION              4  +15.639s	2 (2) 49.19/52.36 (157.50/94.33mm)
1787603598.171  event6   TOUCH_FRAME                  +15.639s	
1787603598.180  event6   TOUCH_MOTION              2  +15.648s	0 (0) 58.41/42.65 (187.00/76.83mm)
1787603598.180  event6   TOUCH_MOTION              3  +15.648s	1 (1) 64.91/50.42 (207.83/90.83mm)
1787603598.180  event6   TOUCH_MOTION              4  +15.648s	2 (2) 49.97/52.17 (160.00/94.00mm)
1787603598.180  event6   TOUCH_FRAME                  +15.648s	
1787603598.189  event6   TOUCH_MOTION              2  +15.657s	0 (0) 59.19/42.65 (189.50/76.83mm)
1787603598.189  event6   TOUCH_MOTION              3  +15.657s	1 (1) 65.69/50.51 (210.33/91.00mm)
1787603598.189  event6   TOUCH_MOTION              4  +15.657s	2 (2) 50.70/51.90 (162.33/93.50mm)
1787603598.189  event6   TOUCH_FRAME                  +15.657s	
1787603598.198  event6   TOUCH_MOTION              2  +15.666s	0 (0) 59.97/42.55 (192.00/76.67mm)
1787603598.198  event6   TOUCH_MOTION              3  +15.666s	1 (1) 66.48/50.60 (212.83/91.17mm)
1787603598.198  event6   TOUCH_MOTION              4  +15.666s	2 (2) 51.48/51.80 (164.83/93.33mm)
1787603598.198  event6   TOUCH_FRAME                  +15.666s	
1787603598.208  event6   TOUCH_MOTION              2  +15.676s	0 (0) 60.80/42.55 (194.67/76.67mm)
1787603598.208  event6   TOUCH_MOTION              3  +15.676s	1 (1) 67.26/50.69 (215.33/91.33mm)
1787603598.208  event6   TOUCH_MOTION              4  +15.676s	2 (2) 52.21/51.53 (167.17/92.83mm)
1787603598.208  event6   TOUCH_FRAME                  +15.676s	
1787603598.217  event6   TOUCH_MOTION              2  +15.685s	0 (0) 61.58/42.46 (197.17/76.50mm)
1787603598.217  event6   TOUCH_MOTION              3  +15.685s	1 (1) 68.04/50.69 (217.83/91.33mm)
1787603598.217  event6   TOUCH_MOTION              4  +15.685s	2 (2) 52.99/51.34 (169.67/92.50mm)
1787603598.217  event6   TOUCH_FRAME                  +15.685s	
1787603598.226  event6   TOUCH_MOTION              2  +15.694s	0 (0) 62.42/42.46 (199.83/76.50mm)
1787603598.226  event6   TOUCH_MOTION              3  +15.694s	1 (1) 68.77/50.79 (220.17/91.50mm)
1787603598.226  event6   TOUCH_MOTION              4  +15.694s	2 (2) 53.72/51.06 (172.00/92.00mm)
1787603598.226  event6   TOUCH_FRAME                  +15.694s	
1787603598.235  event6   TOUCH_MOTION              2  +15.703s	0 (0) 63.20/42.46 (202.33/76.50mm)
1787603598.235  event6   TOUCH_MOTION              3  +15.703s	1 (1) 69.55/50.88 (222.67/91.67mm)
1787603598.235  event6   TOUCH_MOTION              4  +15.703s	2 (2) 54.50/50.88 (174.50/91.67mm)
1787603598.235  event6   TOUCH_FRAME                  +15.703s	
1787603598.244  event6   TOUCH_MOTION              2  +15.712s	0 (0) 63.98/42.46 (204.83/76.50mm)
1787603598.244  event6   TOUCH_MOTION              3  +15.712s	1 (1) 70.28/50.97 (225.00/91.83mm)
1787603598.244  event6   TOUCH_MOTION              4  +15.712s	2 (2) 55.28/50.69 (177.00/91.33mm)
1787603598.244  event6   TOUCH_FRAME                  +15.712s	
1787603598.253  event6   TOUCH_MOTION              2  +15.721s	0 (0) 64.76/42.46 (207.33/76.50mm)
1787603598.253  event6   TOUCH_MOTION              3  +15.721s	1 (1) 71.06/51.06 (227.50/92.00mm)
1787603598.253  event6   TOUCH_MOTION              4  +15.721s	2 (2) 55.96/50.51 (179.17/91.00mm)
1787603598.253  event6   TOUCH_FRAME                  +15.721s	
1787603598.262  event6   TOUCH_MOTION              2  +15.730s	0 (0) 65.54/42.46 (209.83/76.50mm)
1787603598.262  event6   TOUCH_MOTION              3  +15.730s	1 (1) 71.84/51.06 (230.00/92.00mm)
1787603598.262  event6   TOUCH_MOTION              4  +15.730s	2 (2) 56.69/50.32 (181.50/90.67mm)
1787603598.262  event6   TOUCH_FRAME                  +15.730s	
1787603598.271  event6   TOUCH_MOTION              2  +15.739s	0 (0) 66.27/42.46 (212.17/76.50mm)
1787603598.271  event6   TOUCH_MOTION              3  +15.739s	1 (1) 72.57/51.16 (232.33/92.17mm)
1787603598.271  event6   TOUCH_MOTION              4  +15.739s	2 (2) 57.42/50.14 (183.83/90.33mm)
1787603598.271  event6   TOUCH_FRAME                  +15.739s	
1787603598.281  event6   TOUCH_MOTION              2  +15.749s	0 (0) 67.05/42.46 (214.67/76.50mm)
1787603598.281  event6   TOUCH_MOTION              3  +15.749s	1 (1) 73.30/51.34 (234.67/92.50mm)
1787603598.281  event6   TOUCH_MOTION              4  +15.749s	2 (2) 58.15/49.95 (186.17/90.00mm)
1787603598.281  event6   TOUCH_FRAME                  +15.749s	
1787603598.290  event6   TOUCH_MOTION              2  +15.758s	0 (0) 67.78/42.46 (217.00/76.50mm)
1787603598.290  event6   TOUCH_MOTION              3  +15.758s	1 (1) 74.02/51.43 (237.00/92.67mm)
1787603598.290  event6   TOUCH_MOTION              4  +15.758s	2 (2) 58.88/49.86 (188.50/89.83mm)
1787603598.290  event6   TOUCH_FRAME                  +15.758s	
1787603598.299  event6   TOUCH_MOTION              2  +15.767s	0 (0) 68.51/42.46 (219.33/76.50mm)
1787603598.299  event6   TOUCH_MOTION              3  +15.767s	1 (1) 74.65/51.43 (239.00/92.67mm)
1787603598.299  event6   TOUCH_MOTION              4  +15.767s	2 (2) 59.55/49.68 (190.67/89.50mm)
1787603598.299  event6   TOUCH_FRAME                  +15.767s	
1787603598.308  event6   TOUCH_MOTION              2  +15.776s	0 (0) 69.23/42.46 (221.67/76.50mm)
1787603598.308  event6   TOUCH_MOTION              3  +15.776s	1 (1) 75.33/51.62 (241.17/93.00mm)
1787603598.308  event6   TOUCH_MOTION              4  +15.776s	2 (2) 60.23/49.49 (192.83/89.17mm)
1787603598.308  event6   TOUCH_FRAME                  +15.776s	
1787603598.317  event6   TOUCH_MOTION              2  +15.785s	0 (0) 69.91/42.46 (223.83/76.50mm)
1787603598.317  event6   TOUCH_MOTION              3  +15.785s	1 (1) 75.95/51.80 (243.17/93.33mm)
1787603598.317  event6   TOUCH_MOTION              4  +15.785s	2 (2) 60.91/49.40 (195.00/89.00mm)
1787603598.317  event6   TOUCH_FRAME                  +15.785s	
1787603598.326  event6   TOUCH_MOTION              2  +15.794s	0 (0) 70.54/42.46 (225.83/76.50mm)
1787603598.326  event6   TOUCH_MOTION              3  +15.794s	1 (1) 76.57/51.90 (245.17/93.50mm)
1787603598.326  event6   TOUCH_MOTION              4  +15.794s	2 (2) 61.53/49.31 (197.00/88.83mm)
1787603598.326  event6   TOUCH_FRAME                  +15.794s	
1787603598.335  event6   TOUCH_MOTION              2  +15.803s	0 (0) 71.21/42.46 (228.00/76.50mm)
1787603598.335  event6   TOUCH_MOTION              3  +15.803s	1 (1) 77.20/52.08 (247.17/93.83mm)
1787603598.335  event6   TOUCH_MOTION              4  +15.803s	2 (2) 62.16/49.21 (199.00/88.67mm)
1787603598.335  event6   TOUCH_FRAME                  +15.803s	
1787603598.344  event6   TOUCH_MOTION              2  +15.812s	0 (0) 71.84/42.46 (230.00/76.50mm)
1787603598.344  event6   TOUCH_MOTION              3  +15.812s	1 (1) 77.82/52.17 (249.17/94.00mm)
1787603598.344  event6   TOUCH_MOTION              4  +15.812s	2 (2) 62.73/49.12 (200.83/88.50mm)
1787603598.344  event6   TOUCH_FRAME                  +15.812s	
1787603598.354  event6   TOUCH_MOTION              2  +15.822s	0 (0) 72.46/42.46 (232.00/76.50mm)
1787603598.354  event6   TOUCH_MOTION              3  +15.822s	1 (1) 78.40/52.36 (251.00/94.33mm)
1787603598.354  event6   TOUCH_MOTION              4  +15.822s	2 (2) 63.30/49.12 (202.67/88.50mm)
1787603598.354  event6   TOUCH_FRAME                  +15.822s	
1787603598.363  event6   TOUCH_MOTION              2  +15.831s	0 (0) 72.98/42.55 (233.67/76.67mm)
1787603598.363  event6   TOUCH_MOTION              3  +15.831s	1 (1) 78.92/52.54 (252.67/94.67mm)
1787603598.363  event6   TOUCH_MOTION              4  +15.831s	2 (2) 63.77/49.03 (204.17/88.33mm)
1787603598.363  event6   TOUCH_FRAME                  +15.831s	
1787603598.372  event6   TOUCH_MOTION              2  +15.840s	0 (0) 73.50/42.65 (235.33/76.83mm)
1787603598.372  event6   TOUCH_MOTION              3  +15.840s	1 (1) 79.39/52.64 (254.17/94.83mm)
1787603598.372  event6   TOUCH_MOTION              4  +15.840s	2 (2) 64.24/48.94 (205.67/88.17mm)
1787603598.372  event6   TOUCH_FRAME                  +15.840s	
1787603598.381  event6   TOUCH_MOTION              2  +15.849s	0 (0) 73.92/42.65 (236.67/76.83mm)
1787603598.381  event6   TOUCH_MOTION              3  +15.849s	1 (1) 79.80/52.82 (255.50/95.17mm)
1787603598.381  event6   TOUCH_MOTION              4  +15.849s	2 (2) 64.65/48.84 (207.00/88.00mm)
1787603598.381  event6   TOUCH_FRAME                  +15.849s	
1787603598.390  event6   TOUCH_MOTION              2  +15.858s	0 (0) 74.28/42.74 (237.83/77.00mm)
1787603598.390  event6   TOUCH_MOTION              3  +15.858s	1 (1) 80.17/52.91 (256.67/95.33mm)
1787603598.390  event6   TOUCH_MOTION              4  +15.858s	2 (2) 65.07/48.75 (208.33/87.83mm)
1787603598.390  event6   TOUCH_FRAME                  +15.858s	
1787603598.399  event6   TOUCH_MOTION              2  +15.867s	0 (0) 74.65/42.74 (239.00/77.00mm)
1787603598.399  event6   TOUCH_MOTION              3  +15.867s	1 (1) 80.53/52.91 (257.83/95.33mm)
1787603598.399  event6   TOUCH_MOTION              4  +15.867s	2 (2) 65.38/48.75 (209.33/87.83mm)
1787603598.399  event6   TOUCH_FRAME                  +15.867s	
1787603598.408  event6   TOUCH_MOTION              2  +15.876s	0 (0) 74.96/42.83 (240.00/77.17mm)
1787603598.408  event6   TOUCH_MOTION              3  +15.876s	1 (1) 80.79/53.01 (258.67/95.50mm)
1787603598.408  event6   TOUCH_MOTION              4  +15.876s	2 (2) 65.69/48.75 (210.33/87.83mm)
1787603598.408  event6   TOUCH_FRAME                  +15.876s	
1787603598.417  event6   TOUCH_MOTION              2  +15.885s	0 (0) 75.17/42.92 (240.67/77.33mm)
1787603598.417  event6   TOUCH_MOTION              3  +15.885s	1 (1) 81.05/53.10 (259.50/95.67mm)
1787603598.417  event6   TOUCH_MOTION              4  +15.885s	2 (2) 65.96/48.75 (211.17/87.83mm)
1787603598.417  event6   TOUCH_FRAME                  +15.885s	
1787603598.427  event6   TOUCH_MOTION              2  +15.895s	0 (0) 75.43/43.02 (241.50/77.50mm)
1787603598.427  event6   TOUCH_MOTION              3  +15.895s	1 (1) 81.31/53.19 (260.33/95.83mm)
1787603598.427  event6   TOUCH_MOTION              4  +15.895s	2 (2) 66.16/48.75 (211.83/87.83mm)
1787603598.427  event6   TOUCH_FRAME                  +15.895s	
1787603598.436  event6   TOUCH_MOTION              2  +15.904s	0 (0) 75.64/43.02 (242.17/77.50mm)
1787603598.436  event6   TOUCH_MOTION              3  +15.904s	1 (1) 81.52/53.28 (261.00/96.00mm)
1787603598.436  event6   TOUCH_MOTION              4  +15.904s	2 (2) 66.37/48.75 (212.50/87.83mm)
1787603598.436  event6   TOUCH_FRAME                  +15.904s	
1787603598.445  event6   TOUCH_MOTION              2  +15.913s	0 (0) 75.85/43.02 (242.83/77.50mm)
1787603598.445  event6   TOUCH_MOTION              3  +15.913s	1 (1) 81.68/53.28 (261.50/96.00mm)
1787603598.445  event6   TOUCH_MOTION              4  +15.913s	2 (2) 66.53/48.75 (213.00/87.83mm)
1787603598.445  event6   TOUCH_FRAME                  +15.913s	
1787603598.454  event6   TOUCH_MOTION              2  +15.922s	0 (0) 75.95/43.11 (243.17/77.67mm)
1787603598.454  event6   TOUCH_MOTION              3  +15.922s	1 (1) 81.83/53.38 (262.00/96.17mm)
1787603598.454  event6   TOUCH_MOTION              4  +15.922s	2 (2) 66.68/48.75 (213.50/87.83mm)
1787603598.454  event6   TOUCH_FRAME                  +15.922s	
1787603598.463  event6   TOUCH_MOTION              2  +15.931s	0 (0) 76.05/43.11 (243.50/77.67mm)
1787603598.463  event6   TOUCH_MOTION              3  +15.931s	1 (1) 81.99/53.47 (262.50/96.33mm)
1787603598.463  event6   TOUCH_MOTION              4  +15.931s	2 (2) 66.79/48.75 (213.83/87.83mm)
1787603598.463  event6   TOUCH_FRAME                  +15.931s	
1787603598.472  event6   TOUCH_MOTION              2  +15.940s	0 (0) 76.16/43.11 (243.83/77.67mm)
1787603598.472  event6   TOUCH_MOTION              3  +15.940s	1 (1) 82.09/53.56 (262.83/96.50mm)
1787603598.472  event6   TOUCH_MOTION              4  +15.940s	2 (2) 66.89/48.75 (214.17/87.83mm)
1787603598.472  event6   TOUCH_FRAME                  +15.940s	
1787603598.481  event6   TOUCH_MOTION              2  +15.949s	0 (0) 76.26/43.11 (244.17/77.67mm)
1787603598.481  event6   TOUCH_MOTION              3  +15.949s	1 (1) 82.20/53.65 (263.17/96.67mm)
1787603598.481  event6   TOUCH_MOTION              4  +15.949s	2 (2) 66.94/48.75 (214.33/87.83mm)
1787603598.481  event6   TOUCH_FRAME                  +15.949s	
1787603598.490  event6   TOUCH_MOTION              2  +15.958s	0 (0) 76.31/43.11 (244.33/77.67mm)
1787603598.490  event6   TOUCH_MOTION              3  +15.958s	1 (1) 82.30/53.65 (263.50/96.67mm)
1787603598.490  event6   TOUCH_MOTION              4  +15.958s	2 (2) 67.05/48.75 (214.67/87.83mm)
1787603598.490  event6   TOUCH_FRAME                  +15.958s	
1787603598.500  event6   TOUCH_MOTION              2  +15.968s	0 (0) 76.42/43.11 (244.67/77.67mm)
1787603598.500  event6   TOUCH_MOTION              3  +15.968s	1 (1) 82.35/53.65 (263.67/96.67mm)
1787603598.500  event6   TOUCH_MOTION              4  +15.968s	2 (2) 67.15/48.75 (215.00/87.83mm)
1787603598.500  event6   TOUCH_FRAME                  +15.968s	
1787603598.509  event6   TOUCH_MOTION              2  +15.977s	0 (0) 76.47/43.11 (244.83/77.67mm)
1787603598.509  event6   TOUCH_MOTION              3  +15.977s	1 (1) 82.40/53.65 (263.83/96.67mm)
1787603598.509  event6   TOUCH_MOTION              4  +15.977s	2 (2) 67.20/48.75 (215.17/87.83mm)
1787603598.509  event6   TOUCH_FRAME                  +15.977s	
1787603598.518  event6   TOUCH_MOTION              2  +15.986s	0 (0) 76.52/43.11 (245.00/77.67mm)
1787603598.518  event6   TOUCH_MOTION              3  +15.986s	1 (1) 82.46/53.65 (264.00/96.67mm)
1787603598.518  event6   TOUCH_MOTION              4  +15.986s	2 (2) 67.26/48.75 (215.33/87.83mm)
1787603598.518  event6   TOUCH_FRAME                  +15.986s	
1787603598.527  event6   TOUCH_MOTION              2  +15.995s	1 (1) 82.51/53.65 (264.17/96.67mm)
1787603598.527  event6   TOUCH_MOTION              3  +15.995s	2 (2) 67.31/48.75 (215.50/87.83mm)
1787603598.527  event6   TOUCH_FRAME                  +15.995s	
1787603598.536  event6   TOUCH_MOTION              2  +16.004s	0 (0) 76.57/43.11 (245.17/77.67mm)
1787603598.536  event6   TOUCH_MOTION              3  +16.004s	1 (1) 82.51/53.75 (264.17/96.83mm)
1787603598.536  event6   TOUCH_MOTION              4  +16.004s	2 (2) 67.36/48.75 (215.67/87.83mm)
1787603598.536  event6   TOUCH_FRAME                  +16.004s	
1787603598.545  event6   TOUCH_MOTION              2  +16.013s	0 (0) 76.63/43.11 (245.33/77.67mm)
1787603598.545  event6   TOUCH_MOTION              3  +16.013s	1 (1) 82.56/53.75 (264.33/96.83mm)
1787603598.545  event6   TOUCH_FRAME                  +16.013s	
1787603598.554  event6   TOUCH_MOTION              2  +16.022s	0 (0) 76.68/43.11 (245.50/77.67mm)
1787603598.554  event6   TOUCH_MOTION              3  +16.022s	2 (2) 67.41/48.75 (215.83/87.83mm)
1787603598.554  event6   TOUCH_FRAME                  +16.022s	
1787603598.563  event6   TOUCH_MOTION              2  +16.031s	2 (2) 67.46/48.75 (216.00/87.83mm)
1787603598.563  event6   TOUCH_FRAME                  +16.031s	
1787603598.571  event6   TOUCH_MOTION              2  +16.040s	1 (1) 82.56/53.84 (264.33/97.00mm)
1787603598.571  event6   TOUCH_MOTION              3  +16.040s	2 (2) 67.52/48.75 (216.17/87.83mm)
1787603598.572  event6   TOUCH_FRAME                  +16.040s	
1787603598.609  event6   TOUCH_MOTION              2  +16.077s	1 (1) 82.56/53.93 (264.33/97.17mm)
1787603598.609  event6   TOUCH_FRAME                  +16.077s	
1787603598.627  event6   TOUCH_MOTION              2  +16.095s	1 (1) 82.56/54.02 (264.33/97.33mm)
1787603598.627  event6   TOUCH_FRAME                  +16.095s	
1787603598.655  event6   TOUCH_MOTION              2  +16.123s	1 (1) 82.56/54.12 (264.33/97.50mm)
1787603598.655  event6   TOUCH_FRAME                  +16.123s	
1787603598.810  event6   TOUCH_MOTION              2  +16.278s	0 (0) 76.68/43.20 (245.50/77.83mm)
1787603598.810  event6   TOUCH_FRAME                  +16.278s	
1787603599.165  event6   TOUCH_MOTION              2  +16.633s	2 (2) 67.52/48.66 (216.17/87.67mm)
1787603599.165  event6   TOUCH_FRAME                  +16.633s	
1787603599.220  event6   TOUCH_MOTION              2  +16.688s	2 (2) 67.52/48.57 (216.17/87.50mm)
1787603599.220  event6   TOUCH_FRAME                  +16.688s	
1787603599.248  event6   TOUCH_MOTION              2  +16.716s	2 (2) 67.52/48.47 (216.17/87.33mm)
1787603599.248  event6   TOUCH_FRAME                  +16.716s	
1787603599.266  event6   TOUCH_MOTION              2  +16.734s	2 (2) 67.52/48.38 (216.17/87.17mm)
1787603599.266  event6   TOUCH_FRAME                  +16.734s	
1787603599.321  event6   TOUCH_MOTION              2  +16.789s	0 (0) 76.68/43.29 (245.50/78.00mm)
1787603599.321  event6   TOUCH_FRAME                  +16.789s	
1787603599.330  event6   TOUCH_MOTION              2  +16.798s	0 (0) 76.68/43.39 (245.50/78.17mm)
1787603599.330  event6   TOUCH_FRAME                  +16.798s	
1787603599.339  event6   TOUCH_MOTION              2  +16.807s	0 (0) 76.68/43.48 (245.50/78.33mm)
1787603599.339  event6   TOUCH_FRAME                  +16.807s	
1787603599.357  event6   TOUCH_MOTION              2  +16.825s	0 (0) 76.68/43.57 (245.50/78.50mm)
1787603599.357  event6   TOUCH_FRAME                  +16.825s	
1787603599.366  event6   TOUCH_MOTION              2  +16.834s	0 (0) 76.63/43.66 (245.33/78.67mm)
1787603599.366  event6   TOUCH_MOTION              3  +16.834s	1 (1) 82.56/54.21 (264.33/97.67mm)
1787603599.366  event6   TOUCH_FRAME                  +16.834s	
1787603599.375  event6   TOUCH_MOTION              2  +16.843s	0 (0) 76.57/43.76 (245.17/78.83mm)
1787603599.375  event6   TOUCH_MOTION              3  +16.843s	2 (2) 67.46/48.38 (216.00/87.17mm)
1787603599.375  event6   TOUCH_FRAME                  +16.843s	
1787603599.384  event6   TOUCH_MOTION              2  +16.852s	0 (0) 76.52/43.85 (245.00/79.00mm)
1787603599.384  event6   TOUCH_MOTION              3  +16.852s	2 (2) 67.41/48.38 (215.83/87.17mm)
1787603599.384  event6   TOUCH_FRAME                  +16.852s	
1787603599.394  event6   TOUCH_MOTION              2  +16.862s	0 (0) 76.42/43.85 (244.67/79.00mm)
1787603599.394  event6   TOUCH_MOTION              3  +16.862s	1 (1) 82.51/54.30 (264.17/97.83mm)
1787603599.394  event6   TOUCH_MOTION              4  +16.862s	2 (2) 67.36/48.38 (215.67/87.17mm)
1787603599.394  event6   TOUCH_FRAME                  +16.862s	
1787603599.403  event6   TOUCH_MOTION              2  +16.871s	0 (0) 76.26/43.94 (244.17/79.17mm)
1787603599.403  event6   TOUCH_MOTION              3  +16.871s	1 (1) 82.51/54.49 (264.17/98.17mm)
1787603599.403  event6   TOUCH_MOTION              4  +16.871s	2 (2) 67.20/48.47 (215.17/87.33mm)
1787603599.403  event6   TOUCH_FRAME                  +16.871s	
1787603599.412  event6   TOUCH_MOTION              2  +16.880s	0 (0) 76.05/44.03 (243.50/79.33mm)
1787603599.412  event6   TOUCH_MOTION              3  +16.880s	1 (1) 82.40/54.58 (263.83/98.33mm)
1787603599.412  event6   TOUCH_MOTION              4  +16.880s	2 (2) 67.05/48.57 (214.67/87.50mm)
1787603599.412  event6   TOUCH_FRAME                  +16.880s	
1787603599.421  event6   TOUCH_MOTION              2  +16.889s	0 (0) 75.79/44.13 (242.67/79.50mm)
1787603599.421  event6   TOUCH_MOTION              3  +16.889s	1 (1) 82.25/54.76 (263.33/98.67mm)
1787603599.421  event6   TOUCH_MOTION              4  +16.889s	2 (2) 66.79/48.66 (213.83/87.67mm)
1787603599.421  event6   TOUCH_FRAME                  +16.889s	
1787603599.430  event6   TOUCH_MOTION              2  +16.898s	0 (0) 75.48/44.22 (241.67/79.67mm)
1787603599.430  event6   TOUCH_MOTION              3  +16.898s	1 (1) 82.04/54.95 (262.67/99.00mm)
1787603599.430  event6   TOUCH_MOTION              4  +16.898s	2 (2) 66.48/48.75 (212.83/87.83mm)
1787603599.430  event6   TOUCH_FRAME                  +16.898s	
1787603599.439  event6   TOUCH_MOTION              2  +16.907s	0 (0) 75.17/44.22 (240.67/79.67mm)
1787603599.439  event6   TOUCH_MOTION              3  +16.907s	1 (1) 81.83/55.23 (262.00/99.50mm)
1787603599.439  event6   TOUCH_MOTION              4  +16.907s	2 (2) 66.06/48.75 (211.50/87.83mm)
1787603599.439  event6   TOUCH_FRAME                  +16.907s	
1787603599.448  event6   TOUCH_MOTION              2  +16.916s	0 (0) 74.75/44.31 (239.33/79.83mm)
1787603599.448  event6   TOUCH_MOTION              3  +16.916s	1 (1) 81.57/55.41 (261.17/99.83mm)
1787603599.448  event6   TOUCH_MOTION              4  +16.916s	2 (2) 65.64/48.84 (210.17/88.00mm)
1787603599.448  event6   TOUCH_FRAME                  +16.916s	
1787603599.457  event6   TOUCH_MOTION              2  +16.925s	0 (0) 74.28/44.40 (237.83/80.00mm)
1787603599.457  event6   TOUCH_MOTION              3  +16.925s	1 (1) 81.26/55.60 (260.17/100.17mm)
1787603599.457  event6   TOUCH_MOTION              4  +16.925s	2 (2) 65.12/48.94 (208.50/88.17mm)
1787603599.457  event6   TOUCH_FRAME                  +16.925s	
1787603599.466  event6   TOUCH_MOTION              2  +16.934s	0 (0) 73.82/44.50 (236.33/80.17mm)
1787603599.466  event6   TOUCH_MOTION              3  +16.934s	1 (1) 80.95/55.78 (259.17/100.50mm)
1787603599.466  event6   TOUCH_MOTION              4  +16.934s	2 (2) 64.60/49.03 (206.83/88.33mm)
1787603599.466  event6   TOUCH_FRAME                  +16.934s	
1787603599.476  event6   TOUCH_MOTION              2  +16.944s	0 (0) 73.30/44.59 (234.67/80.33mm)
1787603599.476  event6   TOUCH_MOTION              3  +16.944s	1 (1) 80.58/55.97 (258.00/100.83mm)
1787603599.476  event6   TOUCH_MOTION              4  +16.944s	2 (2) 64.03/49.12 (205.00/88.50mm)
1787603599.476  event6   TOUCH_FRAME                  +16.944s	
1787603599.485  event6   TOUCH_MOTION              2  +16.953s	0 (0) 72.72/44.59 (232.83/80.33mm)
1787603599.485  event6   TOUCH_MOTION              3  +16.953s	1 (1) 80.22/56.24 (256.83/101.33mm)
1787603599.485  event6   TOUCH_MOTION              4  +16.953s	2 (2) 63.46/49.21 (203.17/88.67mm)
1787603599.485  event6   TOUCH_FRAME                  +16.953s	
1787603599.494  event6   TOUCH_MOTION              2  +16.962s	0 (0) 72.10/44.68 (230.83/80.50mm)
1787603599.494  event6   TOUCH_MOTION              3  +16.962s	1 (1) 79.80/56.43 (255.50/101.67mm)
1787603599.494  event6   TOUCH_MOTION              4  +16.962s	2 (2) 62.88/49.40 (201.33/89.00mm)
1787603599.494  event6   TOUCH_FRAME                  +16.962s	
1787603599.503  event6   TOUCH_MOTION              2  +16.971s	0 (0) 71.47/44.77 (228.83/80.67mm)
1787603599.503  event6   TOUCH_MOTION              3  +16.971s	1 (1) 79.33/56.71 (254.00/102.17mm)
1787603599.503  event6   TOUCH_MOTION              4  +16.971s	2 (2) 62.21/49.49 (199.17/89.17mm)
1787603599.503  event6   TOUCH_FRAME                  +16.971s	
1787603599.512  event6   TOUCH_MOTION              2  +16.980s	0 (0) 70.85/44.96 (226.83/81.00mm)
1787603599.512  event6   TOUCH_MOTION              3  +16.980s	1 (1) 78.87/56.80 (252.50/102.33mm)
1787603599.512  event6   TOUCH_MOTION              4  +16.980s	2 (2) 61.53/49.68 (197.00/89.50mm)
1787603599.512  event6   TOUCH_FRAME                  +16.980s	
1787603599.521  event6   TOUCH_MOTION              2  +16.989s	0 (0) 70.17/45.05 (224.67/81.17mm)
1787603599.521  event6   TOUCH_MOTION              3  +16.989s	1 (1) 78.34/57.08 (250.83/102.83mm)
1787603599.521  event6   TOUCH_MOTION              4  +16.989s	2 (2) 60.91/49.86 (195.00/89.83mm)
1787603599.521  event6   TOUCH_FRAME                  +16.989s	
1787603599.530  event6   TOUCH_MOTION              2  +16.998s	0 (0) 69.50/45.24 (222.50/81.50mm)
1787603599.530  event6   TOUCH_MOTION              3  +16.998s	1 (1) 77.82/57.26 (249.17/103.17mm)
1787603599.530  event6   TOUCH_MOTION              4  +16.998s	2 (2) 60.18/49.95 (192.67/90.00mm)
1787603599.530  event6   TOUCH_FRAME                  +16.998s	
1787603599.539  event6   TOUCH_MOTION              2  +17.007s	0 (0) 68.82/45.33 (220.33/81.67mm)
1787603599.539  event6   TOUCH_MOTION              3  +17.007s	1 (1) 77.30/57.45 (247.50/103.50mm)
1787603599.539  event6   TOUCH_MOTION              4  +17.007s	2 (2) 59.45/50.14 (190.33/90.33mm)
1787603599.539  event6   TOUCH_FRAME                  +17.007s	
1787603599.549  event6   TOUCH_MOTION              2  +17.017s	0 (0) 68.09/45.42 (218.00/81.83mm)
1787603599.549  event6   TOUCH_MOTION              3  +17.017s	1 (1) 76.73/57.63 (245.67/103.83mm)
1787603599.549  event6   TOUCH_MOTION              4  +17.017s	2 (2) 58.72/50.32 (188.00/90.67mm)
1787603599.549  event6   TOUCH_FRAME                  +17.017s	
1787603599.558  event6   TOUCH_MOTION              2  +17.026s	0 (0) 67.41/45.61 (215.83/82.17mm)
1787603599.558  event6   TOUCH_MOTION              3  +17.026s	1 (1) 76.16/57.82 (243.83/104.17mm)
1787603599.558  event6   TOUCH_MOTION              4  +17.026s	2 (2) 57.99/50.42 (185.67/90.83mm)
1787603599.558  event6   TOUCH_FRAME                  +17.026s	
1787603599.567  event6   TOUCH_MOTION              2  +17.035s	0 (0) 66.68/45.70 (213.50/82.33mm)
1787603599.567  event6   TOUCH_MOTION              3  +17.035s	1 (1) 75.59/57.91 (242.00/104.33mm)
1787603599.567  event6   TOUCH_MOTION              4  +17.035s	2 (2) 57.31/50.60 (183.50/91.17mm)
1787603599.567  event6   TOUCH_FRAME                  +17.035s	
1787603599.576  event6   TOUCH_MOTION              2  +17.044s	0 (0) 66.01/45.79 (211.33/82.50mm)
1787603599.576  event6   TOUCH_MOTION              3  +17.044s	1 (1) 74.96/58.09 (240.00/104.67mm)
1787603599.576  event6   TOUCH_MOTION              4  +17.044s	2 (2) 56.53/50.69 (181.00/91.33mm)
1787603599.576  event6   TOUCH_FRAME                  +17.044s	
1787603599.585  event6   TOUCH_MOTION              2  +17.053s	0 (0) 65.28/45.98 (209.00/82.83mm)
1787603599.585  event6   TOUCH_MOTION              3  +17.053s	1 (1) 74.28/58.28 (237.83/105.00mm)
1787603599.585  event6   TOUCH_MOTION              4  +17.053s	2 (2) 55.75/50.97 (178.50/91.83mm)
1787603599.585  event6   TOUCH_FRAME                  +17.053s	
1787603599.593  event6   TOUCH_MOTION              2  +17.062s	0 (0) 64.50/46.16 (206.50/83.17mm)
1787603599.594  event6   TOUCH_MOTION              3  +17.062s	1 (1) 73.61/58.37 (235.67/105.17mm)
1787603599.594  event6   TOUCH_MOTION              4  +17.062s	2 (2) 55.02/51.16 (176.17/92.17mm)
1787603599.594  event6   TOUCH_FRAME                  +17.062s	
1787603599.603  event6   TOUCH_MOTION              2  +17.071s	0 (0) 63.77/46.25 (204.17/83.33mm)
1787603599.603  event6   TOUCH_MOTION              3  +17.071s	1 (1) 72.93/58.56 (233.50/105.50mm)
1787603599.603  event6   TOUCH_MOTION              4  +17.071s	2 (2) 54.19/51.43 (173.50/92.67mm)
1787603599.603  event6   TOUCH_FRAME                  +17.071s	
1787603599.612  event6   TOUCH_MOTION              2  +17.080s	0 (0) 62.94/46.44 (201.50/83.67mm)
1787603599.612  event6   TOUCH_MOTION              3  +17.080s	1 (1) 72.25/58.65 (231.33/105.67mm)
1787603599.612  event6   TOUCH_MOTION              4  +17.080s	2 (2) 53.36/51.62 (170.83/93.00mm)
1787603599.612  event6   TOUCH_FRAME                  +17.080s	
1787603599.622  event6   TOUCH_MOTION              2  +17.090s	0 (0) 62.16/46.53 (199.00/83.83mm)
1787603599.622  event6   TOUCH_MOTION              3  +17.090s	1 (1) 71.47/58.83 (228.83/106.00mm)
1787603599.622  event6   TOUCH_MOTION              4  +17.090s	2 (2) 52.52/51.80 (168.17/93.33mm)
1787603599.622  event6   TOUCH_FRAME                  +17.090s	
1787603599.631  event6   TOUCH_MOTION              2  +17.099s	0 (0) 61.32/46.72 (196.33/84.17mm)
1787603599.631  event6   TOUCH_MOTION              3  +17.099s	1 (1) 70.69/59.02 (226.33/106.33mm)
1787603599.631  event6   TOUCH_MOTION              4  +17.099s	2 (2) 51.69/52.17 (165.50/94.00mm)
1787603599.631  event6   TOUCH_FRAME                  +17.099s	
1787603599.640  event6   TOUCH_MOTION              2  +17.108s	0 (0) 60.44/46.90 (193.50/84.50mm)
1787603599.640  event6   TOUCH_MOTION              3  +17.108s	1 (1) 69.96/59.11 (224.00/106.50mm)
1787603599.640  event6   TOUCH_MOTION              4  +17.108s	2 (2) 50.86/52.45 (162.83/94.50mm)
1787603599.640  event6   TOUCH_FRAME                  +17.108s	
1787603599.649  event6   TOUCH_MOTION              2  +17.117s	0 (0) 59.55/47.09 (190.67/84.83mm)
1787603599.649  event6   TOUCH_MOTION              3  +17.117s	1 (1) 69.13/59.30 (221.33/106.83mm)
1787603599.649  event6   TOUCH_MOTION              4  +17.117s	2 (2) 49.97/52.73 (160.00/95.00mm)
1787603599.649  event6   TOUCH_FRAME                  +17.117s	
1787603599.658  event6   TOUCH_MOTION              2  +17.126s	0 (0) 58.67/47.27 (187.83/85.17mm)
1787603599.658  event6   TOUCH_MOTION              3  +17.126s	1 (1) 68.35/59.39 (218.83/107.00mm)
1787603599.658  event6   TOUCH_MOTION              4  +17.126s	2 (2) 49.04/53.01 (157.00/95.50mm)
1787603599.658  event6   TOUCH_FRAME                  +17.126s	
1787603599.667  event6   TOUCH_MOTION              2  +17.135s	0 (0) 57.78/47.55 (185.00/85.67mm)
1787603599.667  event6   TOUCH_MOTION              3  +17.135s	1 (1) 67.52/59.57 (216.17/107.33mm)
1787603599.667  event6   TOUCH_MOTION              4  +17.135s	2 (2) 48.15/53.38 (154.17/96.17mm)
1787603599.667  event6   TOUCH_FRAME                  +17.135s	
1787603599.676  event6   TOUCH_MOTION              2  +17.144s	0 (0) 56.85/47.73 (182.00/86.00mm)
1787603599.676  event6   TOUCH_MOTION              3  +17.144s	1 (1) 66.63/59.76 (213.33/107.67mm)
1787603599.676  event6   TOUCH_MOTION              4  +17.144s	2 (2) 47.27/53.75 (151.33/96.83mm)
1787603599.676  event6   TOUCH_FRAME                  +17.144s	
1787603599.685  event6   TOUCH_MOTION              2  +17.153s	0 (0) 55.96/48.01 (179.17/86.50mm)
1787603599.685  event6   TOUCH_MOTION              3  +17.153s	1 (1) 65.75/59.85 (210.50/107.83mm)
1787603599.685  event6   TOUCH_MOTION              4  +17.153s	2 (2) 46.33/54.12 (148.33/97.50mm)
1787603599.685  event6   TOUCH_FRAME                  +17.153s	
1787603599.695  event6   TOUCH_MOTION              2  +17.163s	0 (0) 54.97/48.20 (176.00/86.83mm)
1787603599.695  event6   TOUCH_MOTION              3  +17.163s	1 (1) 64.86/60.13 (207.67/108.33mm)
1787603599.695  event6   TOUCH_MOTION              4  +17.163s	2 (2) 45.39/54.58 (145.33/98.33mm)
1787603599.695  event6   TOUCH_FRAME                  +17.163s	
1787603599.704  event6   TOUCH_MOTION              2  +17.172s	0 (0) 53.98/48.47 (172.83/87.33mm)
1787603599.704  event6   TOUCH_MOTION              3  +17.172s	1 (1) 63.98/60.31 (204.83/108.67mm)
1787603599.704  event6   TOUCH_MOTION              4  +17.172s	2 (2) 44.40/55.13 (142.17/99.33mm)
1787603599.704  event6   TOUCH_FRAME                  +17.172s	
1787603599.713  event6   TOUCH_MOTION              2  +17.181s	0 (0) 53.05/48.75 (169.83/87.83mm)
1787603599.713  event6   TOUCH_MOTION              3  +17.181s	1 (1) 63.04/60.50 (201.83/109.00mm)
1787603599.713  event6   TOUCH_MOTION              4  +17.181s	2 (2) 43.47/55.60 (139.17/100.17mm)
1787603599.713  event6   TOUCH_FRAME                  +17.181s	
1787603599.722  event6   TOUCH_MOTION              2  +17.190s	0 (0) 52.06/49.12 (166.67/88.50mm)
1787603599.722  event6   TOUCH_MOTION              3  +17.190s	1 (1) 62.10/60.78 (198.83/109.50mm)
1787603599.722  event6   TOUCH_MOTION              4  +17.190s	2 (2) 42.53/56.15 (136.17/101.17mm)
1787603599.722  event6   TOUCH_FRAME                  +17.190s	
1787603599.731  event6   TOUCH_MOTION              2  +17.199s	0 (0) 51.07/49.49 (163.50/89.17mm)
1787603599.731  event6   TOUCH_MOTION              3  +17.199s	1 (1) 61.17/60.96 (195.83/109.83mm)
1787603599.731  event6   TOUCH_MOTION              4  +17.199s	2 (2) 41.54/56.71 (133.00/102.17mm)
1787603599.731  event6   TOUCH_FRAME                  +17.199s	
1787603599.740  event6   TOUCH_MOTION              2  +17.208s	0 (0) 50.03/49.95 (160.17/90.00mm)
1787603599.740  event6   TOUCH_MOTION              3  +17.208s	1 (1) 60.23/61.24 (192.83/110.33mm)
1787603599.740  event6   TOUCH_MOTION              4  +17.208s	2 (2) 40.55/57.17 (129.83/103.00mm)
1787603599.740  event6   TOUCH_FRAME                  +17.208s	
1787603599.749  event6   TOUCH_MOTION              2  +17.217s	0 (0) 49.04/50.32 (157.00/90.67mm)
1787603599.749  event6   TOUCH_MOTION              3  +17.217s	1 (1) 59.34/61.42 (190.00/110.67mm)
1787603599.749  event6   TOUCH_MOTION              4  +17.217s	2 (2) 39.51/57.72 (126.50/104.00mm)
1787603599.749  event6   TOUCH_FRAME                  +17.217s	
1787603599.758  event6   TOUCH_MOTION              2  +17.226s	0 (0) 48.00/50.69 (153.67/91.33mm)
1787603599.758  event6   TOUCH_MOTION              3  +17.226s	1 (1) 58.41/61.70 (187.00/111.17mm)
1787603599.758  event6   TOUCH_MOTION              4  +17.226s	2 (2) 38.47/58.28 (123.17/105.00mm)
1787603599.758  event6   TOUCH_FRAME                  +17.226s	
1787603599.768  event6   TOUCH_MOTION              2  +17.236s	0 (0) 47.01/51.06 (150.50/92.00mm)
1787603599.768  event6   TOUCH_MOTION              3  +17.236s	1 (1) 57.42/61.98 (183.83/111.67mm)
1787603599.768  event6   TOUCH_MOTION              4  +17.236s	2 (2) 37.38/59.02 (119.67/106.33mm)
1787603599.768  event6   TOUCH_FRAME                  +17.236s	
1787603599.777  event6   TOUCH_MOTION              2  +17.245s	0 (0) 45.91/51.43 (147.00/92.67mm)
1787603599.777  event6   TOUCH_MOTION              3  +17.245s	1 (1) 56.43/62.26 (180.67/112.17mm)
1787603599.777  event6   TOUCH_MOTION              4  +17.245s	2 (2) 36.13/59.76 (115.67/107.67mm)
1787603599.777  event6   TOUCH_FRAME                  +17.245s	
1787603599.786  event6   TOUCH_MOTION              2  +17.254s	0 (0) 44.87/51.90 (143.67/93.50mm)
1787603599.786  event6   TOUCH_MOTION              3  +17.254s	1 (1) 55.49/62.44 (177.67/112.50mm)
1787603599.786  event6   TOUCH_MOTION              4  +17.254s	2 (2) 34.83/60.50 (111.50/109.00mm)
1787603599.786  event6   TOUCH_FRAME                  +17.254s	
1787603599.795  event6   TOUCH_MOTION              2  +17.263s	0 (0) 43.88/52.36 (140.50/94.33mm)
1787603599.795  event6   TOUCH_MOTION              3  +17.263s	1 (1) 54.50/62.81 (174.50/113.17mm)
1787603599.795  event6   TOUCH_MOTION              4  +17.263s	2 (2) 33.42/61.24 (107.00/110.33mm)
1787603599.795  event6   TOUCH_FRAME                  +17.263s	
1787603599.804  event6   TOUCH_MOTION              2  +17.272s	0 (0) 42.79/52.82 (137.00/95.17mm)
1787603599.804  event6   TOUCH_MOTION              3  +17.272s	1 (1) 53.51/63.09 (171.33/113.67mm)
1787603599.804  event6   TOUCH_MOTION              4  +17.272s	2 (2) 31.96/62.16 (102.33/112.00mm)
1787603599.804  event6   TOUCH_FRAME                  +17.272s	
1787603599.813  event6   TOUCH_MOTION              2  +17.281s	0 (0) 41.75/53.28 (133.67/96.00mm)
1787603599.813  event6   TOUCH_MOTION              3  +17.281s	1 (1) 52.47/63.37 (168.00/114.17mm)
1787603599.813  event6   TOUCH_MOTION              4  +17.281s	2 (2) 30.40/63.18 (97.33/113.83mm)
1787603599.813  event6   TOUCH_FRAME                  +17.281s	
1787603599.822  event6   TOUCH_MOTION              2  +17.290s	0 (0) 40.60/53.84 (130.00/97.00mm)
1787603599.822  event6   TOUCH_MOTION              3  +17.290s	1 (1) 51.43/63.64 (164.67/114.67mm)
1787603599.822  event6   TOUCH_MOTION              4  +17.290s	2 (2) 28.79/64.29 (92.17/115.83mm)
1787603599.822  event6   TOUCH_FRAME                  +17.290s	
1787603599.831  event6   TOUCH_MOTION              2  +17.299s	0 (0) 39.41/54.49 (126.17/98.17mm)
1787603599.831  event6   TOUCH_MOTION              3  +17.299s	1 (1) 50.34/63.92 (161.17/115.17mm)
1787603599.831  event6   TOUCH_MOTION              4  +17.299s	2 (2) 28.47/64.48 (91.17/116.17mm)
1787603599.831  event6   TOUCH_FRAME                  +17.299s	
1787603599.840  event6   TOUCH_MOTION              2  +17.308s	0 (0) 38.05/55.23 (121.83/99.50mm)
1787603599.840  event6   TOUCH_MOTION              3  +17.308s	1 (1) 49.25/64.29 (157.67/115.83mm)
1787603599.840  event6   TOUCH_MOTION              4  +17.308s	2 (2) 28.37/64.57 (90.83/116.33mm)
1787603599.840  event6   TOUCH_FRAME                  +17.308s	
1787603599.849  event6   TOUCH_MOTION              2  +17.317s	0 (0) 36.54/55.97 (117.00/100.83mm)
1787603599.849  event6   TOUCH_MOTION              3  +17.317s	1 (1) 48.10/64.57 (154.00/116.33mm)
1787603599.849  event6   TOUCH_FRAME                  +17.317s	
1787603599.859  event6   TOUCH_MOTION              2  +17.327s	0 (0) 35.03/56.80 (112.17/102.33mm)
1787603599.859  event6   TOUCH_MOTION              3  +17.327s	1 (1) 46.90/64.94 (150.17/117.00mm)
1787603599.859  event6   TOUCH_FRAME                  +17.327s	
1787603599.868  event6   TOUCH_MOTION              2  +17.336s	0 (0) 33.42/57.82 (107.00/104.17mm)
1787603599.868  event6   TOUCH_MOTION              3  +17.336s	1 (1) 45.60/65.31 (146.00/117.67mm)
1787603599.868  event6   TOUCH_UP                     +17.336s	2 (2)
1787603599.868  event6   TOUCH_FRAME                  +17.336s	
1787603599.877  event6   TOUCH_MOTION                 +17.345s	0 (0) 27.75/61.42 (88.83/110.67mm)
1787603599.877  event6   TOUCH_MOTION              2  +17.345s	1 (1) 38.42/67.72 (123.00/122.00mm)
1787603599.877  event6   TOUCH_FRAME                  +17.345s	
1787603599.886  event6   TOUCH_MOTION              2  +17.354s	0 (0) 24.93/63.27 (79.83/114.00mm)
1787603599.886  event6   TOUCH_MOTION              3  +17.354s	1 (1) 36.86/68.09 (118.00/122.67mm)
1787603599.886  event6   TOUCH_FRAME                  +17.354s	
1787603599.895  event6   TOUCH_MOTION              2  +17.363s	0 (0) 24.47/63.92 (78.33/115.17mm)
1787603599.895  event6   TOUCH_MOTION              3  +17.363s	1 (1) 36.13/68.46 (115.67/123.33mm)
1787603599.895  event6   TOUCH_FRAME                  +17.363s	
1787603599.904  event6   TOUCH_MOTION              2  +17.372s	1 (1) 35.09/68.92 (112.33/124.17mm)
1787603599.904  event6   TOUCH_FRAME                  +17.372s	
1787603599.913  event6   TOUCH_MOTION              2  +17.381s	1 (1) 33.73/69.47 (108.00/125.17mm)
1787603599.913  event6   TOUCH_FRAME                  +17.381s	
1787603599.943  event6   TOUCH_UP                     +17.411s	0 (0)
1787603599.943  event6   TOUCH_FRAME                  +17.411s	
1787603599.962  event6   TOUCH_UP                     +17.430s	1 (1)
1787603599.962  event6   TOUCH_FRAME                  +17.430s	
1787603600.846  event6   TOUCH_DOWN                   +18.314s	0 (0) 64.91/47.27 (207.83/85.17mm)
1787603600.846  event6   TOUCH_DOWN                   +18.314s	1 (1) 51.28/49.03 (164.17/88.33mm)
1787603600.846  event6   TOUCH_FRAME                  +18.314s	
1787603600.855  event6   TOUCH_DOWN                   +18.323s	2 (2) 58.04/39.78 (185.83/71.67mm)
1787603600.855  event6   TOUCH_FRAME                  +18.323s	
1787603601.859  event6   TOUCH_MOTION                 +19.327s	2 (2) 58.04/40.52 (185.83/73.00mm)
1787603601.859  event6   TOUCH_FRAME                  +19.327s	
1787603601.868  event6   TOUCH_MOTION              2  +19.336s	2 (2) 58.04/40.61 (185.83/73.17mm)
1787603601.868  event6   TOUCH_FRAME                  +19.336s	
1787603601.877  event6   TOUCH_MOTION              2  +19.345s	1 (1) 51.22/49.77 (164.00/89.67mm)
1787603601.877  event6   TOUCH_MOTION              3  +19.345s	2 (2) 58.04/40.70 (185.83/73.33mm)
1787603601.877  event6   TOUCH_FRAME                  +19.345s	
1787603601.886  event6   TOUCH_MOTION              2  +19.354s	1 (1) 51.17/49.95 (163.83/90.00mm)
1787603601.886  event6   TOUCH_MOTION              3  +19.354s	2 (2) 58.04/40.80 (185.83/73.50mm)
1787603601.886  event6   TOUCH_FRAME                  +19.354s	
1787603601.896  event6   TOUCH_MOTION              2  +19.364s	1 (1) 51.12/50.14 (163.67/90.33mm)
1787603601.896  event6   TOUCH_MOTION              3  +19.364s	2 (2) 58.04/40.98 (185.83/73.83mm)
1787603601.896  event6   TOUCH_FRAME                  +19.364s	
1787603601.905  event6   TOUCH_MOTION              2  +19.373s	1 (1) 51.07/50.42 (163.50/90.83mm)
1787603601.905  event6   TOUCH_MOTION              3  +19.373s	2 (2) 58.04/41.17 (185.83/74.17mm)
1787603601.905  event6   TOUCH_FRAME                  +19.373s	
1787603601.914  event6   TOUCH_MOTION              2  +19.382s	0 (0) 65.02/48.01 (208.17/86.50mm)
1787603601.914  event6   TOUCH_MOTION              3  +19.382s	1 (1) 50.96/50.79 (163.17/91.50mm)
1787603601.914  event6   TOUCH_MOTION              4  +19.382s	2 (2) 58.04/41.54 (185.83/74.83mm)
1787603601.914  event6   TOUCH_FRAME                  +19.382s	
1787603601.923  event6   TOUCH_MOTION              2  +19.391s	0 (0) 65.02/48.38 (208.17/87.17mm)
1787603601.923  event6   TOUCH_MOTION              3  +19.391s	1 (1) 50.86/51.16 (162.83/92.17mm)
1787603601.923  event6   TOUCH_MOTION              4  +19.391s	2 (2) 58.04/41.91 (185.83/75.50mm)
1787603601.923  event6   TOUCH_FRAME                  +19.391s	
1787603601.932  event6   TOUCH_MOTION              2  +19.400s	0 (0) 65.07/48.75 (208.33/87.83mm)
1787603601.932  event6   TOUCH_MOTION              3  +19.400s	1 (1) 50.81/51.71 (162.67/93.17mm)
1787603601.932  event6   TOUCH_MOTION              4  +19.400s	2 (2) 58.04/42.28 (185.83/76.17mm)
1787603601.932  event6   TOUCH_FRAME                  +19.400s	
1787603601.941  event6   TOUCH_MOTION              2  +19.409s	0 (0) 65.07/49.31 (208.33/88.83mm)
1787603601.941  event6   TOUCH_MOTION              3  +19.409s	1 (1) 50.75/52.27 (162.50/94.17mm)
1787603601.941  event6   TOUCH_MOTION              4  +19.409s	2 (2) 58.04/42.74 (185.83/77.00mm)
1787603601.941  event6   TOUCH_FRAME                  +19.409s	
1787603601.950  event6   TOUCH_MOTION              2  +19.418s	0 (0) 65.12/49.95 (208.50/90.00mm)
1787603601.950  event6   TOUCH_MOTION              3  +19.418s	1 (1) 50.70/52.91 (162.33/95.33mm)
1787603601.950  event6   TOUCH_MOTION              4  +19.418s	2 (2) 58.04/43.39 (185.83/78.17mm)
1787603601.950  event6   TOUCH_FRAME                  +19.418s	
1787603601.959  event6   TOUCH_MOTION              2  +19.427s	0 (0) 65.12/50.60 (208.50/91.17mm)
1787603601.959  event6   TOUCH_MOTION              3  +19.427s	1 (1) 50.65/53.65 (162.17/96.67mm)
1787603601.959  event6   TOUCH_MOTION              4  +19.427s	2 (2) 58.04/44.03 (185.83/79.33mm)
1787603601.959  event6   TOUCH_FRAME                  +19.427s	
1787603601.969  event6   TOUCH_MOTION              2  +19.437s	0 (0) 65.17/51.34 (208.67/92.50mm)
1787603601.969  event6   TOUCH_MOTION              3  +19.437s	1 (1) 50.60/54.49 (162.00/98.17mm)
1787603601.969  event6   TOUCH_MOTION              4  +19.437s	2 (2) 58.04/44.77 (185.83/80.67mm)
1787603601.969  event6   TOUCH_FRAME                  +19.437s	
1787603601.978  event6   TOUCH_MOTION              2  +19.446s	0 (0) 65.23/52.17 (208.83/94.00mm)
1787603601.978  event6   TOUCH_MOTION              3  +19.446s	1 (1) 50.55/55.41 (161.83/99.83mm)
1787603601.978  event6   TOUCH_MOTION              4  +19.446s	2 (2) 58.04/45.70 (185.83/82.33mm)
1787603601.978  event6   TOUCH_FRAME                  +19.446s	
1787603601.987  event6   TOUCH_MOTION              2  +19.455s	0 (0) 65.28/53.01 (209.00/95.50mm)
1787603601.987  event6   TOUCH_MOTION              3  +19.455s	1 (1) 50.49/56.34 (161.67/101.50mm)
1787603601.987  event6   TOUCH_MOTION              4  +19.455s	2 (2) 58.04/46.53 (185.83/83.83mm)
1787603601.987  event6   TOUCH_FRAME                  +19.455s	
1787603601.996  event6   TOUCH_MOTION              2  +19.464s	0 (0) 65.33/54.02 (209.17/97.33mm)
1787603601.996  event6   TOUCH_MOTION              3  +19.464s	1 (1) 50.44/57.45 (161.50/103.50mm)
1787603601.996  event6   TOUCH_MOTION              4  +19.464s	2 (2) 58.04/47.64 (185.83/85.83mm)
1787603601.996  event6   TOUCH_FRAME                  +19.464s	
1787603602.005  event6   TOUCH_MOTION              2  +19.473s	0 (0) 65.33/55.04 (209.17/99.17mm)
1787603602.005  event6   TOUCH_MOTION              3  +19.473s	1 (1) 50.39/58.56 (161.33/105.50mm)
1787603602.005  event6   TOUCH_MOTION              4  +19.473s	2 (2) 58.04/48.66 (185.83/87.67mm)
1787603602.005  event6   TOUCH_FRAME                  +19.473s	
1787603602.014  event6   TOUCH_MOTION              2  +19.482s	0 (0) 65.38/56.15 (209.33/101.17mm)
1787603602.014  event6   TOUCH_MOTION              3  +19.482s	1 (1) 50.39/59.76 (161.33/107.67mm)
1787603602.014  event6   TOUCH_MOTION              4  +19.482s	2 (2) 58.04/49.77 (185.83/89.67mm)
1787603602.014  event6   TOUCH_FRAME                  +19.482s	
1787603602.023  event6   TOUCH_MOTION              2  +19.491s	0 (0) 65.43/57.35 (209.50/103.33mm)
1787603602.023  event6   TOUCH_MOTION              3  +19.491s	1 (1) 50.39/60.96 (161.33/109.83mm)
1787603602.023  event6   TOUCH_MOTION              4  +19.491s	2 (2) 58.04/50.97 (185.83/91.83mm)
1787603602.023  event6   TOUCH_FRAME                  +19.491s	
1787603602.032  event6   TOUCH_MOTION              2  +19.500s	0 (0) 65.49/58.65 (209.67/105.67mm)
1787603602.032  event6   TOUCH_MOTION              3  +19.500s	1 (1) 50.39/62.35 (161.33/112.33mm)
1787603602.032  event6   TOUCH_MOTION              4  +19.500s	2 (2) 58.04/52.17 (185.83/94.00mm)
1787603602.032  event6   TOUCH_FRAME                  +19.500s	
1787603602.042  event6   TOUCH_MOTION              2  +19.510s	0 (0) 65.54/59.94 (209.83/108.00mm)
1787603602.042  event6   TOUCH_MOTION              3  +19.510s	1 (1) 50.34/63.74 (161.17/114.83mm)
1787603602.042  event6   TOUCH_MOTION              4  +19.510s	2 (2) 58.04/53.56 (185.83/96.50mm)
1787603602.042  event6   TOUCH_FRAME                  +19.510s	
1787603602.051  event6   TOUCH_MOTION              2  +19.519s	0 (0) 65.59/61.33 (210.00/110.50mm)
1787603602.051  event6   TOUCH_MOTION              3  +19.519s	1 (1) 50.23/65.22 (160.83/117.50mm)
1787603602.051  event6   TOUCH_MOTION              4  +19.519s	2 (2) 57.99/54.95 (185.67/99.00mm)
1787603602.051  event6   TOUCH_FRAME                  +19.519s	
1787603602.060  event6   TOUCH_MOTION              2  +19.528s	0 (0) 65.59/62.81 (210.00/113.17mm)
1787603602.060  event6   TOUCH_MOTION              3  +19.528s	1 (1) 50.18/66.79 (160.67/120.33mm)
1787603602.060  event6   TOUCH_MOTION              4  +19.528s	2 (2) 57.99/56.43 (185.67/101.67mm)
1787603602.060  event6   TOUCH_FRAME                  +19.528s	
1787603602.069  event6   TOUCH_MOTION              2  +19.537s	0 (0) 65.59/64.38 (210.00/116.00mm)
1787603602.069  event6   TOUCH_MOTION              3  +19.537s	1 (1) 50.08/68.46 (160.33/123.33mm)
1787603602.069  event6   TOUCH_MOTION              4  +19.537s	2 (2) 57.94/57.91 (185.50/104.33mm)
1787603602.069  event6   TOUCH_FRAME                  +19.537s	
1787603602.078  event6   TOUCH_MOTION              2  +19.546s	0 (0) 65.59/66.05 (210.00/119.00mm)
1787603602.078  event6   TOUCH_MOTION              3  +19.546s	1 (1) 49.97/70.03 (160.00/126.17mm)
1787603602.078  event6   TOUCH_MOTION              4  +19.546s	2 (2) 57.89/59.39 (185.33/107.00mm)
1787603602.078  event6   TOUCH_FRAME                  +19.546s	
1787603602.087  event6   TOUCH_MOTION              2  +19.555s	0 (0) 65.59/67.72 (210.00/122.00mm)
1787603602.087  event6   TOUCH_MOTION              3  +19.555s	1 (1) 49.92/71.79 (159.83/129.33mm)
1787603602.087  event6   TOUCH_MOTION              4  +19.555s	2 (2) 57.83/60.96 (185.17/109.83mm)
1787603602.087  event6   TOUCH_FRAME                  +19.555s	
1787603602.096  event6   TOUCH_MOTION              2  +19.564s	0 (0) 65.59/69.57 (210.00/125.33mm)
1787603602.096  event6   TOUCH_MOTION              3  +19.564s	1 (1) 49.82/73.45 (159.50/132.33mm)
1787603602.096  event6   TOUCH_MOTION              4  +19.564s	2 (2) 57.78/62.44 (185.00/112.50mm)
1787603602.096  event6   TOUCH_FRAME                  +19.564s	
1787603602.105  event6   TOUCH_MOTION              2  +19.573s	0 (0) 65.59/71.32 (210.00/128.50mm)
1787603602.105  event6   TOUCH_MOTION              3  +19.573s	1 (1) 49.77/75.21 (159.33/135.50mm)
1787603602.105  event6   TOUCH_MOTION              4  +19.573s	2 (2) 57.78/64.01 (185.00/115.33mm)
1787603602.105  event6   TOUCH_FRAME                  +19.573s	
1787603602.115  event6   TOUCH_MOTION              2  +19.583s	0 (0) 65.59/73.17 (210.00/131.83mm)
1787603602.115  event6   TOUCH_MOTION              3  +19.583s	1 (1) 49.77/76.87 (159.33/138.50mm)
1787603602.115  event6   TOUCH_MOTION              4  +19.583s	2 (2) 57.73/65.59 (184.83/118.17mm)
1787603602.115  event6   TOUCH_FRAME                  +19.583s	
1787603602.124  event6   TOUCH_MOTION              2  +19.592s	0 (0) 65.59/75.21 (210.00/135.50mm)
1787603602.124  event6   TOUCH_MOTION              3  +19.592s	1 (1) 49.77/78.63 (159.33/141.67mm)
1787603602.124  event6   TOUCH_MOTION              4  +19.592s	2 (2) 57.73/67.16 (184.83/121.00mm)
1787603602.124  event6   TOUCH_FRAME                  +19.592s	
1787603602.132  event6   TOUCH_MOTION              2  +19.600s	2 (2) 57.73/68.73 (184.83/123.83mm)
1787603602.132  event6   TOUCH_FRAME                  +19.600s	
1787603602.142  event6   TOUCH_MOTION              2  +19.610s	2 (2) 57.73/70.31 (184.83/126.67mm)
1787603602.142  event6   TOUCH_FRAME                  +19.610s	
1787603602.151  event6   TOUCH_MOTION              2  +19.619s	2 (2) 57.73/72.16 (184.83/130.00mm)
1787603602.151  event6   TOUCH_FRAME                  +19.619s	
1787603602.169  event6   TOUCH_UP                     +19.637s	0 (0)
1787603602.169  event6   TOUCH_UP                     +19.637s	1 (1)
1787603602.169  event6   TOUCH_FRAME                  +19.637s	
1787603602.198  event6   TOUCH_UP                     +19.666s	2 (2)
1787603602.198  event6   TOUCH_FRAME                  +19.666s	
1787603603.594  event6   TOUCH_DOWN                   +21.062s	0 (0) 55.49/60.59 (177.67/109.17mm)
1787603603.594  event6   TOUCH_FRAME                  +21.062s	
1787603603.604  event6   TOUCH_MOTION                 +21.072s	0 (0) 55.44/61.05 (177.50/110.00mm)
1787603603.604  event6   TOUCH_DOWN                   +21.072s	1 (1) 54.76/44.50 (175.33/80.17mm)
1787603603.604  event6   TOUCH_FRAME                  +21.072s	
1787603603.613  event6   TOUCH_MOTION                 +21.081s	0 (0) 55.34/61.52 (177.17/110.83mm)
1787603603.613  event6   TOUCH_MOTION              2  +21.081s	1 (1) 54.76/43.66 (175.33/78.67mm)
1787603603.613  event6   TOUCH_FRAME                  +21.081s	
1787603603.623  event6   TOUCH_MOTION              2  +21.091s	0 (0) 55.28/61.98 (177.00/111.67mm)
1787603603.623  event6   TOUCH_MOTION              3  +21.091s	1 (1) 54.82/42.74 (175.50/77.00mm)
1787603603.623  event6   TOUCH_FRAME                  +21.091s	
1787603603.633  event6   TOUCH_MOTION              2  +21.101s	0 (0) 55.18/62.53 (176.67/112.67mm)
1787603603.633  event6   TOUCH_MOTION              3  +21.101s	1 (1) 54.87/41.63 (175.67/75.00mm)
1787603603.633  event6   TOUCH_FRAME                  +21.101s	
1787603603.643  event6   TOUCH_MOTION              2  +21.111s	0 (0) 55.08/63.09 (176.33/113.67mm)
1787603603.643  event6   TOUCH_MOTION              3  +21.111s	1 (1) 54.97/40.61 (176.00/73.17mm)
1787603603.643  event6   TOUCH_FRAME                  +21.111s	
1787603603.653  event6   TOUCH_MOTION              2  +21.121s	0 (0) 55.02/63.55 (176.17/114.50mm)
1787603603.653  event6   TOUCH_MOTION              3  +21.121s	1 (1) 55.08/39.59 (176.33/71.33mm)
1787603603.653  event6   TOUCH_FRAME                  +21.121s	
1787603603.663  event6   TOUCH_MOTION              2  +21.131s	0 (0) 54.92/64.11 (175.83/115.50mm)
1787603603.663  event6   TOUCH_MOTION              3  +21.131s	1 (1) 55.23/38.58 (176.83/69.50mm)
1787603603.663  event6   TOUCH_FRAME                  +21.131s	
1787603603.673  event6   TOUCH_MOTION              2  +21.141s	0 (0) 54.87/64.66 (175.67/116.50mm)
1787603603.673  event6   TOUCH_MOTION              3  +21.141s	1 (1) 55.34/37.65 (177.17/67.83mm)
1787603603.673  event6   TOUCH_FRAME                  +21.141s	
1787603603.682  event6   TOUCH_MOTION              2  +21.150s	0 (0) 54.76/65.31 (175.33/117.67mm)
1787603603.682  event6   TOUCH_MOTION              3  +21.150s	1 (1) 55.49/36.73 (177.67/66.17mm)
1787603603.682  event6   TOUCH_FRAME                  +21.150s	
1787603603.692  event6   TOUCH_MOTION              2  +21.160s	0 (0) 54.66/65.86 (175.00/118.67mm)
1787603603.692  event6   TOUCH_MOTION              3  +21.160s	1 (1) 55.60/35.89 (178.00/64.67mm)
1787603603.692  event6   TOUCH_FRAME                  +21.160s	
1787603603.702  event6   TOUCH_MOTION              2  +21.170s	0 (0) 54.61/66.51 (174.83/119.83mm)
1787603603.702  event6   TOUCH_MOTION              3  +21.170s	1 (1) 55.70/35.15 (178.33/63.33mm)
1787603603.702  event6   TOUCH_FRAME                  +21.170s	
1787603603.712  event6   TOUCH_MOTION              2  +21.180s	0 (0) 54.50/67.16 (174.50/121.00mm)
1787603603.712  event6   TOUCH_MOTION              3  +21.180s	1 (1) 55.75/34.41 (178.50/62.00mm)
1787603603.712  event6   TOUCH_FRAME                  +21.180s	
1787603603.722  event6   TOUCH_MOTION              2  +21.190s	0 (0) 54.40/67.90 (174.17/122.33mm)
1787603603.722  event6   TOUCH_MOTION              3  +21.190s	1 (1) 55.86/33.67 (178.83/60.67mm)
1787603603.722  event6   TOUCH_FRAME                  +21.190s	
1787603603.732  event6   TOUCH_MOTION              2  +21.200s	0 (0) 54.40/68.64 (174.17/123.67mm)
1787603603.732  event6   TOUCH_MOTION              3  +21.200s	1 (1) 55.96/32.93 (179.17/59.33mm)
1787603603.732  event6   TOUCH_FRAME                  +21.200s	
1787603603.742  event6   TOUCH_MOTION              2  +21.210s	0 (0) 54.29/69.47 (173.83/125.17mm)
1787603603.742  event6   TOUCH_MOTION              3  +21.210s	1 (1) 56.01/32.28 (179.33/58.17mm)
1787603603.742  event6   TOUCH_FRAME                  +21.210s	
1787603603.751  event6   TOUCH_MOTION              2  +21.220s	0 (0) 54.19/70.31 (173.50/126.67mm)
1787603603.751  event6   TOUCH_MOTION              3  +21.220s	1 (1) 56.12/31.54 (179.67/56.83mm)
1787603603.752  event6   TOUCH_FRAME                  +21.220s	
1787603603.760  event6   TOUCH_MOTION              2  +21.229s	0 (0) 54.14/71.14 (173.33/128.17mm)
1787603603.760  event6   TOUCH_MOTION              3  +21.229s	1 (1) 56.22/30.80 (180.00/55.50mm)
1787603603.760  event6   TOUCH_FRAME                  +21.229s	
1787603603.770  event6   TOUCH_MOTION              2  +21.239s	0 (0) 54.03/72.06 (173.00/129.83mm)
1787603603.770  event6   TOUCH_MOTION              3  +21.239s	1 (1) 56.43/29.88 (180.67/53.83mm)
1787603603.771  event6   TOUCH_FRAME                  +21.239s	
1787603603.780  event6   TOUCH_MOTION              2  +21.249s	0 (0) 53.98/72.90 (172.83/131.33mm)
1787603603.781  event6   TOUCH_MOTION              3  +21.249s	1 (1) 56.64/29.14 (181.33/52.50mm)
1787603603.781  event6   TOUCH_FRAME                  +21.249s	
1787603603.791  event6   TOUCH_MOTION              2  +21.259s	0 (0) 53.93/73.73 (172.67/132.83mm)
1787603603.791  event6   TOUCH_MOTION              3  +21.259s	1 (1) 56.85/28.21 (182.00/50.83mm)
1787603603.791  event6   TOUCH_FRAME                  +21.259s	
1787603603.801  event6   TOUCH_MOTION              2  +21.269s	0 (0) 53.88/74.47 (172.50/134.17mm)
1787603603.801  event6   TOUCH_MOTION              3  +21.269s	1 (1) 57.05/27.38 (182.67/49.33mm)
1787603603.801  event6   TOUCH_FRAME                  +21.269s	
1787603603.811  event6   TOUCH_MOTION              2  +21.279s	0 (0) 53.83/75.30 (172.33/135.67mm)
1787603603.811  event6   TOUCH_MOTION              3  +21.279s	1 (1) 57.31/26.55 (183.50/47.83mm)
1787603603.811  event6   TOUCH_FRAME                  +21.279s	
1787603603.821  event6   TOUCH_MOTION              2  +21.289s	0 (0) 53.77/76.04 (172.17/137.00mm)
1787603603.821  event6   TOUCH_MOTION              3  +21.289s	1 (1) 57.52/25.81 (184.17/46.50mm)
1787603603.821  event6   TOUCH_FRAME                  +21.289s	
1787603603.830  event6   TOUCH_MOTION              2  +21.298s	0 (0) 53.72/76.78 (172.00/138.33mm)
1787603603.830  event6   TOUCH_MOTION              3  +21.298s	1 (1) 57.78/25.07 (185.00/45.17mm)
1787603603.830  event6   TOUCH_FRAME                  +21.298s	
1787603603.840  event6   TOUCH_MOTION              2  +21.308s	0 (0) 53.72/77.52 (172.00/139.67mm)
1787603603.840  event6   TOUCH_MOTION              3  +21.308s	1 (1) 58.04/24.42 (185.83/44.00mm)
1787603603.840  event6   TOUCH_FRAME                  +21.308s	
1787603603.850  event6   TOUCH_MOTION              2  +21.318s	0 (0) 53.67/78.26 (171.83/141.00mm)
1787603603.850  event6   TOUCH_MOTION              3  +21.318s	1 (1) 58.25/23.77 (186.50/42.83mm)
1787603603.850  event6   TOUCH_FRAME                  +21.318s	
1787603603.860  event6   TOUCH_MOTION              2  +21.328s	0 (0) 53.57/79.65 (171.50/143.50mm)
1787603603.860  event6   TOUCH_MOTION              3  +21.328s	1 (1) 58.67/22.76 (187.83/41.00mm)
1787603603.860  event6   TOUCH_FRAME                  +21.328s	
1787603603.870  event6   TOUCH_MOTION              2  +21.338s	0 (0) 53.51/80.67 (171.33/145.33mm)
1787603603.870  event6   TOUCH_MOTION              3  +21.338s	1 (1) 58.93/22.11 (188.67/39.83mm)
1787603603.870  event6   TOUCH_FRAME                  +21.338s	
1787603603.880  event6   TOUCH_MOTION              2  +21.348s	0 (0) 53.51/81.68 (171.33/147.17mm)
1787603603.880  event6   TOUCH_MOTION              3  +21.348s	1 (1) 59.14/21.55 (189.33/38.83mm)
1787603603.880  event6   TOUCH_FRAME                  +21.348s	
1787603603.890  event6   TOUCH_MOTION              2  +21.358s	0 (0) 53.46/82.42 (171.17/148.50mm)
1787603603.890  event6   TOUCH_MOTION              3  +21.358s	1 (1) 59.34/21.18 (190.00/38.17mm)
1787603603.890  event6   TOUCH_FRAME                  +21.358s	
1787603603.899  event6   TOUCH_MOTION              2  +21.367s	0 (0) 53.41/83.16 (171.00/149.83mm)
1787603603.899  event6   TOUCH_MOTION              3  +21.367s	1 (1) 59.45/21.00 (190.33/37.83mm)
1787603603.899  event6   TOUCH_FRAME                  +21.367s	
1787603603.909  event6   TOUCH_MOTION              2  +21.377s	0 (0) 53.31/83.63 (170.67/150.67mm)
1787603603.909  event6   TOUCH_MOTION              3  +21.377s	1 (1) 59.55/20.81 (190.67/37.50mm)
1787603603.909  event6   TOUCH_FRAME                  +21.377s	
1787603603.919  event6   TOUCH_MOTION              2  +21.387s	0 (0) 53.20/84.18 (170.33/151.67mm)
1787603603.919  event6   TOUCH_MOTION              3  +21.387s	1 (1) 59.55/20.72 (190.67/37.33mm)
1787603603.919  event6   TOUCH_FRAME                  +21.387s	
1787603603.929  event6   TOUCH_MOTION              2  +21.397s	0 (0) 53.10/84.64 (170.00/152.50mm)
1787603603.929  event6   TOUCH_MOTION              3  +21.397s	1 (1) 59.60/20.63 (190.83/37.17mm)
1787603603.929  event6   TOUCH_FRAME                  +21.397s	
1787603603.939  event6   TOUCH_MOTION              2  +21.407s	0 (0) 52.94/84.92 (169.50/153.00mm)
1787603603.939  event6   TOUCH_MOTION              3  +21.407s	1 (1) 59.66/20.54 (191.00/37.00mm)
1787603603.939  event6   TOUCH_FRAME                  +21.407s	
1787603603.949  event6   TOUCH_MOTION              2  +21.417s	0 (0) 52.84/85.20 (169.17/153.50mm)
1787603603.949  event6   TOUCH_MOTION              3  +21.417s	1 (1) 59.71/20.54 (191.17/37.00mm)
1787603603.949  event6   TOUCH_FRAME                  +21.417s	
1787603603.959  event6   TOUCH_MOTION              2  +21.427s	0 (0) 52.79/85.48 (169.00/154.00mm)
1787603603.959  event6   TOUCH_FRAME                  +21.427s	
1787603603.969  event6   TOUCH_MOTION              2  +21.437s	0 (0) 52.73/85.75 (168.83/154.50mm)
1787603603.969  event6   TOUCH_FRAME                  +21.437s	
1787603603.978  event6   TOUCH_MOTION              2  +21.446s	0 (0) 52.68/85.85 (168.67/154.67mm)
1787603603.978  event6   TOUCH_FRAME                  +21.446s	
1787603603.988  event6   TOUCH_MOTION              2  +21.456s	0 (0) 52.63/85.94 (168.50/154.83mm)
1787603603.988  event6   TOUCH_MOTION              3  +21.456s	1 (1) 59.71/20.63 (191.17/37.17mm)
1787603603.988  event6   TOUCH_FRAME                  +21.456s	
1787603603.998  event6   TOUCH_MOTION              2  +21.466s	1 (1) 59.71/20.81 (191.17/37.50mm)
1787603603.998  event6   TOUCH_FRAME                  +21.466s	
1787603604.008  event6   TOUCH_MOTION              2  +21.476s	0 (0) 52.63/85.85 (168.50/154.67mm)
1787603604.008  event6   TOUCH_MOTION              3  +21.476s	1 (1) 59.71/21.18 (191.17/38.17mm)
1787603604.008  event6   TOUCH_FRAME                  +21.476s	
1787603604.018  event6   TOUCH_MOTION              2  +21.486s	0 (0) 52.63/85.66 (168.50/154.33mm)
1787603604.018  event6   TOUCH_MOTION              3  +21.486s	1 (1) 59.71/21.65 (191.17/39.00mm)
1787603604.018  event6   TOUCH_FRAME                  +21.486s	
1787603604.028  event6   TOUCH_MOTION              2  +21.496s	0 (0) 52.63/85.48 (168.50/154.00mm)
1787603604.028  event6   TOUCH_MOTION              3  +21.496s	1 (1) 59.71/21.92 (191.17/39.50mm)
1787603604.028  event6   TOUCH_FRAME                  +21.496s	
1787603604.038  event6   TOUCH_MOTION              2  +21.506s	0 (0) 52.68/85.11 (168.67/153.33mm)
1787603604.038  event6   TOUCH_MOTION              3  +21.506s	1 (1) 59.60/22.76 (190.83/41.00mm)
1787603604.038  event6   TOUCH_FRAME                  +21.506s	
1787603604.047  event6   TOUCH_MOTION              2  +21.515s	0 (0) 52.68/84.92 (168.67/153.00mm)
1787603604.047  event6   TOUCH_MOTION              3  +21.515s	1 (1) 59.55/23.31 (190.67/42.00mm)
1787603604.047  event6   TOUCH_FRAME                  +21.515s	
1787603604.057  event6   TOUCH_MOTION              2  +21.525s	0 (0) 52.68/84.46 (168.67/152.17mm)
1787603604.057  event6   TOUCH_MOTION              3  +21.525s	1 (1) 59.40/24.33 (190.17/43.83mm)
1787603604.057  event6   TOUCH_FRAME                  +21.525s	
1787603604.067  event6   TOUCH_MOTION              2  +21.535s	0 (0) 52.79/84.00 (169.00/151.33mm)
1787603604.067  event6   TOUCH_MOTION              3  +21.535s	1 (1) 59.14/25.35 (189.33/45.67mm)
1787603604.067  event6   TOUCH_FRAME                  +21.535s	
1787603604.077  event6   TOUCH_MOTION              2  +21.545s	0 (0) 52.84/83.81 (169.17/151.00mm)
1787603604.077  event6   TOUCH_MOTION              3  +21.545s	1 (1) 59.03/25.90 (189.00/46.67mm)
1787603604.077  event6   TOUCH_FRAME                  +21.545s	
1787603604.087  event6   TOUCH_MOTION              2  +21.555s	0 (0) 52.84/83.53 (169.17/150.50mm)
1787603604.087  event6   TOUCH_MOTION              3  +21.555s	1 (1) 58.88/26.55 (188.50/47.83mm)
1787603604.087  event6   TOUCH_FRAME                  +21.555s	
1787603604.097  event6   TOUCH_MOTION              2  +21.565s	0 (0) 52.89/83.07 (169.33/149.67mm)
1787603604.097  event6   TOUCH_MOTION              3  +21.565s	1 (1) 58.72/27.38 (188.00/49.33mm)
1787603604.097  event6   TOUCH_FRAME                  +21.565s	
1787603604.107  event6   TOUCH_MOTION              2  +21.575s	0 (0) 52.99/82.61 (169.67/148.83mm)
1787603604.107  event6   TOUCH_MOTION              3  +21.575s	1 (1) 58.56/28.31 (187.50/51.00mm)
1787603604.107  event6   TOUCH_FRAME                  +21.575s	
1787603604.117  event6   TOUCH_MOTION              2  +21.585s	0 (0) 53.10/82.05 (170.00/147.83mm)
1787603604.117  event6   TOUCH_MOTION              3  +21.585s	1 (1) 58.41/29.23 (187.00/52.67mm)
1787603604.117  event6   TOUCH_FRAME                  +21.585s	
1787603604.126  event6   TOUCH_MOTION              2  +21.594s	0 (0) 53.15/81.59 (170.17/147.00mm)
1787603604.126  event6   TOUCH_MOTION              3  +21.594s	1 (1) 58.20/30.25 (186.33/54.50mm)
1787603604.126  event6   TOUCH_FRAME                  +21.594s	
1787603604.136  event6   TOUCH_MOTION              2  +21.604s	0 (0) 53.31/81.04 (170.67/146.00mm)
1787603604.136  event6   TOUCH_MOTION              3  +21.604s	1 (1) 58.04/31.36 (185.83/56.50mm)
1787603604.136  event6   TOUCH_FRAME                  +21.604s	
1787603604.146  event6   TOUCH_MOTION              2  +21.614s	0 (0) 53.41/80.57 (171.00/145.17mm)
1787603604.146  event6   TOUCH_MOTION              3  +21.614s	1 (1) 57.94/32.38 (185.50/58.33mm)
1787603604.146  event6   TOUCH_FRAME                  +21.614s	
1787603604.156  event6   TOUCH_MOTION              2  +21.624s	0 (0) 53.51/80.02 (171.33/144.17mm)
1787603604.156  event6   TOUCH_MOTION              3  +21.624s	1 (1) 57.78/33.40 (185.00/60.17mm)
1787603604.156  event6   TOUCH_FRAME                  +21.624s	
1787603604.166  event6   TOUCH_MOTION              2  +21.634s	0 (0) 53.62/79.56 (171.67/143.33mm)
1787603604.166  event6   TOUCH_MOTION              3  +21.634s	1 (1) 57.68/34.41 (184.67/62.00mm)
1787603604.166  event6   TOUCH_FRAME                  +21.634s	
1787603604.176  event6   TOUCH_MOTION              2  +21.644s	0 (0) 53.72/79.09 (172.00/142.50mm)
1787603604.176  event6   TOUCH_MOTION              3  +21.644s	1 (1) 57.57/35.34 (184.33/63.67mm)
1787603604.176  event6   TOUCH_FRAME                  +21.644s	
1787603604.186  event6   TOUCH_MOTION              2  +21.654s	0 (0) 53.77/78.63 (172.17/141.67mm)
1787603604.186  event6   TOUCH_MOTION              3  +21.654s	1 (1) 57.52/36.26 (184.17/65.33mm)
1787603604.186  event6   TOUCH_FRAME                  +21.654s	
1787603604.195  event6   TOUCH_MOTION              2  +21.663s	0 (0) 53.88/78.26 (172.50/141.00mm)
1787603604.195  event6   TOUCH_MOTION              3  +21.663s	1 (1) 57.42/37.28 (183.83/67.17mm)
1787603604.195  event6   TOUCH_FRAME                  +21.663s	
1787603604.205  event6   TOUCH_MOTION              2  +21.673s	0 (0) 53.98/77.89 (172.83/140.33mm)
1787603604.205  event6   TOUCH_MOTION              3  +21.673s	1 (1) 57.31/38.30 (183.50/69.00mm)
1787603604.205  event6   TOUCH_FRAME                  +21.673s	
1787603604.215  event6   TOUCH_MOTION              2  +21.683s	0 (0) 54.03/77.43 (173.00/139.50mm)
1787603604.215  event6   TOUCH_MOTION              3  +21.683s	1 (1) 57.16/39.32 (183.00/70.83mm)
1787603604.215  event6   TOUCH_FRAME                  +21.683s	
1787603604.225  event6   TOUCH_MOTION              2  +21.693s	0 (0) 54.14/76.97 (173.33/138.67mm)
1787603604.225  event6   TOUCH_MOTION              3  +21.693s	1 (1) 57.05/40.24 (182.67/72.50mm)
1787603604.225  event6   TOUCH_FRAME                  +21.693s	
1787603604.235  event6   TOUCH_MOTION              2  +21.703s	0 (0) 54.19/76.50 (173.50/137.83mm)
1787603604.235  event6   TOUCH_MOTION              3  +21.703s	1 (1) 56.90/41.17 (182.17/74.17mm)
1787603604.235  event6   TOUCH_FRAME                  +21.703s	
1787603604.245  event6   TOUCH_MOTION              2  +21.713s	0 (0) 54.24/76.13 (173.67/137.17mm)
1787603604.245  event6   TOUCH_MOTION              3  +21.713s	1 (1) 56.79/42.00 (181.83/75.67mm)
1787603604.245  event6   TOUCH_FRAME                  +21.713s	
1787603604.255  event6   TOUCH_MOTION              2  +21.723s	0 (0) 54.29/75.76 (173.83/136.50mm)
1787603604.255  event6   TOUCH_MOTION              3  +21.723s	1 (1) 56.69/42.83 (181.50/77.17mm)
1787603604.255  event6   TOUCH_FRAME                  +21.723s	
1787603604.264  event6   TOUCH_MOTION              2  +21.732s	0 (0) 54.35/75.39 (174.00/135.83mm)
1787603604.264  event6   TOUCH_MOTION              3  +21.732s	1 (1) 56.64/43.57 (181.33/78.50mm)
1787603604.264  event6   TOUCH_FRAME                  +21.732s	
1787603604.274  event6   TOUCH_MOTION              2  +21.742s	0 (0) 54.40/75.02 (174.17/135.17mm)
1787603604.274  event6   TOUCH_MOTION              3  +21.742s	1 (1) 56.53/44.22 (181.00/79.67mm)
1787603604.274  event6   TOUCH_FRAME                  +21.742s	
1787603604.284  event6   TOUCH_MOTION              2  +21.752s	0 (0) 54.40/74.65 (174.17/134.50mm)
1787603604.284  event6   TOUCH_MOTION              3  +21.752s	1 (1) 56.43/44.96 (180.67/81.00mm)
1787603604.284  event6   TOUCH_FRAME                  +21.752s	
1787603604.294  event6   TOUCH_MOTION              2  +21.762s	0 (0) 54.45/74.28 (174.33/133.83mm)
1787603604.294  event6   TOUCH_MOTION              3  +21.762s	1 (1) 56.38/45.61 (180.50/82.17mm)
1787603604.294  event6   TOUCH_FRAME                  +21.762s	
1787603604.303  event6   TOUCH_MOTION              2  +21.772s	0 (0) 54.50/73.82 (174.50/133.00mm)
1787603604.304  event6   TOUCH_MOTION              3  +21.772s	1 (1) 56.27/46.25 (180.17/83.33mm)
1787603604.304  event6   TOUCH_FRAME                  +21.772s	
1787603604.314  event6   TOUCH_MOTION              2  +21.782s	0 (0) 54.55/73.36 (174.67/132.17mm)
1787603604.314  event6   TOUCH_MOTION              3  +21.782s	1 (1) 56.22/46.90 (180.00/84.50mm)
1787603604.314  event6   TOUCH_FRAME                  +21.782s	
1787603604.323  event6   TOUCH_MOTION              2  +21.792s	0 (0) 54.66/72.99 (175.00/131.50mm)
1787603604.323  event6   TOUCH_MOTION              3  +21.792s	1 (1) 56.12/47.64 (179.67/85.83mm)
1787603604.323  event6   TOUCH_FRAME                  +21.792s	
1787603604.332  event6   TOUCH_MOTION              2  +21.801s	0 (0) 54.66/72.53 (175.00/130.67mm)
1787603604.332  event6   TOUCH_MOTION              3  +21.801s	1 (1) 56.01/48.38 (179.33/87.17mm)
1787603604.332  event6   TOUCH_FRAME                  +21.801s	
1787603604.342  event6   TOUCH_MOTION              2  +21.811s	0 (0) 54.71/72.16 (175.17/130.00mm)
1787603604.342  event6   TOUCH_MOTION              3  +21.811s	1 (1) 55.96/49.03 (179.17/88.33mm)
1787603604.342  event6   TOUCH_FRAME                  +21.811s	
1787603604.352  event6   TOUCH_MOTION              2  +21.821s	0 (0) 54.76/71.69 (175.33/129.17mm)
1787603604.352  event6   TOUCH_MOTION              3  +21.821s	1 (1) 55.86/49.68 (178.83/89.50mm)
1787603604.352  event6   TOUCH_FRAME                  +21.821s	
1787603604.362  event6   TOUCH_MOTION              2  +21.831s	0 (0) 54.82/71.23 (175.50/128.33mm)
1787603604.363  event6   TOUCH_MOTION              3  +21.831s	1 (1) 55.75/50.32 (178.50/90.67mm)
1787603604.363  event6   TOUCH_FRAME                  +21.831s	
1787603604.372  event6   TOUCH_MOTION              2  +21.841s	0 (0) 54.87/70.77 (175.67/127.50mm)
1787603604.372  event6   TOUCH_MOTION              3  +21.841s	1 (1) 55.65/50.79 (178.17/91.50mm)
1787603604.372  event6   TOUCH_FRAME                  +21.841s	
1787603604.383  event6   TOUCH_MOTION              2  +21.851s	0 (0) 54.87/70.31 (175.67/126.67mm)
1787603604.383  event6   TOUCH_MOTION              3  +21.851s	1 (1) 55.54/51.34 (177.83/92.50mm)
1787603604.383  event6   TOUCH_FRAME                  +21.851s	
1787603604.392  event6   TOUCH_MOTION              2  +21.861s	0 (0) 54.87/69.94 (175.67/126.00mm)
1787603604.392  event6   TOUCH_MOTION              3  +21.861s	1 (1) 55.44/51.90 (177.50/93.50mm)
1787603604.392  event6   TOUCH_FRAME                  +21.861s	
1787603604.402  event6   TOUCH_MOTION              2  +21.871s	0 (0) 54.92/69.57 (175.83/125.33mm)
1787603604.402  event6   TOUCH_MOTION              3  +21.871s	1 (1) 55.34/52.54 (177.17/94.67mm)
1787603604.402  event6   TOUCH_FRAME                  +21.871s	
1787603604.411  event6   TOUCH_MOTION              2  +21.880s	0 (0) 54.92/69.29 (175.83/124.83mm)
1787603604.411  event6   TOUCH_MOTION              3  +21.880s	1 (1) 55.28/53.19 (177.00/95.83mm)
1787603604.411  event6   TOUCH_FRAME                  +21.880s	
1787603604.422  event6   TOUCH_MOTION              2  +21.890s	0 (0) 54.92/69.01 (175.83/124.33mm)
1787603604.422  event6   TOUCH_MOTION              3  +21.890s	1 (1) 55.18/53.65 (176.67/96.67mm)
1787603604.422  event6   TOUCH_FRAME                  +21.890s	
1787603604.432  event6   TOUCH_MOTION              2  +21.900s	0 (0) 54.92/68.64 (175.83/123.67mm)
1787603604.432  event6   TOUCH_MOTION              3  +21.900s	1 (1) 55.13/54.02 (176.50/97.33mm)
1787603604.432  event6   TOUCH_FRAME                  +21.900s	
1787603604.442  event6   TOUCH_MOTION              2  +21.910s	0 (0) 54.92/68.27 (175.83/123.00mm)
1787603604.442  event6   TOUCH_MOTION              3  +21.910s	1 (1) 55.08/54.39 (176.33/98.00mm)
1787603604.442  event6   TOUCH_FRAME                  +21.910s	
1787603604.452  event6   TOUCH_MOTION              2  +21.920s	0 (0) 54.92/67.99 (175.83/122.50mm)
1787603604.452  event6   TOUCH_MOTION              3  +21.920s	1 (1) 55.08/54.67 (176.33/98.50mm)
1787603604.452  event6   TOUCH_FRAME                  +21.920s	
1787603604.462  event6   TOUCH_MOTION              2  +21.930s	0 (0) 54.92/67.72 (175.83/122.00mm)
1787603604.462  event6   TOUCH_MOTION              3  +21.930s	1 (1) 55.02/54.86 (176.17/98.83mm)
1787603604.462  event6   TOUCH_FRAME                  +21.930s	
1787603604.472  event6   TOUCH_MOTION              2  +21.940s	0 (0) 54.92/67.35 (175.83/121.33mm)
1787603604.472  event6   TOUCH_MOTION              3  +21.940s	1 (1) 54.97/55.04 (176.00/99.17mm)
1787603604.472  event6   TOUCH_FRAME                  +21.940s	
1787603604.481  event6   TOUCH_MOTION              2  +21.949s	0 (0) 54.92/67.07 (175.83/120.83mm)
1787603604.481  event6   TOUCH_MOTION              3  +21.949s	1 (1) 54.92/55.23 (175.83/99.50mm)
1787603604.481  event6   TOUCH_FRAME                  +21.949s	
1787603604.491  event6   TOUCH_MOTION              2  +21.959s	0 (0) 54.92/66.88 (175.83/120.50mm)
1787603604.491  event6   TOUCH_FRAME                  +21.959s	
1787603604.501  event6   TOUCH_MOTION              2  +21.969s	0 (0) 54.92/66.60 (175.83/120.00mm)
1787603604.501  event6   TOUCH_MOTION              3  +21.969s	1 (1) 54.92/55.32 (175.83/99.67mm)
1787603604.501  event6   TOUCH_FRAME                  +21.969s	
1787603604.511  event6   TOUCH_MOTION              2  +21.979s	0 (0) 54.92/66.42 (175.83/119.67mm)
1787603604.511  event6   TOUCH_MOTION              3  +21.979s	1 (1) 54.92/55.41 (175.83/99.83mm)
1787603604.511  event6   TOUCH_FRAME                  +21.979s	
1787603604.521  event6   TOUCH_MOTION              2  +21.989s	1 (1) 54.92/55.50 (175.83/100.00mm)
1787603604.521  event6   TOUCH_FRAME                  +21.989s	
1787603604.530  event6   TOUCH_MOTION              2  +21.998s	1 (1) 54.92/55.60 (175.83/100.17mm)
1787603604.530  event6   TOUCH_FRAME                  +21.998s	
1787603604.562  event6   TOUCH_UP                     +22.030s	0 (0)
1787603604.562  event6   TOUCH_FRAME                  +22.030s	
1787603604.583  event6   TOUCH_UP                     +22.051s	1 (1)
1787603604.583  event6   TOUCH_FRAME                  +22.051s	
1787603605.300  event6   TOUCH_DOWN                   +22.768s	0 (0) 51.28/73.54 (164.17/132.50mm)
1787603605.300  event6   TOUCH_FRAME                  +22.768s	
1787603605.317  event6   TOUCH_DOWN                   +22.786s	1 (1) 59.14/77.52 (189.33/139.67mm)
1787603605.317  event6   TOUCH_DOWN                   +22.786s	2 (2) 67.57/78.45 (216.33/141.33mm)
1787603605.317  event6   TOUCH_DOWN                   +22.786s	3 (3) 45.08/79.09 (144.33/142.50mm)
1787603605.318  event6   TOUCH_FRAME                  +22.786s	
1787603605.392  event6   TOUCH_MOTION                 +22.860s	2 (2) 67.57/77.52 (216.33/139.67mm)
1787603605.392  event6   TOUCH_FRAME                  +22.860s	
1787603605.401  event6   TOUCH_MOTION              2  +22.869s	1 (1) 59.14/76.78 (189.33/138.33mm)
1787603605.401  event6   TOUCH_MOTION              3  +22.869s	2 (2) 67.57/77.15 (216.33/139.00mm)
1787603605.401  event6   TOUCH_FRAME                  +22.869s	
1787603605.410  event6   TOUCH_MOTION              2  +22.878s	0 (0) 51.28/72.80 (164.17/131.17mm)
1787603605.410  event6   TOUCH_MOTION              3  +22.878s	1 (1) 59.14/76.60 (189.33/138.00mm)
1787603605.410  event6   TOUCH_MOTION              4  +22.878s	2 (2) 67.57/76.87 (216.33/138.50mm)
1787603605.410  event6   TOUCH_FRAME                  +22.878s	
1787603605.419  event6   TOUCH_MOTION              2  +22.887s	0 (0) 51.28/72.62 (164.17/130.83mm)
1787603605.419  event6   TOUCH_MOTION              3  +22.887s	1 (1) 59.14/76.41 (189.33/137.67mm)
1787603605.419  event6   TOUCH_MOTION              4  +22.887s	2 (2) 67.57/76.60 (216.33/138.00mm)
1787603605.419  event6   TOUCH_FRAME                  +22.887s	
1787603605.428  event6   TOUCH_MOTION              2  +22.896s	0 (0) 51.28/72.25 (164.17/130.17mm)
1787603605.428  event6   TOUCH_MOTION              3  +22.896s	1 (1) 59.14/76.04 (189.33/137.00mm)
1787603605.428  event6   TOUCH_MOTION              4  +22.896s	2 (2) 67.57/76.32 (216.33/137.50mm)
1787603605.428  event6   TOUCH_FRAME                  +22.896s	
1787603605.437  event6   TOUCH_MOTION              2  +22.905s	0 (0) 51.28/71.88 (164.17/129.50mm)
1787603605.437  event6   TOUCH_MOTION              3  +22.905s	1 (1) 59.14/75.67 (189.33/136.33mm)
1787603605.437  event6   TOUCH_MOTION              4  +22.905s	2 (2) 67.57/76.04 (216.33/137.00mm)
1787603605.437  event6   TOUCH_FRAME                  +22.905s	
1787603605.446  event6   TOUCH_MOTION              2  +22.914s	0 (0) 51.28/71.42 (164.17/128.67mm)
1787603605.446  event6   TOUCH_MOTION              3  +22.914s	1 (1) 59.14/75.12 (189.33/135.33mm)
1787603605.446  event6   TOUCH_MOTION              4  +22.914s	2 (2) 67.57/75.67 (216.33/136.33mm)
1787603605.446  event6   TOUCH_MOTION              5  +22.914s	3 (3) 45.03/78.26 (144.17/141.00mm)
1787603605.446  event6   TOUCH_FRAME                  +22.914s	
1787603605.455  event6   TOUCH_MOTION              2  +22.923s	0 (0) 51.28/70.77 (164.17/127.50mm)
1787603605.455  event6   TOUCH_MOTION              3  +22.923s	1 (1) 59.14/74.47 (189.33/134.17mm)
1787603605.455  event6   TOUCH_MOTION              4  +22.923s	2 (2) 67.57/75.21 (216.33/135.50mm)
1787603605.455  event6   TOUCH_MOTION              5  +22.923s	3 (3) 45.03/77.89 (144.17/140.33mm)
1787603605.455  event6   TOUCH_FRAME                  +22.923s	
1787603605.465  event6   TOUCH_MOTION              2  +22.933s	0 (0) 51.28/70.12 (164.17/126.33mm)
1787603605.465  event6   TOUCH_MOTION              3  +22.933s	1 (1) 59.19/73.73 (189.50/132.83mm)
1787603605.465  event6   TOUCH_MOTION              4  +22.933s	2 (2) 67.57/74.75 (216.33/134.67mm)
1787603605.465  event6   TOUCH_MOTION              5  +22.933s	3 (3) 45.03/77.34 (144.17/139.33mm)
1787603605.465  event6   TOUCH_FRAME                  +22.933s	
1787603605.474  event6   TOUCH_MOTION              2  +22.942s	0 (0) 51.28/69.38 (164.17/125.00mm)
1787603605.474  event6   TOUCH_MOTION              3  +22.942s	1 (1) 59.29/72.99 (189.83/131.50mm)
1787603605.474  event6   TOUCH_MOTION              4  +22.942s	2 (2) 67.57/74.19 (216.33/133.67mm)
1787603605.474  event6   TOUCH_MOTION              5  +22.942s	3 (3) 45.03/76.78 (144.17/138.33mm)
1787603605.474  event6   TOUCH_FRAME                  +22.942s	
1787603605.483  event6   TOUCH_MOTION              2  +22.951s	0 (0) 51.33/68.55 (164.33/123.50mm)
1787603605.483  event6   TOUCH_MOTION              3  +22.951s	1 (1) 59.34/72.25 (190.00/130.17mm)
1787603605.483  event6   TOUCH_MOTION              4  +22.951s	2 (2) 67.57/73.64 (216.33/132.67mm)
1787603605.483  event6   TOUCH_MOTION              5  +22.951s	3 (3) 45.03/76.04 (144.17/137.00mm)
1787603605.483  event6   TOUCH_FRAME                  +22.951s	
1787603605.492  event6   TOUCH_MOTION              2  +22.960s	0 (0) 51.38/67.72 (164.50/122.00mm)
1787603605.492  event6   TOUCH_MOTION              3  +22.960s	1 (1) 59.40/71.51 (190.17/128.83mm)
1787603605.492  event6   TOUCH_MOTION              4  +22.960s	2 (2) 67.57/72.90 (216.33/131.33mm)
1787603605.492  event6   TOUCH_MOTION              5  +22.960s	3 (3) 45.03/75.21 (144.17/135.50mm)
1787603605.492  event6   TOUCH_FRAME                  +22.960s	
1787603605.501  event6   TOUCH_MOTION              2  +22.969s	0 (0) 51.43/66.70 (164.67/120.17mm)
1787603605.501  event6   TOUCH_MOTION              3  +22.969s	1 (1) 59.50/70.58 (190.50/127.17mm)
1787603605.501  event6   TOUCH_MOTION              4  +22.969s	2 (2) 67.57/72.06 (216.33/129.83mm)
1787603605.501  event6   TOUCH_MOTION              5  +22.969s	3 (3) 45.08/74.28 (144.33/133.83mm)
1787603605.501  event6   TOUCH_FRAME                  +22.969s	
1787603605.510  event6   TOUCH_MOTION              2  +22.978s	0 (0) 51.48/65.68 (164.83/118.33mm)
1787603605.510  event6   TOUCH_MOTION              3  +22.978s	1 (1) 59.55/69.57 (190.67/125.33mm)
1787603605.510  event6   TOUCH_MOTION              4  +22.978s	2 (2) 67.62/71.14 (216.50/128.17mm)
1787603605.510  event6   TOUCH_MOTION              5  +22.978s	3 (3) 45.13/73.36 (144.50/132.17mm)
1787603605.510  event6   TOUCH_FRAME                  +22.978s	
1787603605.519  event6   TOUCH_MOTION              2  +22.987s	0 (0) 51.54/64.57 (165.00/116.33mm)
1787603605.519  event6   TOUCH_MOTION              3  +22.987s	1 (1) 59.66/68.64 (191.00/123.67mm)
1787603605.519  event6   TOUCH_MOTION              4  +22.987s	2 (2) 67.67/70.03 (216.67/126.17mm)
1787603605.519  event6   TOUCH_MOTION              5  +22.987s	3 (3) 45.18/72.25 (144.67/130.17mm)
1787603605.519  event6   TOUCH_FRAME                  +22.987s	
1787603605.528  event6   TOUCH_MOTION              2  +22.996s	0 (0) 51.64/63.37 (165.33/114.17mm)
1787603605.528  event6   TOUCH_MOTION              3  +22.996s	1 (1) 59.76/67.53 (191.33/121.67mm)
1787603605.528  event6   TOUCH_MOTION              4  +22.996s	2 (2) 67.73/68.92 (216.83/124.17mm)
1787603605.528  event6   TOUCH_MOTION              5  +22.996s	3 (3) 45.24/71.14 (144.83/128.17mm)
1787603605.528  event6   TOUCH_FRAME                  +22.996s	
1787603605.538  event6   TOUCH_MOTION              2  +23.006s	0 (0) 51.74/62.16 (165.67/112.00mm)
1787603605.538  event6   TOUCH_MOTION              3  +23.006s	1 (1) 59.81/66.42 (191.50/119.67mm)
1787603605.538  event6   TOUCH_MOTION              4  +23.006s	2 (2) 67.78/67.72 (217.00/122.00mm)
1787603605.538  event6   TOUCH_MOTION              5  +23.006s	3 (3) 45.24/70.03 (144.83/126.17mm)
1787603605.538  event6   TOUCH_FRAME                  +23.006s	
1787603605.547  event6   TOUCH_MOTION              2  +23.015s	0 (0) 51.80/60.87 (165.83/109.67mm)
1787603605.547  event6   TOUCH_MOTION              3  +23.015s	1 (1) 59.92/65.22 (191.83/117.50mm)
1787603605.547  event6   TOUCH_MOTION              4  +23.015s	2 (2) 67.78/66.42 (217.00/119.67mm)
1787603605.547  event6   TOUCH_MOTION              5  +23.015s	3 (3) 45.24/68.83 (144.83/124.00mm)
1787603605.547  event6   TOUCH_FRAME                  +23.015s	
1787603605.556  event6   TOUCH_MOTION              2  +23.024s	0 (0) 51.90/59.57 (166.17/107.33mm)
1787603605.556  event6   TOUCH_MOTION              3  +23.024s	1 (1) 59.97/63.92 (192.00/115.17mm)
1787603605.556  event6   TOUCH_MOTION              4  +23.024s	2 (2) 67.78/65.12 (217.00/117.33mm)
1787603605.556  event6   TOUCH_MOTION              5  +23.024s	3 (3) 45.24/67.62 (144.83/121.83mm)
1787603605.556  event6   TOUCH_FRAME                  +23.024s	
1787603605.565  event6   TOUCH_MOTION              2  +23.033s	0 (0) 51.95/58.19 (166.33/104.83mm)
1787603605.565  event6   TOUCH_MOTION              3  +23.033s	1 (1) 60.07/62.53 (192.33/112.67mm)
1787603605.565  event6   TOUCH_MOTION              4  +23.033s	2 (2) 67.78/63.92 (217.00/115.17mm)
1787603605.565  event6   TOUCH_MOTION              5  +23.033s	3 (3) 45.29/66.23 (145.00/119.33mm)
1787603605.565  event6   TOUCH_FRAME                  +23.033s	
1787603605.573  event6   TOUCH_MOTION              2  +23.042s	0 (0) 52.06/56.71 (166.67/102.17mm)
1787603605.573  event6   TOUCH_MOTION              3  +23.042s	1 (1) 60.12/61.24 (192.50/110.33mm)
1787603605.573  event6   TOUCH_MOTION              4  +23.042s	2 (2) 67.78/62.63 (217.00/112.83mm)
1787603605.573  event6   TOUCH_MOTION              5  +23.042s	3 (3) 45.29/64.85 (145.00/116.83mm)
1787603605.573  event6   TOUCH_FRAME                  +23.042s	
1787603605.583  event6   TOUCH_MOTION              2  +23.051s	0 (0) 52.11/55.23 (166.83/99.50mm)
1787603605.583  event6   TOUCH_MOTION              3  +23.051s	1 (1) 60.18/59.76 (192.67/107.67mm)
1787603605.583  event6   TOUCH_MOTION              4  +23.051s	2 (2) 67.78/61.24 (217.00/110.33mm)
1787603605.583  event6   TOUCH_MOTION              5  +23.051s	3 (3) 45.34/63.37 (145.17/114.17mm)
1787603605.583  event6   TOUCH_FRAME                  +23.051s	
1787603605.591  event6   TOUCH_MOTION              2  +23.060s	0 (0) 52.16/53.75 (167.00/96.83mm)
1787603605.592  event6   TOUCH_MOTION              3  +23.060s	1 (1) 60.23/58.28 (192.83/105.00mm)
1787603605.592  event6   TOUCH_MOTION              4  +23.060s	2 (2) 67.78/59.94 (217.00/108.00mm)
1787603605.592  event6   TOUCH_MOTION              5  +23.060s	3 (3) 45.39/61.79 (145.33/111.33mm)
1787603605.592  event6   TOUCH_FRAME                  +23.060s	
1787603605.601  event6   TOUCH_MOTION              2  +23.069s	0 (0) 52.16/52.27 (167.00/94.17mm)
1787603605.601  event6   TOUCH_MOTION              3  +23.069s	1 (1) 60.23/56.80 (192.83/102.33mm)
1787603605.601  event6   TOUCH_MOTION              4  +23.069s	2 (2) 67.78/58.65 (217.00/105.67mm)
1787603605.601  event6   TOUCH_MOTION              5  +23.069s	3 (3) 45.45/60.22 (145.50/108.50mm)
1787603605.601  event6   TOUCH_FRAME                  +23.069s	
1787603605.611  event6   TOUCH_MOTION              2  +23.079s	0 (0) 52.26/50.79 (167.33/91.50mm)
1787603605.611  event6   TOUCH_MOTION              3  +23.079s	1 (1) 60.28/55.32 (193.00/99.67mm)
1787603605.611  event6   TOUCH_MOTION              4  +23.079s	2 (2) 67.78/57.35 (217.00/103.33mm)
1787603605.611  event6   TOUCH_MOTION              5  +23.079s	3 (3) 45.50/58.65 (145.67/105.67mm)
1787603605.611  event6   TOUCH_FRAME                  +23.079s	
1787603605.620  event6   TOUCH_MOTION              2  +23.088s	0 (0) 52.32/49.31 (167.50/88.83mm)
1787603605.620  event6   TOUCH_MOTION              3  +23.088s	1 (1) 60.33/53.93 (193.17/97.17mm)
1787603605.620  event6   TOUCH_MOTION              4  +23.088s	2 (2) 67.78/56.06 (217.00/101.00mm)
1787603605.620  event6   TOUCH_MOTION              5  +23.088s	3 (3) 45.55/57.08 (145.83/102.83mm)
1787603605.620  event6   TOUCH_FRAME                  +23.088s	
1787603605.629  event6   TOUCH_MOTION              2  +23.097s	0 (0) 52.37/47.83 (167.67/86.17mm)
1787603605.629  event6   TOUCH_MOTION              3  +23.097s	1 (1) 60.33/52.45 (193.17/94.50mm)
1787603605.629  event6   TOUCH_MOTION              4  +23.097s	2 (2) 67.78/54.76 (217.00/98.67mm)
1787603605.629  event6   TOUCH_MOTION              5  +23.097s	3 (3) 45.65/55.60 (146.17/100.17mm)
1787603605.629  event6   TOUCH_FRAME                  +23.097s	
1787603605.638  event6   TOUCH_MOTION              2  +23.106s	0 (0) 52.42/46.35 (167.83/83.50mm)
1787603605.638  event6   TOUCH_MOTION              3  +23.106s	1 (1) 60.33/51.06 (193.17/92.00mm)
1787603605.638  event6   TOUCH_MOTION              4  +23.106s	2 (2) 67.78/53.38 (217.00/96.17mm)
1787603605.638  event6   TOUCH_MOTION              5  +23.106s	3 (3) 45.71/54.02 (146.33/97.33mm)
1787603605.638  event6   TOUCH_FRAME                  +23.106s	
1787603605.647  event6   TOUCH_MOTION              2  +23.115s	0 (0) 52.42/44.87 (167.83/80.83mm)
1787603605.647  event6   TOUCH_MOTION              3  +23.115s	1 (1) 60.33/49.58 (193.17/89.33mm)
1787603605.647  event6   TOUCH_MOTION              4  +23.115s	2 (2) 67.78/52.08 (217.00/93.83mm)
1787603605.647  event6   TOUCH_MOTION              5  +23.115s	3 (3) 45.81/52.54 (146.67/94.67mm)
1787603605.647  event6   TOUCH_FRAME                  +23.115s	
1787603605.656  event6   TOUCH_MOTION              2  +23.124s	0 (0) 52.42/43.39 (167.83/78.17mm)
1787603605.656  event6   TOUCH_MOTION              3  +23.124s	1 (1) 60.33/48.10 (193.17/86.67mm)
1787603605.656  event6   TOUCH_MOTION              4  +23.124s	2 (2) 67.78/50.79 (217.00/91.50mm)
1787603605.656  event6   TOUCH_FRAME                  +23.124s	
1787603605.665  event6   TOUCH_MOTION              2  +23.133s	0 (0) 52.47/41.81 (168.00/75.33mm)
1787603605.665  event6   TOUCH_MOTION              3  +23.133s	1 (1) 60.39/46.62 (193.33/84.00mm)
1787603605.665  event6   TOUCH_MOTION              4  +23.133s	2 (2) 67.83/49.49 (217.17/89.17mm)
1787603605.665  event6   TOUCH_FRAME                  +23.133s	
1787603605.674  event6   TOUCH_MOTION              2  +23.142s	1 (1) 60.44/45.14 (193.50/81.33mm)
1787603605.674  event6   TOUCH_MOTION              3  +23.142s	2 (2) 67.88/48.10 (217.33/86.67mm)
1787603605.674  event6   TOUCH_FRAME                  +23.142s	
1787603605.692  event6   TOUCH_UP                     +23.160s	3 (3)
1787603605.692  event6   TOUCH_FRAME                  +23.160s	
1787603605.709  event6   TOUCH_UP                     +23.178s	0 (0)
1787603605.710  event6   TOUCH_FRAME                  +23.178s	
1787603605.729  event6   TOUCH_UP                     +23.197s	1 (1)
1787603605.729  event6   TOUCH_UP                     +23.197s	2 (2)
1787603605.729  event6   TOUCH_FRAME                  +23.197s	
1787603608.997  event6   TOUCH_DOWN                   +26.465s	0 (0) 62.83/41.81 (201.17/75.33mm)
1787603608.997  event6   TOUCH_FRAME                  +26.465s	
1787603609.060  event6   TOUCH_MOTION                 +26.528s	0 (0) 62.68/41.17 (200.67/74.17mm)
1787603609.060  event6   TOUCH_FRAME                  +26.528s	
1787603609.070  event6   TOUCH_MOTION              2  +26.538s	0 (0) 62.57/40.98 (200.33/73.83mm)
1787603609.070  event6   TOUCH_FRAME                  +26.538s	
1787603609.079  event6   TOUCH_MOTION              2  +26.547s	0 (0) 62.42/40.80 (199.83/73.50mm)
1787603609.079  event6   TOUCH_FRAME                  +26.547s	
1787603609.088  event6   TOUCH_MOTION              2  +26.556s	0 (0) 62.21/40.61 (199.17/73.17mm)
1787603609.088  event6   TOUCH_FRAME                  +26.556s	
1787603609.097  event6   TOUCH_MOTION              2  +26.565s	0 (0) 62.00/40.43 (198.50/72.83mm)
1787603609.097  event6   TOUCH_FRAME                  +26.565s	
1787603609.106  event6   TOUCH_MOTION              2  +26.574s	0 (0) 61.79/40.15 (197.83/72.33mm)
1787603609.106  event6   TOUCH_FRAME                  +26.574s	
1787603609.115  event6   TOUCH_MOTION              2  +26.583s	0 (0) 61.43/39.96 (196.67/72.00mm)
1787603609.115  event6   TOUCH_FRAME                  +26.583s	
1787603609.124  event6   TOUCH_MOTION              2  +26.592s	0 (0) 61.01/39.78 (195.33/71.67mm)
1787603609.124  event6   TOUCH_FRAME                  +26.592s	
1787603609.133  event6   TOUCH_MOTION              2  +26.601s	0 (0) 60.54/39.69 (193.83/71.50mm)
1787603609.133  event6   TOUCH_FRAME                  +26.601s	
1787603609.143  event6   TOUCH_MOTION              2  +26.611s	0 (0) 60.02/39.50 (192.17/71.17mm)
1787603609.143  event6   TOUCH_FRAME                  +26.611s	
1787603609.152  event6   TOUCH_MOTION              2  +26.620s	0 (0) 59.50/39.41 (190.50/71.00mm)
1787603609.152  event6   TOUCH_FRAME                  +26.620s	
1787603609.161  event6   TOUCH_MOTION              2  +26.629s	0 (0) 58.88/39.41 (188.50/71.00mm)
1787603609.161  event6   TOUCH_FRAME                  +26.629s	
1787603609.170  event6   TOUCH_MOTION              2  +26.638s	0 (0) 58.30/39.41 (186.67/71.00mm)
1787603609.170  event6   TOUCH_FRAME                  +26.638s	
1787603609.179  event6   TOUCH_MOTION              2  +26.647s	0 (0) 57.68/39.59 (184.67/71.33mm)
1787603609.179  event6   TOUCH_FRAME                  +26.647s	
1787603609.188  event6   TOUCH_MOTION              2  +26.656s	0 (0) 57.05/39.78 (182.67/71.67mm)
1787603609.188  event6   TOUCH_FRAME                  +26.656s	
1787603609.197  event6   TOUCH_MOTION              2  +26.665s	0 (0) 56.43/40.06 (180.67/72.17mm)
1787603609.197  event6   TOUCH_FRAME                  +26.665s	
1787603609.206  event6   TOUCH_MOTION              2  +26.674s	0 (0) 55.75/40.43 (178.50/72.83mm)
1787603609.206  event6   TOUCH_FRAME                  +26.674s	
1787603609.215  event6   TOUCH_MOTION              2  +26.683s	0 (0) 55.13/40.89 (176.50/73.67mm)
1787603609.215  event6   TOUCH_FRAME                  +26.683s	
1787603609.225  event6   TOUCH_MOTION              2  +26.693s	0 (0) 54.50/41.44 (174.50/74.67mm)
1787603609.225  event6   TOUCH_FRAME                  +26.693s	
1787603609.234  event6   TOUCH_MOTION              2  +26.702s	0 (0) 53.88/42.00 (172.50/75.67mm)
1787603609.234  event6   TOUCH_FRAME                  +26.702s	
1787603609.243  event6   TOUCH_MOTION              2  +26.711s	0 (0) 53.31/42.65 (170.67/76.83mm)
1787603609.243  event6   TOUCH_FRAME                  +26.711s	
1787603609.252  event6   TOUCH_MOTION              2  +26.720s	0 (0) 52.73/43.20 (168.83/77.83mm)
1787603609.252  event6   TOUCH_FRAME                  +26.720s	
1787603609.261  event6   TOUCH_MOTION              2  +26.729s	0 (0) 52.26/43.85 (167.33/79.00mm)
1787603609.261  event6   TOUCH_FRAME                  +26.729s	
1787603609.270  event6   TOUCH_MOTION              2  +26.738s	0 (0) 51.85/44.59 (166.00/80.33mm)
1787603609.270  event6   TOUCH_FRAME                  +26.738s	
1787603609.279  event6   TOUCH_MOTION              2  +26.747s	0 (0) 51.48/45.24 (164.83/81.50mm)
1787603609.279  event6   TOUCH_FRAME                  +26.747s	
1787603609.288  event6   TOUCH_MOTION              2  +26.756s	0 (0) 51.17/45.88 (163.83/82.67mm)
1787603609.288  event6   TOUCH_FRAME                  +26.756s	
1787603609.298  event6   TOUCH_MOTION              2  +26.766s	0 (0) 50.96/46.53 (163.17/83.83mm)
1787603609.298  event6   TOUCH_FRAME                  +26.766s	
1787603609.307  event6   TOUCH_MOTION              2  +26.775s	0 (0) 50.81/47.18 (162.67/85.00mm)
1787603609.307  event6   TOUCH_FRAME                  +26.775s	
1787603609.316  event6   TOUCH_MOTION              2  +26.784s	0 (0) 50.70/47.73 (162.33/86.00mm)
1787603609.316  event6   TOUCH_FRAME                  +26.784s	
1787603609.325  event6   TOUCH_MOTION              2  +26.793s	0 (0) 50.70/48.29 (162.33/87.00mm)
1787603609.325  event6   TOUCH_FRAME                  +26.793s	
1787603609.334  event6   TOUCH_MOTION              2  +26.802s	0 (0) 50.75/48.75 (162.50/87.83mm)
1787603609.334  event6   TOUCH_FRAME                  +26.802s	
1787603609.343  event6   TOUCH_MOTION              2  +26.811s	0 (0) 50.86/49.21 (162.83/88.67mm)
1787603609.343  event6   TOUCH_FRAME                  +26.811s	
1787603609.352  event6   TOUCH_MOTION              2  +26.820s	0 (0) 51.07/49.58 (163.50/89.33mm)
1787603609.352  event6   TOUCH_FRAME                  +26.820s	
1787603609.361  event6   TOUCH_MOTION              2  +26.829s	0 (0) 51.28/49.95 (164.17/90.00mm)
1787603609.361  event6   TOUCH_FRAME                  +26.829s	
1787603609.371  event6   TOUCH_MOTION              2  +26.839s	0 (0) 51.54/50.32 (165.00/90.67mm)
1787603609.371  event6   TOUCH_FRAME                  +26.839s	
1787603609.380  event6   TOUCH_MOTION              2  +26.848s	0 (0) 51.85/50.51 (166.00/91.00mm)
1787603609.380  event6   TOUCH_FRAME                  +26.848s	
1787603609.389  event6   TOUCH_MOTION              2  +26.857s	0 (0) 52.16/50.69 (167.00/91.33mm)
1787603609.389  event6   TOUCH_FRAME                  +26.857s	
1787603609.398  event6   TOUCH_MOTION              2  +26.866s	0 (0) 52.63/50.88 (168.50/91.67mm)
1787603609.398  event6   TOUCH_FRAME                  +26.866s	
1787603609.407  event6   TOUCH_MOTION              2  +26.875s	0 (0) 53.05/51.06 (169.83/92.00mm)
1787603609.407  event6   TOUCH_FRAME                  +26.875s	
1787603609.416  event6   TOUCH_MOTION              2  +26.884s	0 (0) 53.51/51.06 (171.33/92.00mm)
1787603609.416  event6   TOUCH_FRAME                  +26.884s	
1787603609.425  event6   TOUCH_MOTION              2  +26.893s	0 (0) 53.98/51.06 (172.83/92.00mm)
1787603609.425  event6   TOUCH_FRAME                  +26.893s	
1787603609.434  event6   TOUCH_MOTION              2  +26.902s	0 (0) 54.55/51.06 (174.67/92.00mm)
1787603609.434  event6   TOUCH_FRAME                  +26.902s	
1787603609.444  event6   TOUCH_MOTION              2  +26.912s	0 (0) 55.08/51.06 (176.33/92.00mm)
1787603609.444  event6   TOUCH_FRAME                  +26.912s	
1787603609.453  event6   TOUCH_MOTION              2  +26.921s	0 (0) 55.70/50.88 (178.33/91.67mm)
1787603609.453  event6   TOUCH_FRAME                  +26.921s	
1787603609.462  event6   TOUCH_MOTION              2  +26.930s	0 (0) 56.27/50.69 (180.17/91.33mm)
1787603609.462  event6   TOUCH_FRAME                  +26.930s	
1787603609.471  event6   TOUCH_MOTION              2  +26.939s	0 (0) 56.85/50.51 (182.00/91.00mm)
1787603609.471  event6   TOUCH_FRAME                  +26.939s	
1787603609.480  event6   TOUCH_MOTION              2  +26.948s	0 (0) 57.37/50.23 (183.67/90.50mm)
1787603609.480  event6   TOUCH_FRAME                  +26.948s	
1787603609.489  event6   TOUCH_MOTION              2  +26.957s	0 (0) 57.89/49.95 (185.33/90.00mm)
1787603609.489  event6   TOUCH_FRAME                  +26.957s	
1787603609.498  event6   TOUCH_MOTION              2  +26.966s	0 (0) 58.41/49.58 (187.00/89.33mm)
1787603609.498  event6   TOUCH_FRAME                  +26.966s	
1787603609.507  event6   TOUCH_MOTION              2  +26.975s	0 (0) 58.88/49.21 (188.50/88.67mm)
1787603609.507  event6   TOUCH_FRAME                  +26.975s	
1787603609.517  event6   TOUCH_MOTION              2  +26.985s	0 (0) 59.34/48.84 (190.00/88.00mm)
1787603609.517  event6   TOUCH_FRAME                  +26.985s	
1787603609.526  event6   TOUCH_MOTION              2  +26.994s	0 (0) 59.76/48.38 (191.33/87.17mm)
1787603609.526  event6   TOUCH_FRAME                  +26.994s	
1787603609.535  event6   TOUCH_MOTION              2  +27.003s	0 (0) 60.12/48.01 (192.50/86.50mm)
1787603609.535  event6   TOUCH_FRAME                  +27.003s	
1787603609.544  event6   TOUCH_MOTION              2  +27.012s	0 (0) 60.44/47.46 (193.50/85.50mm)
1787603609.544  event6   TOUCH_FRAME                  +27.012s	
1787603609.553  event6   TOUCH_MOTION              2  +27.021s	0 (0) 60.75/46.90 (194.50/84.50mm)
1787603609.553  event6   TOUCH_FRAME                  +27.021s	
1787603609.562  event6   TOUCH_MOTION              2  +27.030s	0 (0) 61.06/46.35 (195.50/83.50mm)
1787603609.562  event6   TOUCH_FRAME                  +27.030s	
1787603609.571  event6   TOUCH_MOTION              2  +27.039s	0 (0) 61.32/45.79 (196.33/82.50mm)
1787603609.571  event6   TOUCH_FRAME                  +27.039s	
1787603609.580  event6   TOUCH_MOTION              2  +27.048s	0 (0) 61.53/45.14 (197.00/81.33mm)
1787603609.580  event6   TOUCH_FRAME                  +27.048s	
1787603609.590  event6   TOUCH_MOTION              2  +27.058s	0 (0) 61.69/44.59 (197.50/80.33mm)
1787603609.590  event6   TOUCH_FRAME                  +27.058s	
1787603609.599  event6   TOUCH_MOTION              2  +27.067s	0 (0) 61.79/43.85 (197.83/79.00mm)
1787603609.599  event6   TOUCH_FRAME                  +27.067s	
1787603609.608  event6   TOUCH_MOTION              2  +27.076s	0 (0) 61.79/43.29 (197.83/78.00mm)
1787603609.608  event6   TOUCH_FRAME                  +27.076s	
1787603609.617  event6   TOUCH_MOTION              2  +27.085s	0 (0) 61.84/42.74 (198.00/77.00mm)
1787603609.617  event6   TOUCH_FRAME                  +27.085s	
1787603609.626  event6   TOUCH_MOTION              2  +27.094s	0 (0) 61.84/42.09 (198.00/75.83mm)
1787603609.626  event6   TOUCH_FRAME                  +27.094s	
1787603609.635  event6   TOUCH_MOTION              2  +27.103s	0 (0) 61.79/41.54 (197.83/74.83mm)
1787603609.635  event6   TOUCH_FRAME                  +27.103s	
1787603609.644  event6   TOUCH_MOTION              2  +27.112s	0 (0) 61.74/40.80 (197.67/73.50mm)
1787603609.644  event6   TOUCH_FRAME                  +27.112s	
1787603609.653  event6   TOUCH_MOTION              2  +27.121s	0 (0) 61.63/40.15 (197.33/72.33mm)
1787603609.653  event6   TOUCH_FRAME                  +27.121s	
1787603609.663  event6   TOUCH_MOTION              2  +27.131s	0 (0) 61.53/39.50 (197.00/71.17mm)
1787603609.663  event6   TOUCH_FRAME                  +27.131s	
1787603609.672  event6   TOUCH_MOTION              2  +27.140s	0 (0) 61.32/38.85 (196.33/70.00mm)
1787603609.672  event6   TOUCH_FRAME                  +27.140s	
1787603609.681  event6   TOUCH_MOTION              2  +27.149s	0 (0) 61.11/38.21 (195.67/68.83mm)
1787603609.681  event6   TOUCH_FRAME                  +27.149s	
1787603609.690  event6   TOUCH_MOTION              2  +27.158s	0 (0) 60.91/37.47 (195.00/67.50mm)
1787603609.690  event6   TOUCH_FRAME                  +27.158s	
1787603609.699  event6   TOUCH_MOTION              2  +27.167s	0 (0) 60.70/36.82 (194.33/66.33mm)
1787603609.699  event6   TOUCH_FRAME                  +27.167s	
1787603609.708  event6   TOUCH_MOTION              2  +27.176s	0 (0) 60.44/36.08 (193.50/65.00mm)
1787603609.708  event6   TOUCH_FRAME                  +27.176s	
1787603609.717  event6   TOUCH_MOTION              2  +27.185s	0 (0) 60.18/35.34 (192.67/63.67mm)
1787603609.717  event6   TOUCH_FRAME                  +27.185s	
1787603609.726  event6   TOUCH_MOTION              2  +27.194s	0 (0) 59.86/34.60 (191.67/62.33mm)
1787603609.726  event6   TOUCH_FRAME                  +27.194s	
1787603609.735  event6   TOUCH_MOTION              2  +27.203s	0 (0) 59.55/33.86 (190.67/61.00mm)
1787603609.735  event6   TOUCH_FRAME                  +27.203s	
1787603609.745  event6   TOUCH_MOTION              2  +27.213s	0 (0) 59.14/33.12 (189.33/59.67mm)
1787603609.745  event6   TOUCH_FRAME                  +27.213s	
1787603609.754  event6   TOUCH_MOTION              2  +27.222s	0 (0) 58.77/32.38 (188.17/58.33mm)
1787603609.754  event6   TOUCH_FRAME                  +27.222s	
1787603609.763  event6   TOUCH_MOTION              2  +27.231s	0 (0) 58.41/31.64 (187.00/57.00mm)
1787603609.763  event6   TOUCH_FRAME                  +27.231s	
1787603609.772  event6   TOUCH_MOTION              2  +27.240s	0 (0) 57.99/30.90 (185.67/55.67mm)
1787603609.772  event6   TOUCH_FRAME                  +27.240s	
1787603609.781  event6   TOUCH_MOTION              2  +27.249s	0 (0) 57.57/30.16 (184.33/54.33mm)
1787603609.781  event6   TOUCH_FRAME                  +27.249s	
1787603609.790  event6   TOUCH_MOTION              2  +27.258s	0 (0) 57.16/29.42 (183.00/53.00mm)
1787603609.790  event6   TOUCH_FRAME                  +27.258s	
1787603609.799  event6   TOUCH_MOTION              2  +27.267s	0 (0) 56.79/28.68 (181.83/51.67mm)
1787603609.799  event6   TOUCH_FRAME                  +27.267s	
1787603609.808  event6   TOUCH_MOTION              2  +27.276s	0 (0) 56.43/27.94 (180.67/50.33mm)
1787603609.808  event6   TOUCH_FRAME                  +27.276s	
1787603609.818  event6   TOUCH_MOTION              2  +27.286s	0 (0) 56.01/27.20 (179.33/49.00mm)
1787603609.818  event6   TOUCH_FRAME                  +27.286s	
1787603609.827  event6   TOUCH_MOTION              2  +27.295s	0 (0) 55.70/26.46 (178.33/47.67mm)
1787603609.827  event6   TOUCH_FRAME                  +27.295s	
1787603609.836  event6   TOUCH_MOTION              2  +27.304s	0 (0) 55.34/25.81 (177.17/46.50mm)
1787603609.836  event6   TOUCH_FRAME                  +27.304s	
1787603609.845  event6   TOUCH_MOTION              2  +27.313s	0 (0) 55.02/25.16 (176.17/45.33mm)
1787603609.845  event6   TOUCH_FRAME                  +27.313s	
1787603609.854  event6   TOUCH_MOTION              2  +27.322s	0 (0) 54.71/24.51 (175.17/44.17mm)
1787603609.854  event6   TOUCH_FRAME                  +27.322s	
1787603609.863  event6   TOUCH_MOTION              2  +27.331s	0 (0) 54.40/23.96 (174.17/43.17mm)
1787603609.863  event6   TOUCH_FRAME                  +27.331s	
1787603609.872  event6   TOUCH_MOTION              2  +27.340s	0 (0) 54.19/23.40 (173.50/42.17mm)
1787603609.872  event6   TOUCH_FRAME                  +27.340s	
1787603609.881  event6   TOUCH_MOTION              2  +27.349s	0 (0) 53.93/23.03 (172.67/41.50mm)
1787603609.881  event6   TOUCH_FRAME                  +27.349s	
1787603609.891  event6   TOUCH_MOTION              2  +27.359s	0 (0) 53.67/22.66 (171.83/40.83mm)
1787603609.891  event6   TOUCH_FRAME                  +27.359s	
1787603609.900  event6   TOUCH_MOTION              2  +27.368s	0 (0) 53.46/22.29 (171.17/40.17mm)
1787603609.900  event6   TOUCH_FRAME                  +27.368s	
1787603609.909  event6   TOUCH_MOTION              2  +27.377s	0 (0) 53.25/21.92 (170.50/39.50mm)
1787603609.909  event6   TOUCH_FRAME                  +27.377s	
1787603609.918  event6   TOUCH_MOTION              2  +27.386s	0 (0) 53.05/21.83 (169.83/39.33mm)
1787603609.918  event6   TOUCH_FRAME                  +27.386s	
1787603609.927  event6   TOUCH_MOTION              2  +27.395s	0 (0) 52.84/21.65 (169.17/39.00mm)
1787603609.927  event6   TOUCH_FRAME                  +27.395s	
1787603609.936  event6   TOUCH_MOTION              2  +27.404s	0 (0) 52.63/21.65 (168.50/39.00mm)
1787603609.936  event6   TOUCH_FRAME                  +27.404s	
1787603609.945  event6   TOUCH_MOTION              2  +27.413s	0 (0) 52.42/21.65 (167.83/39.00mm)
1787603609.945  event6   TOUCH_FRAME                  +27.413s	
1787603609.954  event6   TOUCH_MOTION              2  +27.422s	0 (0) 52.16/21.83 (167.00/39.33mm)
1787603609.954  event6   TOUCH_FRAME                  +27.422s	
1787603609.964  event6   TOUCH_MOTION              2  +27.432s	0 (0) 51.95/22.02 (166.33/39.67mm)
1787603609.964  event6   TOUCH_FRAME                  +27.432s	
1787603609.973  event6   TOUCH_MOTION              2  +27.441s	0 (0) 51.74/22.39 (165.67/40.33mm)
1787603609.973  event6   TOUCH_FRAME                  +27.441s	
1787603609.982  event6   TOUCH_MOTION              2  +27.450s	0 (0) 51.54/22.85 (165.00/41.17mm)
1787603609.982  event6   TOUCH_FRAME                  +27.450s	
1787603609.991  event6   TOUCH_MOTION              2  +27.459s	0 (0) 51.33/23.40 (164.33/42.17mm)
1787603609.991  event6   TOUCH_FRAME                  +27.459s	
1787603610.000  event6   TOUCH_MOTION              2  +27.468s	0 (0) 51.12/24.14 (163.67/43.50mm)
1787603610.000  event6   TOUCH_FRAME                  +27.468s	
1787603610.009  event6   TOUCH_MOTION              2  +27.477s	0 (0) 50.86/25.07 (162.83/45.17mm)
1787603610.009  event6   TOUCH_FRAME                  +27.477s	
1787603610.018  event6   TOUCH_MOTION              2  +27.486s	0 (0) 50.60/26.09 (162.00/47.00mm)
1787603610.018  event6   TOUCH_FRAME                  +27.486s	
1787603610.027  event6   TOUCH_MOTION              2  +27.495s	0 (0) 50.39/27.20 (161.33/49.00mm)
1787603610.027  event6   TOUCH_FRAME                  +27.495s	
1787603610.037  event6   TOUCH_MOTION              2  +27.505s	0 (0) 50.18/28.31 (160.67/51.00mm)
1787603610.037  event6   TOUCH_FRAME                  +27.505s	
1787603610.046  event6   TOUCH_MOTION              2  +27.514s	0 (0) 49.97/29.60 (160.00/53.33mm)
1787603610.046  event6   TOUCH_FRAME                  +27.514s	
1787603610.055  event6   TOUCH_MOTION              2  +27.523s	0 (0) 49.71/30.90 (159.17/55.67mm)
1787603610.055  event6   TOUCH_FRAME                  +27.523s	
1787603610.064  event6   TOUCH_MOTION              2  +27.532s	0 (0) 49.56/32.10 (158.67/57.83mm)
1787603610.064  event6   TOUCH_FRAME                  +27.532s	
1787603610.073  event6   TOUCH_MOTION              2  +27.541s	0 (0) 49.45/33.40 (158.33/60.17mm)
1787603610.073  event6   TOUCH_FRAME                  +27.541s	
1787603610.082  event6   TOUCH_MOTION              2  +27.550s	0 (0) 49.30/34.60 (157.83/62.33mm)
1787603610.082  event6   TOUCH_FRAME                  +27.550s	
1787603610.091  event6   TOUCH_MOTION              2  +27.559s	0 (0) 49.25/35.71 (157.67/64.33mm)
1787603610.091  event6   TOUCH_FRAME                  +27.559s	
1787603610.100  event6   TOUCH_MOTION              2  +27.568s	0 (0) 49.19/36.82 (157.50/66.33mm)
1787603610.100  event6   TOUCH_FRAME                  +27.568s	
1787603610.109  event6   TOUCH_MOTION              2  +27.577s	0 (0) 49.14/37.84 (157.33/68.17mm)
1787603610.109  event6   TOUCH_FRAME                  +27.577s	
1787603610.119  event6   TOUCH_MOTION              2  +27.587s	0 (0) 49.09/38.85 (157.17/70.00mm)
1787603610.119  event6   TOUCH_FRAME                  +27.587s	
1787603610.128  event6   TOUCH_MOTION              2  +27.596s	0 (0) 49.09/39.78 (157.17/71.67mm)
1787603610.128  event6   TOUCH_FRAME                  +27.596s	
1787603610.137  event6   TOUCH_MOTION              2  +27.605s	0 (0) 49.09/40.61 (157.17/73.17mm)
1787603610.137  event6   TOUCH_FRAME                  +27.605s	
1787603610.146  event6   TOUCH_MOTION              2  +27.614s	0 (0) 49.14/41.44 (157.33/74.67mm)
1787603610.146  event6   TOUCH_FRAME                  +27.614s	
1787603610.155  event6   TOUCH_MOTION              2  +27.623s	0 (0) 49.25/42.18 (157.67/76.00mm)
1787603610.155  event6   TOUCH_FRAME                  +27.623s	
1787603610.164  event6   TOUCH_MOTION              2  +27.632s	0 (0) 49.35/42.92 (158.00/77.33mm)
1787603610.164  event6   TOUCH_FRAME                  +27.632s	
1787603610.212  event6   TOUCH_UP                     +27.680s	0 (0)
1787603610.212  event6   TOUCH_FRAME                  +27.680s	
1787603610.577  event6   TOUCH_DOWN                   +28.045s	0 (0) 65.80/57.08 (210.67/102.83mm)
1787603610.577  event6   TOUCH_FRAME                  +28.045s	
1787603610.586  event6   TOUCH_MOTION                 +28.054s	0 (0) 66.01/55.32 (211.33/99.67mm)
1787603610.586  event6   TOUCH_FRAME                  +28.054s	
1787603610.595  event6   TOUCH_MOTION              2  +28.063s	0 (0) 66.06/54.86 (211.50/98.83mm)
1787603610.595  event6   TOUCH_FRAME                  +28.063s	
1787603610.604  event6   TOUCH_MOTION              2  +28.072s	0 (0) 66.16/54.49 (211.83/98.17mm)
1787603610.604  event6   TOUCH_DOWN                   +28.072s	1 (1) 46.85/53.01 (150.00/95.50mm)
1787603610.604  event6   TOUCH_FRAME                  +28.072s	
1787603610.613  event6   TOUCH_MOTION                 +28.081s	0 (0) 66.22/54.02 (212.00/97.33mm)
1787603610.613  event6   TOUCH_MOTION              2  +28.081s	1 (1) 46.85/52.64 (150.00/94.83mm)
1787603610.613  event6   TOUCH_FRAME                  +28.081s	
1787603610.622  event6   TOUCH_MOTION              2  +28.090s	0 (0) 66.22/53.56 (212.00/96.50mm)
1787603610.622  event6   TOUCH_MOTION              3  +28.090s	1 (1) 46.80/52.17 (149.83/94.00mm)
1787603610.622  event6   TOUCH_FRAME                  +28.090s	
1787603610.631  event6   TOUCH_MOTION              2  +28.099s	0 (0) 66.27/53.10 (212.17/95.67mm)
1787603610.634  event6   TOUCH_MOTION              3  +28.099s	1 (1) 46.80/51.71 (149.83/93.17mm)
1787603610.634  event6   TOUCH_DOWN                   +28.099s	2 (2) 53.15/49.49 (170.17/89.17mm)
1787603610.634  event6   TOUCH_FRAME                  +28.099s	
1787603610.640  event6   TOUCH_MOTION                 +28.108s	0 (0) 66.32/52.64 (212.33/94.83mm)
1787603610.640  event6   TOUCH_MOTION              2  +28.108s	1 (1) 46.75/51.16 (149.67/92.17mm)
1787603610.640  event6   TOUCH_MOTION              3  +28.108s	2 (2) 53.15/48.84 (170.17/88.00mm)
1787603610.640  event6   TOUCH_DOWN                   +28.108s	3 (3) 59.55/52.82 (190.67/95.17mm)
1787603610.640  event6   TOUCH_FRAME                  +28.108s	
1787603610.650  event6   TOUCH_MOTION                 +28.118s	0 (0) 66.32/52.17 (212.33/94.00mm)
1787603610.650  event6   TOUCH_MOTION              2  +28.118s	1 (1) 46.69/50.60 (149.50/91.17mm)
1787603610.650  event6   TOUCH_MOTION              3  +28.118s	2 (2) 53.15/48.29 (170.17/87.00mm)
1787603610.650  event6   TOUCH_MOTION              4  +28.118s	3 (3) 59.55/52.27 (190.67/94.17mm)
1787603610.650  event6   TOUCH_FRAME                  +28.118s	
1787603610.659  event6   TOUCH_MOTION              2  +28.127s	0 (0) 66.32/51.53 (212.33/92.83mm)
1787603610.659  event6   TOUCH_MOTION              3  +28.127s	1 (1) 46.64/49.95 (149.33/90.00mm)
1787603610.659  event6   TOUCH_MOTION              4  +28.127s	2 (2) 53.10/47.55 (170.00/85.67mm)
1787603610.659  event6   TOUCH_MOTION              5  +28.127s	3 (3) 59.55/51.71 (190.67/93.17mm)
1787603610.659  event6   TOUCH_FRAME                  +28.127s	
1787603610.668  event6   TOUCH_MOTION              2  +28.136s	0 (0) 66.32/51.06 (212.33/92.00mm)
1787603610.668  event6   TOUCH_MOTION              3  +28.136s	1 (1) 46.59/49.21 (149.17/88.67mm)
1787603610.668  event6   TOUCH_MOTION              4  +28.136s	2 (2) 53.10/46.81 (170.00/84.33mm)
1787603610.668  event6   TOUCH_MOTION              5  +28.136s	3 (3) 59.50/51.06 (190.50/92.00mm)
1787603610.668  event6   TOUCH_FRAME                  +28.136s	
1787603610.677  event6   TOUCH_MOTION              2  +28.145s	0 (0) 66.32/50.51 (212.33/91.00mm)
1787603610.677  event6   TOUCH_MOTION              3  +28.145s	1 (1) 46.59/48.57 (149.17/87.50mm)
1787603610.677  event6   TOUCH_MOTION              4  +28.145s	2 (2) 53.05/45.98 (169.83/82.83mm)
1787603610.677  event6   TOUCH_MOTION              5  +28.145s	3 (3) 59.45/50.32 (190.33/90.67mm)
1787603610.677  event6   TOUCH_FRAME                  +28.145s	
1787603610.686  event6   TOUCH_MOTION              2  +28.154s	0 (0) 66.27/49.86 (212.17/89.83mm)
1787603610.686  event6   TOUCH_MOTION              3  +28.154s	1 (1) 46.54/47.92 (149.00/86.33mm)
1787603610.686  event6   TOUCH_MOTION              4  +28.154s	2 (2) 52.99/45.14 (169.67/81.33mm)
1787603610.686  event6   TOUCH_MOTION              5  +28.154s	3 (3) 59.40/49.58 (190.17/89.33mm)
1787603610.686  event6   TOUCH_FRAME                  +28.154s	
1787603610.695  event6   TOUCH_MOTION              2  +28.163s	0 (0) 66.22/49.12 (212.00/88.50mm)
1787603610.695  event6   TOUCH_MOTION              3  +28.163s	1 (1) 46.54/47.18 (149.00/85.00mm)
1787603610.695  event6   TOUCH_MOTION              4  +28.163s	2 (2) 52.94/44.31 (169.50/79.83mm)
1787603610.695  event6   TOUCH_MOTION              5  +28.163s	3 (3) 59.34/48.84 (190.00/88.00mm)
1787603610.695  event6   TOUCH_FRAME                  +28.163s	
1787603610.704  event6   TOUCH_MOTION              2  +28.172s	0 (0) 66.22/48.38 (212.00/87.17mm)
1787603610.704  event6   TOUCH_MOTION              3  +28.172s	1 (1) 46.49/46.44 (148.83/83.67mm)
1787603610.704  event6   TOUCH_MOTION              4  +28.172s	2 (2) 52.89/43.48 (169.33/78.33mm)
1787603610.704  event6   TOUCH_MOTION              5  +28.172s	3 (3) 59.24/48.01 (189.67/86.50mm)
1787603610.704  event6   TOUCH_FRAME                  +28.172s	
1787603610.714  event6   TOUCH_MOTION              2  +28.182s	0 (0) 66.16/47.64 (211.83/85.83mm)
1787603610.714  event6   TOUCH_MOTION              3  +28.182s	1 (1) 46.43/45.61 (148.67/82.17mm)
1787603610.714  event6   TOUCH_MOTION              4  +28.182s	2 (2) 52.84/42.55 (169.17/76.67mm)
1787603610.714  event6   TOUCH_MOTION              5  +28.182s	3 (3) 59.14/46.99 (189.33/84.67mm)
1787603610.714  event6   TOUCH_FRAME                  +28.182s	
1787603610.723  event6   TOUCH_MOTION              2  +28.191s	0 (0) 66.16/46.62 (211.83/84.00mm)
1787603610.723  event6   TOUCH_MOTION              3  +28.191s	1 (1) 46.38/44.77 (148.50/80.67mm)
1787603610.723  event6   TOUCH_MOTION              4  +28.191s	2 (2) 52.84/41.63 (169.17/75.00mm)
1787603610.723  event6   TOUCH_MOTION              5  +28.191s	3 (3) 59.08/46.07 (189.17/83.00mm)
1787603610.723  event6   TOUCH_FRAME                  +28.191s	
1787603610.732  event6   TOUCH_MOTION              2  +28.200s	0 (0) 66.16/45.42 (211.83/81.83mm)
1787603610.732  event6   TOUCH_MOTION              3  +28.200s	1 (1) 46.38/43.94 (148.50/79.17mm)
1787603610.732  event6   TOUCH_MOTION              4  +28.200s	2 (2) 52.79/40.61 (169.00/73.17mm)
1787603610.732  event6   TOUCH_MOTION              5  +28.200s	3 (3) 59.08/44.96 (189.17/81.00mm)
1787603610.732  event6   TOUCH_FRAME                  +28.200s	
1787603610.741  event6   TOUCH_MOTION              2  +28.209s	0 (0) 66.22/44.13 (212.00/79.50mm)
1787603610.741  event6   TOUCH_MOTION              3  +28.209s	1 (1) 46.38/43.11 (148.50/77.67mm)
1787603610.741  event6   TOUCH_MOTION              4  +28.209s	2 (2) 52.73/39.69 (168.83/71.50mm)
1787603610.741  event6   TOUCH_MOTION              5  +28.209s	3 (3) 59.03/43.94 (189.00/79.17mm)
1787603610.741  event6   TOUCH_FRAME                  +28.209s	
1787603610.750  event6   TOUCH_MOTION              2  +28.218s	0 (0) 66.27/42.74 (212.17/77.00mm)
1787603610.750  event6   TOUCH_MOTION              3  +28.218s	1 (1) 46.33/42.18 (148.33/76.00mm)
1787603610.750  event6   TOUCH_MOTION              4  +28.218s	2 (2) 52.68/38.58 (168.67/69.50mm)
1787603610.750  event6   TOUCH_MOTION              5  +28.218s	3 (3) 58.98/42.92 (188.83/77.33mm)
1787603610.750  event6   TOUCH_FRAME                  +28.218s	
1787603610.759  event6   TOUCH_MOTION              2  +28.227s	0 (0) 66.32/41.35 (212.33/74.50mm)
1787603610.759  event6   TOUCH_MOTION              3  +28.227s	1 (1) 46.28/41.17 (148.17/74.17mm)
1787603610.759  event6   TOUCH_MOTION              4  +28.227s	2 (2) 52.63/37.56 (168.50/67.67mm)
1787603610.759  event6   TOUCH_MOTION              5  +28.227s	3 (3) 58.93/41.91 (188.67/75.50mm)
1787603610.759  event6   TOUCH_FRAME                  +28.227s	
1787603610.768  event6   TOUCH_MOTION              2  +28.236s	0 (0) 66.37/40.06 (212.50/72.17mm)
1787603610.768  event6   TOUCH_MOTION              3  +28.236s	1 (1) 46.23/40.24 (148.00/72.50mm)
1787603610.768  event6   TOUCH_MOTION              4  +28.236s	2 (2) 52.63/36.45 (168.50/65.67mm)
1787603610.768  event6   TOUCH_MOTION              5  +28.236s	3 (3) 58.88/40.80 (188.50/73.50mm)
1787603610.768  event6   TOUCH_FRAME                  +28.236s	
1787603610.777  event6   TOUCH_MOTION              2  +28.245s	0 (0) 66.37/38.85 (212.50/70.00mm)
1787603610.777  event6   TOUCH_MOTION              3  +28.245s	1 (1) 46.17/39.32 (147.83/70.83mm)
1787603610.777  event6   TOUCH_MOTION              4  +28.245s	2 (2) 52.63/35.43 (168.50/63.83mm)
1787603610.777  event6   TOUCH_MOTION              5  +28.245s	3 (3) 58.88/39.69 (188.50/71.50mm)
1787603610.777  event6   TOUCH_FRAME                  +28.245s	
1787603610.787  event6   TOUCH_MOTION              2  +28.255s	0 (0) 66.37/37.65 (212.50/67.83mm)
1787603610.787  event6   TOUCH_MOTION              3  +28.255s	1 (1) 46.17/38.21 (147.83/68.83mm)
1787603610.787  event6   TOUCH_MOTION              4  +28.255s	2 (2) 52.58/34.32 (168.33/61.83mm)
1787603610.787  event6   TOUCH_MOTION              5  +28.255s	3 (3) 58.88/38.67 (188.50/69.67mm)
1787603610.787  event6   TOUCH_FRAME                  +28.255s	
1787603610.796  event6   TOUCH_MOTION              2  +28.264s	0 (0) 66.37/36.54 (212.50/65.83mm)
1787603610.796  event6   TOUCH_MOTION              3  +28.264s	1 (1) 46.12/37.19 (147.67/67.00mm)
1787603610.796  event6   TOUCH_MOTION              4  +28.264s	2 (2) 52.52/33.21 (168.17/59.83mm)
1787603610.796  event6   TOUCH_MOTION              5  +28.264s	3 (3) 58.88/37.65 (188.50/67.83mm)
1787603610.796  event6   TOUCH_FRAME                  +28.264s	
1787603610.805  event6   TOUCH_MOTION              2  +28.273s	0 (0) 66.32/35.52 (212.33/64.00mm)
1787603610.805  event6   TOUCH_MOTION              3  +28.273s	1 (1) 46.07/36.08 (147.50/65.00mm)
1787603610.805  event6   TOUCH_MOTION              4  +28.273s	2 (2) 52.52/32.10 (168.17/57.83mm)
1787603610.805  event6   TOUCH_MOTION              5  +28.273s	3 (3) 58.88/36.54 (188.50/65.83mm)
1787603610.805  event6   TOUCH_FRAME                  +28.273s	
1787603610.814  event6   TOUCH_MOTION              2  +28.282s	0 (0) 66.27/34.69 (212.17/62.50mm)
1787603610.814  event6   TOUCH_MOTION              3  +28.282s	1 (1) 46.07/34.97 (147.50/63.00mm)
1787603610.814  event6   TOUCH_MOTION              4  +28.282s	2 (2) 52.52/30.90 (168.17/55.67mm)
1787603610.814  event6   TOUCH_MOTION              5  +28.282s	3 (3) 58.88/35.43 (188.50/63.83mm)
1787603610.814  event6   TOUCH_FRAME                  +28.282s	
1787603610.823  event6   TOUCH_MOTION              2  +28.291s	0 (0) 66.22/33.86 (212.00/61.00mm)
1787603610.823  event6   TOUCH_MOTION              3  +28.291s	1 (1) 46.07/33.86 (147.50/61.00mm)
1787603610.823  event6   TOUCH_MOTION              4  +28.291s	2 (2) 52.52/29.69 (168.17/53.50mm)
1787603610.823  event6   TOUCH_MOTION              5  +28.291s	3 (3) 58.88/34.32 (188.50/61.83mm)
1787603610.823  event6   TOUCH_FRAME                  +28.291s	
1787603610.832  event6   TOUCH_MOTION              2  +28.300s	0 (0) 66.16/33.12 (211.83/59.67mm)
1787603610.832  event6   TOUCH_MOTION              3  +28.300s	1 (1) 46.07/32.65 (147.50/58.83mm)
1787603610.832  event6   TOUCH_MOTION              4  +28.300s	2 (2) 52.52/28.49 (168.17/51.33mm)
1787603610.832  event6   TOUCH_MOTION              5  +28.300s	3 (3) 58.88/33.21 (188.50/59.83mm)
1787603610.832  event6   TOUCH_FRAME                  +28.300s	
1787603610.841  event6   TOUCH_MOTION              2  +28.309s	0 (0) 66.06/32.38 (211.50/58.33mm)
1787603610.841  event6   TOUCH_MOTION              3  +28.309s	1 (1) 46.12/31.45 (147.67/56.67mm)
1787603610.841  event6   TOUCH_MOTION              4  +28.309s	2 (2) 52.52/27.20 (168.17/49.00mm)
1787603610.841  event6   TOUCH_MOTION              5  +28.309s	3 (3) 58.88/32.10 (188.50/57.83mm)
1787603610.841  event6   TOUCH_FRAME                  +28.309s	
1787603610.850  event6   TOUCH_MOTION              2  +28.318s	0 (0) 65.96/31.64 (211.17/57.00mm)
1787603610.850  event6   TOUCH_MOTION              3  +28.318s	1 (1) 46.17/30.25 (147.83/54.50mm)
1787603610.850  event6   TOUCH_MOTION              4  +28.318s	2 (2) 52.52/26.09 (168.17/47.00mm)
1787603610.850  event6   TOUCH_MOTION              5  +28.318s	3 (3) 58.88/30.99 (188.50/55.83mm)
1787603610.850  event6   TOUCH_FRAME                  +28.318s	
1787603610.860  event6   TOUCH_MOTION              2  +28.328s	0 (0) 65.85/30.90 (210.83/55.67mm)
1787603610.860  event6   TOUCH_MOTION              3  +28.328s	1 (1) 46.23/29.14 (148.00/52.50mm)
1787603610.860  event6   TOUCH_MOTION              4  +28.328s	2 (2) 52.52/24.88 (168.17/44.83mm)
1787603610.860  event6   TOUCH_MOTION              5  +28.328s	3 (3) 58.88/29.88 (188.50/53.83mm)
1787603610.860  event6   TOUCH_FRAME                  +28.328s	
1787603610.869  event6   TOUCH_MOTION              2  +28.337s	0 (0) 65.80/30.06 (210.67/54.17mm)
1787603610.869  event6   TOUCH_MOTION              3  +28.337s	1 (1) 46.33/27.94 (148.33/50.33mm)
1787603610.869  event6   TOUCH_MOTION              4  +28.337s	2 (2) 52.52/23.77 (168.17/42.83mm)
1787603610.869  event6   TOUCH_MOTION              5  +28.337s	3 (3) 58.88/28.68 (188.50/51.67mm)
1787603610.869  event6   TOUCH_FRAME                  +28.337s	
1787603610.878  event6   TOUCH_MOTION              2  +28.346s	0 (0) 65.75/29.23 (210.50/52.67mm)
1787603610.878  event6   TOUCH_MOTION              3  +28.346s	1 (1) 46.38/26.83 (148.50/48.33mm)
1787603610.878  event6   TOUCH_MOTION              4  +28.346s	2 (2) 52.52/22.66 (168.17/40.83mm)
1787603610.878  event6   TOUCH_MOTION              5  +28.346s	3 (3) 58.88/27.66 (188.50/49.83mm)
1787603610.878  event6   TOUCH_FRAME                  +28.346s	
1787603610.887  event6   TOUCH_MOTION              2  +28.355s	0 (0) 65.69/28.31 (210.33/51.00mm)
1787603610.887  event6   TOUCH_MOTION              3  +28.355s	2 (2) 52.52/21.55 (168.17/38.83mm)
1787603610.887  event6   TOUCH_MOTION              4  +28.355s	3 (3) 58.88/26.55 (188.50/47.83mm)
1787603610.887  event6   TOUCH_FRAME                  +28.355s	
1787603610.896  event6   TOUCH_MOTION              2  +28.364s	0 (0) 65.64/27.47 (210.17/49.50mm)
1787603610.896  event6   TOUCH_MOTION              3  +28.364s	2 (2) 52.52/20.72 (168.17/37.33mm)
1787603610.896  event6   TOUCH_MOTION              4  +28.364s	3 (3) 58.88/25.53 (188.50/46.00mm)
1787603610.896  event6   TOUCH_FRAME                  +28.364s	
1787603610.905  event6   TOUCH_MOTION              2  +28.373s	0 (0) 65.64/26.36 (210.17/47.50mm)
1787603610.905  event6   TOUCH_MOTION              3  +28.373s	2 (2) 52.58/19.80 (168.33/35.67mm)
1787603610.905  event6   TOUCH_MOTION              4  +28.373s	3 (3) 58.88/24.51 (188.50/44.17mm)
1787603610.905  event6   TOUCH_FRAME                  +28.373s	
1787603610.914  event6   TOUCH_MOTION              2  +28.382s	0 (0) 65.64/25.16 (210.17/45.33mm)
1787603610.914  event6   TOUCH_MOTION              3  +28.382s	2 (2) 52.63/18.87 (168.50/34.00mm)
1787603610.914  event6   TOUCH_MOTION              4  +28.382s	3 (3) 58.88/23.50 (188.50/42.33mm)
1787603610.914  event6   TOUCH_FRAME                  +28.382s	
1787603610.923  event6   TOUCH_UP                     +28.391s	1 (1)
1787603610.923  event6   TOUCH_MOTION                 +28.391s	3 (3) 58.88/22.66 (188.50/40.83mm)
1787603610.923  event6   TOUCH_FRAME                  +28.391s	
1787603610.959  event6   TOUCH_UP                     +28.427s	0 (0)
1787603610.959  event6   TOUCH_UP                     +28.427s	2 (2)
1787603610.959  event6   TOUCH_FRAME                  +28.427s	
1787603610.978  event6   TOUCH_UP                     +28.446s	3 (3)
1787603610.978  event6   TOUCH_FRAME                  +28.446s	
1787603611.820  event6   TOUCH_DOWN                   +29.288s	0 (0) 63.35/38.67 (202.83/69.67mm)
1787603611.820  event6   TOUCH_FRAME                  +29.288s	
1787603611.856  event6   TOUCH_MOTION                 +29.324s	0 (0) 62.99/39.04 (201.67/70.33mm)
1787603611.856  event6   TOUCH_FRAME                  +29.324s	
1787603611.865  event6   TOUCH_MOTION              2  +29.333s	0 (0) 62.73/39.41 (200.83/71.00mm)
1787603611.865  event6   TOUCH_FRAME                  +29.333s	
1787603611.874  event6   TOUCH_MOTION              2  +29.342s	0 (0) 62.42/39.96 (199.83/72.00mm)
1787603611.874  event6   TOUCH_FRAME                  +29.342s	
1787603611.884  event6   TOUCH_MOTION              2  +29.352s	0 (0) 62.10/40.52 (198.83/73.00mm)
1787603611.884  event6   TOUCH_FRAME                  +29.352s	
1787603611.893  event6   TOUCH_MOTION              2  +29.361s	0 (0) 61.79/41.26 (197.83/74.33mm)
1787603611.893  event6   TOUCH_FRAME                  +29.361s	
1787603611.902  event6   TOUCH_MOTION              2  +29.370s	0 (0) 61.43/42.18 (196.67/76.00mm)
1787603611.902  event6   TOUCH_FRAME                  +29.370s	
1787603611.911  event6   TOUCH_MOTION              2  +29.379s	0 (0) 61.11/43.11 (195.67/77.67mm)
1787603611.911  event6   TOUCH_FRAME                  +29.379s	
1787603611.920  event6   TOUCH_MOTION              2  +29.388s	0 (0) 60.80/44.22 (194.67/79.67mm)
1787603611.920  event6   TOUCH_FRAME                  +29.388s	
1787603611.929  event6   TOUCH_MOTION              2  +29.397s	0 (0) 60.54/45.33 (193.83/81.67mm)
1787603611.929  event6   TOUCH_FRAME                  +29.397s	
1787603611.938  event6   TOUCH_MOTION              2  +29.406s	0 (0) 60.28/46.53 (193.00/83.83mm)
1787603611.938  event6   TOUCH_FRAME                  +29.406s	
1787603611.947  event6   TOUCH_MOTION              2  +29.415s	0 (0) 60.07/47.92 (192.33/86.33mm)
1787603611.947  event6   TOUCH_FRAME                  +29.415s	
1787603611.957  event6   TOUCH_MOTION              2  +29.425s	0 (0) 59.86/49.21 (191.67/88.67mm)
1787603611.957  event6   TOUCH_FRAME                  +29.425s	
1787603611.966  event6   TOUCH_MOTION              2  +29.434s	0 (0) 59.71/50.69 (191.17/91.33mm)
1787603611.966  event6   TOUCH_FRAME                  +29.434s	
1787603611.975  event6   TOUCH_MOTION              2  +29.443s	0 (0) 59.55/52.27 (190.67/94.17mm)
1787603611.975  event6   TOUCH_FRAME                  +29.443s	
1787603611.984  event6   TOUCH_MOTION              2  +29.452s	0 (0) 59.34/53.84 (190.00/97.00mm)
1787603611.984  event6   TOUCH_FRAME                  +29.452s	
1787603611.993  event6   TOUCH_MOTION              2  +29.461s	0 (0) 59.19/55.50 (189.50/100.00mm)
1787603611.993  event6   TOUCH_FRAME                  +29.461s	
1787603612.002  event6   TOUCH_MOTION              2  +29.470s	0 (0) 59.03/57.08 (189.00/102.83mm)
1787603612.002  event6   TOUCH_FRAME                  +29.470s	
1787603612.011  event6   TOUCH_MOTION              2  +29.479s	0 (0) 58.88/58.83 (188.50/106.00mm)
1787603612.011  event6   TOUCH_FRAME                  +29.479s	
1787603612.020  event6   TOUCH_MOTION              2  +29.488s	0 (0) 58.77/60.59 (188.17/109.17mm)
1787603612.020  event6   TOUCH_FRAME                  +29.488s	
1787603612.030  event6   TOUCH_MOTION              2  +29.498s	0 (0) 58.67/62.44 (187.83/112.50mm)
1787603612.030  event6   TOUCH_FRAME                  +29.498s	
1787603612.039  event6   TOUCH_MOTION              2  +29.507s	0 (0) 58.51/64.20 (187.33/115.67mm)
1787603612.039  event6   TOUCH_FRAME                  +29.507s	
1787603612.048  event6   TOUCH_MOTION              2  +29.516s	0 (0) 58.41/65.96 (187.00/118.83mm)
1787603612.048  event6   TOUCH_FRAME                  +29.516s	
1787603612.057  event6   TOUCH_MOTION              2  +29.525s	0 (0) 58.30/67.72 (186.67/122.00mm)
1787603612.057  event6   TOUCH_FRAME                  +29.525s	
1787603612.066  event6   TOUCH_MOTION              2  +29.534s	0 (0) 58.20/69.47 (186.33/125.17mm)
1787603612.066  event6   TOUCH_FRAME                  +29.534s	
1787603612.075  event6   TOUCH_MOTION              2  +29.543s	0 (0) 58.15/71.14 (186.17/128.17mm)
1787603612.075  event6   TOUCH_FRAME                  +29.543s	
1787603612.084  event6   TOUCH_MOTION              2  +29.552s	0 (0) 58.09/72.80 (186.00/131.17mm)
1787603612.084  event6   TOUCH_FRAME                  +29.552s	
1787603612.093  event6   TOUCH_MOTION              2  +29.561s	0 (0) 58.04/74.38 (185.83/134.00mm)
1787603612.093  event6   TOUCH_FRAME                  +29.561s	
1787603612.103  event6   TOUCH_MOTION              2  +29.571s	0 (0) 58.04/75.86 (185.83/136.67mm)
1787603612.103  event6   TOUCH_FRAME                  +29.571s	
1787603612.112  event6   TOUCH_MOTION              2  +29.580s	0 (0) 58.04/77.24 (185.83/139.17mm)
1787603612.112  event6   TOUCH_FRAME                  +29.580s	
1787603612.121  event6   TOUCH_MOTION              2  +29.589s	0 (0) 58.04/78.63 (185.83/141.67mm)
1787603612.121  event6   TOUCH_FRAME                  +29.589s	
1787603612.130  event6   TOUCH_MOTION              2  +29.598s	0 (0) 58.04/79.83 (185.83/143.83mm)
1787603612.130  event6   TOUCH_FRAME                  +29.598s	
1787603612.139  event6   TOUCH_MOTION              2  +29.607s	0 (0) 58.04/80.85 (185.83/145.67mm)
1787603612.139  event6   TOUCH_FRAME                  +29.607s	
1787603612.148  event6   TOUCH_MOTION              2  +29.616s	0 (0) 58.04/81.68 (185.83/147.17mm)
1787603612.148  event6   TOUCH_FRAME                  +29.616s	
1787603612.157  event6   TOUCH_MOTION              2  +29.625s	0 (0) 58.04/82.42 (185.83/148.50mm)
1787603612.157  event6   TOUCH_FRAME                  +29.625s	
1787603612.166  event6   TOUCH_MOTION              2  +29.634s	0 (0) 58.04/83.16 (185.83/149.83mm)
1787603612.166  event6   TOUCH_FRAME                  +29.634s	
1787603612.176  event6   TOUCH_MOTION              2  +29.644s	0 (0) 58.04/83.63 (185.83/150.67mm)
1787603612.176  event6   TOUCH_FRAME                  +29.644s	
1787603612.185  event6   TOUCH_MOTION              2  +29.653s	0 (0) 58.09/84.00 (186.00/151.33mm)
1787603612.185  event6   TOUCH_FRAME                  +29.653s	
1787603612.194  event6   TOUCH_MOTION              2  +29.662s	0 (0) 58.15/84.27 (186.17/151.83mm)
1787603612.194  event6   TOUCH_FRAME                  +29.662s	
1787603612.203  event6   TOUCH_MOTION              2  +29.671s	0 (0) 58.20/84.37 (186.33/152.00mm)
1787603612.203  event6   TOUCH_FRAME                  +29.671s	
1787603612.212  event6   TOUCH_MOTION              2  +29.680s	0 (0) 58.25/84.37 (186.50/152.00mm)
1787603612.212  event6   TOUCH_FRAME                  +29.680s	
1787603612.221  event6   TOUCH_MOTION              2  +29.689s	0 (0) 58.36/84.27 (186.83/151.83mm)
1787603612.221  event6   TOUCH_FRAME                  +29.689s	
1787603612.230  event6   TOUCH_MOTION              2  +29.698s	0 (0) 58.41/84.00 (187.00/151.33mm)
1787603612.230  event6   TOUCH_FRAME                  +29.698s	
1787603612.239  event6   TOUCH_MOTION              2  +29.707s	0 (0) 58.56/83.44 (187.50/150.33mm)
1787603612.239  event6   TOUCH_FRAME                  +29.707s	
1787603612.249  event6   TOUCH_MOTION              2  +29.717s	0 (0) 58.67/82.70 (187.83/149.00mm)
1787603612.249  event6   TOUCH_FRAME                  +29.717s	
1787603612.258  event6   TOUCH_MOTION              2  +29.726s	0 (0) 58.82/81.78 (188.33/147.33mm)
1787603612.258  event6   TOUCH_FRAME                  +29.726s	
1787603612.267  event6   TOUCH_MOTION              2  +29.735s	0 (0) 58.93/80.67 (188.67/145.33mm)
1787603612.267  event6   TOUCH_FRAME                  +29.735s	
1787603612.276  event6   TOUCH_MOTION              2  +29.744s	0 (0) 59.08/79.46 (189.17/143.17mm)
1787603612.276  event6   TOUCH_FRAME                  +29.744s	
1787603612.285  event6   TOUCH_MOTION              2  +29.753s	0 (0) 59.19/78.17 (189.50/140.83mm)
1787603612.285  event6   TOUCH_FRAME                  +29.753s	
1787603612.294  event6   TOUCH_MOTION              2  +29.762s	0 (0) 59.34/76.69 (190.00/138.17mm)
1787603612.294  event6   TOUCH_FRAME                  +29.762s	
1787603612.303  event6   TOUCH_MOTION              2  +29.771s	0 (0) 59.40/75.21 (190.17/135.50mm)
1787603612.303  event6   TOUCH_FRAME                  +29.771s	
1787603612.312  event6   TOUCH_MOTION              2  +29.780s	0 (0) 59.50/73.64 (190.50/132.67mm)
1787603612.312  event6   TOUCH_FRAME                  +29.780s	
1787603612.322  event6   TOUCH_MOTION              2  +29.790s	0 (0) 59.55/71.97 (190.67/129.67mm)
1787603612.322  event6   TOUCH_FRAME                  +29.790s	
1787603612.331  event6   TOUCH_MOTION              2  +29.799s	0 (0) 59.66/70.31 (191.00/126.67mm)
1787603612.331  event6   TOUCH_FRAME                  +29.799s	
1787603612.340  event6   TOUCH_MOTION              2  +29.808s	0 (0) 59.76/68.46 (191.33/123.33mm)
1787603612.340  event6   TOUCH_FRAME                  +29.808s	
1787603612.349  event6   TOUCH_MOTION              2  +29.817s	0 (0) 59.81/66.60 (191.50/120.00mm)
1787603612.349  event6   TOUCH_FRAME                  +29.817s	
1787603612.358  event6   TOUCH_MOTION              2  +29.826s	0 (0) 59.92/64.75 (191.83/116.67mm)
1787603612.358  event6   TOUCH_FRAME                  +29.826s	
1787603612.367  event6   TOUCH_MOTION              2  +29.835s	0 (0) 59.97/62.90 (192.00/113.33mm)
1787603612.367  event6   TOUCH_FRAME                  +29.835s	
1787603612.376  event6   TOUCH_MOTION              2  +29.844s	0 (0) 60.02/60.96 (192.17/109.83mm)
1787603612.376  event6   TOUCH_FRAME                  +29.844s	
1787603612.385  event6   TOUCH_MOTION              2  +29.853s	0 (0) 60.07/59.11 (192.33/106.50mm)
1787603612.385  event6   TOUCH_FRAME                  +29.853s	
1787603612.395  event6   TOUCH_MOTION              2  +29.863s	0 (0) 60.07/57.26 (192.33/103.17mm)
1787603612.395  event6   TOUCH_FRAME                  +29.863s	
1787603612.404  event6   TOUCH_MOTION              2  +29.872s	0 (0) 60.07/55.41 (192.33/99.83mm)
1787603612.404  event6   TOUCH_FRAME                  +29.872s	
1787603612.413  event6   TOUCH_MOTION              2  +29.881s	0 (0) 60.02/53.56 (192.17/96.50mm)
1787603612.413  event6   TOUCH_FRAME                  +29.881s	
1787603612.422  event6   TOUCH_MOTION              2  +29.890s	0 (0) 59.97/51.71 (192.00/93.17mm)
1787603612.422  event6   TOUCH_FRAME                  +29.890s	
1787603612.431  event6   TOUCH_MOTION              2  +29.899s	0 (0) 59.97/49.95 (192.00/90.00mm)
1787603612.431  event6   TOUCH_FRAME                  +29.899s	
1787603612.440  event6   TOUCH_MOTION              2  +29.908s	0 (0) 59.92/48.10 (191.83/86.67mm)
1787603612.440  event6   TOUCH_FRAME                  +29.908s	
1787603612.449  event6   TOUCH_MOTION              2  +29.917s	0 (0) 59.81/46.44 (191.50/83.67mm)
1787603612.449  event6   TOUCH_FRAME                  +29.917s	
1787603612.458  event6   TOUCH_MOTION              2  +29.926s	0 (0) 59.76/44.68 (191.33/80.50mm)
1787603612.458  event6   TOUCH_FRAME                  +29.926s	
1787603612.468  event6   TOUCH_MOTION              2  +29.936s	0 (0) 59.71/43.11 (191.17/77.67mm)
1787603612.468  event6   TOUCH_FRAME                  +29.936s	
1787603612.477  event6   TOUCH_MOTION              2  +29.945s	0 (0) 59.66/41.44 (191.00/74.67mm)
1787603612.477  event6   TOUCH_FRAME                  +29.945s	
1787603612.486  event6   TOUCH_MOTION              2  +29.954s	0 (0) 59.60/39.78 (190.83/71.67mm)
1787603612.486  event6   TOUCH_FRAME                  +29.954s	
1787603612.495  event6   TOUCH_MOTION              2  +29.963s	0 (0) 59.55/38.21 (190.67/68.83mm)
1787603612.495  event6   TOUCH_FRAME                  +29.963s	
1787603612.504  event6   TOUCH_MOTION              2  +29.972s	0 (0) 59.55/36.73 (190.67/66.17mm)
1787603612.504  event6   TOUCH_FRAME                  +29.972s	
1787603612.513  event6   TOUCH_MOTION              2  +29.981s	0 (0) 59.50/35.43 (190.50/63.83mm)
1787603612.513  event6   TOUCH_FRAME                  +29.981s	
1787603612.522  event6   TOUCH_MOTION              2  +29.990s	0 (0) 59.45/34.14 (190.33/61.50mm)
1787603612.522  event6   TOUCH_FRAME                  +29.990s	
1787603612.531  event6   TOUCH_MOTION              2  +29.999s	0 (0) 59.34/33.02 (190.00/59.50mm)
1787603612.531  event6   TOUCH_FRAME                  +29.999s	
1787603612.541  event6   TOUCH_MOTION              2  +30.009s	0 (0) 59.34/32.10 (190.00/57.83mm)
1787603612.541  event6   TOUCH_FRAME                  +30.009s	
1787603612.550  event6   TOUCH_MOTION              2  +30.018s	0 (0) 59.29/31.27 (189.83/56.33mm)
1787603612.550  event6   TOUCH_FRAME                  +30.018s	
1787603612.559  event6   TOUCH_MOTION              2  +30.027s	0 (0) 59.24/30.62 (189.67/55.17mm)
1787603612.559  event6   TOUCH_FRAME                  +30.027s	
1787603612.568  event6   TOUCH_MOTION              2  +30.036s	0 (0) 59.19/29.97 (189.50/54.00mm)
1787603612.568  event6   TOUCH_FRAME                  +30.036s	
1787603612.577  event6   TOUCH_MOTION              2  +30.045s	0 (0) 59.14/29.51 (189.33/53.17mm)
1787603612.577  event6   TOUCH_FRAME                  +30.045s	
1787603612.586  event6   TOUCH_MOTION              2  +30.054s	0 (0) 59.08/29.14 (189.17/52.50mm)
1787603612.586  event6   TOUCH_FRAME                  +30.054s	
1787603612.595  event6   TOUCH_MOTION              2  +30.063s	0 (0) 59.08/28.95 (189.17/52.17mm)
1787603612.595  event6   TOUCH_FRAME                  +30.063s	
1787603612.604  event6   TOUCH_MOTION              2  +30.072s	0 (0) 59.03/28.86 (189.00/52.00mm)
1787603612.604  event6   TOUCH_FRAME                  +30.072s	
1787603612.614  event6   TOUCH_MOTION              2  +30.082s	0 (0) 58.98/28.86 (188.83/52.00mm)
1787603612.614  event6   TOUCH_FRAME                  +30.082s	
1787603612.623  event6   TOUCH_MOTION              2  +30.091s	0 (0) 58.93/29.05 (188.67/52.33mm)
1787603612.623  event6   TOUCH_FRAME                  +30.091s	
1787603612.632  event6   TOUCH_MOTION              2  +30.100s	0 (0) 58.88/29.42 (188.50/53.00mm)
1787603612.632  event6   TOUCH_FRAME                  +30.100s	
1787603612.641  event6   TOUCH_MOTION              2  +30.109s	0 (0) 58.88/29.97 (188.50/54.00mm)
1787603612.641  event6   TOUCH_FRAME                  +30.109s	
1787603612.650  event6   TOUCH_MOTION              2  +30.118s	0 (0) 58.77/30.71 (188.17/55.33mm)
1787603612.650  event6   TOUCH_FRAME                  +30.118s	
1787603612.659  event6   TOUCH_MOTION              2  +30.127s	0 (0) 58.67/31.64 (187.83/57.00mm)
1787603612.659  event6   TOUCH_FRAME                  +30.127s	
1787603612.668  event6   TOUCH_MOTION              2  +30.136s	0 (0) 58.62/32.75 (187.67/59.00mm)
1787603612.668  event6   TOUCH_FRAME                  +30.136s	
1787603612.677  event6   TOUCH_MOTION              2  +30.145s	0 (0) 58.46/34.04 (187.17/61.33mm)
1787603612.677  event6   TOUCH_FRAME                  +30.145s	
1787603612.687  event6   TOUCH_MOTION              2  +30.155s	0 (0) 58.36/35.62 (186.83/64.17mm)
1787603612.687  event6   TOUCH_FRAME                  +30.155s	
1787603612.696  event6   TOUCH_MOTION              2  +30.164s	0 (0) 58.20/37.37 (186.33/67.33mm)
1787603612.696  event6   TOUCH_FRAME                  +30.164s	
1787603612.705  event6   TOUCH_MOTION              2  +30.173s	0 (0) 57.99/39.13 (185.67/70.50mm)
1787603612.705  event6   TOUCH_FRAME                  +30.173s	
1787603612.714  event6   TOUCH_MOTION              2  +30.182s	0 (0) 57.83/41.17 (185.17/74.17mm)
1787603612.714  event6   TOUCH_FRAME                  +30.182s	
1787603612.723  event6   TOUCH_MOTION              2  +30.191s	0 (0) 57.68/43.20 (184.67/77.83mm)
1787603612.723  event6   TOUCH_FRAME                  +30.191s	
1787603612.732  event6   TOUCH_MOTION              2  +30.200s	0 (0) 57.52/45.51 (184.17/82.00mm)
1787603612.732  event6   TOUCH_FRAME                  +30.200s	
1787603612.741  event6   TOUCH_MOTION              2  +30.209s	0 (0) 57.37/48.01 (183.67/86.50mm)
1787603612.741  event6   TOUCH_FRAME                  +30.209s	
1787603612.750  event6   TOUCH_MOTION              2  +30.218s	0 (0) 57.26/50.60 (183.33/91.17mm)
1787603612.750  event6   TOUCH_FRAME                  +30.218s	
1787603612.759  event6   TOUCH_MOTION              2  +30.227s	0 (0) 57.16/53.19 (183.00/95.83mm)
1787603612.759  event6   TOUCH_FRAME                  +30.227s	
1787603612.769  event6   TOUCH_MOTION              2  +30.237s	0 (0) 57.11/55.69 (182.83/100.33mm)
1787603612.769  event6   TOUCH_FRAME                  +30.237s	
1787603612.778  event6   TOUCH_MOTION              2  +30.246s	0 (0) 57.05/58.19 (182.67/104.83mm)
1787603612.778  event6   TOUCH_FRAME                  +30.246s	
1787603612.787  event6   TOUCH_MOTION              2  +30.255s	0 (0) 57.00/60.50 (182.50/109.00mm)
1787603612.787  event6   TOUCH_FRAME                  +30.255s	
1787603612.796  event6   TOUCH_MOTION              2  +30.264s	0 (0) 57.00/62.53 (182.50/112.67mm)
1787603612.796  event6   TOUCH_FRAME                  +30.264s	
1787603612.805  event6   TOUCH_MOTION              2  +30.273s	0 (0) 57.00/64.20 (182.50/115.67mm)
1787603612.805  event6   TOUCH_FRAME                  +30.273s	
1787603612.814  event6   TOUCH_MOTION              2  +30.282s	0 (0) 57.00/65.40 (182.50/117.83mm)
1787603612.814  event6   TOUCH_FRAME                  +30.282s	
1787603612.823  event6   TOUCH_MOTION              2  +30.291s	0 (0) 57.05/66.51 (182.67/119.83mm)
1787603612.823  event6   TOUCH_FRAME                  +30.291s	
1787603612.832  event6   TOUCH_MOTION              2  +30.300s	0 (0) 57.11/67.35 (182.83/121.33mm)
1787603612.832  event6   TOUCH_FRAME                  +30.300s	
1787603612.842  event6   TOUCH_MOTION              2  +30.310s	0 (0) 57.26/67.99 (183.33/122.50mm)
1787603612.842  event6   TOUCH_FRAME                  +30.310s	
1787603612.851  event6   TOUCH_MOTION              2  +30.319s	0 (0) 57.37/68.55 (183.67/123.50mm)
1787603612.851  event6   TOUCH_FRAME                  +30.319s	
1787603612.860  event6   TOUCH_MOTION              2  +30.328s	0 (0) 57.52/69.01 (184.17/124.33mm)
1787603612.860  event6   TOUCH_FRAME                  +30.328s	
1787603612.908  event6   TOUCH_UP                     +30.376s	0 (0)
1787603612.908  event6   TOUCH_FRAME                  +30.376s	
1787603613.245  event6   TOUCH_DOWN                   +30.713s	0 (0) 56.06/65.03 (179.50/117.17mm)
1787603613.245  event6   TOUCH_FRAME                  +30.713s	
1787603613.290  event6   TOUCH_MOTION                 +30.758s	0 (0) 55.70/65.40 (178.33/117.83mm)
1787603613.290  event6   TOUCH_FRAME                  +30.758s	
1787603613.299  event6   TOUCH_MOTION              2  +30.767s	0 (0) 55.54/65.49 (177.83/118.00mm)
1787603613.299  event6   TOUCH_FRAME                  +30.767s	
1787603613.308  event6   TOUCH_MOTION              2  +30.776s	0 (0) 55.44/65.68 (177.50/118.33mm)
1787603613.308  event6   TOUCH_FRAME                  +30.776s	
1787603613.317  event6   TOUCH_MOTION              2  +30.785s	0 (0) 55.28/65.77 (177.00/118.50mm)
1787603613.317  event6   TOUCH_FRAME                  +30.785s	
1787603613.326  event6   TOUCH_MOTION              2  +30.794s	0 (0) 55.13/66.05 (176.50/119.00mm)
1787603613.326  event6   TOUCH_FRAME                  +30.794s	
1787603613.335  event6   TOUCH_MOTION              2  +30.803s	0 (0) 54.40/67.16 (174.17/121.00mm)
1787603613.335  event6   TOUCH_FRAME                  +30.803s	
1787603613.345  event6   TOUCH_MOTION              2  +30.813s	0 (0) 54.29/67.25 (173.83/121.17mm)
1787603613.345  event6   TOUCH_FRAME                  +30.813s	
1787603613.356  event6   TOUCH_MOTION              2  +30.824s	0 (0) 54.19/67.35 (173.50/121.33mm)
1787603613.356  event6   TOUCH_FRAME                  +30.824s	
1787603613.365  event6   TOUCH_MOTION              2  +30.833s	0 (0) 54.14/67.35 (173.33/121.33mm)
1787603613.365  event6   TOUCH_FRAME                  +30.833s	
1787603613.375  event6   TOUCH_MOTION              2  +30.843s	0 (0) 53.98/67.53 (172.83/121.67mm)
1787603613.375  event6   TOUCH_FRAME                  +30.843s	
1787603613.385  event6   TOUCH_MOTION              2  +30.853s	0 (0) 53.88/67.72 (172.50/122.00mm)
1787603613.385  event6   TOUCH_FRAME                  +30.853s	
1787603613.395  event6   TOUCH_MOTION              2  +30.863s	0 (0) 53.72/67.81 (172.00/122.17mm)
1787603613.395  event6   TOUCH_DOWN                   +30.863s	1 (1) 57.21/49.12 (183.17/88.50mm)
1787603613.395  event6   TOUCH_FRAME                  +30.863s	
1787603613.405  event6   TOUCH_MOTION                 +30.873s	0 (0) 53.51/68.09 (171.33/122.67mm)
1787603613.405  event6   TOUCH_MOTION              2  +30.873s	1 (1) 57.31/48.75 (183.50/87.83mm)
1787603613.405  event6   TOUCH_FRAME                  +30.873s	
1787603613.415  event6   TOUCH_MOTION              2  +30.883s	0 (0) 53.31/68.36 (170.67/123.17mm)
1787603613.415  event6   TOUCH_MOTION              3  +30.883s	1 (1) 57.37/48.20 (183.67/86.83mm)
1787603613.415  event6   TOUCH_FRAME                  +30.883s	
1787603613.424  event6   TOUCH_MOTION              2  +30.892s	0 (0) 53.10/68.64 (170.00/123.67mm)
1787603613.424  event6   TOUCH_MOTION              3  +30.892s	1 (1) 57.47/47.64 (184.00/85.83mm)
1787603613.424  event6   TOUCH_FRAME                  +30.892s	
1787603613.434  event6   TOUCH_MOTION              2  +30.902s	0 (0) 52.89/68.92 (169.33/124.17mm)
1787603613.434  event6   TOUCH_MOTION              3  +30.902s	1 (1) 57.52/47.27 (184.17/85.17mm)
1787603613.434  event6   TOUCH_FRAME                  +30.902s	
1787603613.444  event6   TOUCH_MOTION              2  +30.912s	0 (0) 52.68/69.20 (168.67/124.67mm)
1787603613.444  event6   TOUCH_MOTION              3  +30.912s	1 (1) 57.63/46.72 (184.50/84.17mm)
1787603613.444  event6   TOUCH_FRAME                  +30.912s	
1787603613.454  event6   TOUCH_MOTION              2  +30.922s	0 (0) 52.32/69.75 (167.50/125.67mm)
1787603613.454  event6   TOUCH_MOTION              3  +30.922s	1 (1) 57.78/45.79 (185.00/82.50mm)
1787603613.454  event6   TOUCH_FRAME                  +30.922s	
1787603613.464  event6   TOUCH_MOTION              2  +30.932s	0 (0) 52.00/70.21 (166.50/126.50mm)
1787603613.464  event6   TOUCH_MOTION              3  +30.932s	1 (1) 57.99/45.05 (185.67/81.17mm)
1787603613.464  event6   TOUCH_FRAME                  +30.932s	
1787603613.474  event6   TOUCH_MOTION              2  +30.942s	0 (0) 51.74/70.68 (165.67/127.33mm)
1787603613.474  event6   TOUCH_MOTION              3  +30.942s	1 (1) 58.09/44.22 (186.00/79.67mm)
1787603613.474  event6   TOUCH_FRAME                  +30.942s	
1787603613.484  event6   TOUCH_MOTION              2  +30.952s	0 (0) 51.54/71.14 (165.00/128.17mm)
1787603613.484  event6   TOUCH_MOTION              3  +30.952s	1 (1) 58.25/43.57 (186.50/78.50mm)
1787603613.484  event6   TOUCH_FRAME                  +30.952s	
1787603613.493  event6   TOUCH_MOTION              2  +30.961s	0 (0) 51.28/71.51 (164.17/128.83mm)
1787603613.493  event6   TOUCH_MOTION              3  +30.961s	1 (1) 58.41/42.92 (187.00/77.33mm)
1787603613.493  event6   TOUCH_FRAME                  +30.961s	
1787603613.503  event6   TOUCH_MOTION              2  +30.971s	0 (0) 51.02/71.88 (163.33/129.50mm)
1787603613.503  event6   TOUCH_MOTION              3  +30.971s	1 (1) 58.51/42.37 (187.33/76.33mm)
1787603613.503  event6   TOUCH_FRAME                  +30.971s	
1787603613.513  event6   TOUCH_MOTION              2  +30.981s	0 (0) 50.81/72.25 (162.67/130.17mm)
1787603613.513  event6   TOUCH_MOTION              3  +30.981s	1 (1) 58.67/41.72 (187.83/75.17mm)
1787603613.513  event6   TOUCH_FRAME                  +30.981s	
1787603613.523  event6   TOUCH_MOTION              2  +30.991s	0 (0) 50.60/72.62 (162.00/130.83mm)
1787603613.523  event6   TOUCH_MOTION              3  +30.991s	1 (1) 58.77/41.17 (188.17/74.17mm)
1787603613.523  event6   TOUCH_FRAME                  +30.991s	
1787603613.532  event6   TOUCH_MOTION              2  +31.000s	0 (0) 50.39/72.99 (161.33/131.50mm)
1787603613.532  event6   TOUCH_MOTION              3  +31.000s	1 (1) 58.88/40.70 (188.50/73.33mm)
1787603613.532  event6   TOUCH_FRAME                  +31.000s	
1787603613.541  event6   TOUCH_MOTION              2  +31.009s	0 (0) 50.23/73.36 (160.83/132.17mm)
1787603613.541  event6   TOUCH_MOTION              3  +31.009s	1 (1) 59.03/40.24 (189.00/72.50mm)
1787603613.541  event6   TOUCH_FRAME                  +31.009s	
1787603613.550  event6   TOUCH_MOTION              2  +31.018s	0 (0) 50.13/73.82 (160.50/133.00mm)
1787603613.550  event6   TOUCH_MOTION              3  +31.018s	1 (1) 59.14/39.78 (189.33/71.67mm)
1787603613.550  event6   TOUCH_FRAME                  +31.018s	
1787603613.559  event6   TOUCH_MOTION              2  +31.027s	0 (0) 49.97/74.19 (160.00/133.67mm)
1787603613.559  event6   TOUCH_MOTION              3  +31.027s	1 (1) 59.29/39.41 (189.83/71.00mm)
1787603613.559  event6   TOUCH_FRAME                  +31.027s	
1787603613.569  event6   TOUCH_MOTION              2  +31.037s	0 (0) 49.87/74.56 (159.67/134.33mm)
1787603613.569  event6   TOUCH_MOTION              3  +31.037s	1 (1) 59.34/39.13 (190.00/70.50mm)
1787603613.569  event6   TOUCH_FRAME                  +31.037s	
1787603613.578  event6   TOUCH_MOTION              2  +31.046s	0 (0) 49.71/74.93 (159.17/135.00mm)
1787603613.578  event6   TOUCH_MOTION              3  +31.046s	1 (1) 59.45/38.95 (190.33/70.17mm)
1787603613.578  event6   TOUCH_FRAME                  +31.046s	
1787603613.587  event6   TOUCH_MOTION              2  +31.055s	0 (0) 49.61/75.30 (158.83/135.67mm)
1787603613.587  event6   TOUCH_MOTION              3  +31.055s	1 (1) 59.55/38.58 (190.67/69.50mm)
1787603613.587  event6   TOUCH_FRAME                  +31.055s	
1787603613.596  event6   TOUCH_MOTION              2  +31.064s	0 (0) 49.51/75.76 (158.50/136.50mm)
1787603613.596  event6   TOUCH_MOTION              3  +31.064s	1 (1) 59.55/38.39 (190.67/69.17mm)
1787603613.596  event6   TOUCH_FRAME                  +31.064s	
1787603613.605  event6   TOUCH_MOTION              2  +31.073s	0 (0) 49.35/76.23 (158.00/137.33mm)
1787603613.605  event6   TOUCH_MOTION              3  +31.073s	1 (1) 59.60/38.21 (190.83/68.83mm)
1787603613.605  event6   TOUCH_FRAME                  +31.073s	
1787603613.614  event6   TOUCH_MOTION              2  +31.082s	0 (0) 49.25/76.78 (157.67/138.33mm)
1787603613.614  event6   TOUCH_MOTION              3  +31.082s	1 (1) 59.71/37.93 (191.17/68.33mm)
1787603613.614  event6   TOUCH_FRAME                  +31.082s	
1787603613.623  event6   TOUCH_MOTION              2  +31.091s	0 (0) 49.04/77.15 (157.00/139.00mm)
1787603613.623  event6   TOUCH_MOTION              3  +31.091s	1 (1) 59.76/37.74 (191.33/68.00mm)
1787603613.623  event6   TOUCH_FRAME                  +31.091s	
1787603613.632  event6   TOUCH_MOTION              2  +31.100s	0 (0) 48.93/77.61 (156.67/139.83mm)
1787603613.632  event6   TOUCH_MOTION              3  +31.100s	1 (1) 59.92/37.47 (191.83/67.50mm)
1787603613.632  event6   TOUCH_FRAME                  +31.100s	
1787603613.642  event6   TOUCH_MOTION              2  +31.110s	0 (0) 48.83/78.08 (156.33/140.67mm)
1787603613.642  event6   TOUCH_MOTION              3  +31.110s	1 (1) 60.02/37.28 (192.17/67.17mm)
1787603613.642  event6   TOUCH_FRAME                  +31.110s	
1787603613.651  event6   TOUCH_MOTION              2  +31.119s	0 (0) 48.67/78.54 (155.83/141.50mm)
1787603613.651  event6   TOUCH_MOTION              3  +31.119s	1 (1) 60.18/37.00 (192.67/66.67mm)
1787603613.651  event6   TOUCH_FRAME                  +31.119s	
1787603613.660  event6   TOUCH_MOTION              2  +31.128s	0 (0) 48.57/79.00 (155.50/142.33mm)
1787603613.660  event6   TOUCH_MOTION              3  +31.128s	1 (1) 60.28/36.82 (193.00/66.33mm)
1787603613.660  event6   TOUCH_FRAME                  +31.128s	
1787603613.669  event6   TOUCH_MOTION              2  +31.137s	0 (0) 48.41/79.46 (155.00/143.17mm)
1787603613.669  event6   TOUCH_MOTION              3  +31.137s	1 (1) 60.39/36.63 (193.33/66.00mm)
1787603613.669  event6   TOUCH_FRAME                  +31.137s	
1787603613.678  event6   TOUCH_MOTION              2  +31.146s	0 (0) 48.31/79.83 (154.67/143.83mm)
1787603613.678  event6   TOUCH_MOTION              3  +31.146s	1 (1) 60.44/36.54 (193.50/65.83mm)
1787603613.678  event6   TOUCH_FRAME                  +31.146s	
1787603613.687  event6   TOUCH_MOTION              2  +31.155s	0 (0) 48.20/80.30 (154.33/144.67mm)
1787603613.687  event6   TOUCH_MOTION              3  +31.155s	1 (1) 60.59/36.36 (194.00/65.50mm)
1787603613.687  event6   TOUCH_FRAME                  +31.155s	
1787603613.696  event6   TOUCH_MOTION              2  +31.164s	0 (0) 48.15/80.76 (154.17/145.50mm)
1787603613.696  event6   TOUCH_MOTION              3  +31.164s	1 (1) 60.75/36.17 (194.50/65.17mm)
1787603613.696  event6   TOUCH_FRAME                  +31.164s	
1787603613.705  event6   TOUCH_MOTION              2  +31.173s	0 (0) 48.00/81.13 (153.67/146.17mm)
1787603613.705  event6   TOUCH_MOTION              3  +31.173s	1 (1) 60.91/35.89 (195.00/64.67mm)
1787603613.705  event6   TOUCH_FRAME                  +31.173s	
1787603613.714  event6   TOUCH_MOTION              2  +31.182s	0 (0) 47.94/81.50 (153.50/146.83mm)
1787603613.714  event6   TOUCH_MOTION              3  +31.182s	1 (1) 61.11/35.71 (195.67/64.33mm)
1787603613.714  event6   TOUCH_FRAME                  +31.182s	
1787603613.724  event6   TOUCH_MOTION              2  +31.192s	0 (0) 47.84/81.87 (153.17/147.50mm)
1787603613.724  event6   TOUCH_MOTION              3  +31.192s	1 (1) 61.32/35.52 (196.33/64.00mm)
1787603613.724  event6   TOUCH_FRAME                  +31.192s	
1787603613.733  event6   TOUCH_MOTION              2  +31.201s	0 (0) 47.74/82.15 (152.83/148.00mm)
1787603613.733  event6   TOUCH_MOTION              3  +31.201s	1 (1) 61.48/35.25 (196.83/63.50mm)
1787603613.733  event6   TOUCH_FRAME                  +31.201s	
1787603613.742  event6   TOUCH_MOTION              2  +31.210s	0 (0) 47.63/82.42 (152.50/148.50mm)
1787603613.742  event6   TOUCH_MOTION              3  +31.210s	1 (1) 61.63/35.06 (197.33/63.17mm)
1787603613.742  event6   TOUCH_FRAME                  +31.210s	
1787603613.751  event6   TOUCH_MOTION              2  +31.219s	0 (0) 47.48/82.79 (152.00/149.17mm)
1787603613.751  event6   TOUCH_MOTION              3  +31.219s	1 (1) 61.79/34.78 (197.83/62.67mm)
1787603613.751  event6   TOUCH_FRAME                  +31.219s	
1787603613.760  event6   TOUCH_MOTION              2  +31.228s	0 (0) 47.42/83.26 (151.83/150.00mm)
1787603613.760  event6   TOUCH_MOTION              3  +31.228s	1 (1) 62.00/34.60 (198.50/62.33mm)
1787603613.760  event6   TOUCH_FRAME                  +31.228s	
1787603613.769  event6   TOUCH_MOTION              2  +31.237s	0 (0) 47.32/83.63 (151.50/150.67mm)
1787603613.769  event6   TOUCH_MOTION              3  +31.237s	1 (1) 62.16/34.41 (199.00/62.00mm)
1787603613.769  event6   TOUCH_FRAME                  +31.237s	
1787603613.778  event6   TOUCH_MOTION              2  +31.246s	0 (0) 47.27/84.00 (151.33/151.33mm)
1787603613.778  event6   TOUCH_MOTION              3  +31.246s	1 (1) 62.31/34.14 (199.50/61.50mm)
1787603613.778  event6   TOUCH_FRAME                  +31.246s	
1787603613.787  event6   TOUCH_MOTION              2  +31.255s	0 (0) 47.11/84.37 (150.83/152.00mm)
1787603613.787  event6   TOUCH_MOTION              3  +31.255s	1 (1) 62.52/33.95 (200.17/61.17mm)
1787603613.787  event6   TOUCH_FRAME                  +31.255s	
1787603613.797  event6   TOUCH_MOTION              2  +31.265s	0 (0) 47.01/84.74 (150.50/152.67mm)
1787603613.797  event6   TOUCH_MOTION              3  +31.265s	1 (1) 62.68/33.77 (200.67/60.83mm)
1787603613.797  event6   TOUCH_FRAME                  +31.265s	
1787603613.806  event6   TOUCH_MOTION              2  +31.274s	0 (0) 46.90/85.20 (150.17/153.50mm)
1787603613.806  event6   TOUCH_MOTION              3  +31.274s	1 (1) 62.88/33.58 (201.33/60.50mm)
1787603613.806  event6   TOUCH_FRAME                  +31.274s	
1787603613.815  event6   TOUCH_MOTION              2  +31.283s	0 (0) 46.85/85.57 (150.00/154.17mm)
1787603613.815  event6   TOUCH_MOTION              3  +31.283s	1 (1) 63.04/33.40 (201.83/60.17mm)
1787603613.815  event6   TOUCH_FRAME                  +31.283s	
1787603613.824  event6   TOUCH_MOTION              2  +31.292s	0 (0) 46.75/85.85 (149.67/154.67mm)
1787603613.824  event6   TOUCH_MOTION              3  +31.292s	1 (1) 63.20/33.21 (202.33/59.83mm)
1787603613.824  event6   TOUCH_FRAME                  +31.292s	
1787603613.833  event6   TOUCH_MOTION              2  +31.301s	0 (0) 46.64/86.22 (149.33/155.33mm)
1787603613.833  event6   TOUCH_MOTION              3  +31.301s	1 (1) 63.35/33.02 (202.83/59.50mm)
1787603613.833  event6   TOUCH_FRAME                  +31.301s	
1787603613.842  event6   TOUCH_MOTION              2  +31.310s	0 (0) 46.59/86.59 (149.17/156.00mm)
1787603613.842  event6   TOUCH_MOTION              3  +31.310s	1 (1) 63.51/32.84 (203.33/59.17mm)
1787603613.842  event6   TOUCH_FRAME                  +31.310s	
1787603613.851  event6   TOUCH_MOTION              2  +31.319s	0 (0) 46.49/86.96 (148.83/156.67mm)
1787603613.851  event6   TOUCH_MOTION              3  +31.319s	1 (1) 63.61/32.65 (203.67/58.83mm)
1787603613.851  event6   TOUCH_FRAME                  +31.319s	
1787603613.860  event6   TOUCH_MOTION              2  +31.328s	0 (0) 46.33/87.23 (148.33/157.17mm)
1787603613.860  event6   TOUCH_MOTION              3  +31.328s	1 (1) 63.77/32.47 (204.17/58.50mm)
1787603613.860  event6   TOUCH_FRAME                  +31.328s	
1787603613.870  event6   TOUCH_MOTION              2  +31.338s	0 (0) 46.17/87.60 (147.83/157.83mm)
1787603613.870  event6   TOUCH_MOTION              3  +31.338s	1 (1) 63.87/32.38 (204.50/58.33mm)
1787603613.870  event6   TOUCH_FRAME                  +31.338s	
1787603613.879  event6   TOUCH_MOTION              2  +31.347s	0 (0) 46.12/88.07 (147.67/158.67mm)
1787603613.879  event6   TOUCH_MOTION              3  +31.347s	1 (1) 64.03/32.19 (205.00/58.00mm)
1787603613.879  event6   TOUCH_FRAME                  +31.347s	
1787603613.888  event6   TOUCH_MOTION              2  +31.356s	0 (0) 45.97/88.53 (147.17/159.50mm)
1787603613.888  event6   TOUCH_MOTION              3  +31.356s	1 (1) 64.24/32.10 (205.67/57.83mm)
1787603613.888  event6   TOUCH_FRAME                  +31.356s	
1787603613.897  event6   TOUCH_MOTION              2  +31.365s	0 (0) 45.86/88.90 (146.83/160.17mm)
1787603613.897  event6   TOUCH_MOTION              3  +31.365s	1 (1) 64.34/32.01 (206.00/57.67mm)
1787603613.897  event6   TOUCH_FRAME                  +31.365s	
1787603613.906  event6   TOUCH_MOTION              2  +31.374s	0 (0) 45.71/89.27 (146.33/160.83mm)
1787603613.906  event6   TOUCH_MOTION              3  +31.374s	1 (1) 64.45/31.82 (206.33/57.33mm)
1787603613.906  event6   TOUCH_FRAME                  +31.374s	
1787603613.915  event6   TOUCH_MOTION              2  +31.383s	0 (0) 45.60/89.64 (146.00/161.50mm)
1787603613.915  event6   TOUCH_MOTION              3  +31.383s	1 (1) 64.50/31.73 (206.50/57.17mm)
1787603613.915  event6   TOUCH_FRAME                  +31.383s	
1787603613.924  event6   TOUCH_MOTION              2  +31.392s	0 (0) 45.50/90.01 (145.67/162.17mm)
1787603613.924  event6   TOUCH_MOTION              3  +31.392s	1 (1) 64.55/31.73 (206.67/57.17mm)
1787603613.924  event6   TOUCH_FRAME                  +31.392s	
1787603613.933  event6   TOUCH_MOTION              2  +31.401s	0 (0) 45.45/90.38 (145.50/162.83mm)
1787603613.933  event6   TOUCH_MOTION              3  +31.401s	1 (1) 64.60/31.64 (206.83/57.00mm)
1787603613.933  event6   TOUCH_FRAME                  +31.401s	
1787603613.943  event6   TOUCH_MOTION              2  +31.411s	0 (0) 45.39/90.75 (145.33/163.50mm)
1787603613.943  event6   TOUCH_MOTION              3  +31.411s	1 (1) 64.65/31.54 (207.00/56.83mm)
1787603613.943  event6   TOUCH_FRAME                  +31.411s	
1787603613.952  event6   TOUCH_MOTION              2  +31.420s	0 (0) 45.34/90.93 (145.17/163.83mm)
1787603613.952  event6   TOUCH_MOTION              3  +31.420s	1 (1) 64.65/31.45 (207.00/56.67mm)
1787603613.952  event6   TOUCH_FRAME                  +31.420s	
1787603613.961  event6   TOUCH_MOTION              2  +31.429s	0 (0) 45.29/91.12 (145.00/164.17mm)
1787603613.961  event6   TOUCH_MOTION              3  +31.429s	1 (1) 64.71/31.36 (207.17/56.50mm)
1787603613.961  event6   TOUCH_FRAME                  +31.429s	
1787603613.970  event6   TOUCH_MOTION              2  +31.438s	0 (0) 45.29/91.40 (145.00/164.67mm)
1787603613.970  event6   TOUCH_FRAME                  +31.438s	
1787603613.979  event6   TOUCH_MOTION              2  +31.447s	0 (0) 45.24/91.58 (144.83/165.00mm)
1787603613.979  event6   TOUCH_MOTION              3  +31.447s	1 (1) 64.76/31.36 (207.33/56.50mm)
1787603613.979  event6   TOUCH_FRAME                  +31.447s	
1787603613.997  event6   TOUCH_MOTION              2  +31.465s	0 (0) 45.24/91.67 (144.83/165.17mm)
1787603613.997  event6   TOUCH_FRAME                  +31.465s	
1787603614.043  event6   TOUCH_MOTION              2  +31.511s	0 (0) 45.29/91.58 (145.00/165.00mm)
1787603614.043  event6   TOUCH_MOTION              3  +31.511s	1 (1) 64.76/31.45 (207.33/56.67mm)
1787603614.043  event6   TOUCH_FRAME                  +31.511s	
1787603614.052  event6   TOUCH_MOTION              2  +31.520s	0 (0) 45.29/91.40 (145.00/164.67mm)
1787603614.052  event6   TOUCH_MOTION              3  +31.520s	1 (1) 64.71/31.54 (207.17/56.83mm)
1787603614.052  event6   TOUCH_FRAME                  +31.520s	
1787603614.061  event6   TOUCH_MOTION              2  +31.529s	0 (0) 45.39/91.03 (145.33/164.00mm)
1787603614.061  event6   TOUCH_MOTION              3  +31.529s	1 (1) 64.65/31.73 (207.00/57.17mm)
1787603614.061  event6   TOUCH_FRAME                  +31.529s	
1787603614.070  event6   TOUCH_MOTION              2  +31.538s	0 (0) 45.55/90.56 (145.83/163.17mm)
1787603614.070  event6   TOUCH_MOTION              3  +31.538s	1 (1) 64.50/31.91 (206.50/57.50mm)
1787603614.070  event6   TOUCH_FRAME                  +31.538s	
1787603614.079  event6   TOUCH_MOTION              2  +31.547s	0 (0) 45.76/90.01 (146.50/162.17mm)
1787603614.079  event6   TOUCH_MOTION              3  +31.547s	1 (1) 64.34/32.19 (206.00/58.00mm)
1787603614.079  event6   TOUCH_FRAME                  +31.547s	
1787603614.089  event6   TOUCH_MOTION              2  +31.557s	0 (0) 45.97/89.45 (147.17/161.17mm)
1787603614.089  event6   TOUCH_MOTION              3  +31.557s	1 (1) 64.19/32.56 (205.50/58.67mm)
1787603614.089  event6   TOUCH_FRAME                  +31.557s	
1787603614.098  event6   TOUCH_MOTION              2  +31.566s	0 (0) 46.17/88.90 (147.83/160.17mm)
1787603614.098  event6   TOUCH_MOTION              3  +31.566s	1 (1) 64.03/32.93 (205.00/59.33mm)
1787603614.098  event6   TOUCH_FRAME                  +31.566s	
1787603614.107  event6   TOUCH_MOTION              2  +31.575s	0 (0) 46.38/88.25 (148.50/159.00mm)
1787603614.107  event6   TOUCH_MOTION              3  +31.575s	1 (1) 63.87/33.40 (204.50/60.17mm)
1787603614.107  event6   TOUCH_FRAME                  +31.575s	
1787603614.116  event6   TOUCH_MOTION              2  +31.584s	0 (0) 46.59/87.70 (149.17/158.00mm)
1787603614.116  event6   TOUCH_MOTION              3  +31.584s	1 (1) 63.72/33.86 (204.00/61.00mm)
1787603614.116  event6   TOUCH_FRAME                  +31.584s	
1787603614.125  event6   TOUCH_MOTION              2  +31.593s	0 (0) 46.75/87.14 (149.67/157.00mm)
1787603614.125  event6   TOUCH_MOTION              3  +31.593s	1 (1) 63.56/34.32 (203.50/61.83mm)
1787603614.125  event6   TOUCH_FRAME                  +31.593s	
1787603614.134  event6   TOUCH_MOTION              2  +31.602s	0 (0) 46.85/86.59 (150.00/156.00mm)
1787603614.134  event6   TOUCH_MOTION              3  +31.602s	1 (1) 63.35/34.78 (202.83/62.67mm)
1787603614.134  event6   TOUCH_FRAME                  +31.602s	
1787603614.143  event6   TOUCH_MOTION              2  +31.611s	0 (0) 47.06/86.12 (150.67/155.17mm)
1787603614.143  event6   TOUCH_MOTION              3  +31.611s	1 (1) 63.09/35.34 (202.00/63.67mm)
1787603614.143  event6   TOUCH_FRAME                  +31.611s	
1787603614.152  event6   TOUCH_MOTION              2  +31.620s	0 (0) 47.27/85.57 (151.33/154.17mm)
1787603614.152  event6   TOUCH_MOTION              3  +31.620s	1 (1) 62.83/35.89 (201.17/64.67mm)
1787603614.152  event6   TOUCH_FRAME                  +31.620s	
1787603614.161  event6   TOUCH_MOTION              2  +31.629s	0 (0) 47.48/85.11 (152.00/153.33mm)
1787603614.161  event6   TOUCH_MOTION              3  +31.629s	1 (1) 62.52/36.63 (200.17/66.00mm)
1787603614.161  event6   TOUCH_FRAME                  +31.629s	
1787603614.171  event6   TOUCH_MOTION              2  +31.639s	0 (0) 47.68/84.55 (152.67/152.33mm)
1787603614.171  event6   TOUCH_MOTION              3  +31.639s	1 (1) 62.21/37.37 (199.17/67.33mm)
1787603614.171  event6   TOUCH_FRAME                  +31.639s	
1787603614.180  event6   TOUCH_MOTION              2  +31.648s	0 (0) 47.84/84.00 (153.17/151.33mm)
1787603614.180  event6   TOUCH_MOTION              3  +31.648s	1 (1) 61.84/38.11 (198.00/68.67mm)
1787603614.180  event6   TOUCH_FRAME                  +31.648s	
1787603614.189  event6   TOUCH_MOTION              2  +31.657s	0 (0) 48.00/83.53 (153.67/150.50mm)
1787603614.189  event6   TOUCH_MOTION              3  +31.657s	1 (1) 61.48/38.95 (196.83/70.17mm)
1787603614.189  event6   TOUCH_FRAME                  +31.657s	
1787603614.198  event6   TOUCH_MOTION              2  +31.666s	0 (0) 48.15/82.98 (154.17/149.50mm)
1787603614.198  event6   TOUCH_MOTION              3  +31.666s	1 (1) 61.06/39.69 (195.50/71.50mm)
1787603614.198  event6   TOUCH_FRAME                  +31.666s	
1787603614.207  event6   TOUCH_MOTION              2  +31.675s	0 (0) 48.36/82.52 (154.83/148.67mm)
1787603614.207  event6   TOUCH_MOTION              3  +31.675s	1 (1) 60.65/40.43 (194.17/72.83mm)
1787603614.207  event6   TOUCH_FRAME                  +31.675s	
1787603614.216  event6   TOUCH_MOTION              2  +31.684s	0 (0) 48.57/82.05 (155.50/147.83mm)
1787603614.216  event6   TOUCH_MOTION              3  +31.684s	1 (1) 60.28/41.26 (193.00/74.33mm)
1787603614.216  event6   TOUCH_FRAME                  +31.684s	
1787603614.225  event6   TOUCH_MOTION              2  +31.693s	0 (0) 48.72/81.50 (156.00/146.83mm)
1787603614.225  event6   TOUCH_MOTION              3  +31.693s	1 (1) 59.97/42.00 (192.00/75.67mm)
1787603614.225  event6   TOUCH_FRAME                  +31.693s	
1787603614.234  event6   TOUCH_MOTION              2  +31.702s	0 (0) 48.88/81.04 (156.50/146.00mm)
1787603614.234  event6   TOUCH_MOTION              3  +31.702s	1 (1) 59.60/42.74 (190.83/77.00mm)
1787603614.234  event6   TOUCH_FRAME                  +31.702s	
1787603614.244  event6   TOUCH_MOTION              2  +31.712s	0 (0) 49.04/80.57 (157.00/145.17mm)
1787603614.244  event6   TOUCH_MOTION              3  +31.712s	1 (1) 59.34/43.29 (190.00/78.00mm)
1787603614.244  event6   TOUCH_FRAME                  +31.712s	
1787603614.253  event6   TOUCH_MOTION              2  +31.721s	0 (0) 49.25/80.20 (157.67/144.50mm)
1787603614.253  event6   TOUCH_MOTION              3  +31.721s	1 (1) 59.08/43.85 (189.17/79.00mm)
1787603614.253  event6   TOUCH_FRAME                  +31.721s	
1787603614.262  event6   TOUCH_MOTION              2  +31.730s	0 (0) 49.40/79.65 (158.17/143.50mm)
1787603614.262  event6   TOUCH_MOTION              3  +31.730s	1 (1) 58.88/44.31 (188.50/79.83mm)
1787603614.262  event6   TOUCH_FRAME                  +31.730s	
1787603614.271  event6   TOUCH_MOTION              2  +31.739s	0 (0) 49.61/79.09 (158.83/142.50mm)
1787603614.271  event6   TOUCH_MOTION              3  +31.739s	1 (1) 58.62/44.87 (187.67/80.83mm)
1787603614.271  event6   TOUCH_FRAME                  +31.739s	
1787603614.280  event6   TOUCH_MOTION              2  +31.748s	0 (0) 49.82/78.54 (159.50/141.50mm)
1787603614.280  event6   TOUCH_MOTION              3  +31.748s	1 (1) 58.36/45.33 (186.83/81.67mm)
1787603614.280  event6   TOUCH_FRAME                  +31.748s	
1787603614.289  event6   TOUCH_MOTION              2  +31.757s	0 (0) 50.03/77.98 (160.17/140.50mm)
1787603614.289  event6   TOUCH_MOTION              3  +31.757s	1 (1) 58.15/45.79 (186.17/82.50mm)
1787603614.289  event6   TOUCH_FRAME                  +31.757s	
1787603614.298  event6   TOUCH_MOTION              2  +31.766s	0 (0) 50.23/77.52 (160.83/139.67mm)
1787603614.298  event6   TOUCH_MOTION              3  +31.766s	1 (1) 57.94/46.25 (185.50/83.33mm)
1787603614.298  event6   TOUCH_FRAME                  +31.766s	
1787603614.307  event6   TOUCH_MOTION              2  +31.775s	0 (0) 50.44/76.97 (161.50/138.67mm)
1787603614.307  event6   TOUCH_MOTION              3  +31.775s	1 (1) 57.78/46.72 (185.00/84.17mm)
1787603614.307  event6   TOUCH_FRAME                  +31.775s	
1787603614.317  event6   TOUCH_MOTION              2  +31.785s	0 (0) 50.60/76.41 (162.00/137.67mm)
1787603614.317  event6   TOUCH_MOTION              3  +31.785s	1 (1) 57.57/47.09 (184.33/84.83mm)
1787603614.317  event6   TOUCH_FRAME                  +31.785s	
1787603614.326  event6   TOUCH_MOTION              2  +31.794s	0 (0) 50.75/75.86 (162.50/136.67mm)
1787603614.326  event6   TOUCH_MOTION              3  +31.794s	1 (1) 57.47/47.46 (184.00/85.50mm)
1787603614.326  event6   TOUCH_FRAME                  +31.794s	
1787603614.335  event6   TOUCH_MOTION              2  +31.803s	0 (0) 50.86/75.30 (162.83/135.67mm)
1787603614.335  event6   TOUCH_MOTION              3  +31.803s	1 (1) 57.31/47.73 (183.50/86.00mm)
1787603614.335  event6   TOUCH_FRAME                  +31.803s	
1787603614.344  event6   TOUCH_MOTION              2  +31.812s	0 (0) 51.07/74.65 (163.50/134.50mm)
1787603614.344  event6   TOUCH_MOTION              3  +31.812s	1 (1) 57.21/48.01 (183.17/86.50mm)
1787603614.344  event6   TOUCH_FRAME                  +31.812s	
1787603614.354  event6   TOUCH_MOTION              2  +31.822s	0 (0) 51.12/74.38 (163.67/134.00mm)
1787603614.354  event6   TOUCH_MOTION              3  +31.822s	1 (1) 57.16/48.20 (183.00/86.83mm)
1787603614.354  event6   TOUCH_FRAME                  +31.822s	
1787603614.364  event6   TOUCH_MOTION              2  +31.832s	0 (0) 51.22/74.10 (164.00/133.50mm)
1787603614.364  event6   TOUCH_MOTION              3  +31.832s	1 (1) 57.11/48.38 (182.83/87.17mm)
1787603614.364  event6   TOUCH_FRAME                  +31.832s	
1787603614.374  event6   TOUCH_MOTION              2  +31.842s	0 (0) 51.28/73.73 (164.17/132.83mm)
1787603614.374  event6   TOUCH_MOTION              3  +31.842s	1 (1) 57.11/48.47 (182.83/87.33mm)
1787603614.374  event6   TOUCH_FRAME                  +31.842s	
1787603614.384  event6   TOUCH_MOTION              2  +31.852s	0 (0) 51.38/73.36 (164.50/132.17mm)
1787603614.384  event6   TOUCH_MOTION              3  +31.852s	1 (1) 57.00/48.66 (182.50/87.67mm)
1787603614.384  event6   TOUCH_FRAME                  +31.852s	
1787603614.393  event6   TOUCH_MOTION              2  +31.861s	0 (0) 51.48/72.90 (164.83/131.33mm)
1787603614.393  event6   TOUCH_MOTION              3  +31.861s	1 (1) 56.90/48.75 (182.17/87.83mm)
1787603614.393  event6   TOUCH_FRAME                  +31.861s	
1787603614.403  event6   TOUCH_MOTION              2  +31.871s	0 (0) 51.54/72.43 (165.00/130.50mm)
1787603614.403  event6   TOUCH_MOTION              3  +31.871s	1 (1) 56.85/48.84 (182.00/88.00mm)
1787603614.403  event6   TOUCH_FRAME                  +31.871s	
1787603614.413  event6   TOUCH_MOTION              2  +31.881s	0 (0) 51.64/71.88 (165.33/129.50mm)
1787603614.413  event6   TOUCH_MOTION              3  +31.881s	1 (1) 56.74/49.03 (181.67/88.33mm)
1787603614.413  event6   TOUCH_FRAME                  +31.881s	
1787603614.423  event6   TOUCH_MOTION              2  +31.891s	0 (0) 51.74/71.42 (165.67/128.67mm)
1787603614.423  event6   TOUCH_MOTION              3  +31.891s	1 (1) 56.64/49.21 (181.33/88.67mm)
1787603614.423  event6   TOUCH_FRAME                  +31.891s	
1787603614.433  event6   TOUCH_MOTION              2  +31.901s	0 (0) 51.85/70.86 (166.00/127.67mm)
1787603614.433  event6   TOUCH_MOTION              3  +31.901s	1 (1) 56.59/49.49 (181.17/89.17mm)
1787603614.433  event6   TOUCH_FRAME                  +31.901s	
1787603614.443  event6   TOUCH_MOTION              2  +31.911s	0 (0) 51.95/70.40 (166.33/126.83mm)
1787603614.443  event6   TOUCH_MOTION              3  +31.911s	1 (1) 56.48/49.68 (180.83/89.50mm)
1787603614.443  event6   TOUCH_FRAME                  +31.911s	
1787603614.453  event6   TOUCH_MOTION              2  +31.921s	0 (0) 52.00/69.94 (166.50/126.00mm)
1787603614.453  event6   TOUCH_MOTION              3  +31.921s	1 (1) 56.43/49.95 (180.67/90.00mm)
1787603614.453  event6   TOUCH_FRAME                  +31.921s	
1787603614.462  event6   TOUCH_MOTION              2  +31.930s	0 (0) 52.11/69.47 (166.83/125.17mm)
1787603614.462  event6   TOUCH_MOTION              3  +31.930s	1 (1) 56.32/50.32 (180.33/90.67mm)
1787603614.462  event6   TOUCH_FRAME                  +31.930s	
1787603614.472  event6   TOUCH_MOTION              2  +31.940s	0 (0) 52.16/68.92 (167.00/124.17mm)
1787603614.472  event6   TOUCH_MOTION              3  +31.940s	1 (1) 56.22/50.69 (180.00/91.33mm)
1787603614.472  event6   TOUCH_FRAME                  +31.940s	
1787603614.482  event6   TOUCH_MOTION              2  +31.950s	0 (0) 52.26/68.46 (167.33/123.33mm)
1787603614.482  event6   TOUCH_MOTION              3  +31.950s	1 (1) 56.12/51.06 (179.67/92.00mm)
1787603614.482  event6   TOUCH_FRAME                  +31.950s	
1787603614.492  event6   TOUCH_MOTION              2  +31.960s	0 (0) 52.37/68.09 (167.67/122.67mm)
1787603614.492  event6   TOUCH_MOTION              3  +31.960s	1 (1) 55.96/51.43 (179.17/92.67mm)
1787603614.492  event6   TOUCH_FRAME                  +31.960s	
1787603614.502  event6   TOUCH_MOTION              2  +31.970s	0 (0) 52.42/67.62 (167.83/121.83mm)
1787603614.502  event6   TOUCH_MOTION              3  +31.970s	1 (1) 55.80/51.80 (178.67/93.33mm)
1787603614.502  event6   TOUCH_FRAME                  +31.970s	
1787603614.512  event6   TOUCH_MOTION              2  +31.980s	0 (0) 52.52/67.16 (168.17/121.00mm)
1787603614.512  event6   TOUCH_MOTION              3  +31.980s	1 (1) 55.70/52.17 (178.33/94.00mm)
1787603614.512  event6   TOUCH_FRAME                  +31.980s	
1787603614.522  event6   TOUCH_MOTION              2  +31.990s	0 (0) 52.63/66.70 (168.50/120.17mm)
1787603614.522  event6   TOUCH_MOTION              3  +31.990s	1 (1) 55.54/52.45 (177.83/94.50mm)
1787603614.522  event6   TOUCH_FRAME                  +31.990s	
1787603614.532  event6   TOUCH_MOTION              2  +32.000s	0 (0) 52.63/66.23 (168.50/119.33mm)
1787603614.532  event6   TOUCH_MOTION              3  +32.000s	1 (1) 55.49/52.64 (177.67/94.83mm)
1787603614.532  event6   TOUCH_FRAME                  +32.000s	
1787603614.541  event6   TOUCH_MOTION              2  +32.009s	0 (0) 52.68/65.86 (168.67/118.67mm)
1787603614.541  event6   TOUCH_MOTION              3  +32.009s	1 (1) 55.39/52.82 (177.33/95.17mm)
1787603614.541  event6   TOUCH_FRAME                  +32.009s	
1787603614.551  event6   TOUCH_MOTION              2  +32.019s	0 (0) 52.73/65.49 (168.83/118.00mm)
1787603614.551  event6   TOUCH_MOTION              3  +32.019s	1 (1) 55.28/52.91 (177.00/95.33mm)
1787603614.551  event6   TOUCH_FRAME                  +32.019s	
1787603614.561  event6   TOUCH_MOTION              2  +32.029s	0 (0) 52.79/65.12 (169.00/117.33mm)
1787603614.561  event6   TOUCH_MOTION              3  +32.029s	1 (1) 55.23/53.01 (176.83/95.50mm)
1787603614.561  event6   TOUCH_FRAME                  +32.029s	
1787603614.571  event6   TOUCH_MOTION              2  +32.039s	0 (0) 52.79/64.75 (169.00/116.67mm)
1787603614.571  event6   TOUCH_MOTION              3  +32.039s	1 (1) 55.18/53.10 (176.67/95.67mm)
1787603614.571  event6   TOUCH_FRAME                  +32.039s	
1787603614.581  event6   TOUCH_MOTION              2  +32.049s	0 (0) 52.79/64.48 (169.00/116.17mm)
1787603614.581  event6   TOUCH_MOTION              3  +32.049s	1 (1) 55.13/53.19 (176.50/95.83mm)
1787603614.581  event6   TOUCH_FRAME                  +32.049s	
1787603614.591  event6   TOUCH_MOTION              2  +32.059s	0 (0) 52.79/64.11 (169.00/115.50mm)
1787603614.591  event6   TOUCH_MOTION              3  +32.059s	1 (1) 55.08/53.19 (176.33/95.83mm)
1787603614.591  event6   TOUCH_FRAME                  +32.059s	
1787603614.601  event6   TOUCH_MOTION              2  +32.069s	0 (0) 52.79/63.74 (169.00/114.83mm)
1787603614.601  event6   TOUCH_FRAME                  +32.069s	
1787603614.610  event6   TOUCH_MOTION              2  +32.078s	0 (0) 52.84/63.37 (169.17/114.17mm)
1787603614.610  event6   TOUCH_MOTION              3  +32.078s	1 (1) 55.02/53.19 (176.17/95.83mm)
1787603614.610  event6   TOUCH_FRAME                  +32.078s	
1787603614.620  event6   TOUCH_MOTION              2  +32.088s	0 (0) 52.84/63.09 (169.17/113.67mm)
1787603614.620  event6   TOUCH_MOTION              3  +32.088s	1 (1) 54.97/53.19 (176.00/95.83mm)
1787603614.620  event6   TOUCH_FRAME                  +32.088s	
1787603614.630  event6   TOUCH_MOTION              2  +32.098s	0 (0) 52.89/62.81 (169.33/113.17mm)
1787603614.630  event6   TOUCH_FRAME                  +32.098s	
1787603614.640  event6   TOUCH_MOTION              2  +32.108s	0 (0) 52.94/62.44 (169.50/112.50mm)
1787603614.640  event6   TOUCH_FRAME                  +32.108s	
1787603614.650  event6   TOUCH_MOTION              2  +32.118s	0 (0) 52.99/62.26 (169.67/112.17mm)
1787603614.650  event6   TOUCH_FRAME                  +32.118s	
1787603614.660  event6   TOUCH_MOTION              2  +32.128s	0 (0) 53.05/61.98 (169.83/111.67mm)
1787603614.660  event6   TOUCH_FRAME                  +32.128s	
1787603614.711  event6   TOUCH_UP                     +32.179s	0 (0)
1787603614.711  event6   TOUCH_FRAME                  +32.179s	
1787603614.731  event6   TOUCH_UP                     +32.199s	1 (1)
1787603614.731  event6   TOUCH_FRAME                  +32.199s	
1787603615.537  event6   TOUCH_DOWN                   +33.005s	0 (0) 52.84/40.98 (169.17/73.83mm)
1787603615.537  event6   TOUCH_DOWN                   +33.005s	1 (1) 60.75/47.27 (194.50/85.17mm)
1787603615.537  event6   TOUCH_FRAME                  +33.005s	
1787603615.556  event6   TOUCH_DOWN                   +33.024s	2 (2) 47.74/48.75 (152.83/87.83mm)
1787603615.556  event6   TOUCH_FRAME                  +33.024s	
1787603616.012  event6   TOUCH_MOTION                 +33.480s	2 (2) 47.74/49.49 (152.83/89.17mm)
1787603616.012  event6   TOUCH_FRAME                  +33.480s	
1787603616.021  event6   TOUCH_MOTION              2  +33.489s	0 (0) 52.84/41.72 (169.17/75.17mm)
1787603616.021  event6   TOUCH_MOTION              3  +33.489s	2 (2) 47.74/49.68 (152.83/89.50mm)
1787603616.021  event6   TOUCH_FRAME                  +33.489s	
1787603616.030  event6   TOUCH_MOTION              2  +33.498s	0 (0) 52.84/41.81 (169.17/75.33mm)
1787603616.030  event6   TOUCH_MOTION              3  +33.498s	2 (2) 47.68/49.86 (152.67/89.83mm)
1787603616.030  event6   TOUCH_FRAME                  +33.498s	
1787603616.039  event6   TOUCH_MOTION              2  +33.507s	0 (0) 52.84/42.00 (169.17/75.67mm)
1787603616.039  event6   TOUCH_MOTION              3  +33.507s	2 (2) 47.63/49.95 (152.50/90.00mm)
1787603616.039  event6   TOUCH_FRAME                  +33.507s	
1787603616.048  event6   TOUCH_MOTION              2  +33.516s	0 (0) 52.89/42.09 (169.33/75.83mm)
1787603616.048  event6   TOUCH_MOTION              3  +33.516s	1 (1) 60.91/47.83 (195.00/86.17mm)
1787603616.048  event6   TOUCH_MOTION              4  +33.516s	2 (2) 47.63/50.14 (152.50/90.33mm)
1787603616.048  event6   TOUCH_FRAME                  +33.516s	
1787603616.058  event6   TOUCH_MOTION              2  +33.526s	0 (0) 52.89/42.28 (169.33/76.17mm)
1787603616.058  event6   TOUCH_MOTION              3  +33.526s	1 (1) 60.96/48.01 (195.17/86.50mm)
1787603616.059  event6   TOUCH_MOTION              4  +33.526s	2 (2) 47.63/50.32 (152.50/90.67mm)
1787603616.059  event6   TOUCH_FRAME                  +33.526s	
1787603616.067  event6   TOUCH_MOTION              2  +33.535s	0 (0) 52.94/42.46 (169.50/76.50mm)
1787603616.067  event6   TOUCH_MOTION              3  +33.535s	1 (1) 61.01/48.29 (195.33/87.00mm)
1787603616.067  event6   TOUCH_MOTION              4  +33.535s	2 (2) 47.58/50.60 (152.33/91.17mm)
1787603616.067  event6   TOUCH_FRAME                  +33.535s	
1787603616.076  event6   TOUCH_MOTION              2  +33.544s	0 (0) 52.99/42.74 (169.67/77.00mm)
1787603616.076  event6   TOUCH_MOTION              3  +33.544s	1 (1) 61.06/48.57 (195.50/87.50mm)
1787603616.076  event6   TOUCH_MOTION              4  +33.544s	2 (2) 47.58/50.88 (152.33/91.67mm)
1787603616.076  event6   TOUCH_FRAME                  +33.544s	
1787603616.085  event6   TOUCH_MOTION              2  +33.553s	0 (0) 53.05/43.11 (169.83/77.67mm)
1787603616.085  event6   TOUCH_MOTION              3  +33.553s	1 (1) 61.11/48.84 (195.67/88.00mm)
1787603616.085  event6   TOUCH_MOTION              4  +33.553s	2 (2) 47.58/51.25 (152.33/92.33mm)
1787603616.085  event6   TOUCH_FRAME                  +33.553s	
1787603616.094  event6   TOUCH_MOTION              2  +33.562s	0 (0) 53.10/43.48 (170.00/78.33mm)
1787603616.094  event6   TOUCH_MOTION              3  +33.562s	1 (1) 61.11/49.21 (195.67/88.67mm)
1787603616.094  event6   TOUCH_MOTION              4  +33.562s	2 (2) 47.58/51.62 (152.33/93.00mm)
1787603616.094  event6   TOUCH_FRAME                  +33.562s	
1787603616.103  event6   TOUCH_MOTION              2  +33.571s	0 (0) 53.10/43.85 (170.00/79.00mm)
1787603616.103  event6   TOUCH_MOTION              3  +33.571s	1 (1) 61.17/49.68 (195.83/89.50mm)
1787603616.103  event6   TOUCH_MOTION              4  +33.571s	2 (2) 47.53/52.08 (152.17/93.83mm)
1787603616.103  event6   TOUCH_FRAME                  +33.571s	
1787603616.112  event6   TOUCH_MOTION              2  +33.580s	0 (0) 53.15/44.22 (170.17/79.67mm)
1787603616.112  event6   TOUCH_MOTION              3  +33.580s	1 (1) 61.22/50.23 (196.00/90.50mm)
1787603616.112  event6   TOUCH_MOTION              4  +33.580s	2 (2) 47.48/52.54 (152.00/94.67mm)
1787603616.112  event6   TOUCH_FRAME                  +33.580s	
1787603616.121  event6   TOUCH_MOTION              2  +33.589s	0 (0) 53.20/44.77 (170.33/80.67mm)
1787603616.121  event6   TOUCH_MOTION              3  +33.589s	1 (1) 61.27/50.69 (196.17/91.33mm)
1787603616.121  event6   TOUCH_MOTION              4  +33.589s	2 (2) 47.48/53.19 (152.00/95.83mm)
1787603616.121  event6   TOUCH_FRAME                  +33.589s	
1787603616.131  event6   TOUCH_MOTION              2  +33.599s	0 (0) 53.25/45.33 (170.50/81.67mm)
1787603616.131  event6   TOUCH_MOTION              3  +33.599s	1 (1) 61.32/51.34 (196.33/92.50mm)
1787603616.131  event6   TOUCH_MOTION              4  +33.599s	2 (2) 47.42/53.75 (151.83/96.83mm)
1787603616.131  event6   TOUCH_FRAME                  +33.599s	
1787603616.140  event6   TOUCH_MOTION              2  +33.608s	0 (0) 53.31/45.98 (170.67/82.83mm)
1787603616.140  event6   TOUCH_MOTION              3  +33.608s	1 (1) 61.32/51.90 (196.33/93.50mm)
1787603616.140  event6   TOUCH_MOTION              4  +33.608s	2 (2) 47.37/54.49 (151.67/98.17mm)
1787603616.140  event6   TOUCH_FRAME                  +33.608s	
1787603616.149  event6   TOUCH_MOTION              2  +33.617s	0 (0) 53.31/46.72 (170.67/84.17mm)
1787603616.149  event6   TOUCH_MOTION              3  +33.617s	1 (1) 61.37/52.54 (196.50/94.67mm)
1787603616.149  event6   TOUCH_MOTION              4  +33.617s	2 (2) 47.32/55.23 (151.50/99.50mm)
1787603616.149  event6   TOUCH_FRAME                  +33.617s	
1787603616.158  event6   TOUCH_MOTION              2  +33.626s	0 (0) 53.31/47.46 (170.67/85.50mm)
1787603616.158  event6   TOUCH_MOTION              3  +33.626s	1 (1) 61.37/53.28 (196.50/96.00mm)
1787603616.158  event6   TOUCH_MOTION              4  +33.626s	2 (2) 47.27/55.97 (151.33/100.83mm)
1787603616.158  event6   TOUCH_FRAME                  +33.626s	
1787603616.167  event6   TOUCH_MOTION              2  +33.635s	0 (0) 53.31/48.20 (170.67/86.83mm)
1787603616.167  event6   TOUCH_MOTION              3  +33.635s	1 (1) 61.37/54.12 (196.50/97.50mm)
1787603616.167  event6   TOUCH_MOTION              4  +33.635s	2 (2) 47.27/56.80 (151.33/102.33mm)
1787603616.167  event6   TOUCH_FRAME                  +33.635s	
1787603616.176  event6   TOUCH_MOTION              2  +33.644s	0 (0) 53.31/49.03 (170.67/88.33mm)
1787603616.176  event6   TOUCH_MOTION              3  +33.644s	1 (1) 61.37/54.86 (196.50/98.83mm)
1787603616.176  event6   TOUCH_MOTION              4  +33.644s	2 (2) 47.16/57.72 (151.00/104.00mm)
1787603616.176  event6   TOUCH_FRAME                  +33.644s	
1787603616.185  event6   TOUCH_MOTION              2  +33.653s	0 (0) 53.31/49.86 (170.67/89.83mm)
1787603616.185  event6   TOUCH_MOTION              3  +33.653s	1 (1) 61.37/55.69 (196.50/100.33mm)
1787603616.185  event6   TOUCH_MOTION              4  +33.653s	2 (2) 47.06/58.65 (150.67/105.67mm)
1787603616.185  event6   TOUCH_FRAME                  +33.653s	
1787603616.194  event6   TOUCH_MOTION              2  +33.662s	0 (0) 53.31/50.69 (170.67/91.33mm)
1787603616.194  event6   TOUCH_MOTION              3  +33.662s	1 (1) 61.37/56.61 (196.50/102.00mm)
1787603616.194  event6   TOUCH_MOTION              4  +33.662s	2 (2) 47.01/59.57 (150.50/107.33mm)
1787603616.194  event6   TOUCH_FRAME                  +33.662s	
1787603616.204  event6   TOUCH_MOTION              2  +33.672s	0 (0) 53.31/51.62 (170.67/93.00mm)
1787603616.204  event6   TOUCH_MOTION              3  +33.672s	1 (1) 61.37/57.54 (196.50/103.67mm)
1787603616.204  event6   TOUCH_MOTION              4  +33.672s	2 (2) 46.90/60.59 (150.17/109.17mm)
1787603616.204  event6   TOUCH_FRAME                  +33.672s	
1787603616.213  event6   TOUCH_MOTION              2  +33.681s	0 (0) 53.31/52.64 (170.67/94.83mm)
1787603616.213  event6   TOUCH_MOTION              3  +33.681s	1 (1) 61.37/58.65 (196.50/105.67mm)
1787603616.213  event6   TOUCH_MOTION              4  +33.681s	2 (2) 46.85/61.70 (150.00/111.17mm)
1787603616.213  event6   TOUCH_FRAME                  +33.681s	
1787603616.222  event6   TOUCH_MOTION              2  +33.690s	0 (0) 53.31/53.75 (170.67/96.83mm)
1787603616.222  event6   TOUCH_MOTION              3  +33.690s	1 (1) 61.37/59.76 (196.50/107.67mm)
1787603616.222  event6   TOUCH_MOTION              4  +33.690s	2 (2) 46.69/62.90 (149.50/113.33mm)
1787603616.222  event6   TOUCH_FRAME                  +33.690s	
1787603616.231  event6   TOUCH_MOTION              2  +33.699s	0 (0) 53.25/54.86 (170.50/98.83mm)
1787603616.231  event6   TOUCH_MOTION              3  +33.699s	1 (1) 61.32/60.87 (196.33/109.67mm)
1787603616.231  event6   TOUCH_MOTION              4  +33.699s	2 (2) 46.59/64.11 (149.17/115.50mm)
1787603616.231  event6   TOUCH_FRAME                  +33.699s	
1787603616.240  event6   TOUCH_MOTION              2  +33.708s	0 (0) 53.20/56.06 (170.33/101.00mm)
1787603616.240  event6   TOUCH_MOTION              3  +33.708s	1 (1) 61.27/61.98 (196.17/111.67mm)
1787603616.240  event6   TOUCH_MOTION              4  +33.708s	2 (2) 46.38/65.40 (148.50/117.83mm)
1787603616.240  event6   TOUCH_FRAME                  +33.708s	
1787603616.249  event6   TOUCH_MOTION              2  +33.717s	0 (0) 53.10/57.35 (170.00/103.33mm)
1787603616.249  event6   TOUCH_MOTION              3  +33.717s	1 (1) 61.17/63.37 (195.83/114.17mm)
1787603616.249  event6   TOUCH_MOTION              4  +33.717s	2 (2) 46.23/66.88 (148.00/120.50mm)
1787603616.249  event6   TOUCH_FRAME                  +33.717s	
1787603616.258  event6   TOUCH_MOTION              2  +33.726s	0 (0) 53.05/58.65 (169.83/105.67mm)
1787603616.258  event6   TOUCH_MOTION              3  +33.726s	1 (1) 61.11/64.75 (195.67/116.67mm)
1787603616.258  event6   TOUCH_MOTION              4  +33.726s	2 (2) 46.12/68.46 (147.67/123.33mm)
1787603616.258  event6   TOUCH_FRAME                  +33.726s	
1787603616.267  event6   TOUCH_MOTION              2  +33.735s	0 (0) 52.94/60.13 (169.50/108.33mm)
1787603616.267  event6   TOUCH_MOTION              3  +33.735s	1 (1) 60.96/66.33 (195.17/119.50mm)
1787603616.267  event6   TOUCH_MOTION              4  +33.735s	2 (2) 45.97/70.03 (147.17/126.17mm)
1787603616.267  event6   TOUCH_FRAME                  +33.735s	
1787603616.276  event6   TOUCH_MOTION              2  +33.744s	0 (0) 52.84/61.70 (169.17/111.17mm)
1787603616.276  event6   TOUCH_MOTION              3  +33.744s	1 (1) 60.80/68.09 (194.67/122.67mm)
1787603616.276  event6   TOUCH_FRAME                  +33.744s	
1787603616.285  event6   TOUCH_MOTION              2  +33.753s	0 (0) 52.73/63.55 (168.83/114.50mm)
1787603616.285  event6   TOUCH_FRAME                  +33.753s	
1787603616.294  event6   TOUCH_MOTION              2  +33.762s	0 (0) 52.63/65.59 (168.50/118.17mm)
1787603616.294  event6   TOUCH_FRAME                  +33.762s	
1787603616.312  event6   TOUCH_UP                     +33.780s	2 (2)
1787603616.312  event6   TOUCH_FRAME                  +33.780s	
1787603616.321  event6   TOUCH_UP                     +33.789s	1 (1)
1787603616.321  event6   TOUCH_FRAME                  +33.789s	
1787603616.343  event6   TOUCH_UP                     +33.811s	0 (0)
1787603616.343  event6   TOUCH_FRAME                  +33.811s	
1787603617.116  event6   TOUCH_DOWN                   +34.584s	0 (0) 51.22/77.80 (164.00/140.17mm)
1787603617.116  event6   TOUCH_FRAME                  +34.584s	
1787603617.152  event6   TOUCH_DOWN                   +34.620s	1 (1) 58.41/88.16 (187.00/158.83mm)
1787603617.152  event6   TOUCH_FRAME                  +34.620s	
1787603617.161  event6   TOUCH_DOWN                   +34.629s	2 (2) 45.29/84.64 (145.00/152.50mm)
1787603617.161  event6   TOUCH_FRAME                  +34.629s	
1787603617.535  event6   TOUCH_MOTION                 +35.003s	1 (1) 58.41/87.33 (187.00/157.33mm)
1787603617.535  event6   TOUCH_MOTION              2  +35.003s	2 (2) 45.29/83.81 (145.00/151.00mm)
1787603617.535  event6   TOUCH_FRAME                  +35.003s	
1787603617.545  event6   TOUCH_MOTION              2  +35.013s	0 (0) 51.22/76.78 (164.00/138.33mm)
1787603617.545  event6   TOUCH_MOTION              3  +35.013s	1 (1) 58.41/86.96 (187.00/156.67mm)
1787603617.545  event6   TOUCH_MOTION              4  +35.013s	2 (2) 45.29/83.44 (145.00/150.33mm)
1787603617.545  event6   TOUCH_FRAME                  +35.013s	
1787603617.554  event6   TOUCH_MOTION              2  +35.022s	0 (0) 51.22/76.41 (164.00/137.67mm)
1787603617.554  event6   TOUCH_MOTION              3  +35.022s	1 (1) 58.41/86.59 (187.00/156.00mm)
1787603617.554  event6   TOUCH_MOTION              4  +35.022s	2 (2) 45.29/82.98 (145.00/149.50mm)
1787603617.554  event6   TOUCH_FRAME                  +35.022s	
1787603617.563  event6   TOUCH_MOTION              2  +35.031s	0 (0) 51.22/75.95 (164.00/136.83mm)
1787603617.563  event6   TOUCH_MOTION              3  +35.031s	1 (1) 58.46/86.03 (187.17/155.00mm)
1787603617.563  event6   TOUCH_MOTION              4  +35.031s	2 (2) 45.29/82.42 (145.00/148.50mm)
1787603617.563  event6   TOUCH_FRAME                  +35.031s	
1787603617.572  event6   TOUCH_MOTION              2  +35.040s	0 (0) 51.22/75.39 (164.00/135.83mm)
1787603617.572  event6   TOUCH_MOTION              3  +35.040s	1 (1) 58.51/85.48 (187.33/154.00mm)
1787603617.572  event6   TOUCH_MOTION              4  +35.040s	2 (2) 45.29/81.96 (145.00/147.67mm)
1787603617.572  event6   TOUCH_FRAME                  +35.040s	
1787603617.581  event6   TOUCH_MOTION              2  +35.049s	0 (0) 51.22/74.84 (164.00/134.83mm)
1787603617.581  event6   TOUCH_MOTION              3  +35.049s	1 (1) 58.56/84.92 (187.50/153.00mm)
1787603617.581  event6   TOUCH_MOTION              4  +35.049s	2 (2) 45.29/81.31 (145.00/146.50mm)
1787603617.581  event6   TOUCH_FRAME                  +35.049s	
1787603617.590  event6   TOUCH_MOTION              2  +35.058s	0 (0) 51.22/74.10 (164.00/133.50mm)
1787603617.590  event6   TOUCH_MOTION              3  +35.058s	1 (1) 58.62/84.27 (187.67/151.83mm)
1787603617.590  event6   TOUCH_MOTION              4  +35.058s	2 (2) 45.24/80.67 (144.83/145.33mm)
1787603617.590  event6   TOUCH_FRAME                  +35.058s	
1787603617.599  event6   TOUCH_MOTION              2  +35.067s	0 (0) 51.28/73.36 (164.17/132.17mm)
1787603617.599  event6   TOUCH_MOTION              3  +35.067s	1 (1) 58.67/83.53 (187.83/150.50mm)
1787603617.599  event6   TOUCH_MOTION              4  +35.067s	2 (2) 45.18/79.93 (144.67/144.00mm)
1787603617.599  event6   TOUCH_FRAME                  +35.067s	
1787603617.608  event6   TOUCH_MOTION              2  +35.076s	0 (0) 51.28/72.62 (164.17/130.83mm)
1787603617.608  event6   TOUCH_MOTION              3  +35.076s	1 (1) 58.67/82.70 (187.83/149.00mm)
1787603617.608  event6   TOUCH_MOTION              4  +35.076s	2 (2) 45.13/79.09 (144.50/142.50mm)
1787603617.608  event6   TOUCH_FRAME                  +35.076s	
1787603617.618  event6   TOUCH_MOTION              2  +35.086s	0 (0) 51.28/71.60 (164.17/129.00mm)
1787603617.618  event6   TOUCH_MOTION              3  +35.086s	1 (1) 58.72/81.78 (188.00/147.33mm)
1787603617.618  event6   TOUCH_MOTION              4  +35.086s	2 (2) 45.08/78.26 (144.33/141.00mm)
1787603617.618  event6   TOUCH_FRAME                  +35.086s	
1787603617.627  event6   TOUCH_MOTION              2  +35.095s	0 (0) 51.33/70.68 (164.33/127.33mm)
1787603617.627  event6   TOUCH_MOTION              3  +35.095s	1 (1) 58.77/80.85 (188.17/145.67mm)
1787603617.627  event6   TOUCH_MOTION              4  +35.095s	2 (2) 45.03/77.43 (144.17/139.50mm)
1787603617.627  event6   TOUCH_FRAME                  +35.095s	
1787603617.636  event6   TOUCH_MOTION              2  +35.104s	0 (0) 51.38/69.57 (164.50/125.33mm)
1787603617.636  event6   TOUCH_MOTION              3  +35.104s	1 (1) 58.82/79.74 (188.33/143.67mm)
1787603617.636  event6   TOUCH_MOTION              4  +35.104s	2 (2) 45.03/76.41 (144.17/137.67mm)
1787603617.636  event6   TOUCH_FRAME                  +35.104s	
1787603617.645  event6   TOUCH_MOTION              2  +35.113s	0 (0) 51.43/68.46 (164.67/123.33mm)
1787603617.645  event6   TOUCH_MOTION              3  +35.113s	1 (1) 58.88/78.63 (188.50/141.67mm)
1787603617.645  event6   TOUCH_MOTION              4  +35.113s	2 (2) 44.98/75.30 (144.00/135.67mm)
1787603617.645  event6   TOUCH_FRAME                  +35.113s	
1787603617.654  event6   TOUCH_MOTION              2  +35.122s	0 (0) 51.43/67.25 (164.67/121.17mm)
1787603617.654  event6   TOUCH_MOTION              3  +35.122s	1 (1) 58.88/77.43 (188.50/139.50mm)
1787603617.654  event6   TOUCH_MOTION              4  +35.122s	2 (2) 44.92/74.10 (143.83/133.50mm)
1787603617.654  event6   TOUCH_FRAME                  +35.122s	
1787603617.663  event6   TOUCH_MOTION              2  +35.131s	0 (0) 51.43/65.96 (164.67/118.83mm)
1787603617.663  event6   TOUCH_MOTION              3  +35.131s	1 (1) 58.93/76.13 (188.67/137.17mm)
1787603617.663  event6   TOUCH_MOTION              4  +35.131s	2 (2) 44.87/72.80 (143.67/131.17mm)
1787603617.663  event6   TOUCH_FRAME                  +35.131s	
1787603617.672  event6   TOUCH_MOTION              2  +35.140s	0 (0) 51.43/64.66 (164.67/116.50mm)
1787603617.672  event6   TOUCH_MOTION              3  +35.140s	1 (1) 58.93/74.93 (188.67/135.00mm)
1787603617.672  event6   TOUCH_MOTION              4  +35.140s	2 (2) 44.82/71.51 (143.50/128.83mm)
1787603617.672  event6   TOUCH_FRAME                  +35.140s	
1787603617.681  event6   TOUCH_MOTION              2  +35.149s	0 (0) 51.43/63.27 (164.67/114.00mm)
1787603617.681  event6   TOUCH_MOTION              3  +35.149s	1 (1) 58.93/73.45 (188.67/132.33mm)
1787603617.681  event6   TOUCH_MOTION              4  +35.149s	2 (2) 44.82/70.12 (143.50/126.33mm)
1787603617.681  event6   TOUCH_FRAME                  +35.149s	
1787603617.691  event6   TOUCH_MOTION              2  +35.159s	0 (0) 51.43/61.89 (164.67/111.50mm)
1787603617.691  event6   TOUCH_MOTION              3  +35.159s	1 (1) 58.93/72.06 (188.67/129.83mm)
1787603617.691  event6   TOUCH_MOTION              4  +35.159s	2 (2) 44.77/68.64 (143.33/123.67mm)
1787603617.691  event6   TOUCH_FRAME                  +35.159s	
1787603617.700  event6   TOUCH_MOTION              2  +35.168s	0 (0) 51.43/60.41 (164.67/108.83mm)
1787603617.700  event6   TOUCH_MOTION              3  +35.168s	1 (1) 58.93/70.68 (188.67/127.33mm)
1787603617.700  event6   TOUCH_MOTION              4  +35.168s	2 (2) 44.72/67.16 (143.17/121.00mm)
1787603617.700  event6   TOUCH_FRAME                  +35.168s	
1787603617.709  event6   TOUCH_MOTION              2  +35.177s	0 (0) 51.43/58.93 (164.67/106.17mm)
1787603617.709  event6   TOUCH_MOTION              3  +35.177s	1 (1) 58.93/69.20 (188.67/124.67mm)
1787603617.709  event6   TOUCH_MOTION              4  +35.177s	2 (2) 44.66/65.68 (143.00/118.33mm)
1787603617.709  event6   TOUCH_FRAME                  +35.177s	
1787603617.718  event6   TOUCH_MOTION              2  +35.186s	0 (0) 51.43/57.45 (164.67/103.50mm)
1787603617.718  event6   TOUCH_MOTION              3  +35.186s	1 (1) 58.93/67.72 (188.67/122.00mm)
1787603617.718  event6   TOUCH_MOTION              4  +35.186s	2 (2) 44.61/64.20 (142.83/115.67mm)
1787603617.718  event6   TOUCH_FRAME                  +35.186s	
1787603617.727  event6   TOUCH_MOTION              2  +35.195s	0 (0) 51.43/55.87 (164.67/100.67mm)
1787603617.727  event6   TOUCH_MOTION              3  +35.195s	1 (1) 58.93/66.14 (188.67/119.17mm)
1787603617.727  event6   TOUCH_MOTION              4  +35.195s	2 (2) 44.61/62.63 (142.83/112.83mm)
1787603617.727  event6   TOUCH_FRAME                  +35.195s	
1787603617.736  event6   TOUCH_MOTION              2  +35.204s	0 (0) 51.43/54.21 (164.67/97.67mm)
1787603617.736  event6   TOUCH_MOTION              3  +35.204s	1 (1) 58.93/64.66 (188.67/116.50mm)
1787603617.736  event6   TOUCH_MOTION              4  +35.204s	2 (2) 44.61/61.05 (142.83/110.00mm)
1787603617.736  event6   TOUCH_FRAME                  +35.204s	
1787603617.745  event6   TOUCH_MOTION              2  +35.213s	0 (0) 51.43/52.54 (164.67/94.67mm)
1787603617.745  event6   TOUCH_MOTION              3  +35.213s	1 (1) 58.93/63.00 (188.67/113.50mm)
1787603617.745  event6   TOUCH_MOTION              4  +35.213s	2 (2) 44.61/59.39 (142.83/107.00mm)
1787603617.745  event6   TOUCH_FRAME                  +35.213s	
1787603617.754  event6   TOUCH_MOTION              2  +35.222s	0 (0) 51.43/50.97 (164.67/91.83mm)
1787603617.754  event6   TOUCH_MOTION              3  +35.222s	1 (1) 58.93/61.33 (188.67/110.50mm)
1787603617.754  event6   TOUCH_MOTION              4  +35.222s	2 (2) 44.61/57.63 (142.83/103.83mm)
1787603617.754  event6   TOUCH_FRAME                  +35.222s	
1787603617.764  event6   TOUCH_MOTION              2  +35.232s	0 (0) 51.43/49.21 (164.67/88.67mm)
1787603617.764  event6   TOUCH_MOTION              3  +35.232s	1 (1) 58.93/59.76 (188.67/107.67mm)
1787603617.764  event6   TOUCH_MOTION              4  +35.232s	2 (2) 44.61/55.97 (142.83/100.83mm)
1787603617.764  event6   TOUCH_FRAME                  +35.232s	
1787603617.773  event6   TOUCH_MOTION              2  +35.241s	0 (0) 51.43/47.55 (164.67/85.67mm)
1787603617.773  event6   TOUCH_MOTION              3  +35.241s	1 (1) 58.93/58.19 (188.67/104.83mm)
1787603617.773  event6   TOUCH_MOTION              4  +35.241s	2 (2) 44.66/54.21 (143.00/97.67mm)
1787603617.773  event6   TOUCH_FRAME                  +35.241s	
1787603617.782  event6   TOUCH_MOTION              2  +35.250s	0 (0) 51.43/45.79 (164.67/82.50mm)
1787603617.782  event6   TOUCH_MOTION              3  +35.250s	1 (1) 58.93/56.61 (188.67/102.00mm)
1787603617.782  event6   TOUCH_MOTION              4  +35.250s	2 (2) 44.72/52.54 (143.17/94.67mm)
1787603617.782  event6   TOUCH_FRAME                  +35.250s	
1787603617.791  event6   TOUCH_MOTION              2  +35.259s	0 (0) 51.43/44.13 (164.67/79.50mm)
1787603617.791  event6   TOUCH_MOTION              3  +35.259s	1 (1) 58.93/55.13 (188.67/99.33mm)
1787603617.791  event6   TOUCH_MOTION              4  +35.259s	2 (2) 44.77/50.88 (143.33/91.67mm)
1787603617.791  event6   TOUCH_FRAME                  +35.259s	
1787603617.800  event6   TOUCH_MOTION              2  +35.268s	0 (0) 51.43/42.37 (164.67/76.33mm)
1787603617.800  event6   TOUCH_MOTION              3  +35.268s	1 (1) 58.93/53.65 (188.67/96.67mm)
1787603617.800  event6   TOUCH_MOTION              4  +35.268s	2 (2) 44.82/49.21 (143.50/88.67mm)
1787603617.800  event6   TOUCH_FRAME                  +35.268s	
1787603617.809  event6   TOUCH_MOTION              2  +35.277s	1 (1) 58.93/52.17 (188.67/94.00mm)
1787603617.809  event6   TOUCH_FRAME                  +35.277s	
1787603617.845  event6   TOUCH_UP                     +35.313s	0 (0)
1787603617.845  event6   TOUCH_UP                     +35.313s	2 (2)
1787603617.845  event6   TOUCH_FRAME                  +35.313s	
1787603617.864  event6   TOUCH_UP                     +35.332s	1 (1)
1787603617.864  event6   TOUCH_FRAME                  +35.332s	
1787603619.329  event6   TOUCH_DOWN                   +36.797s	0 (0) 57.11/31.36 (182.83/56.50mm)
1787603619.329  event6   TOUCH_DOWN                   +36.797s	1 (1) 65.12/38.30 (208.50/69.00mm)
1787603619.329  event6   TOUCH_DOWN                   +36.797s	2 (2) 50.86/41.35 (162.83/74.50mm)
1787603619.329  event6   TOUCH_FRAME                  +36.797s	
1787603619.338  event6   TOUCH_MOTION                 +36.806s	0 (0) 57.11/31.82 (182.83/57.33mm)
1787603619.338  event6   TOUCH_MOTION              2  +36.806s	1 (1) 65.12/39.22 (208.50/70.67mm)
1787603619.338  event6   TOUCH_MOTION              3  +36.806s	2 (2) 50.86/41.91 (162.83/75.50mm)
1787603619.338  event6   TOUCH_FRAME                  +36.806s	
1787603619.347  event6   TOUCH_MOTION              2  +36.815s	0 (0) 57.11/32.47 (182.83/58.50mm)
1787603619.347  event6   TOUCH_MOTION              3  +36.815s	1 (1) 65.17/39.69 (208.67/71.50mm)
1787603619.347  event6   TOUCH_MOTION              4  +36.815s	2 (2) 50.81/42.46 (162.67/76.50mm)
1787603619.347  event6   TOUCH_FRAME                  +36.815s	
1787603619.356  event6   TOUCH_MOTION              2  +36.824s	0 (0) 57.11/33.21 (182.83/59.83mm)
1787603619.356  event6   TOUCH_MOTION              3  +36.824s	1 (1) 65.23/40.43 (208.83/72.83mm)
1787603619.356  event6   TOUCH_MOTION              4  +36.824s	2 (2) 50.75/43.20 (162.50/77.83mm)
1787603619.356  event6   TOUCH_FRAME                  +36.824s	
1787603619.365  event6   TOUCH_MOTION              2  +36.833s	0 (0) 57.11/34.04 (182.83/61.33mm)
1787603619.365  event6   TOUCH_MOTION              3  +36.833s	1 (1) 65.28/41.17 (209.00/74.17mm)
1787603619.365  event6   TOUCH_MOTION              4  +36.833s	2 (2) 50.70/44.03 (162.33/79.33mm)
1787603619.365  event6   TOUCH_FRAME                  +36.833s	
1787603619.374  event6   TOUCH_MOTION              2  +36.842s	0 (0) 57.11/34.88 (182.83/62.83mm)
1787603619.374  event6   TOUCH_MOTION              3  +36.842s	1 (1) 65.28/42.00 (209.00/75.67mm)
1787603619.374  event6   TOUCH_MOTION              4  +36.842s	2 (2) 50.65/44.96 (162.17/81.00mm)
1787603619.374  event6   TOUCH_FRAME                  +36.842s	
1787603619.384  event6   TOUCH_MOTION              2  +36.852s	0 (0) 57.11/35.80 (182.83/64.50mm)
1787603619.384  event6   TOUCH_MOTION              3  +36.852s	1 (1) 65.28/43.02 (209.00/77.50mm)
1787603619.384  event6   TOUCH_MOTION              4  +36.852s	2 (2) 50.60/45.98 (162.00/82.83mm)
1787603619.384  event6   TOUCH_FRAME                  +36.852s	
1787603619.393  event6   TOUCH_MOTION              2  +36.861s	0 (0) 57.11/36.82 (182.83/66.33mm)
1787603619.393  event6   TOUCH_MOTION              3  +36.861s	1 (1) 65.28/44.03 (209.00/79.33mm)
1787603619.393  event6   TOUCH_MOTION              4  +36.861s	2 (2) 50.49/46.99 (161.67/84.67mm)
1787603619.393  event6   TOUCH_FRAME                  +36.861s	
1787603619.402  event6   TOUCH_MOTION              2  +36.870s	0 (0) 57.00/37.93 (182.50/68.33mm)
1787603619.402  event6   TOUCH_MOTION              3  +36.870s	1 (1) 65.28/45.14 (209.00/81.33mm)
1787603619.402  event6   TOUCH_MOTION              4  +36.870s	2 (2) 50.39/48.20 (161.33/86.83mm)
1787603619.402  event6   TOUCH_FRAME                  +36.870s	
1787603619.411  event6   TOUCH_MOTION              2  +36.879s	0 (0) 56.90/39.13 (182.17/70.50mm)
1787603619.411  event6   TOUCH_MOTION              3  +36.879s	1 (1) 65.28/46.35 (209.00/83.50mm)
1787603619.411  event6   TOUCH_MOTION              4  +36.879s	2 (2) 50.29/49.49 (161.00/89.17mm)
1787603619.411  event6   TOUCH_FRAME                  +36.879s	
1787603619.420  event6   TOUCH_MOTION              2  +36.888s	0 (0) 56.79/40.43 (181.83/72.83mm)
1787603619.420  event6   TOUCH_MOTION              3  +36.888s	1 (1) 65.28/47.64 (209.00/85.83mm)
1787603619.420  event6   TOUCH_MOTION              4  +36.888s	2 (2) 50.18/50.79 (160.67/91.50mm)
1787603619.420  event6   TOUCH_FRAME                  +36.888s	
1787603619.429  event6   TOUCH_MOTION              2  +36.897s	0 (0) 56.69/41.81 (181.50/75.33mm)
1787603619.429  event6   TOUCH_MOTION              3  +36.897s	1 (1) 65.28/49.03 (209.00/88.33mm)
1787603619.429  event6   TOUCH_MOTION              4  +36.897s	2 (2) 49.97/52.27 (160.00/94.17mm)
1787603619.429  event6   TOUCH_FRAME                  +36.897s	
1787603619.438  event6   TOUCH_MOTION              2  +36.906s	0 (0) 56.59/43.29 (181.17/78.00mm)
1787603619.438  event6   TOUCH_MOTION              3  +36.906s	1 (1) 65.23/50.51 (208.83/91.00mm)
1787603619.438  event6   TOUCH_MOTION              4  +36.906s	2 (2) 49.82/53.84 (159.50/97.00mm)
1787603619.438  event6   TOUCH_FRAME                  +36.906s	
1787603619.447  event6   TOUCH_MOTION              2  +36.915s	0 (0) 56.43/44.77 (180.67/80.67mm)
1787603619.447  event6   TOUCH_MOTION              3  +36.915s	1 (1) 65.17/52.17 (208.67/94.00mm)
1787603619.447  event6   TOUCH_MOTION              4  +36.915s	2 (2) 49.61/55.60 (158.83/100.17mm)
1787603619.447  event6   TOUCH_FRAME                  +36.915s	
1787603619.456  event6   TOUCH_MOTION              2  +36.924s	0 (0) 56.32/46.44 (180.33/83.67mm)
1787603619.456  event6   TOUCH_MOTION              3  +36.924s	1 (1) 65.12/53.84 (208.50/97.00mm)
1787603619.456  event6   TOUCH_MOTION              4  +36.924s	2 (2) 49.40/57.45 (158.17/103.50mm)
1787603619.456  event6   TOUCH_FRAME                  +36.924s	
1787603619.466  event6   TOUCH_MOTION              2  +36.934s	0 (0) 56.22/48.20 (180.00/86.83mm)
1787603619.466  event6   TOUCH_MOTION              3  +36.934s	1 (1) 65.12/55.69 (208.50/100.33mm)
1787603619.466  event6   TOUCH_MOTION              4  +36.934s	2 (2) 49.25/59.39 (157.67/107.00mm)
1787603619.466  event6   TOUCH_FRAME                  +36.934s	
1787603619.475  event6   TOUCH_MOTION              2  +36.943s	0 (0) 56.17/50.05 (179.83/90.17mm)
1787603619.475  event6   TOUCH_MOTION              3  +36.943s	1 (1) 65.07/57.82 (208.33/104.17mm)
1787603619.475  event6   TOUCH_MOTION              4  +36.943s	2 (2) 49.09/61.42 (157.17/110.67mm)
1787603619.475  event6   TOUCH_FRAME                  +36.943s	
1787603619.484  event6   TOUCH_MOTION              2  +36.952s	0 (0) 56.06/52.08 (179.50/93.83mm)
1787603619.484  event6   TOUCH_MOTION              3  +36.952s	1 (1) 64.97/60.13 (208.00/108.33mm)
1787603619.484  event6   TOUCH_MOTION              4  +36.952s	2 (2) 49.04/63.64 (157.00/114.67mm)
1787603619.484  event6   TOUCH_FRAME                  +36.952s	
1787603619.493  event6   TOUCH_MOTION              2  +36.961s	0 (0) 56.01/54.12 (179.33/97.50mm)
1787603619.493  event6   TOUCH_MOTION              3  +36.961s	1 (1) 64.91/63.09 (207.83/113.67mm)
1787603619.493  event6   TOUCH_MOTION              4  +36.961s	2 (2) 49.04/66.23 (157.00/119.33mm)
1787603619.493  event6   TOUCH_FRAME                  +36.961s	
1787603619.502  event6   TOUCH_MOTION              2  +36.970s	0 (0) 56.01/56.52 (179.33/101.83mm)
1787603619.502  event6   TOUCH_MOTION              3  +36.970s	1 (1) 64.91/63.18 (207.83/113.83mm)
1787603619.502  event6   TOUCH_MOTION              4  +36.970s	2 (2) 49.04/66.42 (157.00/119.67mm)
1787603619.502  event6   TOUCH_FRAME                  +36.970s	
1787603619.511  event6   TOUCH_MOTION              2  +36.979s	0 (0) 56.06/59.30 (179.50/106.83mm)
1787603619.511  event6   TOUCH_FRAME                  +36.979s	
1787603619.520  event6   TOUCH_MOTION              2  +36.988s	0 (0) 56.06/59.39 (179.50/107.00mm)
1787603619.520  event6   TOUCH_FRAME                  +36.988s	
1787603619.538  event6   TOUCH_UP                     +37.006s	1 (1)
1787603619.538  event6   TOUCH_UP                     +37.006s	2 (2)
1787603619.538  event6   TOUCH_FRAME                  +37.006s	
1787603619.559  event6   TOUCH_UP                     +37.027s	0 (0)
1787603619.559  event6   TOUCH_FRAME                  +37.027s	
1787603620.883  event6   TOUCH_DOWN                   +38.351s	0 (0) 63.04/35.25 (201.83/63.50mm)
1787603620.883  event6   TOUCH_DOWN                   +38.351s	1 (1) 49.14/38.85 (157.33/70.00mm)
1787603620.883  event6   TOUCH_FRAME                  +38.351s	
1787603620.893  event6   TOUCH_MOTION                 +38.361s	1 (1) 49.09/39.32 (157.17/70.83mm)
1787603620.893  event6   TOUCH_DOWN                   +38.361s	2 (2) 55.23/29.51 (176.83/53.17mm)
1787603620.893  event6   TOUCH_FRAME                  +38.361s	
1787603620.902  event6   TOUCH_MOTION                 +38.370s	0 (0) 63.09/36.26 (202.00/65.33mm)
1787603620.902  event6   TOUCH_MOTION              2  +38.370s	1 (1) 49.04/39.69 (157.00/71.50mm)
1787603620.902  event6   TOUCH_MOTION              3  +38.370s	2 (2) 55.23/29.88 (176.83/53.83mm)
1787603620.902  event6   TOUCH_FRAME                  +38.370s	
1787603620.911  event6   TOUCH_MOTION              2  +38.379s	0 (0) 63.09/36.73 (202.00/66.17mm)
1787603620.911  event6   TOUCH_MOTION              3  +38.379s	1 (1) 49.04/40.24 (157.00/72.50mm)
1787603620.911  event6   TOUCH_MOTION              4  +38.379s	2 (2) 55.23/30.43 (176.83/54.83mm)
1787603620.911  event6   TOUCH_FRAME                  +38.379s	
1787603620.920  event6   TOUCH_MOTION              2  +38.388s	0 (0) 63.09/37.28 (202.00/67.17mm)
1787603620.920  event6   TOUCH_MOTION              3  +38.388s	1 (1) 48.98/40.89 (156.83/73.67mm)
1787603620.920  event6   TOUCH_MOTION              4  +38.388s	2 (2) 55.23/30.99 (176.83/55.83mm)
1787603620.920  event6   TOUCH_FRAME                  +38.388s	
1787603620.929  event6   TOUCH_MOTION              2  +38.397s	0 (0) 63.14/37.84 (202.17/68.17mm)
1787603620.929  event6   TOUCH_MOTION              3  +38.397s	1 (1) 48.93/41.63 (156.67/75.00mm)
1787603620.929  event6   TOUCH_MOTION              4  +38.397s	2 (2) 55.23/31.73 (176.83/57.17mm)
1787603620.929  event6   TOUCH_FRAME                  +38.397s	
1787603620.938  event6   TOUCH_MOTION              2  +38.406s	0 (0) 63.20/38.39 (202.33/69.17mm)
1787603620.938  event6   TOUCH_MOTION              3  +38.406s	1 (1) 48.88/42.46 (156.50/76.50mm)
1787603620.938  event6   TOUCH_MOTION              4  +38.406s	2 (2) 55.23/32.38 (176.83/58.33mm)
1787603620.938  event6   TOUCH_FRAME                  +38.406s	
1787603620.948  event6   TOUCH_MOTION              2  +38.416s	0 (0) 63.25/39.13 (202.50/70.50mm)
1787603620.948  event6   TOUCH_MOTION              3  +38.416s	1 (1) 48.83/43.29 (156.33/78.00mm)
1787603620.948  event6   TOUCH_MOTION              4  +38.416s	2 (2) 55.23/33.21 (176.83/59.83mm)
1787603620.948  event6   TOUCH_FRAME                  +38.416s	
1787603620.957  event6   TOUCH_MOTION              2  +38.425s	0 (0) 63.30/40.06 (202.67/72.17mm)
1787603620.957  event6   TOUCH_MOTION              3  +38.425s	1 (1) 48.83/44.22 (156.33/79.67mm)
1787603620.957  event6   TOUCH_MOTION              4  +38.425s	2 (2) 55.23/34.04 (176.83/61.33mm)
1787603620.957  event6   TOUCH_FRAME                  +38.425s	
1787603620.966  event6   TOUCH_MOTION              2  +38.434s	0 (0) 63.35/40.89 (202.83/73.67mm)
1787603620.966  event6   TOUCH_MOTION              3  +38.434s	1 (1) 48.78/45.24 (156.17/81.50mm)
1787603620.966  event6   TOUCH_MOTION              4  +38.434s	2 (2) 55.23/34.97 (176.83/63.00mm)
1787603620.966  event6   TOUCH_FRAME                  +38.434s	
1787603620.975  event6   TOUCH_MOTION              2  +38.443s	0 (0) 63.35/41.91 (202.83/75.50mm)
1787603620.975  event6   TOUCH_MOTION              3  +38.443s	1 (1) 48.72/46.35 (156.00/83.50mm)
1787603620.975  event6   TOUCH_MOTION              4  +38.443s	2 (2) 55.23/35.99 (176.83/64.83mm)
1787603620.975  event6   TOUCH_FRAME                  +38.443s	
1787603620.984  event6   TOUCH_MOTION              2  +38.452s	0 (0) 63.35/42.92 (202.83/77.33mm)
1787603620.984  event6   TOUCH_MOTION              3  +38.452s	1 (1) 48.67/47.55 (155.83/85.67mm)
1787603620.984  event6   TOUCH_MOTION              4  +38.452s	2 (2) 55.23/37.00 (176.83/66.67mm)
1787603620.984  event6   TOUCH_FRAME                  +38.452s	
1787603620.993  event6   TOUCH_MOTION              2  +38.461s	0 (0) 63.35/44.03 (202.83/79.33mm)
1787603620.993  event6   TOUCH_MOTION              3  +38.461s	1 (1) 48.62/48.75 (155.67/87.83mm)
1787603620.993  event6   TOUCH_MOTION              4  +38.461s	2 (2) 55.18/38.21 (176.67/68.83mm)
1787603620.993  event6   TOUCH_FRAME                  +38.461s	
1787603621.002  event6   TOUCH_MOTION              2  +38.470s	0 (0) 63.35/45.33 (202.83/81.67mm)
1787603621.002  event6   TOUCH_MOTION              3  +38.470s	1 (1) 48.62/50.05 (155.67/90.17mm)
1787603621.002  event6   TOUCH_MOTION              4  +38.470s	2 (2) 55.13/39.50 (176.50/71.17mm)
1787603621.002  event6   TOUCH_FRAME                  +38.470s	
1787603621.011  event6   TOUCH_MOTION              2  +38.479s	0 (0) 63.35/46.62 (202.83/84.00mm)
1787603621.011  event6   TOUCH_MOTION              3  +38.479s	1 (1) 48.62/51.43 (155.67/92.67mm)
1787603621.011  event6   TOUCH_MOTION              4  +38.479s	2 (2) 55.13/40.80 (176.50/73.50mm)
1787603621.011  event6   TOUCH_FRAME                  +38.479s	
1787603621.020  event6   TOUCH_MOTION              2  +38.488s	0 (0) 63.40/48.01 (203.00/86.50mm)
1787603621.020  event6   TOUCH_MOTION              3  +38.488s	1 (1) 48.62/52.91 (155.67/95.33mm)
1787603621.020  event6   TOUCH_MOTION              4  +38.488s	2 (2) 55.13/42.18 (176.50/76.00mm)
1787603621.020  event6   TOUCH_FRAME                  +38.488s	
1787603621.030  event6   TOUCH_MOTION              2  +38.498s	0 (0) 63.46/49.49 (203.17/89.17mm)
1787603621.030  event6   TOUCH_MOTION              3  +38.498s	1 (1) 48.62/54.49 (155.67/98.17mm)
1787603621.030  event6   TOUCH_MOTION              4  +38.498s	2 (2) 55.13/43.66 (176.50/78.67mm)
1787603621.030  event6   TOUCH_FRAME                  +38.498s	
1787603621.039  event6   TOUCH_MOTION              2  +38.507s	0 (0) 63.51/51.06 (203.33/92.00mm)
1787603621.039  event6   TOUCH_MOTION              3  +38.507s	1 (1) 48.62/56.15 (155.67/101.17mm)
1787603621.039  event6   TOUCH_MOTION              4  +38.507s	2 (2) 55.13/45.14 (176.50/81.33mm)
1787603621.039  event6   TOUCH_FRAME                  +38.507s	
1787603621.048  event6   TOUCH_MOTION              2  +38.516s	0 (0) 63.56/52.64 (203.50/94.83mm)
1787603621.048  event6   TOUCH_MOTION              3  +38.516s	1 (1) 48.62/57.82 (155.67/104.17mm)
1787603621.048  event6   TOUCH_MOTION              4  +38.516s	2 (2) 55.13/46.72 (176.50/84.17mm)
1787603621.048  event6   TOUCH_FRAME                  +38.516s	
1787603621.057  event6   TOUCH_MOTION              2  +38.525s	0 (0) 63.56/54.30 (203.50/97.83mm)
1787603621.057  event6   TOUCH_MOTION              3  +38.525s	1 (1) 48.62/59.39 (155.67/107.00mm)
1787603621.057  event6   TOUCH_MOTION              4  +38.525s	2 (2) 55.13/48.20 (176.50/86.83mm)
1787603621.057  event6   TOUCH_FRAME                  +38.525s	
1787603621.066  event6   TOUCH_MOTION              2  +38.534s	0 (0) 63.61/55.97 (203.67/100.83mm)
1787603621.066  event6   TOUCH_MOTION              3  +38.534s	1 (1) 48.62/61.15 (155.67/110.17mm)
1787603621.066  event6   TOUCH_MOTION              4  +38.534s	2 (2) 55.13/49.68 (176.50/89.50mm)
1787603621.066  event6   TOUCH_FRAME                  +38.534s	
1787603621.075  event6   TOUCH_MOTION              2  +38.543s	0 (0) 63.66/57.63 (203.83/103.83mm)
1787603621.075  event6   TOUCH_MOTION              3  +38.543s	1 (1) 48.62/62.81 (155.67/113.17mm)
1787603621.075  event6   TOUCH_MOTION              4  +38.543s	2 (2) 55.13/51.25 (176.50/92.33mm)
1787603621.075  event6   TOUCH_FRAME                  +38.543s	
1787603621.084  event6   TOUCH_MOTION              2  +38.552s	0 (0) 63.72/59.30 (204.00/106.83mm)
1787603621.084  event6   TOUCH_MOTION              3  +38.552s	1 (1) 48.62/64.57 (155.67/116.33mm)
1787603621.084  event6   TOUCH_MOTION              4  +38.552s	2 (2) 55.13/52.82 (176.50/95.17mm)
1787603621.084  event6   TOUCH_FRAME                  +38.552s	
1787603621.093  event6   TOUCH_MOTION              2  +38.561s	0 (0) 63.77/60.96 (204.17/109.83mm)
1787603621.093  event6   TOUCH_MOTION              3  +38.561s	1 (1) 48.62/66.33 (155.67/119.50mm)
1787603621.093  event6   TOUCH_MOTION              4  +38.561s	2 (2) 55.13/54.39 (176.50/98.00mm)
1787603621.093  event6   TOUCH_FRAME                  +38.561s	
1787603621.103  event6   TOUCH_MOTION              2  +38.571s	0 (0) 63.77/62.81 (204.17/113.17mm)
1787603621.103  event6   TOUCH_MOTION              3  +38.571s	1 (1) 48.62/68.09 (155.67/122.67mm)
1787603621.103  event6   TOUCH_MOTION              4  +38.571s	2 (2) 55.13/55.97 (176.50/100.83mm)
1787603621.103  event6   TOUCH_FRAME                  +38.571s	
1787603621.112  event6   TOUCH_MOTION              2  +38.580s	0 (0) 63.82/64.66 (204.33/116.50mm)
1787603621.112  event6   TOUCH_MOTION              3  +38.580s	1 (1) 48.67/70.03 (155.83/126.17mm)
1787603621.112  event6   TOUCH_MOTION              4  +38.580s	2 (2) 55.13/57.63 (176.50/103.83mm)
1787603621.112  event6   TOUCH_FRAME                  +38.580s	
1787603621.121  event6   TOUCH_MOTION              2  +38.589s	0 (0) 63.87/66.60 (204.50/120.00mm)
1787603621.121  event6   TOUCH_MOTION              3  +38.589s	1 (1) 48.78/72.16 (156.17/130.00mm)
1787603621.121  event6   TOUCH_MOTION              4  +38.589s	2 (2) 55.18/59.39 (176.67/107.00mm)
1787603621.121  event6   TOUCH_FRAME                  +38.589s	
1787603621.130  event6   TOUCH_MOTION              2  +38.598s	0 (0) 63.87/68.92 (204.50/124.17mm)
1787603621.130  event6   TOUCH_MOTION              3  +38.598s	2 (2) 55.23/61.15 (176.83/110.17mm)
1787603621.130  event6   TOUCH_FRAME                  +38.598s	
1787603621.139  event6   TOUCH_MOTION              2  +38.607s	2 (2) 55.28/63.00 (177.00/113.50mm)
1787603621.139  event6   TOUCH_FRAME                  +38.607s	
1787603621.148  event6   TOUCH_MOTION              2  +38.616s	2 (2) 55.39/64.94 (177.33/117.00mm)
1787603621.148  event6   TOUCH_FRAME                  +38.616s	
1787603621.166  event6   TOUCH_UP                     +38.634s	1 (1)
1787603621.166  event6   TOUCH_FRAME                  +38.634s	
1787603621.175  event6   TOUCH_UP                     +38.643s	0 (0)
1787603621.175  event6   TOUCH_FRAME                  +38.643s	
1787603621.196  event6   TOUCH_UP                     +38.664s	2 (2)
1787603621.196  event6   TOUCH_FRAME                  +38.664s	
1787603621.917  event6   TOUCH_DOWN                   +39.385s	0 (0) 59.08/70.58 (189.17/127.17mm)
1787603621.917  event6   TOUCH_FRAME                  +39.385s	
1787603621.926  event6   TOUCH_MOTION                 +39.394s	0 (0) 59.08/70.31 (189.17/126.67mm)
1787603621.926  event6   TOUCH_FRAME                  +39.394s	
1787603621.935  event6   TOUCH_MOTION              2  +39.403s	0 (0) 59.08/69.84 (189.17/125.83mm)
1787603621.935  event6   TOUCH_FRAME                  +39.403s	
1787603621.944  event6   TOUCH_MOTION              2  +39.412s	0 (0) 59.08/69.47 (189.17/125.17mm)
1787603621.944  event6   TOUCH_FRAME                  +39.412s	
1787603621.953  event6   TOUCH_MOTION              2  +39.421s	0 (0) 59.03/69.01 (189.00/124.33mm)
1787603621.953  event6   TOUCH_DOWN                   +39.421s	1 (1) 66.11/77.80 (211.67/140.17mm)
1787603621.953  event6   TOUCH_FRAME                  +39.421s	
1787603621.962  event6   TOUCH_MOTION                 +39.430s	0 (0) 58.98/68.46 (188.83/123.33mm)
1787603621.962  event6   TOUCH_DOWN                   +39.430s	2 (2) 53.88/73.91 (172.50/133.17mm)
1787603621.962  event6   TOUCH_FRAME                  +39.430s	
1787603621.971  event6   TOUCH_MOTION                 +39.439s	0 (0) 58.93/67.72 (188.67/122.00mm)
1787603621.971  event6   TOUCH_MOTION              2  +39.439s	1 (1) 66.06/76.69 (211.50/138.17mm)
1787603621.971  event6   TOUCH_MOTION              3  +39.439s	2 (2) 53.83/73.36 (172.33/132.17mm)
1787603621.971  event6   TOUCH_FRAME                  +39.439s	
1787603621.980  event6   TOUCH_MOTION              2  +39.448s	0 (0) 58.88/66.98 (188.50/120.67mm)
1787603621.980  event6   TOUCH_MOTION              3  +39.448s	1 (1) 66.01/76.04 (211.33/137.00mm)
1787603621.980  event6   TOUCH_MOTION              4  +39.448s	2 (2) 53.77/72.62 (172.17/130.83mm)
1787603621.980  event6   TOUCH_FRAME                  +39.448s	
1787603621.990  event6   TOUCH_MOTION              2  +39.458s	0 (0) 58.88/66.14 (188.50/119.17mm)
1787603621.990  event6   TOUCH_MOTION              3  +39.458s	1 (1) 65.96/75.39 (211.17/135.83mm)
1787603621.990  event6   TOUCH_MOTION              4  +39.458s	2 (2) 53.72/71.79 (172.00/129.33mm)
1787603621.990  event6   TOUCH_FRAME                  +39.458s	
1787603621.999  event6   TOUCH_MOTION              2  +39.467s	0 (0) 58.82/65.22 (188.33/117.50mm)
1787603621.999  event6   TOUCH_MOTION              3  +39.467s	1 (1) 65.85/74.65 (210.83/134.50mm)
1787603621.999  event6   TOUCH_MOTION              4  +39.467s	2 (2) 53.72/70.86 (172.00/127.67mm)
1787603621.999  event6   TOUCH_FRAME                  +39.467s	
1787603622.008  event6   TOUCH_MOTION              2  +39.476s	0 (0) 58.77/64.29 (188.17/115.83mm)
1787603622.008  event6   TOUCH_MOTION              3  +39.476s	1 (1) 65.80/73.73 (210.67/132.83mm)
1787603622.008  event6   TOUCH_MOTION              4  +39.476s	2 (2) 53.67/69.94 (171.83/126.00mm)
1787603622.008  event6   TOUCH_FRAME                  +39.476s	
1787603622.017  event6   TOUCH_MOTION              2  +39.485s	0 (0) 58.72/63.18 (188.00/113.83mm)
1787603622.017  event6   TOUCH_MOTION              3  +39.485s	1 (1) 65.69/72.71 (210.33/131.00mm)
1787603622.017  event6   TOUCH_MOTION              4  +39.485s	2 (2) 53.62/68.83 (171.67/124.00mm)
1787603622.017  event6   TOUCH_FRAME                  +39.485s	
1787603622.026  event6   TOUCH_MOTION              2  +39.494s	0 (0) 58.67/62.07 (187.83/111.83mm)
1787603622.026  event6   TOUCH_MOTION              3  +39.494s	1 (1) 65.64/71.69 (210.17/129.17mm)
1787603622.026  event6   TOUCH_MOTION              4  +39.494s	2 (2) 53.57/67.72 (171.50/122.00mm)
1787603622.026  event6   TOUCH_FRAME                  +39.494s	
1787603622.035  event6   TOUCH_MOTION              2  +39.503s	0 (0) 58.67/60.87 (187.83/109.67mm)
1787603622.035  event6   TOUCH_MOTION              3  +39.503s	1 (1) 65.59/70.58 (210.00/127.17mm)
1787603622.035  event6   TOUCH_MOTION              4  +39.503s	2 (2) 53.51/66.60 (171.33/120.00mm)
1787603622.035  event6   TOUCH_FRAME                  +39.503s	
1787603622.044  event6   TOUCH_MOTION              2  +39.512s	0 (0) 58.62/59.76 (187.67/107.67mm)
1787603622.044  event6   TOUCH_MOTION              3  +39.512s	1 (1) 65.59/69.38 (210.00/125.00mm)
1787603622.044  event6   TOUCH_MOTION              4  +39.512s	2 (2) 53.41/65.31 (171.00/117.67mm)
1787603622.044  event6   TOUCH_FRAME                  +39.512s	
1787603622.053  event6   TOUCH_MOTION              2  +39.521s	0 (0) 58.51/58.37 (187.33/105.17mm)
1787603622.053  event6   TOUCH_MOTION              3  +39.521s	1 (1) 65.54/68.18 (209.83/122.83mm)
1787603622.053  event6   TOUCH_MOTION              4  +39.521s	2 (2) 53.31/64.01 (170.67/115.33mm)
1787603622.053  event6   TOUCH_FRAME                  +39.521s	
1787603622.063  event6   TOUCH_MOTION              2  +39.531s	0 (0) 58.46/57.08 (187.17/102.83mm)
1787603622.063  event6   TOUCH_MOTION              3  +39.531s	1 (1) 65.43/66.98 (209.50/120.67mm)
1787603622.063  event6   TOUCH_MOTION              4  +39.531s	2 (2) 53.15/62.72 (170.17/113.00mm)
1787603622.063  event6   TOUCH_FRAME                  +39.531s	
1787603622.072  event6   TOUCH_MOTION              2  +39.540s	0 (0) 58.41/55.60 (187.00/100.17mm)
1787603622.072  event6   TOUCH_MOTION              3  +39.540s	1 (1) 65.38/65.59 (209.33/118.17mm)
1787603622.072  event6   TOUCH_MOTION              4  +39.540s	2 (2) 53.05/61.24 (169.83/110.33mm)
1787603622.072  event6   TOUCH_FRAME                  +39.540s	
1787603622.081  event6   TOUCH_MOTION              2  +39.549s	0 (0) 58.41/54.12 (187.00/97.50mm)
1787603622.081  event6   TOUCH_MOTION              3  +39.549s	1 (1) 65.33/64.29 (209.17/115.83mm)
1787603622.081  event6   TOUCH_MOTION              4  +39.549s	2 (2) 52.89/59.76 (169.33/107.67mm)
1787603622.081  event6   TOUCH_FRAME                  +39.549s	
1787603622.090  event6   TOUCH_MOTION              2  +39.558s	0 (0) 58.36/52.64 (186.83/94.83mm)
1787603622.090  event6   TOUCH_MOTION              3  +39.558s	1 (1) 65.33/62.81 (209.17/113.17mm)
1787603622.090  event6   TOUCH_MOTION              4  +39.558s	2 (2) 52.79/58.28 (169.00/105.00mm)
1787603622.090  event6   TOUCH_FRAME                  +39.558s	
1787603622.099  event6   TOUCH_MOTION              2  +39.567s	0 (0) 58.30/51.06 (186.67/92.00mm)
1787603622.099  event6   TOUCH_MOTION              3  +39.567s	1 (1) 65.28/61.42 (209.00/110.67mm)
1787603622.099  event6   TOUCH_MOTION              4  +39.567s	2 (2) 52.63/56.71 (168.50/102.17mm)
1787603622.099  event6   TOUCH_FRAME                  +39.567s	
1787603622.108  event6   TOUCH_MOTION              2  +39.576s	0 (0) 58.25/49.49 (186.50/89.17mm)
1787603622.108  event6   TOUCH_MOTION              3  +39.576s	1 (1) 65.23/59.94 (208.83/108.00mm)
1787603622.108  event6   TOUCH_MOTION              4  +39.576s	2 (2) 52.58/55.23 (168.33/99.50mm)
1787603622.108  event6   TOUCH_FRAME                  +39.576s	
1787603622.117  event6   TOUCH_MOTION              2  +39.585s	0 (0) 58.20/48.01 (186.33/86.50mm)
1787603622.117  event6   TOUCH_MOTION              3  +39.585s	1 (1) 65.17/58.37 (208.67/105.17mm)
1787603622.117  event6   TOUCH_MOTION              4  +39.585s	2 (2) 52.47/53.56 (168.00/96.50mm)
1787603622.117  event6   TOUCH_FRAME                  +39.585s	
1787603622.126  event6   TOUCH_MOTION              2  +39.594s	0 (0) 58.20/46.35 (186.33/83.50mm)
1787603622.126  event6   TOUCH_MOTION              3  +39.594s	1 (1) 65.12/56.71 (208.50/102.17mm)
1787603622.126  event6   TOUCH_MOTION              4  +39.594s	2 (2) 52.42/51.90 (167.83/93.50mm)
1787603622.126  event6   TOUCH_FRAME                  +39.594s	
1787603622.136  event6   TOUCH_MOTION              2  +39.604s	0 (0) 58.15/44.68 (186.17/80.50mm)
1787603622.136  event6   TOUCH_MOTION              3  +39.604s	1 (1) 65.02/54.95 (208.17/99.00mm)
1787603622.136  event6   TOUCH_MOTION              4  +39.604s	2 (2) 52.32/50.32 (167.50/90.67mm)
1787603622.136  event6   TOUCH_FRAME                  +39.604s	
1787603622.145  event6   TOUCH_MOTION              2  +39.613s	0 (0) 58.09/43.11 (186.00/77.67mm)
1787603622.145  event6   TOUCH_MOTION              3  +39.613s	1 (1) 64.97/53.10 (208.00/95.67mm)
1787603622.145  event6   TOUCH_MOTION              4  +39.613s	2 (2) 52.21/48.75 (167.17/87.83mm)
1787603622.145  event6   TOUCH_FRAME                  +39.613s	
1787603622.154  event6   TOUCH_MOTION              2  +39.622s	0 (0) 58.04/41.35 (185.83/74.50mm)
1787603622.154  event6   TOUCH_MOTION              3  +39.622s	2 (2) 52.16/46.99 (167.00/84.67mm)
1787603622.154  event6   TOUCH_FRAME                  +39.622s	
1787603622.163  event6   TOUCH_MOTION              2  +39.631s	0 (0) 57.99/39.59 (185.67/71.33mm)
1787603622.163  event6   TOUCH_FRAME                  +39.631s	
1787603622.190  event6   TOUCH_UP                     +39.658s	1 (1)
1787603622.190  event6   TOUCH_FRAME                  +39.658s	
1787603622.199  event6   TOUCH_UP                     +39.667s	2 (2)
1787603622.199  event6   TOUCH_FRAME                  +39.667s	
1787603622.211  event6   TOUCH_UP                     +39.679s	0 (0)
1787603622.211  event6   TOUCH_FRAME                  +39.679s	
1787603622.785  event6   TOUCH_DOWN                   +40.253s	0 (0) 59.45/72.62 (190.33/130.83mm)
1787603622.785  event6   TOUCH_DOWN                   +40.253s	1 (1) 52.16/65.12 (167.00/117.33mm)
1787603622.785  event6   TOUCH_FRAME                  +40.253s	
1787603622.794  event6   TOUCH_DOWN                   +40.262s	2 (2) 46.85/72.06 (150.00/129.83mm)
1787603622.794  event6   TOUCH_FRAME                  +40.262s	
1787603623.305  event6   TOUCH_MOTION                 +40.773s	2 (2) 46.85/71.23 (150.00/128.33mm)
1787603623.305  event6   TOUCH_FRAME                  +40.773s	
1787603623.314  event6   TOUCH_MOTION              2  +40.782s	1 (1) 52.16/64.38 (167.00/116.00mm)
1787603623.314  event6   TOUCH_MOTION              3  +40.782s	2 (2) 46.80/70.95 (149.83/127.83mm)
1787603623.314  event6   TOUCH_FRAME                  +40.782s	
1787603623.323  event6   TOUCH_MOTION              2  +40.791s	1 (1) 52.16/64.11 (167.00/115.50mm)
1787603623.323  event6   TOUCH_MOTION              3  +40.791s	2 (2) 46.80/70.58 (149.83/127.17mm)
1787603623.323  event6   TOUCH_FRAME                  +40.791s	
1787603623.332  event6   TOUCH_MOTION              2  +40.800s	0 (0) 59.45/71.88 (190.33/129.50mm)
1787603623.332  event6   TOUCH_MOTION              3  +40.800s	1 (1) 52.16/63.74 (167.00/114.83mm)
1787603623.332  event6   TOUCH_MOTION              4  +40.800s	2 (2) 46.80/70.12 (149.83/126.33mm)
1787603623.332  event6   TOUCH_FRAME                  +40.800s	
1787603623.341  event6   TOUCH_MOTION              2  +40.809s	0 (0) 59.45/71.69 (190.33/129.17mm)
1787603623.341  event6   TOUCH_MOTION              3  +40.809s	1 (1) 52.16/63.27 (167.00/114.00mm)
1787603623.341  event6   TOUCH_MOTION              4  +40.809s	2 (2) 46.80/69.57 (149.83/125.33mm)
1787603623.341  event6   TOUCH_FRAME                  +40.809s	
1787603623.350  event6   TOUCH_MOTION              2  +40.818s	0 (0) 59.45/71.51 (190.33/128.83mm)
1787603623.350  event6   TOUCH_MOTION              3  +40.818s	1 (1) 52.16/62.81 (167.00/113.17mm)
1787603623.350  event6   TOUCH_MOTION              4  +40.818s	2 (2) 46.80/69.01 (149.83/124.33mm)
1787603623.350  event6   TOUCH_FRAME                  +40.818s	
1787603623.360  event6   TOUCH_MOTION              2  +40.828s	0 (0) 59.45/71.14 (190.33/128.17mm)
1787603623.360  event6   TOUCH_MOTION              3  +40.828s	1 (1) 52.16/62.16 (167.00/112.00mm)
1787603623.360  event6   TOUCH_MOTION              4  +40.828s	2 (2) 46.80/68.36 (149.83/123.17mm)
1787603623.360  event6   TOUCH_FRAME                  +40.828s	
1787603623.369  event6   TOUCH_MOTION              2  +40.837s	0 (0) 59.45/70.77 (190.33/127.50mm)
1787603623.369  event6   TOUCH_MOTION              3  +40.837s	1 (1) 52.16/61.61 (167.00/111.00mm)
1787603623.369  event6   TOUCH_MOTION              4  +40.837s	2 (2) 46.75/67.62 (149.67/121.83mm)
1787603623.369  event6   TOUCH_FRAME                  +40.837s	
1787603623.378  event6   TOUCH_MOTION              2  +40.846s	0 (0) 59.45/70.31 (190.33/126.67mm)
1787603623.378  event6   TOUCH_MOTION              3  +40.846s	1 (1) 52.11/60.87 (166.83/109.67mm)
1787603623.378  event6   TOUCH_MOTION              4  +40.846s	2 (2) 46.69/66.88 (149.50/120.50mm)
1787603623.378  event6   TOUCH_FRAME                  +40.846s	
1787603623.387  event6   TOUCH_MOTION              2  +40.855s	0 (0) 59.45/69.66 (190.33/125.50mm)
1787603623.387  event6   TOUCH_MOTION              3  +40.855s	1 (1) 52.06/60.04 (166.67/108.17mm)
1787603623.387  event6   TOUCH_MOTION              4  +40.855s	2 (2) 46.64/66.05 (149.33/119.00mm)
1787603623.387  event6   TOUCH_FRAME                  +40.855s	
1787603623.396  event6   TOUCH_MOTION              2  +40.864s	0 (0) 59.50/68.92 (190.50/124.17mm)
1787603623.396  event6   TOUCH_MOTION              3  +40.864s	1 (1) 52.00/59.20 (166.50/106.67mm)
1787603623.396  event6   TOUCH_MOTION              4  +40.864s	2 (2) 46.59/65.12 (149.17/117.33mm)
1787603623.396  event6   TOUCH_FRAME                  +40.864s	
1787603623.405  event6   TOUCH_MOTION              2  +40.873s	0 (0) 59.50/68.09 (190.50/122.67mm)
1787603623.405  event6   TOUCH_MOTION              3  +40.873s	1 (1) 51.95/58.28 (166.33/105.00mm)
1787603623.405  event6   TOUCH_MOTION              4  +40.873s	2 (2) 46.59/64.20 (149.17/115.67mm)
1787603623.405  event6   TOUCH_FRAME                  +40.873s	
1787603623.414  event6   TOUCH_MOTION              2  +40.882s	0 (0) 59.50/67.25 (190.50/121.17mm)
1787603623.414  event6   TOUCH_MOTION              3  +40.882s	1 (1) 51.95/57.26 (166.33/103.17mm)
1787603623.414  event6   TOUCH_MOTION              4  +40.882s	2 (2) 46.54/63.18 (149.00/113.83mm)
1787603623.414  event6   TOUCH_FRAME                  +40.882s	
1787603623.423  event6   TOUCH_MOTION              2  +40.891s	0 (0) 59.50/66.23 (190.50/119.33mm)
1787603623.423  event6   TOUCH_MOTION              3  +40.891s	1 (1) 51.90/56.24 (166.17/101.33mm)
1787603623.423  event6   TOUCH_MOTION              4  +40.891s	2 (2) 46.49/61.98 (148.83/111.67mm)
1787603623.423  event6   TOUCH_FRAME                  +40.891s	
1787603623.433  event6   TOUCH_MOTION              2  +40.901s	0 (0) 59.50/65.22 (190.50/117.50mm)
1787603623.433  event6   TOUCH_MOTION              3  +40.901s	1 (1) 51.85/55.13 (166.00/99.33mm)
1787603623.433  event6   TOUCH_MOTION              4  +40.901s	2 (2) 46.43/60.87 (148.67/109.67mm)
1787603623.433  event6   TOUCH_FRAME                  +40.901s	
1787603623.442  event6   TOUCH_MOTION              2  +40.910s	0 (0) 59.50/64.20 (190.50/115.67mm)
1787603623.442  event6   TOUCH_MOTION              3  +40.910s	1 (1) 51.80/53.93 (165.83/97.17mm)
1787603623.442  event6   TOUCH_MOTION              4  +40.910s	2 (2) 46.38/59.76 (148.50/107.67mm)
1787603623.442  event6   TOUCH_FRAME                  +40.910s	
1787603623.451  event6   TOUCH_MOTION              2  +40.919s	0 (0) 59.50/63.00 (190.50/113.50mm)
1787603623.451  event6   TOUCH_MOTION              3  +40.919s	1 (1) 51.74/52.73 (165.67/95.00mm)
1787603623.451  event6   TOUCH_MOTION              4  +40.919s	2 (2) 46.33/58.46 (148.33/105.33mm)
1787603623.451  event6   TOUCH_FRAME                  +40.919s	
1787603623.460  event6   TOUCH_MOTION              2  +40.928s	0 (0) 59.50/61.79 (190.50/111.33mm)
1787603623.460  event6   TOUCH_MOTION              3  +40.928s	1 (1) 51.74/51.43 (165.67/92.67mm)
1787603623.460  event6   TOUCH_MOTION              4  +40.928s	2 (2) 46.23/57.08 (148.00/102.83mm)
1787603623.460  event6   TOUCH_FRAME                  +40.928s	
1787603623.469  event6   TOUCH_MOTION              2  +40.937s	0 (0) 59.50/60.50 (190.50/109.00mm)
1787603623.469  event6   TOUCH_MOTION              3  +40.937s	1 (1) 51.69/50.14 (165.50/90.33mm)
1787603623.469  event6   TOUCH_MOTION              4  +40.937s	2 (2) 46.17/55.78 (147.83/100.50mm)
1787603623.469  event6   TOUCH_FRAME                  +40.937s	
1787603623.478  event6   TOUCH_MOTION              2  +40.946s	0 (0) 59.50/59.20 (190.50/106.67mm)
1787603623.478  event6   TOUCH_MOTION              3  +40.946s	1 (1) 51.64/48.75 (165.33/87.83mm)
1787603623.478  event6   TOUCH_MOTION              4  +40.946s	2 (2) 46.17/54.39 (147.83/98.00mm)
1787603623.478  event6   TOUCH_FRAME                  +40.946s	
1787603623.487  event6   TOUCH_MOTION              2  +40.955s	0 (0) 59.45/57.72 (190.33/104.00mm)
1787603623.487  event6   TOUCH_MOTION              3  +40.955s	1 (1) 51.59/47.36 (165.17/85.33mm)
1787603623.487  event6   TOUCH_MOTION              4  +40.955s	2 (2) 46.07/52.91 (147.50/95.33mm)
1787603623.487  event6   TOUCH_FRAME                  +40.955s	
1787603623.496  event6   TOUCH_MOTION              2  +40.964s	0 (0) 59.40/56.06 (190.17/101.00mm)
1787603623.496  event6   TOUCH_MOTION              3  +40.964s	1 (1) 51.54/45.88 (165.00/82.67mm)
1787603623.496  event6   TOUCH_MOTION              4  +40.964s	2 (2) 45.97/51.43 (147.17/92.67mm)
1787603623.496  event6   TOUCH_FRAME                  +40.964s	
1787603623.506  event6   TOUCH_MOTION              2  +40.974s	0 (0) 59.34/54.49 (190.00/98.17mm)
1787603623.506  event6   TOUCH_MOTION              3  +40.974s	1 (1) 51.54/44.40 (165.00/80.00mm)
1787603623.506  event6   TOUCH_MOTION              4  +40.974s	2 (2) 45.91/49.95 (147.00/90.00mm)
1787603623.506  event6   TOUCH_FRAME                  +40.974s	
1787603623.515  event6   TOUCH_MOTION              2  +40.983s	0 (0) 59.34/52.73 (190.00/95.00mm)
1787603623.515  event6   TOUCH_MOTION              3  +40.983s	1 (1) 51.48/42.92 (164.83/77.33mm)
1787603623.515  event6   TOUCH_MOTION              4  +40.983s	2 (2) 45.81/48.38 (146.67/87.17mm)
1787603623.515  event6   TOUCH_FRAME                  +40.983s	
1787603623.524  event6   TOUCH_MOTION              2  +40.992s	0 (0) 59.29/51.06 (189.83/92.00mm)
1787603623.524  event6   TOUCH_MOTION              3  +40.992s	1 (1) 51.43/41.35 (164.67/74.50mm)
1787603623.524  event6   TOUCH_MOTION              4  +40.992s	2 (2) 45.76/46.90 (146.50/84.50mm)
1787603623.524  event6   TOUCH_FRAME                  +40.992s	
1787603623.533  event6   TOUCH_MOTION              2  +41.001s	0 (0) 59.24/49.31 (189.67/88.83mm)
1787603623.533  event6   TOUCH_MOTION              3  +41.001s	1 (1) 51.38/39.78 (164.50/71.67mm)
1787603623.533  event6   TOUCH_MOTION              4  +41.001s	2 (2) 45.71/45.33 (146.33/81.67mm)
1787603623.533  event6   TOUCH_FRAME                  +41.001s	
1787603623.542  event6   TOUCH_MOTION              2  +41.010s	0 (0) 59.19/47.73 (189.50/86.00mm)
1787603623.542  event6   TOUCH_MOTION              3  +41.010s	1 (1) 51.33/38.21 (164.33/68.83mm)
1787603623.542  event6   TOUCH_MOTION              4  +41.010s	2 (2) 45.71/43.76 (146.33/78.83mm)
1787603623.542  event6   TOUCH_FRAME                  +41.010s	
1787603623.551  event6   TOUCH_MOTION              2  +41.019s	0 (0) 59.14/46.35 (189.33/83.50mm)
1787603623.551  event6   TOUCH_MOTION              3  +41.019s	1 (1) 51.28/36.73 (164.17/66.17mm)
1787603623.551  event6   TOUCH_MOTION              4  +41.019s	2 (2) 45.65/42.28 (146.17/76.17mm)
1787603623.551  event6   TOUCH_FRAME                  +41.019s	
1787603623.560  event6   TOUCH_MOTION              2  +41.028s	0 (0) 59.08/44.96 (189.17/81.00mm)
1787603623.560  event6   TOUCH_MOTION              3  +41.028s	1 (1) 51.28/35.25 (164.17/63.50mm)
1787603623.560  event6   TOUCH_MOTION              4  +41.028s	2 (2) 45.60/40.80 (146.00/73.50mm)
1787603623.560  event6   TOUCH_FRAME                  +41.028s	
1787603623.569  event6   TOUCH_MOTION              2  +41.037s	0 (0) 59.08/43.76 (189.17/78.83mm)
1787603623.569  event6   TOUCH_MOTION              3  +41.037s	1 (1) 51.22/33.86 (164.00/61.00mm)
1787603623.569  event6   TOUCH_MOTION              4  +41.037s	2 (2) 45.55/39.32 (145.83/70.83mm)
1787603623.569  event6   TOUCH_FRAME                  +41.037s	
1787603623.579  event6   TOUCH_MOTION              2  +41.047s	0 (0) 58.98/42.55 (188.83/76.67mm)
1787603623.579  event6   TOUCH_MOTION              3  +41.047s	1 (1) 51.17/32.47 (163.83/58.50mm)
1787603623.579  event6   TOUCH_MOTION              4  +41.047s	2 (2) 45.50/37.93 (145.67/68.33mm)
1787603623.579  event6   TOUCH_FRAME                  +41.047s	
1787603623.588  event6   TOUCH_MOTION              2  +41.056s	0 (0) 58.88/41.26 (188.50/74.33mm)
1787603623.588  event6   TOUCH_MOTION              3  +41.056s	1 (1) 51.12/30.99 (163.67/55.83mm)
1787603623.588  event6   TOUCH_MOTION              4  +41.056s	2 (2) 45.50/36.63 (145.67/66.00mm)
1787603623.588  event6   TOUCH_FRAME                  +41.056s	
1787603623.597  event6   TOUCH_MOTION              2  +41.065s	1 (1) 51.07/29.60 (163.50/53.33mm)
1787603623.597  event6   TOUCH_MOTION              3  +41.065s	2 (2) 45.45/35.25 (145.50/63.50mm)
1787603623.597  event6   TOUCH_FRAME                  +41.065s	
1787603623.606  event6   TOUCH_MOTION              2  +41.074s	1 (1) 51.02/28.31 (163.33/51.00mm)
1787603623.606  event6   TOUCH_MOTION              3  +41.074s	2 (2) 45.45/34.04 (145.50/61.33mm)
1787603623.606  event6   TOUCH_FRAME                  +41.074s	
1787603623.615  event6   TOUCH_MOTION              2  +41.084s	1 (1) 50.91/27.01 (163.00/48.67mm)
1787603623.615  event6   TOUCH_FRAME                  +41.084s	
1787603623.635  event6   TOUCH_UP                     +41.103s	0 (0)
1787603623.635  event6   TOUCH_FRAME                  +41.103s	
1787603623.658  event6   TOUCH_UP                     +41.126s	2 (2)
1787603623.658  event6   TOUCH_FRAME                  +41.126s	
1787603623.678  event6   TOUCH_UP                     +41.146s	1 (1)
1787603623.678  event6   TOUCH_FRAME                  +41.146s	
1787603624.823  event6   TOUCH_DOWN                   +42.291s	0 (0) 83.34/72.99 (266.83/131.50mm)
1787603624.823  event6   TOUCH_FRAME                  +42.291s	
1787603624.879  event6   TOUCH_DOWN                   +42.347s	1 (1) 76.31/62.90 (244.33/113.33mm)
1787603624.879  event6   TOUCH_FRAME                  +42.347s	
1787603624.888  event6   TOUCH_DOWN                   +42.356s	2 (2) 68.19/69.38 (218.33/125.00mm)
1787603624.888  event6   TOUCH_FRAME                  +42.356s	
1787603625.517  event6   TOUCH_MOTION                 +42.986s	1 (1) 76.00/63.37 (243.33/114.17mm)
1787603625.517  event6   TOUCH_MOTION              2  +42.986s	2 (2) 67.83/69.57 (217.17/125.33mm)
1787603625.517  event6   TOUCH_FRAME                  +42.986s	
1787603625.527  event6   TOUCH_MOTION              2  +42.995s	1 (1) 75.85/63.55 (242.83/114.50mm)
1787603625.527  event6   TOUCH_MOTION              3  +42.995s	2 (2) 67.57/69.66 (216.33/125.50mm)
1787603625.527  event6   TOUCH_FRAME                  +42.995s	
1787603625.536  event6   TOUCH_MOTION              2  +43.004s	1 (1) 75.59/63.64 (242.00/114.67mm)
1787603625.536  event6   TOUCH_MOTION              3  +43.004s	2 (2) 67.31/69.84 (215.50/125.83mm)
1787603625.536  event6   TOUCH_FRAME                  +43.004s	
1787603625.545  event6   TOUCH_MOTION              2  +43.013s	0 (0) 83.08/73.54 (266.00/132.50mm)
1787603625.545  event6   TOUCH_MOTION              3  +43.013s	1 (1) 75.33/63.92 (241.17/115.17mm)
1787603625.545  event6   TOUCH_MOTION              4  +43.013s	2 (2) 66.89/69.94 (214.17/126.00mm)
1787603625.545  event6   TOUCH_FRAME                  +43.013s	
1787603625.554  event6   TOUCH_MOTION              2  +43.022s	0 (0) 82.82/73.82 (265.17/133.00mm)
1787603625.554  event6   TOUCH_MOTION              3  +43.022s	1 (1) 74.96/64.11 (240.00/115.50mm)
1787603625.554  event6   TOUCH_MOTION              4  +43.022s	2 (2) 66.48/70.12 (212.83/126.33mm)
1787603625.554  event6   TOUCH_FRAME                  +43.022s	
1787603625.563  event6   TOUCH_MOTION              2  +43.031s	0 (0) 82.51/74.10 (264.17/133.50mm)
1787603625.563  event6   TOUCH_MOTION              3  +43.031s	1 (1) 74.60/64.29 (238.83/115.83mm)
1787603625.563  event6   TOUCH_MOTION              4  +43.031s	2 (2) 66.01/70.31 (211.33/126.67mm)
1787603625.563  event6   TOUCH_FRAME                  +43.031s	
1787603625.572  event6   TOUCH_MOTION              2  +43.040s	0 (0) 82.09/74.47 (262.83/134.17mm)
1787603625.572  event6   TOUCH_MOTION              3  +43.040s	1 (1) 74.13/64.57 (237.33/116.33mm)
1787603625.572  event6   TOUCH_MOTION              4  +43.040s	2 (2) 65.54/70.58 (209.83/127.17mm)
1787603625.572  event6   TOUCH_FRAME                  +43.040s	
1787603625.581  event6   TOUCH_MOTION              2  +43.049s	0 (0) 81.68/74.75 (261.50/134.67mm)
1787603625.581  event6   TOUCH_MOTION              3  +43.049s	1 (1) 73.61/64.75 (235.67/116.67mm)
1787603625.581  event6   TOUCH_MOTION              4  +43.049s	2 (2) 64.91/70.77 (207.83/127.50mm)
1787603625.581  event6   TOUCH_FRAME                  +43.049s	
1787603625.590  event6   TOUCH_MOTION              2  +43.058s	0 (0) 81.21/75.12 (260.00/135.33mm)
1787603625.590  event6   TOUCH_MOTION              3  +43.058s	1 (1) 73.03/65.03 (233.83/117.17mm)
1787603625.590  event6   TOUCH_MOTION              4  +43.058s	2 (2) 64.24/71.14 (205.67/128.17mm)
1787603625.590  event6   TOUCH_FRAME                  +43.058s	
1787603625.600  event6   TOUCH_MOTION              2  +43.068s	0 (0) 80.64/75.39 (258.17/135.83mm)
1787603625.600  event6   TOUCH_MOTION              3  +43.068s	1 (1) 72.36/65.40 (231.67/117.83mm)
1787603625.600  event6   TOUCH_MOTION              4  +43.068s	2 (2) 63.46/71.42 (203.17/128.67mm)
1787603625.600  event6   TOUCH_FRAME                  +43.068s	
1787603625.609  event6   TOUCH_MOTION              2  +43.077s	0 (0) 80.06/75.76 (256.33/136.50mm)
1787603625.609  event6   TOUCH_MOTION              3  +43.077s	1 (1) 71.58/65.68 (229.17/118.33mm)
1787603625.609  event6   TOUCH_MOTION              4  +43.077s	2 (2) 62.62/71.69 (200.50/129.17mm)
1787603625.609  event6   TOUCH_FRAME                  +43.077s	
1787603625.618  event6   TOUCH_MOTION              2  +43.086s	0 (0) 79.39/76.13 (254.17/137.17mm)
1787603625.618  event6   TOUCH_MOTION              3  +43.086s	1 (1) 70.69/65.96 (226.33/118.83mm)
1787603625.618  event6   TOUCH_MOTION              4  +43.086s	2 (2) 61.74/71.97 (197.67/129.67mm)
1787603625.618  event6   TOUCH_FRAME                  +43.086s	
1787603625.627  event6   TOUCH_MOTION              2  +43.095s	0 (0) 78.66/76.41 (251.83/137.67mm)
1787603625.627  event6   TOUCH_MOTION              3  +43.095s	1 (1) 69.70/66.23 (223.17/119.33mm)
1787603625.627  event6   TOUCH_MOTION              4  +43.095s	2 (2) 60.75/72.34 (194.50/130.33mm)
1787603625.627  event6   TOUCH_FRAME                  +43.095s	
1787603625.636  event6   TOUCH_MOTION              2  +43.104s	0 (0) 77.82/76.78 (249.17/138.33mm)
1787603625.636  event6   TOUCH_MOTION              3  +43.104s	1 (1) 68.71/66.60 (220.00/120.00mm)
1787603625.636  event6   TOUCH_MOTION              4  +43.104s	2 (2) 59.71/72.71 (191.17/131.00mm)
1787603625.636  event6   TOUCH_FRAME                  +43.104s	
1787603625.645  event6   TOUCH_MOTION              2  +43.114s	0 (0) 76.94/77.06 (246.33/138.83mm)
1787603625.645  event6   TOUCH_MOTION              3  +43.114s	1 (1) 67.57/66.88 (216.33/120.50mm)
1787603625.645  event6   TOUCH_MOTION              4  +43.114s	2 (2) 58.56/73.17 (187.50/131.83mm)
1787603625.645  event6   TOUCH_FRAME                  +43.114s	
1787603625.654  event6   TOUCH_MOTION              2  +43.122s	0 (0) 75.95/77.34 (243.17/139.33mm)
1787603625.654  event6   TOUCH_MOTION              3  +43.122s	1 (1) 66.42/67.25 (212.67/121.17mm)
1787603625.654  event6   TOUCH_MOTION              4  +43.122s	2 (2) 57.31/73.64 (183.50/132.67mm)
1787603625.654  event6   TOUCH_FRAME                  +43.122s	
1787603625.663  event6   TOUCH_MOTION              2  +43.132s	0 (0) 74.96/77.52 (240.00/139.67mm)
1787603625.663  event6   TOUCH_MOTION              3  +43.132s	1 (1) 65.12/67.53 (208.50/121.67mm)
1787603625.663  event6   TOUCH_MOTION              4  +43.132s	2 (2) 55.96/74.10 (179.17/133.50mm)
1787603625.663  event6   TOUCH_FRAME                  +43.132s	
1787603625.673  event6   TOUCH_MOTION              2  +43.141s	0 (0) 73.82/77.80 (236.33/140.17mm)
1787603625.673  event6   TOUCH_MOTION              3  +43.141s	1 (1) 63.61/67.81 (203.67/122.17mm)
1787603625.673  event6   TOUCH_MOTION              4  +43.141s	2 (2) 54.45/74.75 (174.33/134.67mm)
1787603625.673  event6   TOUCH_FRAME                  +43.141s	
1787603625.682  event6   TOUCH_MOTION              2  +43.150s	0 (0) 72.57/77.89 (232.33/140.33mm)
1787603625.682  event6   TOUCH_MOTION              3  +43.150s	1 (1) 62.00/68.18 (198.50/122.83mm)
1787603625.682  event6   TOUCH_MOTION              4  +43.150s	2 (2) 52.79/75.49 (169.00/136.00mm)
1787603625.682  event6   TOUCH_FRAME                  +43.150s	
1787603625.691  event6   TOUCH_MOTION              2  +43.159s	0 (0) 71.32/77.98 (228.33/140.50mm)
1787603625.691  event6   TOUCH_MOTION              3  +43.159s	1 (1) 60.18/68.55 (192.67/123.50mm)
1787603625.691  event6   TOUCH_MOTION              4  +43.159s	2 (2) 50.96/76.32 (163.17/137.50mm)
1787603625.691  event6   TOUCH_FRAME                  +43.159s	
1787603625.700  event6   TOUCH_MOTION              2  +43.168s	0 (0) 69.96/78.08 (224.00/140.67mm)
1787603625.700  event6   TOUCH_MOTION              3  +43.168s	1 (1) 58.20/69.01 (186.33/124.33mm)
1787603625.700  event6   TOUCH_MOTION              4  +43.168s	2 (2) 49.04/77.15 (157.00/139.00mm)
1787603625.700  event6   TOUCH_FRAME                  +43.168s	
1787603625.709  event6   TOUCH_MOTION              2  +43.177s	0 (0) 68.45/78.17 (219.17/140.83mm)
1787603625.709  event6   TOUCH_MOTION              3  +43.177s	1 (1) 56.12/69.47 (179.67/125.17mm)
1787603625.709  event6   TOUCH_MOTION              4  +43.177s	2 (2) 46.90/78.26 (150.17/141.00mm)
1787603625.709  event6   TOUCH_FRAME                  +43.177s	
1787603625.718  event6   TOUCH_MOTION              2  +43.186s	0 (0) 66.74/78.26 (213.67/141.00mm)
1787603625.718  event6   TOUCH_MOTION              3  +43.186s	1 (1) 53.88/69.94 (172.50/126.00mm)
1787603625.718  event6   TOUCH_MOTION              4  +43.186s	2 (2) 44.66/79.28 (143.00/142.83mm)
1787603625.718  event6   TOUCH_FRAME                  +43.186s	
1787603625.727  event6   TOUCH_MOTION              2  +43.195s	0 (0) 64.81/78.26 (207.50/141.00mm)
1787603625.727  event6   TOUCH_MOTION              3  +43.195s	1 (1) 51.54/70.58 (165.00/127.17mm)
1787603625.727  event6   TOUCH_MOTION              4  +43.195s	2 (2) 44.20/79.46 (141.50/143.17mm)
1787603625.727  event6   TOUCH_FRAME                  +43.195s	
1787603625.736  event6   TOUCH_MOTION              2  +43.204s	0 (0) 64.60/78.26 (206.83/141.00mm)
1787603625.736  event6   TOUCH_MOTION              3  +43.204s	1 (1) 49.25/71.23 (157.67/128.33mm)
1787603625.736  event6   TOUCH_MOTION              4  +43.204s	2 (2) 44.14/79.56 (141.33/143.33mm)
1787603625.736  event6   TOUCH_FRAME                  +43.204s	
1787603625.745  event6   TOUCH_MOTION              2  +43.214s	1 (1) 48.72/71.42 (156.00/128.67mm)
1787603625.745  event6   TOUCH_FRAME                  +43.214s	
1787603625.754  event6   TOUCH_MOTION              2  +43.222s	1 (1) 48.62/71.42 (155.67/128.67mm)
1787603625.754  event6   TOUCH_FRAME                  +43.222s	
1787603625.763  event6   TOUCH_MOTION              2  +43.231s	1 (1) 48.57/71.42 (155.50/128.67mm)
1787603625.763  event6   TOUCH_UP                     +43.231s	2 (2)
1787603625.763  event6   TOUCH_FRAME                  +43.231s	
1787603625.772  event6   TOUCH_UP                     +43.240s	0 (0)
1787603625.772  event6   TOUCH_FRAME                  +43.240s	
1787603625.784  event6   TOUCH_UP                     +43.252s	1 (1)
1787603625.784  event6   TOUCH_FRAME                  +43.252s	
1787603627.328  event6   TOUCH_DOWN                   +44.797s	0 (0) 79.75/66.14 (255.33/119.17mm)
1787603627.328  event6   TOUCH_DOWN                   +44.797s	1 (1) 72.62/55.50 (232.50/100.00mm)
1787603627.328  event6   TOUCH_FRAME                  +44.797s	
1787603627.337  event6   TOUCH_DOWN                   +44.805s	2 (2) 63.72/61.24 (204.00/110.33mm)
1787603627.337  event6   TOUCH_FRAME                  +44.805s	
1787603628.186  event6   TOUCH_MOTION                 +45.654s	1 (1) 72.15/55.50 (231.00/100.00mm)
1787603628.186  event6   TOUCH_FRAME                  +45.654s	
1787603628.195  event6   TOUCH_MOTION              2  +45.663s	1 (1) 71.99/55.50 (230.50/100.00mm)
1787603628.195  event6   TOUCH_FRAME                  +45.663s	
1787603628.204  event6   TOUCH_MOTION              2  +45.672s	1 (1) 71.84/55.50 (230.00/100.00mm)
1787603628.204  event6   TOUCH_FRAME                  +45.672s	
1787603628.213  event6   TOUCH_MOTION              2  +45.682s	1 (1) 71.58/55.50 (229.17/100.00mm)
1787603628.213  event6   TOUCH_MOTION              3  +45.682s	2 (2) 63.25/61.24 (202.50/110.33mm)
1787603628.213  event6   TOUCH_FRAME                  +45.682s	
1787603628.222  event6   TOUCH_MOTION              2  +45.690s	1 (1) 71.37/55.50 (228.50/100.00mm)
1787603628.222  event6   TOUCH_MOTION              3  +45.690s	2 (2) 63.09/61.24 (202.00/110.33mm)
1787603628.222  event6   TOUCH_FRAME                  +45.690s	
1787603628.232  event6   TOUCH_MOTION              2  +45.701s	1 (1) 71.16/55.50 (227.83/100.00mm)
1787603628.232  event6   TOUCH_MOTION              3  +45.701s	2 (2) 62.88/61.24 (201.33/110.33mm)
1787603628.232  event6   TOUCH_FRAME                  +45.701s	
1787603628.241  event6   TOUCH_MOTION              2  +45.709s	1 (1) 70.95/55.50 (227.17/100.00mm)
1787603628.241  event6   TOUCH_MOTION              3  +45.709s	2 (2) 62.68/61.24 (200.67/110.33mm)
1787603628.241  event6   TOUCH_FRAME                  +45.709s	
1787603628.250  event6   TOUCH_MOTION              2  +45.718s	1 (1) 70.69/55.50 (226.33/100.00mm)
1787603628.250  event6   TOUCH_MOTION              3  +45.718s	2 (2) 62.47/61.24 (200.00/110.33mm)
1787603628.250  event6   TOUCH_FRAME                  +45.718s	
1787603628.259  event6   TOUCH_MOTION              2  +45.727s	1 (1) 70.48/55.50 (225.67/100.00mm)
1787603628.259  event6   TOUCH_MOTION              3  +45.727s	2 (2) 62.21/61.24 (199.17/110.33mm)
1787603628.259  event6   TOUCH_FRAME                  +45.727s	
1787603628.268  event6   TOUCH_MOTION              2  +45.736s	1 (1) 70.17/55.50 (224.67/100.00mm)
1787603628.268  event6   TOUCH_MOTION              3  +45.736s	2 (2) 62.00/61.24 (198.50/110.33mm)
1787603628.268  event6   TOUCH_FRAME                  +45.736s	
1787603628.277  event6   TOUCH_MOTION              2  +45.746s	1 (1) 69.91/55.50 (223.83/100.00mm)
1787603628.277  event6   TOUCH_MOTION              3  +45.746s	2 (2) 61.69/61.24 (197.50/110.33mm)
1787603628.277  event6   TOUCH_FRAME                  +45.746s	
1787603628.286  event6   TOUCH_MOTION              2  +45.754s	0 (0) 79.39/65.86 (254.17/118.67mm)
1787603628.286  event6   TOUCH_MOTION              3  +45.754s	1 (1) 69.60/55.50 (222.83/100.00mm)
1787603628.286  event6   TOUCH_MOTION              4  +45.754s	2 (2) 61.37/61.24 (196.50/110.33mm)
1787603628.286  event6   TOUCH_FRAME                  +45.754s	
1787603628.295  event6   TOUCH_MOTION              2  +45.763s	0 (0) 79.18/65.86 (253.50/118.67mm)
1787603628.295  event6   TOUCH_MOTION              3  +45.763s	1 (1) 69.34/55.50 (222.00/100.00mm)
1787603628.295  event6   TOUCH_MOTION              4  +45.763s	2 (2) 61.11/61.24 (195.67/110.33mm)
1787603628.295  event6   TOUCH_FRAME                  +45.763s	
1787603628.305  event6   TOUCH_MOTION              2  +45.773s	0 (0) 78.92/65.77 (252.67/118.50mm)
1787603628.305  event6   TOUCH_MOTION              3  +45.773s	1 (1) 68.97/55.50 (220.83/100.00mm)
1787603628.305  event6   TOUCH_MOTION              4  +45.773s	2 (2) 60.75/61.24 (194.50/110.33mm)
1787603628.305  event6   TOUCH_FRAME                  +45.773s	
1787603628.314  event6   TOUCH_MOTION              2  +45.782s	0 (0) 78.50/65.77 (251.33/118.50mm)
1787603628.314  event6   TOUCH_MOTION              3  +45.782s	1 (1) 68.66/55.50 (219.83/100.00mm)
1787603628.314  event6   TOUCH_MOTION              4  +45.782s	2 (2) 60.44/61.24 (193.50/110.33mm)
1787603628.314  event6   TOUCH_FRAME                  +45.782s	
1787603628.323  event6   TOUCH_MOTION              2  +45.791s	0 (0) 77.93/65.77 (249.50/118.50mm)
1787603628.323  event6   TOUCH_MOTION              3  +45.791s	1 (1) 68.25/55.50 (218.50/100.00mm)
1787603628.323  event6   TOUCH_MOTION              4  +45.791s	2 (2) 59.97/61.24 (192.00/110.33mm)
1787603628.323  event6   TOUCH_FRAME                  +45.791s	
1787603628.332  event6   TOUCH_MOTION              2  +45.800s	0 (0) 77.30/65.77 (247.50/118.50mm)
1787603628.332  event6   TOUCH_MOTION              3  +45.800s	1 (1) 67.78/55.50 (217.00/100.00mm)
1787603628.332  event6   TOUCH_MOTION              4  +45.800s	2 (2) 59.55/61.24 (190.67/110.33mm)
1787603628.332  event6   TOUCH_FRAME                  +45.800s	
1787603628.341  event6   TOUCH_MOTION              2  +45.809s	0 (0) 76.63/65.77 (245.33/118.50mm)
1787603628.341  event6   TOUCH_MOTION              3  +45.809s	1 (1) 67.20/55.50 (215.17/100.00mm)
1787603628.341  event6   TOUCH_MOTION              4  +45.809s	2 (2) 58.98/61.33 (188.83/110.50mm)
1787603628.341  event6   TOUCH_FRAME                  +45.809s	
1787603628.350  event6   TOUCH_MOTION              2  +45.818s	0 (0) 75.95/65.77 (243.17/118.50mm)
1787603628.350  event6   TOUCH_MOTION              3  +45.818s	1 (1) 66.58/55.50 (213.17/100.00mm)
1787603628.350  event6   TOUCH_MOTION              4  +45.818s	2 (2) 58.41/61.42 (187.00/110.67mm)
1787603628.350  event6   TOUCH_FRAME                  +45.818s	
1787603628.359  event6   TOUCH_MOTION              2  +45.827s	0 (0) 75.22/65.77 (240.83/118.50mm)
1787603628.359  event6   TOUCH_MOTION              3  +45.827s	1 (1) 65.90/55.60 (211.00/100.17mm)
1787603628.359  event6   TOUCH_MOTION              4  +45.827s	2 (2) 57.78/61.61 (185.00/111.00mm)
1787603628.359  event6   TOUCH_FRAME                  +45.827s	
1787603628.368  event6   TOUCH_MOTION              2  +45.836s	0 (0) 74.49/65.77 (238.50/118.50mm)
1787603628.368  event6   TOUCH_MOTION              3  +45.836s	1 (1) 65.17/55.60 (208.67/100.17mm)
1787603628.368  event6   TOUCH_MOTION              4  +45.836s	2 (2) 57.11/61.70 (182.83/111.17mm)
1787603628.368  event6   TOUCH_FRAME                  +45.836s	
1787603628.378  event6   TOUCH_MOTION              2  +45.846s	0 (0) 73.82/65.77 (236.33/118.50mm)
1787603628.378  event6   TOUCH_MOTION              3  +45.846s	1 (1) 64.45/55.69 (206.33/100.33mm)
1787603628.378  event6   TOUCH_MOTION              4  +45.846s	2 (2) 56.38/61.89 (180.50/111.50mm)
1787603628.378  event6   TOUCH_FRAME                  +45.846s	
1787603628.387  event6   TOUCH_MOTION              2  +45.855s	0 (0) 73.09/65.77 (234.00/118.50mm)
1787603628.387  event6   TOUCH_MOTION              3  +45.855s	1 (1) 63.77/55.78 (204.17/100.50mm)
1787603628.387  event6   TOUCH_MOTION              4  +45.855s	2 (2) 55.60/61.98 (178.00/111.67mm)
1787603628.387  event6   TOUCH_FRAME                  +45.855s	
1787603628.396  event6   TOUCH_MOTION              2  +45.864s	0 (0) 72.36/65.77 (231.67/118.50mm)
1787603628.396  event6   TOUCH_MOTION              3  +45.864s	1 (1) 63.04/55.78 (201.83/100.50mm)
1787603628.396  event6   TOUCH_MOTION              4  +45.864s	2 (2) 54.87/62.07 (175.67/111.83mm)
1787603628.396  event6   TOUCH_FRAME                  +45.864s	
1787603628.405  event6   TOUCH_MOTION              2  +45.873s	0 (0) 71.68/65.77 (229.50/118.50mm)
1787603628.405  event6   TOUCH_MOTION              3  +45.873s	1 (1) 62.31/55.78 (199.50/100.50mm)
1787603628.405  event6   TOUCH_MOTION              4  +45.873s	2 (2) 54.14/62.16 (173.33/112.00mm)
1787603628.405  event6   TOUCH_FRAME                  +45.873s	
1787603628.414  event6   TOUCH_MOTION              2  +45.883s	0 (0) 71.06/65.77 (227.50/118.50mm)
1787603628.414  event6   TOUCH_MOTION              3  +45.883s	1 (1) 61.58/55.78 (197.17/100.50mm)
1787603628.414  event6   TOUCH_MOTION              4  +45.883s	2 (2) 53.41/62.26 (171.00/112.17mm)
1787603628.414  event6   TOUCH_FRAME                  +45.883s	
1787603628.423  event6   TOUCH_MOTION              2  +45.891s	0 (0) 70.48/65.77 (225.67/118.50mm)
1787603628.423  event6   TOUCH_MOTION              3  +45.891s	1 (1) 60.91/55.78 (195.00/100.50mm)
1787603628.423  event6   TOUCH_MOTION              4  +45.891s	2 (2) 52.79/62.35 (169.00/112.33mm)
1787603628.423  event6   TOUCH_FRAME                  +45.891s	
1787603628.432  event6   TOUCH_MOTION              2  +45.900s	0 (0) 69.91/65.77 (223.83/118.50mm)
1787603628.432  event6   TOUCH_MOTION              3  +45.900s	1 (1) 60.28/55.78 (193.00/100.50mm)
1787603628.432  event6   TOUCH_MOTION              4  +45.900s	2 (2) 52.16/62.35 (167.00/112.33mm)
1787603628.432  event6   TOUCH_FRAME                  +45.900s	
1787603628.441  event6   TOUCH_MOTION              2  +45.909s	0 (0) 69.39/65.77 (222.17/118.50mm)
1787603628.441  event6   TOUCH_MOTION              3  +45.909s	1 (1) 59.66/55.78 (191.00/100.50mm)
1787603628.441  event6   TOUCH_MOTION              4  +45.909s	2 (2) 51.59/62.35 (165.17/112.33mm)
1787603628.441  event6   TOUCH_FRAME                  +45.909s	
1787603628.451  event6   TOUCH_MOTION              2  +45.919s	0 (0) 68.92/65.77 (220.67/118.50mm)
1787603628.451  event6   TOUCH_MOTION              3  +45.919s	1 (1) 59.08/55.78 (189.17/100.50mm)
1787603628.451  event6   TOUCH_MOTION              4  +45.919s	2 (2) 51.07/62.35 (163.50/112.33mm)
1787603628.451  event6   TOUCH_FRAME                  +45.919s	
1787603628.460  event6   TOUCH_MOTION              2  +45.929s	0 (0) 68.40/65.77 (219.00/118.50mm)
1787603628.460  event6   TOUCH_MOTION              3  +45.929s	1 (1) 58.46/55.78 (187.17/100.50mm)
1787603628.460  event6   TOUCH_MOTION              4  +45.929s	2 (2) 50.60/62.35 (162.00/112.33mm)
1787603628.460  event6   TOUCH_FRAME                  +45.929s	
1787603628.469  event6   TOUCH_MOTION              2  +45.937s	0 (0) 67.93/65.68 (217.50/118.33mm)
1787603628.469  event6   TOUCH_MOTION              3  +45.937s	1 (1) 57.94/55.78 (185.50/100.50mm)
1787603628.469  event6   TOUCH_MOTION              4  +45.937s	2 (2) 50.18/62.35 (160.67/112.33mm)
1787603628.469  event6   TOUCH_FRAME                  +45.937s	
1787603628.478  event6   TOUCH_MOTION              2  +45.946s	0 (0) 67.46/65.59 (216.00/118.17mm)
1787603628.478  event6   TOUCH_MOTION              3  +45.946s	1 (1) 57.31/55.78 (183.50/100.50mm)
1787603628.478  event6   TOUCH_MOTION              4  +45.946s	2 (2) 49.71/62.35 (159.17/112.33mm)
1787603628.478  event6   TOUCH_FRAME                  +45.946s	
1787603628.487  event6   TOUCH_MOTION              2  +45.955s	0 (0) 66.94/65.49 (214.33/118.00mm)
1787603628.487  event6   TOUCH_MOTION              3  +45.955s	1 (1) 56.85/55.78 (182.00/100.50mm)
1787603628.487  event6   TOUCH_MOTION              4  +45.955s	2 (2) 49.25/62.35 (157.67/112.33mm)
1787603628.487  event6   TOUCH_FRAME                  +45.955s	
1787603628.496  event6   TOUCH_MOTION              2  +45.964s	0 (0) 66.48/65.40 (212.83/117.83mm)
1787603628.496  event6   TOUCH_MOTION              3  +45.964s	1 (1) 56.32/55.78 (180.33/100.50mm)
1787603628.496  event6   TOUCH_MOTION              4  +45.964s	2 (2) 48.78/62.44 (156.17/112.50mm)
1787603628.496  event6   TOUCH_FRAME                  +45.964s	
1787603628.505  event6   TOUCH_MOTION              2  +45.973s	0 (0) 65.85/65.31 (210.83/117.67mm)
1787603628.505  event6   TOUCH_MOTION              3  +45.973s	1 (1) 55.86/55.78 (178.83/100.50mm)
1787603628.505  event6   TOUCH_MOTION              4  +45.973s	2 (2) 48.36/62.44 (154.83/112.50mm)
1787603628.505  event6   TOUCH_FRAME                  +45.973s	
1787603628.514  event6   TOUCH_MOTION              2  +45.983s	0 (0) 65.23/65.22 (208.83/117.50mm)
1787603628.514  event6   TOUCH_MOTION              3  +45.983s	1 (1) 55.34/55.78 (177.17/100.50mm)
1787603628.514  event6   TOUCH_MOTION              4  +45.983s	2 (2) 47.94/62.44 (153.50/112.50mm)
1787603628.514  event6   TOUCH_FRAME                  +45.983s	
1787603628.524  event6   TOUCH_MOTION              2  +45.993s	0 (0) 64.50/65.03 (206.50/117.17mm)
1787603628.524  event6   TOUCH_MOTION              3  +45.993s	1 (1) 54.87/55.78 (175.67/100.50mm)
1787603628.524  event6   TOUCH_MOTION              4  +45.993s	2 (2) 47.48/62.44 (152.00/112.50mm)
1787603628.524  event6   TOUCH_FRAME                  +45.993s	
1787603628.533  event6   TOUCH_MOTION              2  +46.001s	0 (0) 63.72/65.03 (204.00/117.17mm)
1787603628.533  event6   TOUCH_MOTION              3  +46.001s	1 (1) 54.40/55.78 (174.17/100.50mm)
1787603628.533  event6   TOUCH_MOTION              4  +46.001s	2 (2) 47.11/62.53 (150.83/112.67mm)
1787603628.533  event6   TOUCH_FRAME                  +46.001s	
1787603628.542  event6   TOUCH_MOTION              2  +46.010s	0 (0) 62.83/65.03 (201.17/117.17mm)
1787603628.542  event6   TOUCH_MOTION              3  +46.010s	1 (1) 53.98/55.78 (172.83/100.50mm)
1787603628.542  event6   TOUCH_MOTION              4  +46.010s	2 (2) 46.69/62.63 (149.50/112.83mm)
1787603628.542  event6   TOUCH_FRAME                  +46.010s	
1787603628.551  event6   TOUCH_MOTION              2  +46.019s	1 (1) 53.57/55.78 (171.50/100.50mm)
1787603628.551  event6   TOUCH_MOTION              3  +46.019s	2 (2) 46.28/62.72 (148.17/113.00mm)
1787603628.551  event6   TOUCH_FRAME                  +46.019s	
1787603628.560  event6   TOUCH_MOTION              2  +46.029s	1 (1) 53.15/55.78 (170.17/100.50mm)
1787603628.560  event6   TOUCH_MOTION              3  +46.029s	2 (2) 45.86/62.81 (146.83/113.17mm)
1787603628.560  event6   TOUCH_FRAME                  +46.029s	
1787603628.569  event6   TOUCH_MOTION              2  +46.037s	1 (1) 52.73/55.78 (168.83/100.50mm)
1787603628.569  event6   TOUCH_MOTION              3  +46.037s	2 (2) 45.39/62.81 (145.33/113.17mm)
1787603628.569  event6   TOUCH_FRAME                  +46.037s	
1787603628.578  event6   TOUCH_MOTION              2  +46.046s	1 (1) 52.26/55.78 (167.33/100.50mm)
1787603628.578  event6   TOUCH_FRAME                  +46.046s	
1787603628.587  event6   TOUCH_UP                     +46.055s	0 (0)
1787603628.587  event6   TOUCH_MOTION                 +46.055s	1 (1) 51.80/55.78 (165.83/100.50mm)
1787603628.587  event6   TOUCH_FRAME                  +46.055s	
1787603628.617  event6   TOUCH_UP                     +46.085s	2 (2)
1787603628.617  event6   TOUCH_FRAME                  +46.085s	
1787603628.635  event6   TOUCH_UP                     +46.103s	1 (1)
1787603628.635  event6   TOUCH_FRAME                  +46.103s	
1787603630.052  event6   TOUCH_DOWN                   +47.520s	0 (0) 36.44/57.91 (116.67/104.33mm)
1787603630.052  event6   TOUCH_FRAME                  +47.520s	
1787603630.070  event6   TOUCH_DOWN                   +47.538s	1 (1) 51.54/52.27 (165.00/94.17mm)
1787603630.070  event6   TOUCH_FRAME                  +47.538s	
1787603630.080  event6   TOUCH_MOTION                 +47.548s	0 (0) 36.96/57.91 (118.33/104.33mm)
1787603630.080  event6   TOUCH_MOTION              2  +47.548s	1 (1) 51.80/52.36 (165.83/94.33mm)
1787603630.080  event6   TOUCH_DOWN                   +47.548s	2 (2) 44.25/46.53 (141.67/83.83mm)
1787603630.080  event6   TOUCH_FRAME                  +47.548s	
1787603630.089  event6   TOUCH_MOTION                 +47.557s	0 (0) 37.22/57.91 (119.17/104.33mm)
1787603630.089  event6   TOUCH_MOTION              2  +47.557s	1 (1) 52.11/52.45 (166.83/94.50mm)
1787603630.089  event6   TOUCH_MOTION              3  +47.557s	2 (2) 44.51/46.62 (142.50/84.00mm)
1787603630.089  event6   TOUCH_FRAME                  +47.557s	
1787603630.098  event6   TOUCH_MOTION              2  +47.566s	0 (0) 37.48/58.00 (120.00/104.50mm)
1787603630.098  event6   TOUCH_MOTION              3  +47.566s	1 (1) 52.42/52.54 (167.83/94.67mm)
1787603630.098  event6   TOUCH_MOTION              4  +47.566s	2 (2) 44.82/46.72 (143.50/84.17mm)
1787603630.098  event6   TOUCH_FRAME                  +47.566s	
1787603630.107  event6   TOUCH_MOTION              2  +47.575s	0 (0) 37.79/58.00 (121.00/104.50mm)
1787603630.107  event6   TOUCH_MOTION              3  +47.575s	1 (1) 52.68/52.73 (168.67/95.00mm)
1787603630.107  event6   TOUCH_MOTION              4  +47.575s	2 (2) 45.13/46.81 (144.50/84.33mm)
1787603630.107  event6   TOUCH_FRAME                  +47.575s	
1787603630.116  event6   TOUCH_MOTION              2  +47.584s	0 (0) 38.11/58.00 (122.00/104.50mm)
1787603630.116  event6   TOUCH_MOTION              3  +47.584s	1 (1) 53.05/52.91 (169.83/95.33mm)
1787603630.116  event6   TOUCH_MOTION              4  +47.584s	2 (2) 45.50/46.90 (145.67/84.50mm)
1787603630.116  event6   TOUCH_FRAME                  +47.584s	
1787603630.125  event6   TOUCH_MOTION              2  +47.593s	0 (0) 38.42/58.09 (123.00/104.67mm)
1787603630.125  event6   TOUCH_MOTION              3  +47.593s	1 (1) 53.41/53.01 (171.00/95.50mm)
1787603630.125  event6   TOUCH_MOTION              4  +47.593s	2 (2) 45.91/46.90 (147.00/84.50mm)
1787603630.125  event6   TOUCH_FRAME                  +47.593s	
1787603630.134  event6   TOUCH_MOTION              2  +47.603s	0 (0) 38.78/58.09 (124.17/104.67mm)
1787603630.135  event6   TOUCH_MOTION              3  +47.603s	1 (1) 53.83/53.19 (172.33/95.83mm)
1787603630.135  event6   TOUCH_MOTION              4  +47.603s	2 (2) 46.28/46.99 (148.17/84.67mm)
1787603630.135  event6   TOUCH_FRAME                  +47.603s	
1787603630.143  event6   TOUCH_MOTION              2  +47.611s	0 (0) 39.15/58.19 (125.33/104.83mm)
1787603630.143  event6   TOUCH_MOTION              3  +47.611s	1 (1) 54.24/53.28 (173.67/96.00mm)
1787603630.143  event6   TOUCH_MOTION              4  +47.611s	2 (2) 46.64/47.09 (149.33/84.83mm)
1787603630.143  event6   TOUCH_FRAME                  +47.611s	
1787603630.153  event6   TOUCH_MOTION              2  +47.621s	0 (0) 39.51/58.28 (126.50/105.00mm)
1787603630.153  event6   TOUCH_MOTION              3  +47.621s	1 (1) 54.71/53.47 (175.17/96.33mm)
1787603630.153  event6   TOUCH_MOTION              4  +47.621s	2 (2) 47.06/47.18 (150.67/85.00mm)
1787603630.153  event6   TOUCH_FRAME                  +47.621s	
1787603630.162  event6   TOUCH_MOTION              2  +47.630s	0 (0) 39.93/58.28 (127.83/105.00mm)
1787603630.162  event6   TOUCH_MOTION              3  +47.630s	1 (1) 55.23/53.65 (176.83/96.67mm)
1787603630.162  event6   TOUCH_MOTION              4  +47.630s	2 (2) 47.53/47.27 (152.17/85.17mm)
1787603630.162  event6   TOUCH_FRAME                  +47.630s	
1787603630.171  event6   TOUCH_MOTION              2  +47.639s	0 (0) 40.40/58.37 (129.33/105.17mm)
1787603630.171  event6   TOUCH_MOTION              3  +47.639s	1 (1) 55.75/53.75 (178.50/96.83mm)
1787603630.171  event6   TOUCH_MOTION              4  +47.639s	2 (2) 48.00/47.27 (153.67/85.17mm)
1787603630.171  event6   TOUCH_FRAME                  +47.639s	
1787603630.180  event6   TOUCH_MOTION              2  +47.648s	0 (0) 40.92/58.46 (131.00/105.33mm)
1787603630.180  event6   TOUCH_MOTION              3  +47.648s	1 (1) 56.27/54.02 (180.17/97.33mm)
1787603630.180  event6   TOUCH_MOTION              4  +47.648s	2 (2) 48.52/47.46 (155.33/85.50mm)
1787603630.180  event6   TOUCH_FRAME                  +47.648s	
1787603630.189  event6   TOUCH_MOTION              2  +47.657s	0 (0) 41.44/58.56 (132.67/105.50mm)
1787603630.189  event6   TOUCH_MOTION              3  +47.657s	1 (1) 56.85/54.21 (182.00/97.67mm)
1787603630.189  event6   TOUCH_MOTION              4  +47.657s	2 (2) 49.04/47.64 (157.00/85.83mm)
1787603630.189  event6   TOUCH_FRAME                  +47.657s	
1787603630.198  event6   TOUCH_MOTION              2  +47.666s	0 (0) 41.96/58.65 (134.33/105.67mm)
1787603630.198  event6   TOUCH_MOTION              3  +47.666s	1 (1) 57.47/54.49 (184.00/98.17mm)
1787603630.198  event6   TOUCH_MOTION              4  +47.666s	2 (2) 49.66/47.73 (159.00/86.00mm)
1787603630.198  event6   TOUCH_FRAME                  +47.666s	
1787603630.207  event6   TOUCH_MOTION              2  +47.675s	0 (0) 42.58/58.65 (136.33/105.67mm)
1787603630.207  event6   TOUCH_MOTION              3  +47.675s	1 (1) 58.09/54.67 (186.00/98.50mm)
1787603630.207  event6   TOUCH_MOTION              4  +47.675s	2 (2) 50.23/47.92 (160.83/86.33mm)
1787603630.207  event6   TOUCH_FRAME                  +47.675s	
1787603630.216  event6   TOUCH_MOTION              2  +47.684s	0 (0) 43.15/58.74 (138.17/105.83mm)
1787603630.216  event6   TOUCH_MOTION              3  +47.684s	1 (1) 58.72/54.86 (188.00/98.83mm)
1787603630.216  event6   TOUCH_MOTION              4  +47.684s	2 (2) 50.86/48.01 (162.83/86.50mm)
1787603630.216  event6   TOUCH_FRAME                  +47.684s	
1787603630.226  event6   TOUCH_MOTION              2  +47.694s	0 (0) 43.78/58.93 (140.17/106.17mm)
1787603630.226  event6   TOUCH_MOTION              3  +47.694s	1 (1) 59.34/55.13 (190.00/99.33mm)
1787603630.226  event6   TOUCH_MOTION              4  +47.694s	2 (2) 51.54/48.20 (165.00/86.83mm)
1787603630.226  event6   TOUCH_FRAME                  +47.694s	
1787603630.235  event6   TOUCH_MOTION              2  +47.703s	0 (0) 44.40/59.02 (142.17/106.33mm)
1787603630.235  event6   TOUCH_MOTION              3  +47.703s	1 (1) 60.02/55.32 (192.17/99.67mm)
1787603630.235  event6   TOUCH_MOTION              4  +47.703s	2 (2) 52.21/48.38 (167.17/87.17mm)
1787603630.235  event6   TOUCH_FRAME                  +47.703s	
1787603630.244  event6   TOUCH_MOTION              2  +47.712s	0 (0) 45.03/59.11 (144.17/106.50mm)
1787603630.244  event6   TOUCH_MOTION              3  +47.712s	1 (1) 60.70/55.60 (194.33/100.17mm)
1787603630.244  event6   TOUCH_MOTION              4  +47.712s	2 (2) 52.89/48.47 (169.33/87.33mm)
1787603630.244  event6   TOUCH_FRAME                  +47.712s	
1787603630.253  event6   TOUCH_MOTION              2  +47.721s	0 (0) 45.71/59.20 (146.33/106.67mm)
1787603630.253  event6   TOUCH_MOTION              3  +47.721s	1 (1) 61.32/55.78 (196.33/100.50mm)
1787603630.253  event6   TOUCH_MOTION              4  +47.721s	2 (2) 53.57/48.66 (171.50/87.67mm)
1787603630.253  event6   TOUCH_FRAME                  +47.721s	
1787603630.262  event6   TOUCH_MOTION              2  +47.730s	0 (0) 46.38/59.30 (148.50/106.83mm)
1787603630.262  event6   TOUCH_MOTION              3  +47.730s	1 (1) 62.00/55.97 (198.50/100.83mm)
1787603630.262  event6   TOUCH_MOTION              4  +47.730s	2 (2) 54.24/48.75 (173.67/87.83mm)
1787603630.262  event6   TOUCH_FRAME                  +47.730s	
1787603630.271  event6   TOUCH_MOTION              2  +47.739s	0 (0) 47.06/59.39 (150.67/107.00mm)
1787603630.271  event6   TOUCH_MOTION              3  +47.739s	1 (1) 62.62/56.24 (200.50/101.33mm)
1787603630.271  event6   TOUCH_MOTION              4  +47.739s	2 (2) 54.92/48.94 (175.83/88.17mm)
1787603630.271  event6   TOUCH_FRAME                  +47.739s	
1787603630.280  event6   TOUCH_MOTION              2  +47.748s	0 (0) 47.68/59.39 (152.67/107.00mm)
1787603630.280  event6   TOUCH_MOTION              3  +47.748s	1 (1) 63.25/56.43 (202.50/101.67mm)
1787603630.280  event6   TOUCH_MOTION              4  +47.748s	2 (2) 55.60/49.12 (178.00/88.50mm)
1787603630.280  event6   TOUCH_FRAME                  +47.748s	
1787603630.289  event6   TOUCH_MOTION              2  +47.757s	0 (0) 48.36/59.48 (154.83/107.17mm)
1787603630.289  event6   TOUCH_MOTION              3  +47.757s	1 (1) 63.87/56.71 (204.50/102.17mm)
1787603630.289  event6   TOUCH_MOTION              4  +47.757s	2 (2) 56.27/49.21 (180.17/88.67mm)
1787603630.289  event6   TOUCH_FRAME                  +47.757s	
1787603630.299  event6   TOUCH_MOTION              2  +47.767s	0 (0) 49.04/59.57 (157.00/107.33mm)
1787603630.299  event6   TOUCH_MOTION              3  +47.767s	1 (1) 64.50/56.89 (206.50/102.50mm)
1787603630.299  event6   TOUCH_MOTION              4  +47.767s	2 (2) 56.95/49.40 (182.33/89.00mm)
1787603630.299  event6   TOUCH_FRAME                  +47.767s	
1787603630.308  event6   TOUCH_MOTION              2  +47.776s	0 (0) 49.66/59.67 (159.00/107.50mm)
1787603630.308  event6   TOUCH_MOTION              3  +47.776s	1 (1) 65.12/57.08 (208.50/102.83mm)
1787603630.308  event6   TOUCH_MOTION              4  +47.776s	2 (2) 57.63/49.49 (184.50/89.17mm)
1787603630.308  event6   TOUCH_FRAME                  +47.776s	
1787603630.317  event6   TOUCH_MOTION              2  +47.785s	0 (0) 50.29/59.67 (161.00/107.50mm)
1787603630.317  event6   TOUCH_MOTION              3  +47.785s	1 (1) 65.80/57.17 (210.67/103.00mm)
1787603630.317  event6   TOUCH_MOTION              4  +47.785s	2 (2) 58.30/49.49 (186.67/89.17mm)
1787603630.317  event6   TOUCH_FRAME                  +47.785s	
1787603630.326  event6   TOUCH_MOTION              2  +47.794s	0 (0) 50.91/59.67 (163.00/107.50mm)
1787603630.326  event6   TOUCH_MOTION              3  +47.794s	1 (1) 66.48/57.35 (212.83/103.33mm)
1787603630.326  event6   TOUCH_MOTION              4  +47.794s	2 (2) 58.98/49.58 (188.83/89.33mm)
1787603630.326  event6   TOUCH_FRAME                  +47.794s	
1787603630.335  event6   TOUCH_MOTION              2  +47.803s	0 (0) 51.54/59.67 (165.00/107.50mm)
1787603630.335  event6   TOUCH_MOTION              3  +47.803s	1 (1) 67.10/57.45 (214.83/103.50mm)
1787603630.335  event6   TOUCH_MOTION              4  +47.803s	2 (2) 59.66/49.68 (191.00/89.50mm)
1787603630.335  event6   TOUCH_FRAME                  +47.803s	
1787603630.344  event6   TOUCH_MOTION              2  +47.812s	0 (0) 52.16/59.67 (167.00/107.50mm)
1787603630.344  event6   TOUCH_MOTION              3  +47.812s	1 (1) 67.73/57.63 (216.83/103.83mm)
1787603630.344  event6   TOUCH_MOTION              4  +47.812s	2 (2) 60.33/49.77 (193.17/89.67mm)
1787603630.344  event6   TOUCH_FRAME                  +47.812s	
1787603630.353  event6   TOUCH_MOTION              2  +47.821s	0 (0) 52.84/59.67 (169.17/107.50mm)
1787603630.353  event6   TOUCH_MOTION              3  +47.821s	1 (1) 68.35/57.82 (218.83/104.17mm)
1787603630.353  event6   TOUCH_MOTION              4  +47.821s	2 (2) 60.96/49.77 (195.17/89.67mm)
1787603630.353  event6   TOUCH_FRAME                  +47.821s	
1787603630.362  event6   TOUCH_MOTION              2  +47.830s	0 (0) 53.46/59.67 (171.17/107.50mm)
1787603630.362  event6   TOUCH_MOTION              3  +47.830s	1 (1) 68.97/57.91 (220.83/104.33mm)
1787603630.362  event6   TOUCH_MOTION              4  +47.830s	2 (2) 61.63/49.77 (197.33/89.67mm)
1787603630.362  event6   TOUCH_FRAME                  +47.830s	
1787603630.372  event6   TOUCH_MOTION              2  +47.840s	0 (0) 54.09/59.67 (173.17/107.50mm)
1787603630.372  event6   TOUCH_MOTION              3  +47.840s	1 (1) 69.60/58.09 (222.83/104.67mm)
1787603630.372  event6   TOUCH_MOTION              4  +47.840s	2 (2) 62.26/49.77 (199.33/89.67mm)
1787603630.372  event6   TOUCH_FRAME                  +47.840s	
1787603630.381  event6   TOUCH_MOTION              2  +47.849s	0 (0) 54.71/59.67 (175.17/107.50mm)
1787603630.381  event6   TOUCH_MOTION              3  +47.849s	1 (1) 70.28/58.19 (225.00/104.83mm)
1787603630.381  event6   TOUCH_MOTION              4  +47.849s	2 (2) 62.88/49.77 (201.33/89.67mm)
1787603630.381  event6   TOUCH_FRAME                  +47.849s	
1787603630.390  event6   TOUCH_MOTION              2  +47.858s	0 (0) 55.34/59.57 (177.17/107.33mm)
1787603630.390  event6   TOUCH_MOTION              3  +47.858s	1 (1) 70.85/58.28 (226.83/105.00mm)
1787603630.390  event6   TOUCH_MOTION              4  +47.858s	2 (2) 63.56/49.77 (203.50/89.67mm)
1787603630.390  event6   TOUCH_FRAME                  +47.858s	
1787603630.399  event6   TOUCH_MOTION              2  +47.867s	0 (0) 55.96/59.48 (179.17/107.17mm)
1787603630.399  event6   TOUCH_MOTION              3  +47.867s	1 (1) 71.47/58.28 (228.83/105.00mm)
1787603630.399  event6   TOUCH_MOTION              4  +47.867s	2 (2) 64.19/49.77 (205.50/89.67mm)
1787603630.399  event6   TOUCH_FRAME                  +47.867s	
1787603630.408  event6   TOUCH_MOTION              2  +47.876s	0 (0) 56.59/59.39 (181.17/107.00mm)
1787603630.408  event6   TOUCH_MOTION              3  +47.876s	1 (1) 72.05/58.46 (230.67/105.33mm)
1787603630.408  event6   TOUCH_MOTION              4  +47.876s	2 (2) 64.76/49.77 (207.33/89.67mm)
1787603630.408  event6   TOUCH_FRAME                  +47.876s	
1787603630.417  event6   TOUCH_MOTION              2  +47.885s	0 (0) 57.16/59.39 (183.00/107.00mm)
1787603630.417  event6   TOUCH_MOTION              3  +47.885s	1 (1) 72.67/58.65 (232.67/105.67mm)
1787603630.417  event6   TOUCH_MOTION              4  +47.885s	2 (2) 65.33/49.77 (209.17/89.67mm)
1787603630.417  event6   TOUCH_FRAME                  +47.885s	
1787603630.426  event6   TOUCH_MOTION              2  +47.894s	0 (0) 57.78/59.20 (185.00/106.67mm)
1787603630.426  event6   TOUCH_MOTION              3  +47.894s	1 (1) 73.19/58.74 (234.33/105.83mm)
1787603630.426  event6   TOUCH_MOTION              4  +47.894s	2 (2) 65.96/49.77 (211.17/89.67mm)
1787603630.426  event6   TOUCH_FRAME                  +47.894s	
1787603630.435  event6   TOUCH_MOTION              2  +47.903s	0 (0) 58.30/59.11 (186.67/106.50mm)
1787603630.435  event6   TOUCH_MOTION              3  +47.903s	1 (1) 73.76/58.93 (236.17/106.17mm)
1787603630.435  event6   TOUCH_MOTION              4  +47.903s	2 (2) 66.48/49.77 (212.83/89.67mm)
1787603630.435  event6   TOUCH_FRAME                  +47.903s	
1787603630.445  event6   TOUCH_MOTION              2  +47.913s	0 (0) 58.88/59.02 (188.50/106.33mm)
1787603630.445  event6   TOUCH_MOTION              3  +47.913s	1 (1) 74.28/59.02 (237.83/106.33mm)
1787603630.445  event6   TOUCH_MOTION              4  +47.913s	2 (2) 67.05/49.77 (214.67/89.67mm)
1787603630.445  event6   TOUCH_FRAME                  +47.913s	
1787603630.454  event6   TOUCH_MOTION              2  +47.922s	0 (0) 59.34/58.93 (190.00/106.17mm)
1787603630.454  event6   TOUCH_MOTION              3  +47.922s	1 (1) 74.80/59.11 (239.50/106.50mm)
1787603630.454  event6   TOUCH_MOTION              4  +47.922s	2 (2) 67.57/49.77 (216.33/89.67mm)
1787603630.454  event6   TOUCH_FRAME                  +47.922s	
1787603630.463  event6   TOUCH_MOTION              2  +47.932s	0 (0) 59.81/58.83 (191.50/106.00mm)
1787603630.463  event6   TOUCH_MOTION              3  +47.932s	1 (1) 75.27/59.20 (241.00/106.67mm)
1787603630.463  event6   TOUCH_MOTION              4  +47.932s	2 (2) 68.04/49.77 (217.83/89.67mm)
1787603630.463  event6   TOUCH_FRAME                  +47.932s	
1787603630.472  event6   TOUCH_MOTION              2  +47.940s	0 (0) 60.23/58.74 (192.83/105.83mm)
1787603630.472  event6   TOUCH_MOTION              3  +47.940s	1 (1) 75.69/59.30 (242.33/106.83mm)
1787603630.472  event6   TOUCH_MOTION              4  +47.940s	2 (2) 68.51/49.77 (219.33/89.67mm)
1787603630.472  event6   TOUCH_FRAME                  +47.940s	
1787603630.481  event6   TOUCH_MOTION              2  +47.949s	0 (0) 60.65/58.65 (194.17/105.67mm)
1787603630.481  event6   TOUCH_MOTION              3  +47.949s	1 (1) 76.05/59.39 (243.50/107.00mm)
1787603630.481  event6   TOUCH_MOTION              4  +47.949s	2 (2) 68.97/49.77 (220.83/89.67mm)
1787603630.481  event6   TOUCH_FRAME                  +47.949s	
1787603630.490  event6   TOUCH_MOTION              2  +47.958s	0 (0) 61.06/58.65 (195.50/105.67mm)
1787603630.490  event6   TOUCH_MOTION              3  +47.958s	1 (1) 76.52/59.39 (245.00/107.00mm)
1787603630.490  event6   TOUCH_MOTION              4  +47.958s	2 (2) 69.39/49.77 (222.17/89.67mm)
1787603630.490  event6   TOUCH_FRAME                  +47.958s	
1787603630.499  event6   TOUCH_MOTION              2  +47.967s	0 (0) 61.37/58.56 (196.50/105.50mm)
1787603630.499  event6   TOUCH_MOTION              3  +47.967s	1 (1) 76.89/59.48 (246.17/107.17mm)
1787603630.499  event6   TOUCH_MOTION              4  +47.967s	2 (2) 69.81/49.77 (223.50/89.67mm)
1787603630.499  event6   TOUCH_FRAME                  +47.967s	
1787603630.508  event6   TOUCH_MOTION              2  +47.976s	0 (0) 61.74/58.46 (197.67/105.33mm)
1787603630.508  event6   TOUCH_MOTION              3  +47.976s	1 (1) 77.20/59.67 (247.17/107.50mm)
1787603630.508  event6   TOUCH_MOTION              4  +47.976s	2 (2) 70.17/49.77 (224.67/89.67mm)
1787603630.508  event6   TOUCH_FRAME                  +47.976s	
1787603630.518  event6   TOUCH_MOTION              2  +47.986s	0 (0) 62.05/58.28 (198.67/105.00mm)
1787603630.518  event6   TOUCH_MOTION              3  +47.986s	1 (1) 77.56/59.76 (248.33/107.67mm)
1787603630.518  event6   TOUCH_MOTION              4  +47.986s	2 (2) 70.48/49.77 (225.67/89.67mm)
1787603630.518  event6   TOUCH_FRAME                  +47.986s	
1787603630.527  event6   TOUCH_MOTION              2  +47.995s	0 (0) 62.36/58.28 (199.67/105.00mm)
1787603630.527  event6   TOUCH_MOTION              3  +47.995s	1 (1) 77.82/59.76 (249.17/107.67mm)
1787603630.527  event6   TOUCH_MOTION              4  +47.995s	2 (2) 70.85/49.77 (226.83/89.67mm)
1787603630.527  event6   TOUCH_FRAME                  +47.995s	
1787603630.536  event6   TOUCH_MOTION              2  +48.004s	0 (0) 62.68/58.09 (200.67/104.67mm)
1787603630.536  event6   TOUCH_MOTION              3  +48.004s	1 (1) 78.08/59.85 (250.00/107.83mm)
1787603630.536  event6   TOUCH_MOTION              4  +48.004s	2 (2) 71.16/49.77 (227.83/89.67mm)
1787603630.536  event6   TOUCH_FRAME                  +48.004s	
1787603630.545  event6   TOUCH_MOTION              2  +48.013s	0 (0) 62.94/58.00 (201.50/104.50mm)
1787603630.545  event6   TOUCH_MOTION              3  +48.013s	1 (1) 78.34/59.94 (250.83/108.00mm)
1787603630.545  event6   TOUCH_MOTION              4  +48.013s	2 (2) 71.42/49.77 (228.67/89.67mm)
1787603630.545  event6   TOUCH_FRAME                  +48.013s	
1787603630.554  event6   TOUCH_MOTION              2  +48.022s	0 (0) 63.20/57.91 (202.33/104.33mm)
1787603630.554  event6   TOUCH_MOTION              3  +48.022s	1 (1) 78.66/60.04 (251.83/108.17mm)
1787603630.554  event6   TOUCH_MOTION              4  +48.022s	2 (2) 71.73/49.77 (229.67/89.67mm)
1787603630.554  event6   TOUCH_FRAME                  +48.022s	
1787603630.563  event6   TOUCH_MOTION              2  +48.031s	0 (0) 63.46/57.82 (203.17/104.17mm)
1787603630.563  event6   TOUCH_MOTION              3  +48.031s	1 (1) 78.92/60.13 (252.67/108.33mm)
1787603630.563  event6   TOUCH_MOTION              4  +48.031s	2 (2) 71.99/49.77 (230.50/89.67mm)
1787603630.563  event6   TOUCH_FRAME                  +48.031s	
1787603630.572  event6   TOUCH_MOTION              2  +48.040s	0 (0) 63.66/57.82 (203.83/104.17mm)
1787603630.572  event6   TOUCH_MOTION              3  +48.040s	1 (1) 79.13/60.22 (253.33/108.50mm)
1787603630.572  event6   TOUCH_MOTION              4  +48.040s	2 (2) 72.25/49.77 (231.33/89.67mm)
1787603630.572  event6   TOUCH_FRAME                  +48.040s	
1787603630.581  event6   TOUCH_MOTION              2  +48.049s	0 (0) 63.87/57.72 (204.50/104.00mm)
1787603630.581  event6   TOUCH_MOTION              3  +48.049s	1 (1) 79.28/60.31 (253.83/108.67mm)
1787603630.581  event6   TOUCH_MOTION              4  +48.049s	2 (2) 72.46/49.77 (232.00/89.67mm)
1787603630.581  event6   TOUCH_FRAME                  +48.049s	
1787603630.591  event6   TOUCH_MOTION              2  +48.059s	0 (0) 64.03/57.63 (205.00/103.83mm)
1787603630.591  event6   TOUCH_MOTION              3  +48.059s	1 (1) 79.44/60.41 (254.33/108.83mm)
1787603630.591  event6   TOUCH_MOTION              4  +48.059s	2 (2) 72.62/49.77 (232.50/89.67mm)
1787603630.591  event6   TOUCH_FRAME                  +48.059s	
1787603630.600  event6   TOUCH_MOTION              2  +48.068s	0 (0) 64.19/57.54 (205.50/103.67mm)
1787603630.600  event6   TOUCH_MOTION              3  +48.068s	1 (1) 79.59/60.50 (254.83/109.00mm)
1787603630.600  event6   TOUCH_MOTION              4  +48.068s	2 (2) 72.77/49.77 (233.00/89.67mm)
1787603630.600  event6   TOUCH_FRAME                  +48.068s	
1787603630.609  event6   TOUCH_MOTION              2  +48.078s	0 (0) 64.29/57.45 (205.83/103.50mm)
1787603630.609  event6   TOUCH_MOTION              3  +48.078s	1 (1) 79.65/60.50 (255.00/109.00mm)
1787603630.609  event6   TOUCH_MOTION              4  +48.078s	2 (2) 72.93/49.86 (233.50/89.83mm)
1787603630.609  event6   TOUCH_FRAME                  +48.078s	
1787603630.618  event6   TOUCH_MOTION              2  +48.086s	0 (0) 64.39/57.45 (206.17/103.50mm)
1787603630.618  event6   TOUCH_MOTION              3  +48.086s	1 (1) 79.75/60.59 (255.33/109.17mm)
1787603630.618  event6   TOUCH_MOTION              4  +48.086s	2 (2) 72.98/49.95 (233.67/90.00mm)
1787603630.618  event6   TOUCH_FRAME                  +48.086s	
1787603630.627  event6   TOUCH_MOTION              2  +48.096s	0 (0) 64.45/57.45 (206.33/103.50mm)
1787603630.627  event6   TOUCH_MOTION              3  +48.096s	1 (1) 79.80/60.68 (255.50/109.33mm)
1787603630.627  event6   TOUCH_MOTION              4  +48.096s	2 (2) 73.09/49.95 (234.00/90.00mm)
1787603630.628  event6   TOUCH_FRAME                  +48.096s	
1787603630.636  event6   TOUCH_MOTION              2  +48.104s	0 (0) 64.50/57.45 (206.50/103.50mm)
1787603630.636  event6   TOUCH_MOTION              3  +48.104s	1 (1) 79.85/60.78 (255.67/109.50mm)
1787603630.636  event6   TOUCH_MOTION              4  +48.104s	2 (2) 73.14/50.05 (234.17/90.17mm)
1787603630.636  event6   TOUCH_FRAME                  +48.104s	
1787603630.645  event6   TOUCH_MOTION              2  +48.113s	0 (0) 64.55/57.45 (206.67/103.50mm)
1787603630.645  event6   TOUCH_MOTION              3  +48.113s	1 (1) 79.85/60.87 (255.67/109.67mm)
1787603630.645  event6   TOUCH_MOTION              4  +48.113s	2 (2) 73.14/50.14 (234.17/90.33mm)
1787603630.645  event6   TOUCH_FRAME                  +48.113s	
1787603630.654  event6   TOUCH_MOTION              2  +48.122s	0 (0) 64.60/57.45 (206.83/103.50mm)
1787603630.654  event6   TOUCH_MOTION              3  +48.122s	1 (1) 79.91/60.87 (255.83/109.67mm)
1787603630.654  event6   TOUCH_MOTION              4  +48.122s	2 (2) 73.14/50.23 (234.17/90.50mm)
1787603630.654  event6   TOUCH_FRAME                  +48.122s	
1787603630.664  event6   TOUCH_MOTION              2  +48.132s	0 (0) 64.65/57.45 (207.00/103.50mm)
1787603630.664  event6   TOUCH_MOTION              3  +48.132s	1 (1) 79.91/60.96 (255.83/109.83mm)
1787603630.664  event6   TOUCH_MOTION              4  +48.132s	2 (2) 73.14/50.32 (234.17/90.67mm)
1787603630.664  event6   TOUCH_FRAME                  +48.132s	
1787603630.673  event6   TOUCH_MOTION              2  +48.141s	1 (1) 79.91/61.05 (255.83/110.00mm)
1787603630.673  event6   TOUCH_MOTION              3  +48.141s	2 (2) 73.14/50.51 (234.17/91.00mm)
1787603630.673  event6   TOUCH_FRAME                  +48.141s	
1787603630.682  event6   TOUCH_MOTION              2  +48.150s	1 (1) 79.91/61.15 (255.83/110.17mm)
1787603630.682  event6   TOUCH_MOTION              3  +48.150s	2 (2) 73.03/50.69 (233.83/91.33mm)
1787603630.682  event6   TOUCH_FRAME                  +48.150s	
1787603630.691  event6   TOUCH_MOTION              2  +48.159s	0 (0) 64.55/57.45 (206.67/103.50mm)
1787603630.691  event6   TOUCH_MOTION              3  +48.159s	1 (1) 79.85/61.24 (255.67/110.33mm)
1787603630.691  event6   TOUCH_MOTION              4  +48.159s	2 (2) 72.88/50.79 (233.33/91.50mm)
1787603630.691  event6   TOUCH_FRAME                  +48.159s	
1787603630.700  event6   TOUCH_MOTION              2  +48.168s	0 (0) 64.45/57.54 (206.33/103.67mm)
1787603630.700  event6   TOUCH_MOTION              3  +48.168s	1 (1) 79.80/61.33 (255.50/110.50mm)
1787603630.700  event6   TOUCH_MOTION              4  +48.168s	2 (2) 72.67/50.97 (232.67/91.83mm)
1787603630.700  event6   TOUCH_FRAME                  +48.168s	
1787603630.709  event6   TOUCH_MOTION              2  +48.177s	0 (0) 64.19/57.63 (205.50/103.83mm)
1787603630.709  event6   TOUCH_MOTION              3  +48.177s	1 (1) 79.65/61.52 (255.00/110.83mm)
1787603630.709  event6   TOUCH_MOTION              4  +48.177s	2 (2) 72.36/51.16 (231.67/92.17mm)
1787603630.709  event6   TOUCH_FRAME                  +48.177s	
1787603630.718  event6   TOUCH_MOTION              2  +48.186s	0 (0) 63.82/57.82 (204.33/104.17mm)
1787603630.718  event6   TOUCH_MOTION              3  +48.186s	1 (1) 79.49/61.61 (254.50/111.00mm)
1787603630.718  event6   TOUCH_MOTION              4  +48.186s	2 (2) 72.05/51.43 (230.67/92.67mm)
1787603630.718  event6   TOUCH_FRAME                  +48.186s	
1787603630.727  event6   TOUCH_MOTION              2  +48.196s	0 (0) 63.40/57.91 (203.00/104.33mm)
1787603630.727  event6   TOUCH_MOTION              3  +48.196s	1 (1) 79.28/61.79 (253.83/111.33mm)
1787603630.727  event6   TOUCH_MOTION              4  +48.196s	2 (2) 71.58/51.62 (229.17/93.00mm)
1787603630.727  event6   TOUCH_FRAME                  +48.196s	
1787603630.737  event6   TOUCH_MOTION              2  +48.205s	0 (0) 62.88/58.09 (201.33/104.67mm)
1787603630.737  event6   TOUCH_MOTION              3  +48.205s	1 (1) 79.02/61.98 (253.00/111.67mm)
1787603630.737  event6   TOUCH_MOTION              4  +48.205s	2 (2) 71.16/51.80 (227.83/93.33mm)
1787603630.737  event6   TOUCH_FRAME                  +48.205s	
1787603630.746  event6   TOUCH_MOTION              2  +48.214s	0 (0) 62.36/58.28 (199.67/105.00mm)
1787603630.746  event6   TOUCH_MOTION              3  +48.214s	1 (1) 78.71/62.07 (252.00/111.83mm)
1787603630.746  event6   TOUCH_MOTION              4  +48.214s	2 (2) 70.59/52.08 (226.00/93.83mm)
1787603630.746  event6   TOUCH_FRAME                  +48.214s	
1787603630.755  event6   TOUCH_MOTION              2  +48.223s	0 (0) 61.74/58.37 (197.67/105.17mm)
1787603630.755  event6   TOUCH_MOTION              3  +48.223s	1 (1) 78.29/62.35 (250.67/112.33mm)
1787603630.755  event6   TOUCH_MOTION              4  +48.223s	2 (2) 70.02/52.27 (224.17/94.17mm)
1787603630.755  event6   TOUCH_FRAME                  +48.223s	
1787603630.764  event6   TOUCH_MOTION              2  +48.233s	0 (0) 61.06/58.56 (195.50/105.50mm)
1787603630.764  event6   TOUCH_MOTION              3  +48.233s	1 (1) 77.82/62.44 (249.17/112.50mm)
1787603630.764  event6   TOUCH_MOTION              4  +48.233s	2 (2) 69.34/52.54 (222.00/94.67mm)
1787603630.764  event6   TOUCH_FRAME                  +48.233s	
1787603630.773  event6   TOUCH_MOTION              2  +48.241s	0 (0) 60.33/58.65 (193.17/105.67mm)
1787603630.773  event6   TOUCH_MOTION              3  +48.241s	1 (1) 77.36/62.63 (247.67/112.83mm)
1787603630.773  event6   TOUCH_MOTION              4  +48.241s	2 (2) 68.61/52.64 (219.67/94.83mm)
1787603630.773  event6   TOUCH_FRAME                  +48.241s	
1787603630.782  event6   TOUCH_MOTION              2  +48.250s	0 (0) 59.55/58.93 (190.67/106.17mm)
1787603630.782  event6   TOUCH_MOTION              3  +48.250s	1 (1) 76.78/62.81 (245.83/113.17mm)
1787603630.782  event6   TOUCH_MOTION              4  +48.250s	2 (2) 67.83/52.82 (217.17/95.17mm)
1787603630.782  event6   TOUCH_FRAME                  +48.250s	
1787603630.791  event6   TOUCH_MOTION              2  +48.259s	0 (0) 58.77/59.02 (188.17/106.33mm)
1787603630.791  event6   TOUCH_MOTION              3  +48.259s	1 (1) 76.21/62.90 (244.00/113.33mm)
1787603630.791  event6   TOUCH_MOTION              4  +48.259s	2 (2) 67.00/52.91 (214.50/95.33mm)
1787603630.791  event6   TOUCH_FRAME                  +48.259s	
1787603630.800  event6   TOUCH_MOTION              2  +48.268s	0 (0) 57.94/59.30 (185.50/106.83mm)
1787603630.800  event6   TOUCH_MOTION              3  +48.268s	1 (1) 75.59/63.09 (242.00/113.67mm)
1787603630.800  event6   TOUCH_MOTION              4  +48.268s	2 (2) 66.16/53.10 (211.83/95.67mm)
1787603630.800  event6   TOUCH_FRAME                  +48.268s	
1787603630.810  event6   TOUCH_MOTION              2  +48.278s	0 (0) 57.05/59.48 (182.67/107.17mm)
1787603630.810  event6   TOUCH_MOTION              3  +48.278s	1 (1) 74.91/63.18 (239.83/113.83mm)
1787603630.810  event6   TOUCH_MOTION              4  +48.278s	2 (2) 65.28/53.28 (209.00/96.00mm)
1787603630.810  event6   TOUCH_FRAME                  +48.278s	
1787603630.819  event6   TOUCH_MOTION              2  +48.287s	0 (0) 56.12/59.76 (179.67/107.67mm)
1787603630.819  event6   TOUCH_MOTION              3  +48.287s	1 (1) 74.13/63.37 (237.33/114.17mm)
1787603630.819  event6   TOUCH_MOTION              4  +48.287s	2 (2) 64.39/53.47 (206.17/96.33mm)
1787603630.819  event6   TOUCH_FRAME                  +48.287s	
1787603630.828  event6   TOUCH_MOTION              2  +48.297s	0 (0) 55.18/59.94 (176.67/108.00mm)
1787603630.828  event6   TOUCH_MOTION              3  +48.297s	1 (1) 73.40/63.55 (235.00/114.50mm)
1787603630.828  event6   TOUCH_MOTION              4  +48.297s	2 (2) 63.46/53.65 (203.17/96.67mm)
1787603630.828  event6   TOUCH_FRAME                  +48.297s	
1787603630.837  event6   TOUCH_MOTION              2  +48.305s	0 (0) 54.19/60.13 (173.50/108.33mm)
1787603630.837  event6   TOUCH_MOTION              3  +48.305s	1 (1) 72.51/63.64 (232.17/114.67mm)
1787603630.837  event6   TOUCH_MOTION              4  +48.305s	2 (2) 62.47/53.75 (200.00/96.83mm)
1787603630.837  event6   TOUCH_FRAME                  +48.305s	
1787603630.846  event6   TOUCH_MOTION              2  +48.314s	0 (0) 53.25/60.50 (170.50/109.00mm)
1787603630.846  event6   TOUCH_MOTION              3  +48.314s	1 (1) 71.68/63.83 (229.50/115.00mm)
1787603630.846  event6   TOUCH_MOTION              4  +48.314s	2 (2) 61.53/54.02 (197.00/97.33mm)
1787603630.846  event6   TOUCH_FRAME                  +48.314s	
1787603630.855  event6   TOUCH_MOTION              2  +48.323s	0 (0) 52.21/60.78 (167.17/109.50mm)
1787603630.855  event6   TOUCH_MOTION              3  +48.323s	1 (1) 70.80/63.92 (226.67/115.17mm)
1787603630.855  event6   TOUCH_MOTION              4  +48.323s	2 (2) 60.49/54.21 (193.67/97.67mm)
1787603630.855  event6   TOUCH_FRAME                  +48.323s	
1787603630.864  event6   TOUCH_MOTION              2  +48.333s	0 (0) 51.22/61.05 (164.00/110.00mm)
1787603630.864  event6   TOUCH_MOTION              3  +48.333s	1 (1) 69.86/64.01 (223.67/115.33mm)
1787603630.864  event6   TOUCH_MOTION              4  +48.333s	2 (2) 59.45/54.49 (190.33/98.17mm)
1787603630.864  event6   TOUCH_FRAME                  +48.333s	
1787603630.873  event6   TOUCH_MOTION              2  +48.341s	0 (0) 50.18/61.33 (160.67/110.50mm)
1787603630.873  event6   TOUCH_MOTION              3  +48.341s	1 (1) 68.92/64.11 (220.67/115.50mm)
1787603630.873  event6   TOUCH_MOTION              4  +48.341s	2 (2) 58.41/54.67 (187.00/98.50mm)
1787603630.873  event6   TOUCH_FRAME                  +48.341s	
1787603630.883  event6   TOUCH_MOTION              2  +48.351s	0 (0) 49.19/61.61 (157.50/111.00mm)
1787603630.883  event6   TOUCH_MOTION              3  +48.351s	1 (1) 67.93/64.20 (217.50/115.67mm)
1787603630.883  event6   TOUCH_MOTION              4  +48.351s	2 (2) 57.31/54.86 (183.50/98.83mm)
1787603630.883  event6   TOUCH_FRAME                  +48.351s	
1787603630.892  event6   TOUCH_MOTION              2  +48.360s	0 (0) 48.15/61.98 (154.17/111.67mm)
1787603630.892  event6   TOUCH_MOTION              3  +48.360s	1 (1) 66.94/64.29 (214.33/115.83mm)
1787603630.892  event6   TOUCH_MOTION              4  +48.360s	2 (2) 56.27/55.13 (180.17/99.33mm)
1787603630.892  event6   TOUCH_FRAME                  +48.360s	
1787603630.901  event6   TOUCH_MOTION              2  +48.369s	0 (0) 47.16/62.26 (151.00/112.17mm)
1787603630.901  event6   TOUCH_MOTION              3  +48.369s	1 (1) 65.96/64.38 (211.17/116.00mm)
1787603630.901  event6   TOUCH_MOTION              4  +48.369s	2 (2) 55.23/55.32 (176.83/99.67mm)
1787603630.901  event6   TOUCH_FRAME                  +48.369s	
1787603630.910  event6   TOUCH_MOTION              2  +48.378s	0 (0) 46.17/62.63 (147.83/112.83mm)
1787603630.910  event6   TOUCH_MOTION              3  +48.378s	1 (1) 64.91/64.48 (207.83/116.17mm)
1787603630.910  event6   TOUCH_MOTION              4  +48.378s	2 (2) 54.19/55.60 (173.50/100.17mm)
1787603630.910  event6   TOUCH_FRAME                  +48.378s	
1787603630.919  event6   TOUCH_MOTION              2  +48.387s	0 (0) 45.18/63.00 (144.67/113.50mm)
1787603630.919  event6   TOUCH_MOTION              3  +48.387s	1 (1) 63.93/64.66 (204.67/116.50mm)
1787603630.919  event6   TOUCH_MOTION              4  +48.387s	2 (2) 53.10/55.78 (170.00/100.50mm)
1787603630.919  event6   TOUCH_FRAME                  +48.387s	
1787603630.928  event6   TOUCH_MOTION              2  +48.397s	0 (0) 44.20/63.37 (141.50/114.17mm)
1787603630.928  event6   TOUCH_MOTION              3  +48.397s	1 (1) 62.94/64.75 (201.50/116.67mm)
1787603630.928  event6   TOUCH_MOTION              4  +48.397s	2 (2) 52.11/56.06 (166.83/101.00mm)
1787603630.928  event6   TOUCH_FRAME                  +48.397s	
1787603630.937  event6   TOUCH_MOTION              2  +48.405s	0 (0) 43.26/63.74 (138.50/114.83mm)
1787603630.937  event6   TOUCH_MOTION              3  +48.405s	1 (1) 62.00/64.85 (198.50/116.83mm)
1787603630.937  event6   TOUCH_MOTION              4  +48.405s	2 (2) 51.07/56.34 (163.50/101.50mm)
1787603630.937  event6   TOUCH_FRAME                  +48.405s	
1787603630.946  event6   TOUCH_MOTION              2  +48.415s	0 (0) 42.27/64.20 (135.33/115.67mm)
1787603630.946  event6   TOUCH_MOTION              3  +48.415s	1 (1) 61.06/65.03 (195.50/117.17mm)
1787603630.946  event6   TOUCH_MOTION              4  +48.415s	2 (2) 50.08/56.61 (160.33/102.00mm)
1787603630.946  event6   TOUCH_FRAME                  +48.415s	
1787603630.955  event6   TOUCH_MOTION              2  +48.423s	0 (0) 41.28/64.66 (132.17/116.50mm)
1787603630.955  event6   TOUCH_MOTION              3  +48.423s	1 (1) 60.12/65.12 (192.50/117.33mm)
1787603630.955  event6   TOUCH_MOTION              4  +48.423s	2 (2) 49.09/56.80 (157.17/102.33mm)
1787603630.955  event6   TOUCH_FRAME                  +48.423s	
1787603630.965  event6   TOUCH_MOTION              2  +48.434s	0 (0) 40.34/65.03 (129.17/117.17mm)
1787603630.965  event6   TOUCH_MOTION              3  +48.434s	1 (1) 59.24/65.31 (189.67/117.67mm)
1787603630.965  event6   TOUCH_MOTION              4  +48.434s	2 (2) 48.15/57.08 (154.17/102.83mm)
1787603630.965  event6   TOUCH_FRAME                  +48.434s	
1787603630.974  event6   TOUCH_MOTION              2  +48.442s	0 (0) 39.46/65.40 (126.33/117.83mm)
1787603630.974  event6   TOUCH_MOTION              3  +48.442s	1 (1) 58.36/65.40 (186.83/117.83mm)
1787603630.974  event6   TOUCH_MOTION              4  +48.442s	2 (2) 47.27/57.45 (151.33/103.50mm)
1787603630.974  event6   TOUCH_FRAME                  +48.442s	
1787603630.983  event6   TOUCH_MOTION              2  +48.451s	0 (0) 38.57/65.86 (123.50/118.67mm)
1787603630.983  event6   TOUCH_MOTION              3  +48.451s	1 (1) 57.52/65.59 (184.17/118.17mm)
1787603630.983  event6   TOUCH_MOTION              4  +48.451s	2 (2) 46.38/57.72 (148.50/104.00mm)
1787603630.983  event6   TOUCH_FRAME                  +48.451s	
1787603630.992  event6   TOUCH_MOTION              2  +48.461s	0 (0) 37.69/66.33 (120.67/119.50mm)
1787603630.992  event6   TOUCH_MOTION              3  +48.461s	1 (1) 56.64/65.77 (181.33/118.50mm)
1787603630.992  event6   TOUCH_MOTION              4  +48.461s	2 (2) 45.50/58.00 (145.67/104.50mm)
1787603630.992  event6   TOUCH_FRAME                  +48.461s	
1787603631.001  event6   TOUCH_MOTION              2  +48.469s	0 (0) 36.80/66.79 (117.83/120.33mm)
1787603631.001  event6   TOUCH_MOTION              3  +48.469s	1 (1) 55.86/65.86 (178.83/118.67mm)
1787603631.001  event6   TOUCH_MOTION              4  +48.469s	2 (2) 44.61/58.28 (142.83/105.00mm)
1787603631.001  event6   TOUCH_FRAME                  +48.469s	
1787603631.010  event6   TOUCH_MOTION              2  +48.478s	0 (0) 36.07/67.25 (115.50/121.17mm)
1787603631.010  event6   TOUCH_MOTION              3  +48.478s	1 (1) 55.08/66.05 (176.33/119.00mm)
1787603631.010  event6   TOUCH_MOTION              4  +48.478s	2 (2) 43.83/58.65 (140.33/105.67mm)
1787603631.010  event6   TOUCH_FRAME                  +48.478s	
1787603631.019  event6   TOUCH_MOTION              2  +48.487s	0 (0) 35.35/67.72 (113.17/122.00mm)
1787603631.019  event6   TOUCH_MOTION              3  +48.487s	1 (1) 54.24/66.14 (173.67/119.17mm)
1787603631.019  event6   TOUCH_MOTION              4  +48.487s	2 (2) 43.05/58.93 (137.83/106.17mm)
1787603631.019  event6   TOUCH_FRAME                  +48.487s	
1787603631.028  event6   TOUCH_MOTION              2  +48.497s	0 (0) 34.62/68.09 (110.83/122.67mm)
1787603631.028  event6   TOUCH_MOTION              3  +48.497s	1 (1) 53.51/66.33 (171.33/119.50mm)
1787603631.028  event6   TOUCH_MOTION              4  +48.497s	2 (2) 42.27/59.20 (135.33/106.67mm)
1787603631.028  event6   TOUCH_FRAME                  +48.497s	
1787603631.038  event6   TOUCH_MOTION              2  +48.506s	0 (0) 33.94/68.46 (108.67/123.33mm)
1787603631.038  event6   TOUCH_MOTION              3  +48.506s	1 (1) 52.73/66.51 (168.83/119.83mm)
1787603631.038  event6   TOUCH_MOTION              4  +48.506s	2 (2) 41.54/59.48 (133.00/107.17mm)
1787603631.038  event6   TOUCH_FRAME                  +48.506s	
1787603631.047  event6   TOUCH_MOTION              2  +48.516s	0 (0) 33.32/68.83 (106.67/124.00mm)
1787603631.047  event6   TOUCH_MOTION              3  +48.516s	1 (1) 52.06/66.60 (166.67/120.00mm)
1787603631.048  event6   TOUCH_MOTION              4  +48.516s	2 (2) 40.86/59.76 (130.83/107.67mm)
1787603631.048  event6   TOUCH_FRAME                  +48.516s	
1787603631.056  event6   TOUCH_MOTION              2  +48.524s	0 (0) 32.69/69.20 (104.67/124.67mm)
1787603631.056  event6   TOUCH_MOTION              3  +48.524s	1 (1) 51.43/66.79 (164.67/120.33mm)
1787603631.056  event6   TOUCH_MOTION              4  +48.524s	2 (2) 40.24/60.13 (128.83/108.33mm)
1787603631.056  event6   TOUCH_FRAME                  +48.524s	
1787603631.065  event6   TOUCH_MOTION              2  +48.534s	0 (0) 32.12/69.57 (102.83/125.33mm)
1787603631.065  event6   TOUCH_MOTION              3  +48.534s	1 (1) 50.86/66.98 (162.83/120.67mm)
1787603631.065  event6   TOUCH_MOTION              4  +48.534s	2 (2) 39.61/60.41 (126.83/108.83mm)
1787603631.065  event6   TOUCH_FRAME                  +48.534s	
1787603631.074  event6   TOUCH_MOTION              2  +48.542s	0 (0) 31.55/69.94 (101.00/126.00mm)
1787603631.074  event6   TOUCH_MOTION              3  +48.542s	1 (1) 50.23/67.07 (160.83/120.83mm)
1787603631.074  event6   TOUCH_MOTION              4  +48.542s	2 (2) 39.04/60.68 (125.00/109.33mm)
1787603631.074  event6   TOUCH_FRAME                  +48.542s	
1787603631.083  event6   TOUCH_MOTION              2  +48.551s	0 (0) 31.03/70.31 (99.33/126.67mm)
1787603631.083  event6   TOUCH_MOTION              3  +48.551s	1 (1) 49.71/67.25 (159.17/121.17mm)
1787603631.083  event6   TOUCH_MOTION              4  +48.551s	2 (2) 38.52/60.96 (123.33/109.83mm)
1787603631.083  event6   TOUCH_FRAME                  +48.551s	
1787603631.092  event6   TOUCH_MOTION              2  +48.561s	0 (0) 30.56/70.68 (97.83/127.33mm)
1787603631.092  event6   TOUCH_MOTION              3  +48.561s	1 (1) 49.14/67.35 (157.33/121.33mm)
1787603631.092  event6   TOUCH_MOTION              4  +48.561s	2 (2) 37.95/61.24 (121.50/110.33mm)
1787603631.092  event6   TOUCH_FRAME                  +48.561s	
1787603631.101  event6   TOUCH_MOTION              2  +48.569s	0 (0) 30.09/70.95 (96.33/127.83mm)
1787603631.101  event6   TOUCH_MOTION              3  +48.569s	1 (1) 48.62/67.53 (155.67/121.67mm)
1787603631.101  event6   TOUCH_MOTION              4  +48.569s	2 (2) 37.48/61.61 (120.00/111.00mm)
1787603631.101  event6   TOUCH_FRAME                  +48.569s	
1787603631.111  event6   TOUCH_MOTION              2  +48.579s	0 (0) 29.57/71.23 (94.67/128.33mm)
1787603631.111  event6   TOUCH_MOTION              3  +48.579s	1 (1) 48.05/67.72 (153.83/122.00mm)
1787603631.111  event6   TOUCH_MOTION              4  +48.579s	2 (2) 36.96/61.79 (118.33/111.33mm)
1787603631.111  event6   TOUCH_FRAME                  +48.579s	
1787603631.120  event6   TOUCH_MOTION              2  +48.588s	0 (0) 29.10/71.51 (93.17/128.83mm)
1787603631.120  event6   TOUCH_MOTION              3  +48.588s	1 (1) 47.48/67.81 (152.00/122.17mm)
1787603631.120  event6   TOUCH_MOTION              4  +48.588s	2 (2) 36.44/62.07 (116.67/111.83mm)
1787603631.120  event6   TOUCH_FRAME                  +48.588s	
1787603631.129  event6   TOUCH_MOTION              2  +48.597s	0 (0) 28.63/71.88 (91.67/129.50mm)
1787603631.129  event6   TOUCH_MOTION              3  +48.597s	1 (1) 47.01/67.99 (150.50/122.50mm)
1787603631.129  event6   TOUCH_MOTION              4  +48.597s	2 (2) 35.92/62.35 (115.00/112.33mm)
1787603631.129  event6   TOUCH_FRAME                  +48.597s	
1787603631.138  event6   TOUCH_MOTION              2  +48.606s	0 (0) 28.21/72.25 (90.33/130.17mm)
1787603631.138  event6   TOUCH_MOTION              3  +48.606s	1 (1) 46.49/68.09 (148.83/122.67mm)
1787603631.138  event6   TOUCH_MOTION              4  +48.606s	2 (2) 35.45/62.63 (113.50/112.83mm)
1787603631.138  event6   TOUCH_FRAME                  +48.606s	
1787603631.147  event6   TOUCH_MOTION              2  +48.615s	0 (0) 27.80/72.62 (89.00/130.83mm)
1787603631.147  event6   TOUCH_MOTION              3  +48.615s	1 (1) 46.02/68.18 (147.33/122.83mm)
1787603631.147  event6   TOUCH_MOTION              4  +48.615s	2 (2) 34.93/62.81 (111.83/113.17mm)
1787603631.147  event6   TOUCH_FRAME                  +48.615s	
1787603631.156  event6   TOUCH_MOTION              2  +48.624s	0 (0) 27.38/72.90 (87.67/131.33mm)
1787603631.156  event6   TOUCH_MOTION              3  +48.624s	1 (1) 45.55/68.36 (145.83/123.17mm)
1787603631.156  event6   TOUCH_MOTION              4  +48.624s	2 (2) 34.46/63.18 (110.33/113.83mm)
1787603631.156  event6   TOUCH_FRAME                  +48.624s	
1787603631.165  event6   TOUCH_MOTION              2  +48.634s	0 (0) 26.97/73.17 (86.33/131.83mm)
1787603631.165  event6   TOUCH_MOTION              3  +48.634s	1 (1) 45.13/68.46 (144.50/123.33mm)
1787603631.165  event6   TOUCH_MOTION              4  +48.634s	2 (2) 33.99/63.37 (108.83/114.17mm)
1787603631.165  event6   TOUCH_FRAME                  +48.634s	
1787603631.174  event6   TOUCH_MOTION              2  +48.642s	0 (0) 26.60/73.45 (85.17/132.33mm)
1787603631.174  event6   TOUCH_MOTION              3  +48.642s	1 (1) 44.72/68.55 (143.17/123.50mm)
1787603631.174  event6   TOUCH_MOTION              4  +48.642s	2 (2) 33.58/63.55 (107.50/114.50mm)
1787603631.174  event6   TOUCH_FRAME                  +48.642s	
1787603631.184  event6   TOUCH_MOTION              2  +48.652s	0 (0) 26.24/73.73 (84.00/132.83mm)
1787603631.184  event6   TOUCH_MOTION              3  +48.652s	1 (1) 44.35/68.64 (142.00/123.67mm)
1787603631.184  event6   TOUCH_MOTION              4  +48.652s	2 (2) 33.11/63.83 (106.00/115.00mm)
1787603631.184  event6   TOUCH_FRAME                  +48.652s	
1787603631.193  event6   TOUCH_MOTION              2  +48.661s	0 (0) 25.87/74.10 (82.83/133.50mm)
1787603631.193  event6   TOUCH_MOTION              3  +48.661s	1 (1) 43.99/68.83 (140.83/124.00mm)
1787603631.193  event6   TOUCH_MOTION              4  +48.661s	2 (2) 32.69/64.01 (104.67/115.33mm)
1787603631.193  event6   TOUCH_FRAME                  +48.661s	
1787603631.202  event6   TOUCH_MOTION              2  +48.670s	0 (0) 25.51/74.38 (81.67/134.00mm)
1787603631.202  event6   TOUCH_MOTION              3  +48.670s	1 (1) 43.68/68.83 (139.83/124.00mm)
1787603631.202  event6   TOUCH_MOTION              4  +48.670s	2 (2) 32.33/64.29 (103.50/115.83mm)
1787603631.202  event6   TOUCH_FRAME                  +48.670s	
1787603631.211  event6   TOUCH_MOTION              2  +48.679s	0 (0) 25.20/74.56 (80.67/134.33mm)
1787603631.211  event6   TOUCH_MOTION              3  +48.679s	1 (1) 43.31/68.92 (138.67/124.17mm)
1787603631.211  event6   TOUCH_MOTION              4  +48.679s	2 (2) 31.96/64.48 (102.33/116.17mm)
1787603631.211  event6   TOUCH_FRAME                  +48.679s	
1787603631.220  event6   TOUCH_MOTION              2  +48.688s	0 (0) 24.88/74.93 (79.67/135.00mm)
1787603631.220  event6   TOUCH_MOTION              3  +48.688s	1 (1) 43.00/69.01 (137.67/124.33mm)
1787603631.220  event6   TOUCH_MOTION              4  +48.688s	2 (2) 31.60/64.66 (101.17/116.50mm)
1787603631.220  event6   TOUCH_FRAME                  +48.688s	
1787603631.229  event6   TOUCH_MOTION              2  +48.697s	0 (0) 24.57/75.12 (78.67/135.33mm)
1787603631.229  event6   TOUCH_MOTION              3  +48.697s	1 (1) 42.63/69.10 (136.50/124.50mm)
1787603631.229  event6   TOUCH_MOTION              4  +48.697s	2 (2) 31.23/64.85 (100.00/116.83mm)
1787603631.229  event6   TOUCH_FRAME                  +48.697s	
1787603631.238  event6   TOUCH_MOTION              2  +48.706s	0 (0) 24.31/75.30 (77.83/135.67mm)
1787603631.238  event6   TOUCH_MOTION              3  +48.706s	1 (1) 42.22/69.20 (135.17/124.67mm)
1787603631.238  event6   TOUCH_MOTION              4  +48.706s	2 (2) 30.92/65.03 (99.00/117.17mm)
1787603631.238  event6   TOUCH_FRAME                  +48.706s	
1787603631.247  event6   TOUCH_MOTION              2  +48.716s	0 (0) 24.05/75.58 (77.00/136.17mm)
1787603631.247  event6   TOUCH_MOTION              3  +48.716s	1 (1) 41.85/69.29 (134.00/124.83mm)
1787603631.247  event6   TOUCH_MOTION              4  +48.716s	2 (2) 30.56/65.22 (97.83/117.50mm)
1787603631.247  event6   TOUCH_FRAME                  +48.716s	
1787603631.257  event6   TOUCH_MOTION              2  +48.725s	0 (0) 23.84/75.76 (76.33/136.50mm)
1787603631.257  event6   TOUCH_MOTION              3  +48.725s	1 (1) 41.44/69.38 (132.67/125.00mm)
1787603631.257  event6   TOUCH_MOTION              4  +48.725s	2 (2) 30.24/65.40 (96.83/117.83mm)
1787603631.257  event6   TOUCH_FRAME                  +48.725s	
1787603631.266  event6   TOUCH_MOTION              2  +48.734s	0 (0) 23.53/76.04 (75.33/137.00mm)
1787603631.266  event6   TOUCH_MOTION              3  +48.734s	1 (1) 41.02/69.47 (131.33/125.17mm)
1787603631.266  event6   TOUCH_MOTION              4  +48.734s	2 (2) 29.88/65.59 (95.67/118.17mm)
1787603631.266  event6   TOUCH_FRAME                  +48.734s	
1787603631.275  event6   TOUCH_MOTION              2  +48.744s	0 (0) 23.22/76.23 (74.33/137.33mm)
1787603631.275  event6   TOUCH_MOTION              3  +48.744s	1 (1) 40.60/69.57 (130.00/125.33mm)
1787603631.275  event6   TOUCH_MOTION              4  +48.744s	2 (2) 29.57/65.77 (94.67/118.50mm)
1787603631.275  event6   TOUCH_FRAME                  +48.744s	
1787603631.284  event6   TOUCH_MOTION              2  +48.752s	0 (0) 22.96/76.50 (73.50/137.83mm)
1787603631.284  event6   TOUCH_MOTION              3  +48.752s	1 (1) 40.19/69.75 (128.67/125.67mm)
1787603631.284  event6   TOUCH_MOTION              4  +48.752s	2 (2) 29.20/66.05 (93.50/119.00mm)
1787603631.284  event6   TOUCH_FRAME                  +48.752s	
1787603631.293  event6   TOUCH_MOTION              2  +48.762s	0 (0) 22.64/76.78 (72.50/138.33mm)
1787603631.293  event6   TOUCH_MOTION              3  +48.762s	1 (1) 39.82/69.94 (127.50/126.00mm)
1787603631.293  event6   TOUCH_MOTION              4  +48.762s	2 (2) 28.94/66.14 (92.67/119.17mm)
1787603631.293  event6   TOUCH_FRAME                  +48.762s	
1787603631.302  event6   TOUCH_MOTION              2  +48.770s	0 (0) 22.33/77.06 (71.50/138.83mm)
1787603631.302  event6   TOUCH_MOTION              3  +48.770s	1 (1) 39.46/70.03 (126.33/126.17mm)
1787603631.302  event6   TOUCH_MOTION              4  +48.770s	2 (2) 28.58/66.33 (91.50/119.50mm)
1787603631.302  event6   TOUCH_FRAME                  +48.770s	
1787603631.311  event6   TOUCH_MOTION              2  +48.779s	0 (0) 22.07/77.34 (70.67/139.33mm)
1787603631.311  event6   TOUCH_MOTION              3  +48.779s	1 (1) 39.09/70.21 (125.17/126.50mm)
1787603631.311  event6   TOUCH_MOTION              4  +48.779s	2 (2) 28.27/66.51 (90.50/119.83mm)
1787603631.311  event6   TOUCH_FRAME                  +48.779s	
1787603631.320  event6   TOUCH_MOTION              2  +48.788s	0 (0) 21.76/77.52 (69.67/139.67mm)
1787603631.320  event6   TOUCH_MOTION              3  +48.788s	1 (1) 38.78/70.31 (124.17/126.67mm)
1787603631.320  event6   TOUCH_MOTION              4  +48.788s	2 (2) 27.95/66.70 (89.50/120.17mm)
1787603631.320  event6   TOUCH_FRAME                  +48.788s	
1787603631.330  event6   TOUCH_MOTION              2  +48.798s	0 (0) 21.50/77.71 (68.83/140.00mm)
1787603631.330  event6   TOUCH_MOTION              3  +48.798s	1 (1) 38.52/70.31 (123.33/126.67mm)
1787603631.330  event6   TOUCH_MOTION              4  +48.798s	2 (2) 27.69/66.88 (88.67/120.50mm)
1787603631.330  event6   TOUCH_FRAME                  +48.798s	
1787603631.339  event6   TOUCH_MOTION              2  +48.807s	0 (0) 21.29/77.89 (68.17/140.33mm)
1787603631.339  event6   TOUCH_MOTION              3  +48.807s	1 (1) 38.26/70.40 (122.50/126.83mm)
1787603631.339  event6   TOUCH_MOTION              4  +48.807s	2 (2) 27.49/66.98 (88.00/120.67mm)
1787603631.339  event6   TOUCH_FRAME                  +48.807s	
1787603631.348  event6   TOUCH_MOTION              2  +48.816s	0 (0) 21.13/77.98 (67.67/140.50mm)
1787603631.348  event6   TOUCH_MOTION              3  +48.816s	1 (1) 38.05/70.49 (121.83/127.00mm)
1787603631.348  event6   TOUCH_MOTION              4  +48.816s	2 (2) 27.28/67.07 (87.33/120.83mm)
1787603631.348  event6   TOUCH_FRAME                  +48.816s	
1787603631.357  event6   TOUCH_MOTION              2  +48.825s	0 (0) 20.93/78.17 (67.00/140.83mm)
1787603631.357  event6   TOUCH_MOTION              3  +48.825s	1 (1) 37.84/70.58 (121.17/127.17mm)
1787603631.357  event6   TOUCH_MOTION              4  +48.825s	2 (2) 27.12/67.16 (86.83/121.00mm)
1787603631.357  event6   TOUCH_FRAME                  +48.825s	
1787603631.366  event6   TOUCH_MOTION              2  +48.834s	0 (0) 20.82/78.26 (66.67/141.00mm)
1787603631.366  event6   TOUCH_MOTION              3  +48.834s	1 (1) 37.64/70.68 (120.50/127.33mm)
1787603631.366  event6   TOUCH_MOTION              4  +48.834s	2 (2) 26.97/67.25 (86.33/121.17mm)
1787603631.366  event6   TOUCH_FRAME                  +48.834s	
1787603631.375  event6   TOUCH_MOTION              2  +48.844s	0 (0) 20.72/78.26 (66.33/141.00mm)
1787603631.375  event6   TOUCH_MOTION              3  +48.844s	1 (1) 37.43/70.77 (119.83/127.50mm)
1787603631.375  event6   TOUCH_MOTION              4  +48.844s	2 (2) 26.86/67.25 (86.00/121.17mm)
1787603631.375  event6   TOUCH_FRAME                  +48.844s	
1787603631.384  event6   TOUCH_MOTION              2  +48.852s	0 (0) 20.61/78.35 (66.00/141.17mm)
1787603631.384  event6   TOUCH_MOTION              3  +48.852s	1 (1) 37.22/70.77 (119.17/127.50mm)
1787603631.384  event6   TOUCH_MOTION              4  +48.852s	2 (2) 26.76/67.25 (85.67/121.17mm)
1787603631.384  event6   TOUCH_FRAME                  +48.852s	
1787603631.393  event6   TOUCH_MOTION              2  +48.861s	0 (0) 20.51/78.45 (65.67/141.33mm)
1787603631.393  event6   TOUCH_MOTION              3  +48.861s	1 (1) 37.06/70.86 (118.67/127.67mm)
1787603631.393  event6   TOUCH_MOTION              4  +48.861s	2 (2) 26.70/67.25 (85.50/121.17mm)
1787603631.393  event6   TOUCH_FRAME                  +48.861s	
1787603631.403  event6   TOUCH_MOTION              2  +48.871s	0 (0) 20.46/78.45 (65.50/141.33mm)
1787603631.403  event6   TOUCH_MOTION              3  +48.871s	1 (1) 36.96/70.86 (118.33/127.67mm)
1787603631.403  event6   TOUCH_MOTION              4  +48.871s	2 (2) 26.60/67.25 (85.17/121.17mm)
1787603631.403  event6   TOUCH_FRAME                  +48.871s	
1787603631.412  event6   TOUCH_MOTION              2  +48.880s	0 (0) 20.41/78.54 (65.33/141.50mm)
1787603631.412  event6   TOUCH_MOTION              3  +48.880s	1 (1) 36.86/70.86 (118.00/127.67mm)
1787603631.412  event6   TOUCH_MOTION              4  +48.880s	2 (2) 26.55/67.25 (85.00/121.17mm)
1787603631.412  event6   TOUCH_FRAME                  +48.880s	
1787603631.421  event6   TOUCH_MOTION              2  +48.889s	0 (0) 20.35/78.63 (65.17/141.67mm)
1787603631.421  event6   TOUCH_MOTION              3  +48.889s	1 (1) 36.80/70.86 (117.83/127.67mm)
1787603631.421  event6   TOUCH_FRAME                  +48.889s	
1787603631.430  event6   TOUCH_MOTION              2  +48.898s	0 (0) 20.30/78.63 (65.00/141.67mm)
1787603631.430  event6   TOUCH_MOTION              3  +48.898s	1 (1) 36.70/70.86 (117.50/127.67mm)
1787603631.430  event6   TOUCH_MOTION              4  +48.898s	2 (2) 26.50/67.25 (84.83/121.17mm)
1787603631.430  event6   TOUCH_FRAME                  +48.898s	
1787603631.439  event6   TOUCH_MOTION              2  +48.907s	1 (1) 36.65/70.86 (117.33/127.67mm)
1787603631.439  event6   TOUCH_MOTION              3  +48.907s	2 (2) 26.44/67.25 (84.67/121.17mm)
1787603631.439  event6   TOUCH_FRAME                  +48.907s	
1787603631.448  event6   TOUCH_MOTION              2  +48.917s	0 (0) 20.25/78.63 (64.83/141.67mm)
1787603631.448  event6   TOUCH_MOTION              3  +48.917s	1 (1) 36.60/70.86 (117.17/127.67mm)
1787603631.448  event6   TOUCH_MOTION              4  +48.917s	2 (2) 26.39/67.25 (84.50/121.17mm)
1787603631.448  event6   TOUCH_FRAME                  +48.917s	
1787603631.457  event6   TOUCH_MOTION              2  +48.925s	0 (0) 20.20/78.63 (64.67/141.67mm)
1787603631.457  event6   TOUCH_MOTION              3  +48.925s	1 (1) 36.54/70.86 (117.00/127.67mm)
1787603631.457  event6   TOUCH_FRAME                  +48.925s	
1787603631.476  event6   TOUCH_MOTION              2  +48.945s	1 (1) 36.49/70.86 (116.83/127.67mm)
1787603631.476  event6   TOUCH_FRAME                  +48.945s	
1787603631.932  event6   TOUCH_MOTION              2  +49.400s	2 (2) 26.44/67.25 (84.67/121.17mm)
1787603631.932  event6   TOUCH_FRAME                  +49.400s	
1787603631.941  event6   TOUCH_MOTION              2  +49.409s	0 (0) 20.25/78.63 (64.83/141.67mm)
1787603631.941  event6   TOUCH_MOTION              3  +49.409s	2 (2) 26.50/67.25 (84.83/121.17mm)
1787603631.941  event6   TOUCH_FRAME                  +49.409s	
1787603631.950  event6   TOUCH_MOTION              2  +49.418s	0 (0) 20.30/78.63 (65.00/141.67mm)
1787603631.950  event6   TOUCH_MOTION              3  +49.418s	2 (2) 26.55/67.25 (85.00/121.17mm)
1787603631.950  event6   TOUCH_FRAME                  +49.418s	
1787603631.959  event6   TOUCH_MOTION              2  +49.427s	2 (2) 26.65/67.25 (85.33/121.17mm)
1787603631.959  event6   TOUCH_FRAME                  +49.427s	
1787603631.968  event6   TOUCH_MOTION              2  +49.436s	0 (0) 20.41/78.63 (65.33/141.67mm)
1787603631.968  event6   TOUCH_MOTION              3  +49.436s	2 (2) 26.76/67.25 (85.67/121.17mm)
1787603631.968  event6   TOUCH_FRAME                  +49.436s	
1787603631.977  event6   TOUCH_MOTION              2  +49.445s	0 (0) 20.56/78.72 (65.83/141.83mm)
1787603631.977  event6   TOUCH_MOTION              3  +49.445s	2 (2) 26.91/67.25 (86.17/121.17mm)
1787603631.977  event6   TOUCH_FRAME                  +49.445s	
1787603631.986  event6   TOUCH_MOTION              2  +49.454s	2 (2) 27.07/67.25 (86.67/121.17mm)
1787603631.986  event6   TOUCH_FRAME                  +49.454s	
1787603631.995  event6   TOUCH_MOTION              2  +49.463s	2 (2) 27.28/67.25 (87.33/121.17mm)
1787603631.995  event6   TOUCH_FRAME                  +49.463s	
1787603632.004  event6   TOUCH_MOTION              2  +49.472s	2 (2) 27.49/67.25 (88.00/121.17mm)
1787603632.004  event6   TOUCH_FRAME                  +49.472s	
1787603632.022  event6   TOUCH_UP                     +49.490s	0 (0)
1787603632.022  event6   TOUCH_UP                     +49.490s	1 (1)
1787603632.022  event6   TOUCH_FRAME                  +49.490s	
1787603632.052  event6   TOUCH_UP                     +49.520s	2 (2)
1787603632.052  event6   TOUCH_FRAME                  +49.520s	
1787603632.580  event6   TOUCH_DOWN                   +50.048s	0 (0) 50.34/62.26 (161.17/112.17mm)
1787603632.580  event6   TOUCH_DOWN                   +50.048s	1 (1) 43.36/55.23 (138.83/99.50mm)
1787603632.580  event6   TOUCH_FRAME                  +50.048s	
1787603632.589  event6   TOUCH_DOWN                   +50.057s	2 (2) 37.06/63.83 (118.67/115.00mm)
1787603632.589  event6   TOUCH_FRAME                  +50.057s	
1787603633.319  event6   TOUCH_MOTION                 +50.788s	2 (2) 37.43/64.20 (119.83/115.67mm)
1787603633.319  event6   TOUCH_FRAME                  +50.788s	
1787603633.328  event6   TOUCH_MOTION              2  +50.796s	0 (0) 50.75/62.35 (162.50/112.33mm)
1787603633.328  event6   TOUCH_MOTION              3  +50.796s	1 (1) 43.73/55.41 (140.00/99.83mm)
1787603633.328  event6   TOUCH_MOTION              4  +50.796s	2 (2) 37.58/64.29 (120.33/115.83mm)
1787603633.328  event6   TOUCH_FRAME                  +50.796s	
1787603633.337  event6   TOUCH_MOTION              2  +50.805s	0 (0) 50.96/62.44 (163.17/112.50mm)
1787603633.337  event6   TOUCH_MOTION              3  +50.805s	1 (1) 43.94/55.50 (140.67/100.00mm)
1787603633.337  event6   TOUCH_MOTION              4  +50.805s	2 (2) 37.79/64.29 (121.00/115.83mm)
1787603633.337  event6   TOUCH_FRAME                  +50.805s	
1787603633.346  event6   TOUCH_MOTION              2  +50.814s	0 (0) 51.28/62.44 (164.17/112.50mm)
1787603633.346  event6   TOUCH_MOTION              3  +50.814s	1 (1) 44.25/55.60 (141.67/100.17mm)
1787603633.346  event6   TOUCH_MOTION              4  +50.814s	2 (2) 38.00/64.38 (121.67/116.00mm)
1787603633.346  event6   TOUCH_FRAME                  +50.814s	
1787603633.355  event6   TOUCH_MOTION              2  +50.823s	0 (0) 51.54/62.53 (165.00/112.67mm)
1787603633.355  event6   TOUCH_MOTION              3  +50.823s	1 (1) 44.61/55.60 (142.83/100.17mm)
1787603633.355  event6   TOUCH_MOTION              4  +50.823s	2 (2) 38.26/64.48 (122.50/116.17mm)
1787603633.355  event6   TOUCH_FRAME                  +50.823s	
1787603633.364  event6   TOUCH_MOTION              2  +50.832s	0 (0) 51.90/62.72 (166.17/113.00mm)
1787603633.364  event6   TOUCH_MOTION              3  +50.832s	1 (1) 44.92/55.69 (143.83/100.33mm)
1787603633.364  event6   TOUCH_MOTION              4  +50.832s	2 (2) 38.57/64.57 (123.50/116.33mm)
1787603633.364  event6   TOUCH_FRAME                  +50.832s	
1787603633.374  event6   TOUCH_MOTION              2  +50.842s	0 (0) 52.26/62.81 (167.33/113.17mm)
1787603633.374  event6   TOUCH_MOTION              3  +50.842s	1 (1) 45.29/55.78 (145.00/100.50mm)
1787603633.374  event6   TOUCH_MOTION              4  +50.842s	2 (2) 38.83/64.66 (124.33/116.50mm)
1787603633.374  event6   TOUCH_FRAME                  +50.842s	
1787603633.383  event6   TOUCH_MOTION              2  +50.851s	0 (0) 52.68/63.00 (168.67/113.50mm)
1787603633.383  event6   TOUCH_MOTION              3  +50.851s	1 (1) 45.71/55.87 (146.33/100.67mm)
1787603633.383  event6   TOUCH_MOTION              4  +50.851s	2 (2) 39.20/64.66 (125.50/116.50mm)
1787603633.383  event6   TOUCH_FRAME                  +50.851s	
1787603633.392  event6   TOUCH_MOTION              2  +50.861s	0 (0) 53.10/63.18 (170.00/113.83mm)
1787603633.392  event6   TOUCH_MOTION              3  +50.861s	1 (1) 46.17/55.97 (147.83/100.83mm)
1787603633.392  event6   TOUCH_MOTION              4  +50.861s	2 (2) 39.56/64.75 (126.67/116.67mm)
1787603633.392  event6   TOUCH_FRAME                  +50.861s	
1787603633.401  event6   TOUCH_MOTION              2  +50.869s	0 (0) 53.57/63.27 (171.50/114.00mm)
1787603633.401  event6   TOUCH_MOTION              3  +50.869s	1 (1) 46.64/55.97 (149.33/100.83mm)
1787603633.401  event6   TOUCH_MOTION              4  +50.869s	2 (2) 39.98/64.75 (128.00/116.67mm)
1787603633.401  event6   TOUCH_FRAME                  +50.869s	
1787603633.410  event6   TOUCH_MOTION              2  +50.879s	0 (0) 54.09/63.37 (173.17/114.17mm)
1787603633.410  event6   TOUCH_MOTION              3  +50.879s	1 (1) 47.16/56.06 (151.00/101.00mm)
1787603633.410  event6   TOUCH_MOTION              4  +50.879s	2 (2) 40.40/64.75 (129.33/116.67mm)
1787603633.410  event6   TOUCH_FRAME                  +50.879s	
1787603633.419  event6   TOUCH_MOTION              2  +50.887s	0 (0) 54.66/63.55 (175.00/114.50mm)
1787603633.419  event6   TOUCH_MOTION              3  +50.887s	1 (1) 47.74/56.15 (152.83/101.17mm)
1787603633.419  event6   TOUCH_MOTION              4  +50.887s	2 (2) 40.86/64.75 (130.83/116.67mm)
1787603633.419  event6   TOUCH_FRAME                  +50.887s	
1787603633.428  event6   TOUCH_MOTION              2  +50.896s	0 (0) 55.18/63.64 (176.67/114.67mm)
1787603633.428  event6   TOUCH_MOTION              3  +50.896s	1 (1) 48.26/56.24 (154.50/101.33mm)
1787603633.428  event6   TOUCH_MOTION              4  +50.896s	2 (2) 41.38/64.75 (132.50/116.67mm)
1787603633.428  event6   TOUCH_FRAME                  +50.896s	
1787603633.437  event6   TOUCH_MOTION              2  +50.905s	0 (0) 55.75/63.83 (178.50/115.00mm)
1787603633.437  event6   TOUCH_MOTION              3  +50.905s	1 (1) 48.83/56.24 (156.33/101.33mm)
1787603633.437  event6   TOUCH_MOTION              4  +50.905s	2 (2) 41.91/64.75 (134.17/116.67mm)
1787603633.437  event6   TOUCH_FRAME                  +50.905s	
1787603633.447  event6   TOUCH_MOTION              2  +50.916s	0 (0) 56.32/63.92 (180.33/115.17mm)
1787603633.447  event6   TOUCH_MOTION              3  +50.916s	1 (1) 49.45/56.24 (158.33/101.33mm)
1787603633.447  event6   TOUCH_MOTION              4  +50.916s	2 (2) 42.43/64.75 (135.83/116.67mm)
1787603633.447  event6   TOUCH_FRAME                  +50.916s	
1787603633.456  event6   TOUCH_MOTION              2  +50.924s	0 (0) 56.90/64.11 (182.17/115.50mm)
1787603633.456  event6   TOUCH_MOTION              3  +50.924s	1 (1) 50.03/56.24 (160.17/101.33mm)
1787603633.456  event6   TOUCH_MOTION              4  +50.924s	2 (2) 43.00/64.75 (137.67/116.67mm)
1787603633.456  event6   TOUCH_FRAME                  +50.924s	
1787603633.465  event6   TOUCH_MOTION              2  +50.933s	0 (0) 57.52/64.29 (184.17/115.83mm)
1787603633.465  event6   TOUCH_MOTION              3  +50.933s	1 (1) 50.65/56.24 (162.17/101.33mm)
1787603633.465  event6   TOUCH_MOTION              4  +50.933s	2 (2) 43.52/64.75 (139.33/116.67mm)
1787603633.465  event6   TOUCH_FRAME                  +50.933s	
1787603633.474  event6   TOUCH_MOTION              2  +50.942s	0 (0) 58.15/64.29 (186.17/115.83mm)
1787603633.474  event6   TOUCH_MOTION              3  +50.942s	1 (1) 51.28/56.24 (164.17/101.33mm)
1787603633.474  event6   TOUCH_MOTION              4  +50.942s	2 (2) 44.09/64.75 (141.17/116.67mm)
1787603633.474  event6   TOUCH_FRAME                  +50.942s	
1787603633.483  event6   TOUCH_MOTION              2  +50.951s	0 (0) 58.77/64.48 (188.17/116.17mm)
1787603633.483  event6   TOUCH_MOTION              3  +50.951s	1 (1) 51.95/56.24 (166.33/101.33mm)
1787603633.483  event6   TOUCH_MOTION              4  +50.951s	2 (2) 44.66/64.75 (143.00/116.67mm)
1787603633.483  event6   TOUCH_FRAME                  +50.951s	
1787603633.492  event6   TOUCH_MOTION              2  +50.961s	0 (0) 59.40/64.57 (190.17/116.33mm)
1787603633.492  event6   TOUCH_MOTION              3  +50.961s	1 (1) 52.58/56.24 (168.33/101.33mm)
1787603633.492  event6   TOUCH_MOTION              4  +50.961s	2 (2) 45.24/64.75 (144.83/116.67mm)
1787603633.493  event6   TOUCH_FRAME                  +50.961s	
1787603633.501  event6   TOUCH_MOTION              2  +50.969s	0 (0) 60.02/64.66 (192.17/116.50mm)
1787603633.501  event6   TOUCH_MOTION              3  +50.969s	1 (1) 53.20/56.24 (170.33/101.33mm)
1787603633.501  event6   TOUCH_MOTION              4  +50.969s	2 (2) 45.81/64.75 (146.67/116.67mm)
1787603633.501  event6   TOUCH_FRAME                  +50.969s	
1787603633.510  event6   TOUCH_MOTION              2  +50.978s	0 (0) 60.65/64.66 (194.17/116.50mm)
1787603633.510  event6   TOUCH_MOTION              3  +50.978s	1 (1) 53.83/56.24 (172.33/101.33mm)
1787603633.510  event6   TOUCH_MOTION              4  +50.978s	2 (2) 46.38/64.75 (148.50/116.67mm)
1787603633.510  event6   TOUCH_FRAME                  +50.978s	
1787603633.519  event6   TOUCH_MOTION              2  +50.987s	0 (0) 61.32/64.75 (196.33/116.67mm)
1787603633.519  event6   TOUCH_MOTION              3  +50.987s	1 (1) 54.50/56.24 (174.50/101.33mm)
1787603633.519  event6   TOUCH_MOTION              4  +50.987s	2 (2) 47.06/64.66 (150.67/116.50mm)
1787603633.519  event6   TOUCH_FRAME                  +50.987s	
1787603633.529  event6   TOUCH_MOTION              2  +50.998s	0 (0) 62.00/64.85 (198.50/116.83mm)
1787603633.529  event6   TOUCH_MOTION              3  +50.998s	1 (1) 55.18/56.24 (176.67/101.33mm)
1787603633.530  event6   TOUCH_MOTION              4  +50.998s	2 (2) 47.68/64.66 (152.67/116.50mm)
1787603633.530  event6   TOUCH_FRAME                  +50.998s	
1787603633.538  event6   TOUCH_MOTION              2  +51.006s	0 (0) 62.68/64.94 (200.67/117.00mm)
1787603633.538  event6   TOUCH_MOTION              3  +51.006s	1 (1) 55.86/56.15 (178.83/101.17mm)
1787603633.538  event6   TOUCH_MOTION              4  +51.006s	2 (2) 48.31/64.48 (154.67/116.17mm)
1787603633.538  event6   TOUCH_FRAME                  +51.006s	
1787603633.547  event6   TOUCH_MOTION              2  +51.015s	0 (0) 63.35/65.03 (202.83/117.17mm)
1787603633.547  event6   TOUCH_MOTION              3  +51.015s	1 (1) 56.53/56.06 (181.00/101.00mm)
1787603633.547  event6   TOUCH_MOTION              4  +51.015s	2 (2) 48.88/64.29 (156.50/115.83mm)
1787603633.547  event6   TOUCH_FRAME                  +51.015s	
1787603633.556  event6   TOUCH_MOTION              2  +51.024s	0 (0) 64.03/65.03 (205.00/117.17mm)
1787603633.556  event6   TOUCH_MOTION              3  +51.024s	1 (1) 57.21/55.97 (183.17/100.83mm)
1787603633.556  event6   TOUCH_MOTION              4  +51.024s	2 (2) 49.51/64.20 (158.50/115.67mm)
1787603633.556  event6   TOUCH_FRAME                  +51.024s	
1787603633.565  event6   TOUCH_MOTION              2  +51.033s	0 (0) 64.71/65.12 (207.17/117.33mm)
1787603633.565  event6   TOUCH_MOTION              3  +51.033s	1 (1) 57.89/55.97 (185.33/100.83mm)
1787603633.565  event6   TOUCH_MOTION              4  +51.033s	2 (2) 50.18/63.92 (160.67/115.17mm)
1787603633.565  event6   TOUCH_FRAME                  +51.033s	
1787603633.574  event6   TOUCH_MOTION              2  +51.042s	0 (0) 65.38/65.12 (209.33/117.33mm)
1787603633.574  event6   TOUCH_MOTION              3  +51.042s	1 (1) 58.56/55.87 (187.50/100.67mm)
1787603633.574  event6   TOUCH_MOTION              4  +51.042s	2 (2) 50.81/63.74 (162.67/114.83mm)
1787603633.574  event6   TOUCH_FRAME                  +51.042s	
1787603633.583  event6   TOUCH_MOTION              2  +51.051s	0 (0) 66.06/65.12 (211.50/117.33mm)
1787603633.583  event6   TOUCH_MOTION              3  +51.051s	1 (1) 59.24/55.78 (189.67/100.50mm)
1787603633.583  event6   TOUCH_MOTION              4  +51.051s	2 (2) 51.43/63.55 (164.67/114.50mm)
1787603633.583  event6   TOUCH_FRAME                  +51.051s	
1787603633.592  event6   TOUCH_MOTION              2  +51.060s	0 (0) 66.79/65.12 (213.83/117.33mm)
1787603633.592  event6   TOUCH_MOTION              3  +51.060s	1 (1) 59.97/55.60 (192.00/100.17mm)
1787603633.592  event6   TOUCH_MOTION              4  +51.060s	2 (2) 52.11/63.27 (166.83/114.00mm)
1787603633.592  event6   TOUCH_FRAME                  +51.060s	
1787603633.602  event6   TOUCH_MOTION              2  +51.070s	0 (0) 67.52/65.12 (216.17/117.33mm)
1787603633.602  event6   TOUCH_MOTION              3  +51.070s	1 (1) 60.65/55.60 (194.17/100.17mm)
1787603633.602  event6   TOUCH_MOTION              4  +51.070s	2 (2) 52.79/63.09 (169.00/113.67mm)
1787603633.602  event6   TOUCH_FRAME                  +51.070s	
1787603633.611  event6   TOUCH_MOTION              2  +51.080s	0 (0) 68.25/65.12 (218.50/117.33mm)
1787603633.611  event6   TOUCH_MOTION              3  +51.080s	1 (1) 61.37/55.50 (196.50/100.00mm)
1787603633.611  event6   TOUCH_MOTION              4  +51.080s	2 (2) 53.51/62.81 (171.33/113.17mm)
1787603633.611  event6   TOUCH_FRAME                  +51.080s	
1787603633.620  event6   TOUCH_MOTION              2  +51.088s	0 (0) 69.08/65.12 (221.17/117.33mm)
1787603633.620  event6   TOUCH_MOTION              3  +51.088s	1 (1) 62.10/55.41 (198.83/99.83mm)
1787603633.620  event6   TOUCH_MOTION              4  +51.088s	2 (2) 54.24/62.63 (173.67/112.83mm)
1787603633.620  event6   TOUCH_FRAME                  +51.088s	
1787603633.629  event6   TOUCH_MOTION              2  +51.098s	1 (1) 62.83/55.32 (201.17/99.67mm)
1787603633.629  event6   TOUCH_MOTION              3  +51.098s	2 (2) 55.02/62.44 (176.17/112.50mm)
1787603633.629  event6   TOUCH_FRAME                  +51.098s	
1787603633.638  event6   TOUCH_MOTION              2  +51.106s	1 (1) 63.56/55.23 (203.50/99.50mm)
1787603633.638  event6   TOUCH_MOTION              3  +51.106s	2 (2) 55.86/62.26 (178.83/112.17mm)
1787603633.638  event6   TOUCH_FRAME                  +51.106s	
1787603633.665  event6   TOUCH_UP                     +51.133s	0 (0)
1787603633.665  event6   TOUCH_FRAME                  +51.133s	
1787603633.686  event6   TOUCH_UP                     +51.154s	1 (1)
1787603633.686  event6   TOUCH_UP                     +51.154s	2 (2)
1787603633.686  event6   TOUCH_FRAME                  +51.154s	
1787603641.237  event6   TOUCH_DOWN                   +58.705s	0 (0) 32.27/51.43 (103.33/92.67mm)
1787603641.237  event6   TOUCH_FRAME                  +58.705s	
1787603641.291  event6   TOUCH_DOWN                   +58.759s	1 (1) 21.29/61.61 (68.17/111.00mm)
1787603641.291  event6   TOUCH_FRAME                  +58.759s	
1787603641.301  event6   TOUCH_DOWN                   +58.769s	2 (2) 24.62/49.12 (78.83/88.50mm)
1787603641.301  event6   TOUCH_FRAME                  +58.769s	
1787603641.319  event6   TOUCH_MOTION                 +58.787s	2 (2) 24.99/49.12 (80.00/88.50mm)
1787603641.319  event6   TOUCH_FRAME                  +58.787s	
1787603641.328  event6   TOUCH_MOTION              2  +58.797s	1 (1) 21.60/61.89 (69.17/111.50mm)
1787603641.329  event6   TOUCH_MOTION              3  +58.797s	2 (2) 25.20/49.12 (80.67/88.50mm)
1787603641.329  event6   TOUCH_FRAME                  +58.797s	
1787603641.337  event6   TOUCH_MOTION              2  +58.805s	1 (1) 21.76/61.89 (69.67/111.50mm)
1787603641.337  event6   TOUCH_MOTION              3  +58.805s	2 (2) 25.35/49.12 (81.17/88.50mm)
1787603641.337  event6   TOUCH_FRAME                  +58.805s	
1787603641.346  event6   TOUCH_MOTION              2  +58.814s	0 (0) 32.80/51.43 (105.00/92.67mm)
1787603641.346  event6   TOUCH_MOTION              3  +58.814s	1 (1) 21.92/61.89 (70.17/111.50mm)
1787603641.346  event6   TOUCH_MOTION              4  +58.814s	2 (2) 25.56/49.12 (81.83/88.50mm)
1787603641.346  event6   TOUCH_FRAME                  +58.814s	
1787603641.355  event6   TOUCH_MOTION              2  +58.823s	0 (0) 33.00/51.43 (105.67/92.67mm)
1787603641.355  event6   TOUCH_MOTION              3  +58.823s	1 (1) 22.07/61.89 (70.67/111.50mm)
1787603641.355  event6   TOUCH_MOTION              4  +58.823s	2 (2) 25.82/49.12 (82.67/88.50mm)
1787603641.355  event6   TOUCH_FRAME                  +58.823s	
1787603641.365  event6   TOUCH_MOTION              2  +58.833s	0 (0) 33.21/51.43 (106.33/92.67mm)
1787603641.365  event6   TOUCH_MOTION              3  +58.833s	1 (1) 22.28/61.89 (71.33/111.50mm)
1787603641.365  event6   TOUCH_MOTION              4  +58.833s	2 (2) 26.08/49.12 (83.50/88.50mm)
1787603641.365  event6   TOUCH_FRAME                  +58.833s	
1787603641.374  event6   TOUCH_MOTION              2  +58.842s	0 (0) 33.47/51.43 (107.17/92.67mm)
1787603641.374  event6   TOUCH_MOTION              3  +58.842s	1 (1) 22.54/61.89 (72.17/111.50mm)
1787603641.374  event6   TOUCH_MOTION              4  +58.842s	2 (2) 26.34/49.12 (84.33/88.50mm)
1787603641.374  event6   TOUCH_FRAME                  +58.842s	
1787603641.383  event6   TOUCH_MOTION              2  +58.851s	0 (0) 33.78/51.43 (108.17/92.67mm)
1787603641.383  event6   TOUCH_MOTION              3  +58.851s	1 (1) 22.80/61.89 (73.00/111.50mm)
1787603641.383  event6   TOUCH_MOTION              4  +58.851s	2 (2) 26.65/49.12 (85.33/88.50mm)
1787603641.383  event6   TOUCH_FRAME                  +58.851s	
1787603641.392  event6   TOUCH_MOTION              2  +58.861s	0 (0) 34.10/51.43 (109.17/92.67mm)
1787603641.392  event6   TOUCH_MOTION              3  +58.861s	1 (1) 23.11/61.89 (74.00/111.50mm)
1787603641.392  event6   TOUCH_MOTION              4  +58.861s	2 (2) 26.97/49.12 (86.33/88.50mm)
1787603641.392  event6   TOUCH_FRAME                  +58.861s	
1787603641.401  event6   TOUCH_MOTION              2  +58.869s	0 (0) 34.51/51.43 (110.50/92.67mm)
1787603641.401  event6   TOUCH_MOTION              3  +58.869s	1 (1) 23.43/61.89 (75.00/111.50mm)
1787603641.401  event6   TOUCH_MOTION              4  +58.869s	2 (2) 27.33/49.12 (87.50/88.50mm)
1787603641.401  event6   TOUCH_FRAME                  +58.869s	
1787603641.410  event6   TOUCH_MOTION              2  +58.879s	0 (0) 34.93/51.43 (111.83/92.67mm)
1787603641.410  event6   TOUCH_MOTION              3  +58.879s	1 (1) 23.84/61.89 (76.33/111.50mm)
1787603641.410  event6   TOUCH_MOTION              4  +58.879s	2 (2) 27.75/49.12 (88.83/88.50mm)
1787603641.410  event6   TOUCH_FRAME                  +58.879s	
1787603641.419  event6   TOUCH_MOTION              2  +58.888s	0 (0) 35.40/51.43 (113.33/92.67mm)
1787603641.419  event6   TOUCH_MOTION              3  +58.888s	1 (1) 24.21/61.89 (77.50/111.50mm)
1787603641.420  event6   TOUCH_MOTION              4  +58.888s	2 (2) 28.21/49.12 (90.33/88.50mm)
1787603641.420  event6   TOUCH_FRAME                  +58.888s	
1787603641.428  event6   TOUCH_MOTION              2  +58.896s	0 (0) 35.92/51.43 (115.00/92.67mm)
1787603641.428  event6   TOUCH_MOTION              3  +58.896s	1 (1) 24.57/61.89 (78.67/111.50mm)
1787603641.428  event6   TOUCH_MOTION              4  +58.896s	2 (2) 28.68/49.12 (91.83/88.50mm)
1787603641.428  event6   TOUCH_FRAME                  +58.896s	
1787603641.438  event6   TOUCH_MOTION              2  +58.906s	0 (0) 36.44/51.43 (116.67/92.67mm)
1787603641.438  event6   TOUCH_MOTION              3  +58.906s	1 (1) 24.99/61.89 (80.00/111.50mm)
1787603641.438  event6   TOUCH_MOTION              4  +58.906s	2 (2) 29.20/49.03 (93.50/88.33mm)
1787603641.438  event6   TOUCH_FRAME                  +58.906s	
1787603641.447  event6   TOUCH_MOTION              2  +58.916s	0 (0) 37.01/51.43 (118.50/92.67mm)
1787603641.447  event6   TOUCH_MOTION              3  +58.916s	1 (1) 25.46/61.89 (81.50/111.50mm)
1787603641.447  event6   TOUCH_MOTION              4  +58.916s	2 (2) 29.78/48.94 (95.33/88.17mm)
1787603641.447  event6   TOUCH_FRAME                  +58.916s	
1787603641.456  event6   TOUCH_MOTION              2  +58.924s	0 (0) 37.69/51.43 (120.67/92.67mm)
1787603641.456  event6   TOUCH_MOTION              3  +58.924s	1 (1) 25.92/61.89 (83.00/111.50mm)
1787603641.456  event6   TOUCH_MOTION              4  +58.924s	2 (2) 30.35/48.84 (97.17/88.00mm)
1787603641.456  event6   TOUCH_FRAME                  +58.924s	
1787603641.465  event6   TOUCH_MOTION              2  +58.933s	0 (0) 38.31/51.43 (122.67/92.67mm)
1787603641.465  event6   TOUCH_MOTION              3  +58.933s	1 (1) 26.39/61.89 (84.50/111.50mm)
1787603641.465  event6   TOUCH_MOTION              4  +58.933s	2 (2) 30.97/48.75 (99.17/87.83mm)
1787603641.465  event6   TOUCH_FRAME                  +58.933s	
1787603641.474  event6   TOUCH_MOTION              2  +58.942s	0 (0) 38.94/51.43 (124.67/92.67mm)
1787603641.474  event6   TOUCH_MOTION              3  +58.942s	1 (1) 26.86/61.89 (86.00/111.50mm)
1787603641.474  event6   TOUCH_MOTION              4  +58.942s	2 (2) 31.55/48.75 (101.00/87.83mm)
1787603641.474  event6   TOUCH_FRAME                  +58.942s	
1787603641.483  event6   TOUCH_MOTION              2  +58.951s	0 (0) 39.56/51.43 (126.67/92.67mm)
1787603641.483  event6   TOUCH_MOTION              3  +58.951s	1 (1) 27.38/61.89 (87.67/111.50mm)
1787603641.483  event6   TOUCH_MOTION              4  +58.951s	2 (2) 32.12/48.66 (102.83/87.67mm)
1787603641.483  event6   TOUCH_FRAME                  +58.951s	
1787603641.492  event6   TOUCH_MOTION              2  +58.961s	0 (0) 40.19/51.43 (128.67/92.67mm)
1787603641.492  event6   TOUCH_MOTION              3  +58.961s	1 (1) 27.85/61.89 (89.17/111.50mm)
1787603641.492  event6   TOUCH_MOTION              4  +58.961s	2 (2) 32.74/48.57 (104.83/87.50mm)
1787603641.492  event6   TOUCH_FRAME                  +58.961s	
1787603641.501  event6   TOUCH_MOTION              2  +58.969s	0 (0) 40.81/51.43 (130.67/92.67mm)
1787603641.501  event6   TOUCH_MOTION              3  +58.969s	1 (1) 28.37/61.89 (90.83/111.50mm)
1787603641.501  event6   TOUCH_MOTION              4  +58.969s	2 (2) 33.32/48.47 (106.67/87.33mm)
1787603641.501  event6   TOUCH_FRAME                  +58.969s	
1787603641.511  event6   TOUCH_MOTION              2  +58.980s	0 (0) 41.44/51.43 (132.67/92.67mm)
1787603641.511  event6   TOUCH_MOTION              3  +58.980s	1 (1) 28.89/61.89 (92.50/111.50mm)
1787603641.511  event6   TOUCH_MOTION              4  +58.980s	2 (2) 33.89/48.47 (108.50/87.33mm)
1787603641.511  event6   TOUCH_FRAME                  +58.980s	
1787603641.520  event6   TOUCH_MOTION              2  +58.988s	0 (0) 42.01/51.43 (134.50/92.67mm)
1787603641.520  event6   TOUCH_MOTION              3  +58.988s	1 (1) 29.41/61.89 (94.17/111.50mm)
1787603641.520  event6   TOUCH_MOTION              4  +58.988s	2 (2) 34.51/48.38 (110.50/87.17mm)
1787603641.520  event6   TOUCH_FRAME                  +58.988s	
1787603641.529  event6   TOUCH_MOTION              2  +58.997s	0 (0) 42.58/51.43 (136.33/92.67mm)
1787603641.529  event6   TOUCH_MOTION              3  +58.997s	1 (1) 29.93/61.89 (95.83/111.50mm)
1787603641.529  event6   TOUCH_MOTION              4  +58.997s	2 (2) 35.09/48.38 (112.33/87.17mm)
1787603641.529  event6   TOUCH_FRAME                  +58.997s	
1787603641.538  event6   TOUCH_MOTION              2  +59.006s	0 (0) 43.21/51.43 (138.33/92.67mm)
1787603641.538  event6   TOUCH_MOTION              3  +59.006s	1 (1) 30.50/61.89 (97.67/111.50mm)
1787603641.538  event6   TOUCH_MOTION              4  +59.006s	2 (2) 35.66/48.38 (114.17/87.17mm)
1787603641.538  event6   TOUCH_FRAME                  +59.006s	
1787603641.547  event6   TOUCH_MOTION              2  +59.016s	0 (0) 43.83/51.43 (140.33/92.67mm)
1787603641.547  event6   TOUCH_MOTION              3  +59.016s	1 (1) 31.03/61.89 (99.33/111.50mm)
1787603641.547  event6   TOUCH_MOTION              4  +59.016s	2 (2) 36.28/48.38 (116.17/87.17mm)
1787603641.547  event6   TOUCH_FRAME                  +59.016s	
1787603641.556  event6   TOUCH_MOTION              2  +59.024s	0 (0) 44.46/51.43 (142.33/92.67mm)
1787603641.556  event6   TOUCH_MOTION              3  +59.024s	1 (1) 31.60/61.89 (101.17/111.50mm)
1787603641.556  event6   TOUCH_MOTION              4  +59.024s	2 (2) 36.91/48.38 (118.17/87.17mm)
1787603641.556  event6   TOUCH_FRAME                  +59.024s	
1787603641.565  event6   TOUCH_MOTION              2  +59.033s	0 (0) 45.13/51.43 (144.50/92.67mm)
1787603641.565  event6   TOUCH_MOTION              3  +59.033s	1 (1) 32.17/61.89 (103.00/111.50mm)
1787603641.565  event6   TOUCH_MOTION              4  +59.033s	2 (2) 37.53/48.38 (120.17/87.17mm)
1787603641.565  event6   TOUCH_FRAME                  +59.033s	
1787603641.574  event6   TOUCH_MOTION              2  +59.043s	0 (0) 45.81/51.43 (146.67/92.67mm)
1787603641.574  event6   TOUCH_MOTION              3  +59.043s	1 (1) 32.80/61.89 (105.00/111.50mm)
1787603641.574  event6   TOUCH_MOTION              4  +59.043s	2 (2) 38.16/48.38 (122.17/87.17mm)
1787603641.574  event6   TOUCH_FRAME                  +59.043s	
1787603641.584  event6   TOUCH_MOTION              2  +59.052s	0 (0) 46.49/51.43 (148.83/92.67mm)
1787603641.584  event6   TOUCH_MOTION              3  +59.052s	1 (1) 33.37/61.89 (106.83/111.50mm)
1787603641.585  event6   TOUCH_MOTION              4  +59.052s	2 (2) 38.83/48.38 (124.33/87.17mm)
1787603641.585  event6   TOUCH_FRAME                  +59.052s	
1787603641.593  event6   TOUCH_MOTION              2  +59.061s	0 (0) 47.16/51.53 (151.00/92.83mm)
1787603641.593  event6   TOUCH_MOTION              3  +59.061s	1 (1) 33.99/61.89 (108.83/111.50mm)
1787603641.593  event6   TOUCH_MOTION              4  +59.061s	2 (2) 39.51/48.38 (126.50/87.17mm)
1787603641.593  event6   TOUCH_FRAME                  +59.061s	
1787603641.602  event6   TOUCH_MOTION              2  +59.070s	0 (0) 47.89/51.53 (153.33/92.83mm)
1787603641.602  event6   TOUCH_MOTION              3  +59.070s	1 (1) 34.57/61.89 (110.67/111.50mm)
1787603641.602  event6   TOUCH_MOTION              4  +59.070s	2 (2) 40.19/48.38 (128.67/87.17mm)
1787603641.602  event6   TOUCH_FRAME                  +59.070s	
1787603641.611  event6   TOUCH_MOTION              2  +59.080s	0 (0) 48.57/51.62 (155.50/93.00mm)
1787603641.612  event6   TOUCH_MOTION              3  +59.080s	1 (1) 35.24/61.89 (112.83/111.50mm)
1787603641.612  event6   TOUCH_MOTION              4  +59.080s	2 (2) 40.86/48.38 (130.83/87.17mm)
1787603641.612  event6   TOUCH_FRAME                  +59.080s	
1787603641.620  event6   TOUCH_MOTION              2  +59.088s	0 (0) 49.30/51.71 (157.83/93.17mm)
1787603641.620  event6   TOUCH_MOTION              3  +59.088s	1 (1) 35.81/61.89 (114.67/111.50mm)
1787603641.620  event6   TOUCH_MOTION              4  +59.088s	2 (2) 41.54/48.38 (133.00/87.17mm)
1787603641.620  event6   TOUCH_FRAME                  +59.088s	
1787603641.629  event6   TOUCH_MOTION              2  +59.098s	0 (0) 49.97/51.80 (160.00/93.33mm)
1787603641.629  event6   TOUCH_MOTION              3  +59.098s	1 (1) 36.44/61.89 (116.67/111.50mm)
1787603641.629  event6   TOUCH_MOTION              4  +59.098s	2 (2) 42.22/48.38 (135.17/87.17mm)
1787603641.629  event6   TOUCH_FRAME                  +59.098s	
1787603641.638  event6   TOUCH_MOTION              2  +59.106s	0 (0) 50.65/51.80 (162.17/93.33mm)
1787603641.638  event6   TOUCH_MOTION              3  +59.106s	1 (1) 37.06/61.79 (118.67/111.33mm)
1787603641.638  event6   TOUCH_MOTION              4  +59.106s	2 (2) 42.89/48.38 (137.33/87.17mm)
1787603641.638  event6   TOUCH_FRAME                  +59.106s	
1787603641.647  event6   TOUCH_MOTION              2  +59.116s	0 (0) 51.38/51.90 (164.50/93.50mm)
1787603641.647  event6   TOUCH_MOTION              3  +59.116s	1 (1) 37.69/61.79 (120.67/111.33mm)
1787603641.648  event6   TOUCH_MOTION              4  +59.116s	2 (2) 43.62/48.38 (139.67/87.17mm)
1787603641.648  event6   TOUCH_FRAME                  +59.116s	
1787603641.656  event6   TOUCH_MOTION              2  +59.124s	0 (0) 52.11/51.99 (166.83/93.67mm)
1787603641.656  event6   TOUCH_MOTION              3  +59.124s	1 (1) 38.37/61.70 (122.83/111.17mm)
1787603641.656  event6   TOUCH_MOTION              4  +59.124s	2 (2) 44.35/48.38 (142.00/87.17mm)
1787603641.656  event6   TOUCH_FRAME                  +59.124s	
1787603641.666  event6   TOUCH_MOTION              2  +59.134s	0 (0) 52.84/52.08 (169.17/93.83mm)
1787603641.666  event6   TOUCH_MOTION              3  +59.134s	1 (1) 39.04/61.61 (125.00/111.00mm)
1787603641.666  event6   TOUCH_MOTION              4  +59.134s	2 (2) 45.03/48.38 (144.17/87.17mm)
1787603641.666  event6   TOUCH_FRAME                  +59.134s	
1787603641.675  event6   TOUCH_MOTION              2  +59.143s	0 (0) 53.51/52.17 (171.33/94.00mm)
1787603641.675  event6   TOUCH_MOTION              3  +59.143s	1 (1) 39.67/61.61 (127.00/111.00mm)
1787603641.675  event6   TOUCH_MOTION              4  +59.143s	2 (2) 45.76/48.38 (146.50/87.17mm)
1787603641.675  event6   TOUCH_FRAME                  +59.143s	
1787603641.684  event6   TOUCH_MOTION              2  +59.153s	0 (0) 54.29/52.17 (173.83/94.00mm)
1787603641.684  event6   TOUCH_MOTION              3  +59.153s	1 (1) 40.34/61.52 (129.17/110.83mm)
1787603641.684  event6   TOUCH_MOTION              4  +59.153s	2 (2) 46.49/48.38 (148.83/87.17mm)
1787603641.684  event6   TOUCH_FRAME                  +59.153s	
1787603641.693  event6   TOUCH_MOTION              2  +59.161s	0 (0) 55.02/52.27 (176.17/94.17mm)
1787603641.693  event6   TOUCH_MOTION              3  +59.161s	1 (1) 41.02/61.42 (131.33/110.67mm)
1787603641.693  event6   TOUCH_MOTION              4  +59.161s	2 (2) 47.21/48.38 (151.17/87.17mm)
1787603641.693  event6   TOUCH_FRAME                  +59.161s	
1787603641.702  event6   TOUCH_MOTION              2  +59.170s	0 (0) 55.75/52.36 (178.50/94.33mm)
1787603641.702  event6   TOUCH_MOTION              3  +59.170s	1 (1) 41.70/61.33 (133.50/110.50mm)
1787603641.702  event6   TOUCH_MOTION              4  +59.170s	2 (2) 47.94/48.38 (153.50/87.17mm)
1787603641.702  event6   TOUCH_FRAME                  +59.170s	
1787603641.711  event6   TOUCH_MOTION              2  +59.179s	0 (0) 56.48/52.45 (180.83/94.50mm)
1787603641.711  event6   TOUCH_MOTION              3  +59.179s	1 (1) 42.37/61.24 (135.67/110.33mm)
1787603641.711  event6   TOUCH_MOTION              4  +59.179s	2 (2) 48.62/48.38 (155.67/87.17mm)
1787603641.711  event6   TOUCH_FRAME                  +59.179s	
1787603641.720  event6   TOUCH_MOTION              2  +59.188s	0 (0) 57.21/52.54 (183.17/94.67mm)
1787603641.720  event6   TOUCH_MOTION              3  +59.188s	1 (1) 43.05/61.15 (137.83/110.17mm)
1787603641.720  event6   TOUCH_MOTION              4  +59.188s	2 (2) 49.30/48.38 (157.83/87.17mm)
1787603641.720  event6   TOUCH_FRAME                  +59.188s	
1787603641.729  event6   TOUCH_MOTION              2  +59.198s	0 (0) 57.94/52.54 (185.50/94.67mm)
1787603641.729  event6   TOUCH_MOTION              3  +59.198s	1 (1) 43.68/60.96 (139.83/109.83mm)
1787603641.729  event6   TOUCH_MOTION              4  +59.198s	2 (2) 49.97/48.38 (160.00/87.17mm)
1787603641.730  event6   TOUCH_FRAME                  +59.198s	
1787603641.739  event6   TOUCH_MOTION              2  +59.207s	0 (0) 58.67/52.64 (187.83/94.83mm)
1787603641.739  event6   TOUCH_MOTION              3  +59.207s	1 (1) 44.35/60.87 (142.00/109.67mm)
1787603641.739  event6   TOUCH_MOTION              4  +59.207s	2 (2) 50.70/48.38 (162.33/87.17mm)
1787603641.739  event6   TOUCH_FRAME                  +59.207s	
1787603641.748  event6   TOUCH_MOTION              2  +59.216s	0 (0) 59.40/52.82 (190.17/95.17mm)
1787603641.748  event6   TOUCH_MOTION              3  +59.216s	1 (1) 45.03/60.87 (144.17/109.67mm)
1787603641.748  event6   TOUCH_MOTION              4  +59.216s	2 (2) 51.43/48.38 (164.67/87.17mm)
1787603641.748  event6   TOUCH_FRAME                  +59.216s	
1787603641.757  event6   TOUCH_MOTION              2  +59.225s	0 (0) 60.18/52.91 (192.67/95.33mm)
1787603641.757  event6   TOUCH_MOTION              3  +59.225s	1 (1) 45.71/60.68 (146.33/109.33mm)
1787603641.757  event6   TOUCH_MOTION              4  +59.225s	2 (2) 52.16/48.38 (167.00/87.17mm)
1787603641.757  event6   TOUCH_FRAME                  +59.225s	
1787603641.766  event6   TOUCH_MOTION              2  +59.234s	0 (0) 60.91/52.91 (195.00/95.33mm)
1787603641.766  event6   TOUCH_MOTION              3  +59.234s	1 (1) 46.38/60.59 (148.50/109.17mm)
1787603641.766  event6   TOUCH_MOTION              4  +59.234s	2 (2) 52.84/48.38 (169.17/87.17mm)
1787603641.766  event6   TOUCH_FRAME                  +59.234s	
1787603641.775  event6   TOUCH_MOTION              2  +59.244s	0 (0) 61.69/53.01 (197.50/95.50mm)
1787603641.775  event6   TOUCH_MOTION              3  +59.244s	1 (1) 47.06/60.50 (150.67/109.00mm)
1787603641.775  event6   TOUCH_MOTION              4  +59.244s	2 (2) 53.62/48.29 (171.67/87.00mm)
1787603641.775  event6   TOUCH_FRAME                  +59.244s	
1787603641.784  event6   TOUCH_MOTION              2  +59.252s	0 (0) 62.47/53.10 (200.00/95.67mm)
1787603641.784  event6   TOUCH_MOTION              3  +59.252s	1 (1) 47.74/60.31 (152.83/108.67mm)
1787603641.784  event6   TOUCH_MOTION              4  +59.252s	2 (2) 54.40/48.29 (174.17/87.00mm)
1787603641.784  event6   TOUCH_FRAME                  +59.252s	
1787603641.793  event6   TOUCH_MOTION              2  +59.261s	0 (0) 63.20/53.28 (202.33/96.00mm)
1787603641.793  event6   TOUCH_MOTION              3  +59.261s	1 (1) 48.46/60.13 (155.17/108.33mm)
1787603641.793  event6   TOUCH_MOTION              4  +59.261s	2 (2) 55.13/48.29 (176.50/87.00mm)
1787603641.793  event6   TOUCH_FRAME                  +59.261s	
1787603641.802  event6   TOUCH_MOTION              2  +59.270s	0 (0) 63.98/53.38 (204.83/96.17mm)
1787603641.802  event6   TOUCH_MOTION              3  +59.270s	1 (1) 49.19/60.04 (157.50/108.17mm)
1787603641.802  event6   TOUCH_MOTION              4  +59.270s	2 (2) 55.91/48.29 (179.00/87.00mm)
1787603641.802  event6   TOUCH_FRAME                  +59.270s	
1787603641.812  event6   TOUCH_MOTION              2  +59.281s	0 (0) 64.76/53.56 (207.33/96.50mm)
1787603641.812  event6   TOUCH_MOTION              3  +59.281s	1 (1) 49.87/59.85 (159.67/107.83mm)
1787603641.812  event6   TOUCH_MOTION              4  +59.281s	2 (2) 56.64/48.29 (181.33/87.00mm)
1787603641.812  event6   TOUCH_FRAME                  +59.281s	
1787603641.821  event6   TOUCH_MOTION              2  +59.289s	0 (0) 65.54/53.65 (209.83/96.67mm)
1787603641.821  event6   TOUCH_MOTION              3  +59.289s	1 (1) 50.60/59.76 (162.00/107.67mm)
1787603641.821  event6   TOUCH_MOTION              4  +59.289s	2 (2) 57.42/48.20 (183.83/86.83mm)
1787603641.821  event6   TOUCH_FRAME                  +59.289s	
1787603641.830  event6   TOUCH_MOTION              2  +59.299s	0 (0) 66.27/53.84 (212.17/97.00mm)
1787603641.830  event6   TOUCH_MOTION              3  +59.299s	1 (1) 51.28/59.67 (164.17/107.50mm)
1787603641.830  event6   TOUCH_MOTION              4  +59.299s	2 (2) 58.20/48.20 (186.33/86.83mm)
1787603641.830  event6   TOUCH_FRAME                  +59.299s	
1787603641.839  event6   TOUCH_MOTION              2  +59.307s	0 (0) 67.00/54.02 (214.50/97.33mm)
1787603641.839  event6   TOUCH_MOTION              3  +59.307s	1 (1) 52.00/59.48 (166.50/107.17mm)
1787603641.839  event6   TOUCH_MOTION              4  +59.307s	2 (2) 58.93/48.20 (188.67/86.83mm)
1787603641.839  event6   TOUCH_FRAME                  +59.307s	
1787603641.848  event6   TOUCH_MOTION              2  +59.316s	0 (0) 67.78/54.12 (217.00/97.50mm)
1787603641.848  event6   TOUCH_MOTION              3  +59.316s	1 (1) 52.73/59.39 (168.83/107.00mm)
1787603641.848  event6   TOUCH_MOTION              4  +59.316s	2 (2) 59.71/48.20 (191.17/86.83mm)
1787603641.848  event6   TOUCH_FRAME                  +59.316s	
1787603641.857  event6   TOUCH_MOTION              2  +59.325s	0 (0) 68.45/54.30 (219.17/97.83mm)
1787603641.857  event6   TOUCH_MOTION              3  +59.325s	1 (1) 53.46/59.30 (171.17/106.83mm)
1787603641.857  event6   TOUCH_MOTION              4  +59.325s	2 (2) 60.44/48.20 (193.50/86.83mm)
1787603641.857  event6   TOUCH_FRAME                  +59.325s	
1787603641.866  event6   TOUCH_MOTION              2  +59.334s	0 (0) 69.13/54.49 (221.33/98.17mm)
1787603641.867  event6   TOUCH_MOTION              3  +59.334s	1 (1) 54.14/59.11 (173.33/106.50mm)
1787603641.867  event6   TOUCH_MOTION              4  +59.334s	2 (2) 61.17/48.20 (195.83/86.83mm)
1787603641.867  event6   TOUCH_FRAME                  +59.334s	
1787603641.875  event6   TOUCH_MOTION              2  +59.344s	0 (0) 69.81/54.58 (223.50/98.33mm)
1787603641.875  event6   TOUCH_MOTION              3  +59.344s	1 (1) 54.76/59.02 (175.33/106.33mm)
1787603641.875  event6   TOUCH_MOTION              4  +59.344s	2 (2) 61.89/48.20 (198.17/86.83mm)
1787603641.875  event6   TOUCH_FRAME                  +59.344s	
1787603641.885  event6   TOUCH_MOTION              2  +59.353s	0 (0) 70.48/54.76 (225.67/98.67mm)
1787603641.885  event6   TOUCH_MOTION              3  +59.353s	1 (1) 55.39/59.02 (177.33/106.33mm)
1787603641.885  event6   TOUCH_MOTION              4  +59.353s	2 (2) 62.57/48.20 (200.33/86.83mm)
1787603641.885  event6   TOUCH_FRAME                  +59.353s	
1787603641.894  event6   TOUCH_MOTION              2  +59.363s	0 (0) 71.11/54.86 (227.67/98.83mm)
1787603641.894  event6   TOUCH_MOTION              3  +59.363s	1 (1) 56.01/58.93 (179.33/106.17mm)
1787603641.894  event6   TOUCH_MOTION              4  +59.363s	2 (2) 63.20/48.20 (202.33/86.83mm)
1787603641.894  event6   TOUCH_FRAME                  +59.363s	
1787603641.903  event6   TOUCH_MOTION              2  +59.371s	0 (0) 71.68/55.04 (229.50/99.17mm)
1787603641.903  event6   TOUCH_MOTION              3  +59.371s	1 (1) 56.64/58.83 (181.33/106.00mm)
1787603641.903  event6   TOUCH_MOTION              4  +59.371s	2 (2) 63.82/48.20 (204.33/86.83mm)
1787603641.903  event6   TOUCH_FRAME                  +59.371s	
1787603641.912  event6   TOUCH_MOTION              2  +59.381s	0 (0) 72.25/55.23 (231.33/99.50mm)
1787603641.912  event6   TOUCH_MOTION              3  +59.381s	1 (1) 57.16/58.74 (183.00/105.83mm)
1787603641.912  event6   TOUCH_MOTION              4  +59.381s	2 (2) 64.45/48.20 (206.33/86.83mm)
1787603641.913  event6   TOUCH_FRAME                  +59.381s	
1787603641.921  event6   TOUCH_MOTION              2  +59.389s	0 (0) 72.72/55.32 (232.83/99.67mm)
1787603641.921  event6   TOUCH_MOTION              3  +59.389s	1 (1) 57.68/58.65 (184.67/105.67mm)
1787603641.921  event6   TOUCH_MOTION              4  +59.389s	2 (2) 64.97/48.20 (208.00/86.83mm)
1787603641.921  event6   TOUCH_FRAME                  +59.389s	
1787603641.930  event6   TOUCH_MOTION              2  +59.399s	0 (0) 73.24/55.50 (234.50/100.00mm)
1787603641.931  event6   TOUCH_MOTION              3  +59.399s	1 (1) 58.20/58.65 (186.33/105.67mm)
1787603641.931  event6   TOUCH_MOTION              4  +59.399s	2 (2) 65.54/48.20 (209.83/86.83mm)
1787603641.931  event6   TOUCH_FRAME                  +59.399s	
1787603641.939  event6   TOUCH_MOTION              2  +59.407s	0 (0) 73.71/55.60 (236.00/100.17mm)
1787603641.939  event6   TOUCH_MOTION              3  +59.407s	1 (1) 58.67/58.56 (187.83/105.50mm)
1787603641.939  event6   TOUCH_MOTION              4  +59.407s	2 (2) 66.01/48.20 (211.33/86.83mm)
1787603641.939  event6   TOUCH_FRAME                  +59.407s	
1787603641.948  event6   TOUCH_MOTION              2  +59.416s	0 (0) 74.18/55.78 (237.50/100.50mm)
1787603641.948  event6   TOUCH_MOTION              3  +59.416s	1 (1) 59.08/58.46 (189.17/105.33mm)
1787603641.948  event6   TOUCH_MOTION              4  +59.416s	2 (2) 66.48/48.20 (212.83/86.83mm)
1787603641.948  event6   TOUCH_FRAME                  +59.416s	
1787603641.958  event6   TOUCH_MOTION              2  +59.426s	0 (0) 74.60/55.97 (238.83/100.83mm)
1787603641.958  event6   TOUCH_MOTION              3  +59.426s	1 (1) 59.50/58.37 (190.50/105.17mm)
1787603641.958  event6   TOUCH_MOTION              4  +59.426s	2 (2) 66.89/48.20 (214.17/86.83mm)
1787603641.958  event6   TOUCH_FRAME                  +59.426s	
1787603641.968  event6   TOUCH_MOTION              2  +59.435s	0 (0) 74.96/56.06 (240.00/101.00mm)
1787603641.968  event6   TOUCH_MOTION              3  +59.435s	1 (1) 59.81/58.28 (191.50/105.00mm)
1787603641.968  event6   TOUCH_MOTION              4  +59.435s	2 (2) 67.31/48.20 (215.50/86.83mm)
1787603641.968  event6   TOUCH_FRAME                  +59.435s	
1787603641.976  event6   TOUCH_MOTION              2  +59.445s	0 (0) 75.27/56.15 (241.00/101.17mm)
1787603641.976  event6   TOUCH_MOTION              3  +59.445s	1 (1) 60.12/58.28 (192.50/105.00mm)
1787603641.976  event6   TOUCH_MOTION              4  +59.445s	2 (2) 67.62/48.20 (216.50/86.83mm)
1787603641.976  event6   TOUCH_FRAME                  +59.445s	
1787603641.985  event6   TOUCH_MOTION              2  +59.453s	0 (0) 75.59/56.24 (242.00/101.33mm)
1787603641.985  event6   TOUCH_MOTION              3  +59.453s	1 (1) 60.44/58.19 (193.50/104.83mm)
1787603641.985  event6   TOUCH_MOTION              4  +59.453s	2 (2) 67.93/48.20 (217.50/86.83mm)
1787603641.985  event6   TOUCH_FRAME                  +59.453s	
1787603641.994  event6   TOUCH_MOTION              2  +59.463s	0 (0) 75.85/56.34 (242.83/101.50mm)
1787603641.994  event6   TOUCH_MOTION              3  +59.463s	1 (1) 60.65/58.09 (194.17/104.67mm)
1787603641.994  event6   TOUCH_MOTION              4  +59.463s	2 (2) 68.19/48.20 (218.33/86.83mm)
1787603641.994  event6   TOUCH_FRAME                  +59.463s	
1787603642.003  event6   TOUCH_MOTION              2  +59.471s	0 (0) 76.05/56.34 (243.50/101.50mm)
1787603642.003  event6   TOUCH_MOTION              3  +59.471s	1 (1) 60.85/58.00 (194.83/104.50mm)
1787603642.003  event6   TOUCH_MOTION              4  +59.471s	2 (2) 68.40/48.20 (219.00/86.83mm)
1787603642.003  event6   TOUCH_FRAME                  +59.471s	
1787603642.012  event6   TOUCH_MOTION              2  +59.481s	0 (0) 76.21/56.43 (244.00/101.67mm)
1787603642.012  event6   TOUCH_MOTION              3  +59.481s	1 (1) 61.01/58.00 (195.33/104.50mm)
1787603642.012  event6   TOUCH_MOTION              4  +59.481s	2 (2) 68.61/48.20 (219.67/86.83mm)
1787603642.012  event6   TOUCH_FRAME                  +59.481s	
1787603642.021  event6   TOUCH_MOTION              2  +59.489s	0 (0) 76.37/56.52 (244.50/101.83mm)
1787603642.021  event6   TOUCH_MOTION              3  +59.489s	1 (1) 61.11/58.00 (195.67/104.50mm)
1787603642.021  event6   TOUCH_MOTION              4  +59.489s	2 (2) 68.77/48.20 (220.17/86.83mm)
1787603642.021  event6   TOUCH_FRAME                  +59.489s	
1787603642.031  event6   TOUCH_MOTION              2  +59.499s	0 (0) 76.52/56.61 (245.00/102.00mm)
1787603642.031  event6   TOUCH_MOTION              3  +59.499s	1 (1) 61.27/57.91 (196.17/104.33mm)
1787603642.031  event6   TOUCH_MOTION              4  +59.499s	2 (2) 68.92/48.20 (220.67/86.83mm)
1787603642.031  event6   TOUCH_FRAME                  +59.499s	
1787603642.040  event6   TOUCH_MOTION              2  +59.508s	0 (0) 76.57/56.71 (245.17/102.17mm)
1787603642.040  event6   TOUCH_MOTION              3  +59.508s	1 (1) 61.32/57.91 (196.33/104.33mm)
1787603642.040  event6   TOUCH_MOTION              4  +59.508s	2 (2) 69.03/48.20 (221.00/86.83mm)
1787603642.040  event6   TOUCH_FRAME                  +59.508s	
1787603642.049  event6   TOUCH_MOTION              2  +59.517s	0 (0) 76.63/56.71 (245.33/102.17mm)
1787603642.049  event6   TOUCH_MOTION              3  +59.517s	1 (1) 61.43/57.91 (196.67/104.33mm)
1787603642.049  event6   TOUCH_MOTION              4  +59.517s	2 (2) 69.13/48.20 (221.33/86.83mm)
1787603642.049  event6   TOUCH_FRAME                  +59.517s	
1787603642.058  event6   TOUCH_MOTION              2  +59.526s	0 (0) 76.68/56.80 (245.50/102.33mm)
1787603642.058  event6   TOUCH_MOTION              3  +59.526s	1 (1) 61.53/57.82 (197.00/104.17mm)
1787603642.058  event6   TOUCH_MOTION              4  +59.526s	2 (2) 69.18/48.20 (221.50/86.83mm)
1787603642.058  event6   TOUCH_FRAME                  +59.526s	
1787603642.067  event6   TOUCH_MOTION              2  +59.535s	2 (2) 69.29/48.20 (221.83/86.83mm)
1787603642.067  event6   TOUCH_FRAME                  +59.535s	
1787603642.103  event6   TOUCH_UP                     +59.571s	0 (0)
1787603642.103  event6   TOUCH_UP                     +59.571s	1 (1)
1787603642.103  event6   TOUCH_FRAME                  +59.571s	
1787603642.121  event6   TOUCH_UP                     +59.589s	2 (2)
1787603642.121  event6   TOUCH_FRAME                  +59.589s	
1787603642.771  event6   TOUCH_DOWN                   +60.240s	0 (0) 84.59/60.13 (270.83/108.33mm)
1787603642.771  event6   TOUCH_DOWN                   +60.240s	1 (1) 80.06/49.21 (256.33/88.67mm)
1787603642.771  event6   TOUCH_FRAME                  +60.240s	
1787603642.780  event6   TOUCH_DOWN                   +60.248s	2 (2) 73.61/54.49 (235.67/98.17mm)
1787603642.780  event6   TOUCH_FRAME                  +60.248s	
1787603643.072  event6   TOUCH_MOTION                 +60.540s	1 (1) 79.96/49.77 (256.00/89.67mm)
1787603643.072  event6   TOUCH_FRAME                  +60.540s	
1787603643.136  event6   TOUCH_MOTION              2  +60.605s	1 (1) 79.96/49.86 (256.00/89.83mm)
1787603643.136  event6   TOUCH_FRAME                  +60.605s	
1787603643.163  event6   TOUCH_MOTION              2  +60.632s	1 (1) 79.91/49.86 (255.83/89.83mm)
1787603643.163  event6   TOUCH_FRAME                  +60.632s	
1787603643.429  event6   TOUCH_MOTION              2  +60.897s	1 (1) 79.85/49.86 (255.67/89.83mm)
1787603643.429  event6   TOUCH_FRAME                  +60.897s	
1787603643.484  event6   TOUCH_MOTION              2  +60.952s	1 (1) 79.85/49.95 (255.67/90.00mm)
1787603643.484  event6   TOUCH_FRAME                  +60.952s	
1787603643.510  event6   TOUCH_MOTION              2  +60.979s	1 (1) 79.80/49.95 (255.50/90.00mm)
1787603643.510  event6   TOUCH_FRAME                  +60.979s	
1787603643.537  event6   TOUCH_MOTION              2  +61.006s	1 (1) 79.75/49.95 (255.33/90.00mm)
1787603643.538  event6   TOUCH_FRAME                  +61.006s	
1787603643.546  event6   TOUCH_MOTION              2  +61.015s	1 (1) 79.70/49.95 (255.17/90.00mm)
1787603643.546  event6   TOUCH_FRAME                  +61.015s	
1787603643.556  event6   TOUCH_MOTION              2  +61.025s	1 (1) 79.65/49.95 (255.00/90.00mm)
1787603643.556  event6   TOUCH_FRAME                  +61.025s	
1787603643.574  event6   TOUCH_MOTION              2  +61.043s	1 (1) 79.59/49.95 (254.83/90.00mm)
1787603643.574  event6   TOUCH_FRAME                  +61.043s	
1787603643.583  event6   TOUCH_MOTION              2  +61.052s	1 (1) 79.54/49.95 (254.67/90.00mm)
1787603643.583  event6   TOUCH_FRAME                  +61.052s	
1787603643.592  event6   TOUCH_MOTION              2  +61.060s	1 (1) 79.49/50.05 (254.50/90.17mm)
1787603643.592  event6   TOUCH_FRAME                  +61.060s	
1787603643.601  event6   TOUCH_MOTION              2  +61.070s	1 (1) 79.44/50.14 (254.33/90.33mm)
1787603643.601  event6   TOUCH_MOTION              3  +61.070s	2 (2) 73.40/54.95 (235.00/99.00mm)
1787603643.601  event6   TOUCH_FRAME                  +61.070s	
1787603643.610  event6   TOUCH_MOTION              2  +61.079s	1 (1) 79.33/50.23 (254.00/90.50mm)
1787603643.610  event6   TOUCH_MOTION              3  +61.079s	2 (2) 73.24/55.04 (234.50/99.17mm)
1787603643.610  event6   TOUCH_FRAME                  +61.079s	
1787603643.619  event6   TOUCH_MOTION              2  +61.088s	1 (1) 79.18/50.32 (253.50/90.67mm)
1787603643.619  event6   TOUCH_MOTION              3  +61.088s	2 (2) 73.09/55.13 (234.00/99.33mm)
1787603643.619  event6   TOUCH_FRAME                  +61.088s	
1787603643.628  event6   TOUCH_MOTION              2  +61.097s	1 (1) 78.97/50.32 (252.83/90.67mm)
1787603643.629  event6   TOUCH_MOTION              3  +61.097s	2 (2) 72.88/55.23 (233.33/99.50mm)
1787603643.629  event6   TOUCH_FRAME                  +61.097s	
1787603643.638  event6   TOUCH_MOTION              2  +61.107s	1 (1) 78.66/50.32 (251.83/90.67mm)
1787603643.638  event6   TOUCH_MOTION              3  +61.107s	2 (2) 72.57/55.23 (232.33/99.50mm)
1787603643.638  event6   TOUCH_FRAME                  +61.107s	
1787603643.647  event6   TOUCH_MOTION              2  +61.116s	1 (1) 78.29/50.32 (250.67/90.67mm)
1787603643.647  event6   TOUCH_MOTION              3  +61.116s	2 (2) 72.25/55.41 (231.33/99.83mm)
1787603643.647  event6   TOUCH_FRAME                  +61.116s	
1787603643.656  event6   TOUCH_MOTION              2  +61.125s	1 (1) 77.93/50.42 (249.50/90.83mm)
1787603643.656  event6   TOUCH_MOTION              3  +61.125s	2 (2) 71.84/55.60 (230.00/100.17mm)
1787603643.656  event6   TOUCH_FRAME                  +61.125s	
1787603643.665  event6   TOUCH_MOTION              2  +61.134s	0 (0) 84.23/60.50 (269.67/109.00mm)
1787603643.665  event6   TOUCH_MOTION              3  +61.134s	1 (1) 77.46/50.51 (248.00/91.00mm)
1787603643.665  event6   TOUCH_MOTION              4  +61.134s	2 (2) 71.37/55.69 (228.50/100.33mm)
1787603643.665  event6   TOUCH_FRAME                  +61.134s	
1787603643.674  event6   TOUCH_MOTION              2  +61.143s	0 (0) 83.91/60.68 (268.67/109.33mm)
1787603643.675  event6   TOUCH_MOTION              3  +61.143s	1 (1) 76.94/50.60 (246.33/91.17mm)
1787603643.675  event6   TOUCH_MOTION              4  +61.143s	2 (2) 70.85/55.87 (226.83/100.67mm)
1787603643.675  event6   TOUCH_FRAME                  +61.143s	
1787603643.683  event6   TOUCH_MOTION              2  +61.152s	0 (0) 83.60/60.87 (267.67/109.67mm)
1787603643.683  event6   TOUCH_MOTION              3  +61.152s	1 (1) 76.37/50.69 (244.50/91.33mm)
1787603643.683  event6   TOUCH_MOTION              4  +61.152s	2 (2) 70.28/56.06 (225.00/101.00mm)
1787603643.683  event6   TOUCH_FRAME                  +61.152s	
1787603643.692  event6   TOUCH_MOTION              2  +61.161s	0 (0) 83.19/60.96 (266.33/109.83mm)
1787603643.692  event6   TOUCH_MOTION              3  +61.161s	1 (1) 75.74/50.69 (242.50/91.33mm)
1787603643.692  event6   TOUCH_MOTION              4  +61.161s	2 (2) 69.70/56.34 (223.17/101.50mm)
1787603643.692  event6   TOUCH_FRAME                  +61.161s	
1787603643.701  event6   TOUCH_MOTION              2  +61.169s	0 (0) 82.67/61.05 (264.67/110.00mm)
1787603643.701  event6   TOUCH_MOTION              3  +61.169s	1 (1) 75.07/50.88 (240.33/91.67mm)
1787603643.701  event6   TOUCH_MOTION              4  +61.169s	2 (2) 69.08/56.52 (221.17/101.83mm)
1787603643.701  event6   TOUCH_FRAME                  +61.169s	
1787603643.712  event6   TOUCH_MOTION              2  +61.180s	0 (0) 82.09/61.24 (262.83/110.33mm)
1787603643.712  event6   TOUCH_MOTION              3  +61.180s	1 (1) 74.34/51.06 (238.00/92.00mm)
1787603643.712  event6   TOUCH_MOTION              4  +61.180s	2 (2) 68.40/56.71 (219.00/102.17mm)
1787603643.712  event6   TOUCH_FRAME                  +61.180s	
1787603643.720  event6   TOUCH_MOTION              2  +61.188s	0 (0) 81.52/61.33 (261.00/110.50mm)
1787603643.720  event6   TOUCH_MOTION              3  +61.188s	1 (1) 73.61/51.16 (235.67/92.17mm)
1787603643.720  event6   TOUCH_MOTION              4  +61.188s	2 (2) 67.67/56.98 (216.67/102.67mm)
1787603643.720  event6   TOUCH_FRAME                  +61.188s	
1787603643.730  event6   TOUCH_MOTION              2  +61.198s	0 (0) 80.90/61.52 (259.00/110.83mm)
1787603643.730  event6   TOUCH_MOTION              3  +61.198s	1 (1) 72.77/51.43 (233.00/92.67mm)
1787603643.730  event6   TOUCH_MOTION              4  +61.198s	2 (2) 66.89/57.26 (214.17/103.17mm)
1787603643.730  event6   TOUCH_FRAME                  +61.198s	
1787603643.738  event6   TOUCH_MOTION              2  +61.207s	0 (0) 80.22/61.61 (256.83/111.00mm)
1787603643.738  event6   TOUCH_MOTION              3  +61.207s	1 (1) 71.94/51.62 (230.33/93.00mm)
1787603643.738  event6   TOUCH_MOTION              4  +61.207s	2 (2) 66.11/57.54 (211.67/103.67mm)
1787603643.738  event6   TOUCH_FRAME                  +61.207s	
1787603643.747  event6   TOUCH_MOTION              2  +61.216s	0 (0) 79.49/61.79 (254.50/111.33mm)
1787603643.747  event6   TOUCH_MOTION              3  +61.216s	1 (1) 71.06/51.80 (227.50/93.33mm)
1787603643.747  event6   TOUCH_MOTION              4  +61.216s	2 (2) 65.33/57.82 (209.17/104.17mm)
1787603643.747  event6   TOUCH_FRAME                  +61.216s	
1787603643.756  event6   TOUCH_MOTION              2  +61.225s	0 (0) 78.71/61.98 (252.00/111.67mm)
1787603643.756  event6   TOUCH_MOTION              3  +61.225s	1 (1) 70.17/52.08 (224.67/93.83mm)
1787603643.756  event6   TOUCH_MOTION              4  +61.225s	2 (2) 64.45/58.19 (206.33/104.83mm)
1787603643.756  event6   TOUCH_FRAME                  +61.225s	
1787603643.765  event6   TOUCH_MOTION              2  +61.234s	0 (0) 77.93/62.07 (249.50/111.83mm)
1787603643.765  event6   TOUCH_MOTION              3  +61.234s	1 (1) 69.23/52.27 (221.67/94.17mm)
1787603643.765  event6   TOUCH_MOTION              4  +61.234s	2 (2) 63.56/58.46 (203.50/105.33mm)
1787603643.765  event6   TOUCH_FRAME                  +61.234s	
1787603643.775  event6   TOUCH_MOTION              2  +61.243s	0 (0) 77.10/62.26 (246.83/112.17mm)
1787603643.775  event6   TOUCH_MOTION              3  +61.243s	1 (1) 68.30/52.54 (218.67/94.67mm)
1787603643.775  event6   TOUCH_MOTION              4  +61.243s	2 (2) 62.68/58.74 (200.67/105.83mm)
1787603643.775  event6   TOUCH_FRAME                  +61.243s	
1787603643.784  event6   TOUCH_MOTION              2  +61.253s	0 (0) 76.26/62.44 (244.17/112.50mm)
1787603643.784  event6   TOUCH_MOTION              3  +61.253s	1 (1) 67.36/52.73 (215.67/95.00mm)
1787603643.784  event6   TOUCH_MOTION              4  +61.253s	2 (2) 61.79/59.02 (197.83/106.33mm)
1787603643.784  event6   TOUCH_FRAME                  +61.253s	
1787603643.793  event6   TOUCH_MOTION              2  +61.262s	0 (0) 75.38/62.53 (241.33/112.67mm)
1787603643.793  event6   TOUCH_MOTION              3  +61.262s	1 (1) 66.37/52.91 (212.50/95.33mm)
1787603643.793  event6   TOUCH_MOTION              4  +61.262s	2 (2) 60.85/59.39 (194.83/107.00mm)
1787603643.794  event6   TOUCH_FRAME                  +61.262s	
1787603643.802  event6   TOUCH_MOTION              2  +61.271s	0 (0) 74.49/62.72 (238.50/113.00mm)
1787603643.802  event6   TOUCH_MOTION              3  +61.271s	1 (1) 65.33/53.19 (209.17/95.83mm)
1787603643.802  event6   TOUCH_MOTION              4  +61.271s	2 (2) 59.92/59.67 (191.83/107.50mm)
1787603643.802  event6   TOUCH_FRAME                  +61.271s	
1787603643.811  event6   TOUCH_MOTION              2  +61.280s	0 (0) 73.56/62.81 (235.50/113.17mm)
1787603643.812  event6   TOUCH_MOTION              3  +61.280s	1 (1) 64.34/53.38 (206.00/96.17mm)
1787603643.812  event6   TOUCH_MOTION              4  +61.280s	2 (2) 58.93/60.04 (188.67/108.17mm)
1787603643.812  event6   TOUCH_FRAME                  +61.280s	
1787603643.820  event6   TOUCH_MOTION              2  +61.288s	0 (0) 72.57/63.00 (232.33/113.50mm)
1787603643.820  event6   TOUCH_MOTION              3  +61.288s	1 (1) 63.30/53.65 (202.67/96.67mm)
1787603643.820  event6   TOUCH_MOTION              4  +61.288s	2 (2) 57.94/60.50 (185.50/109.00mm)
1787603643.820  event6   TOUCH_FRAME                  +61.288s	
1787603643.829  event6   TOUCH_MOTION              2  +61.298s	0 (0) 71.58/63.09 (229.17/113.67mm)
1787603643.829  event6   TOUCH_MOTION              3  +61.298s	1 (1) 62.21/53.93 (199.17/97.17mm)
1787603643.829  event6   TOUCH_MOTION              4  +61.298s	2 (2) 56.90/60.87 (182.17/109.67mm)
1787603643.829  event6   TOUCH_FRAME                  +61.298s	
1787603643.838  event6   TOUCH_MOTION              2  +61.306s	0 (0) 70.48/63.18 (225.67/113.83mm)
1787603643.838  event6   TOUCH_MOTION              3  +61.306s	1 (1) 61.06/54.21 (195.50/97.67mm)
1787603643.838  event6   TOUCH_MOTION              4  +61.306s	2 (2) 55.86/61.33 (178.83/110.50mm)
1787603643.838  event6   TOUCH_FRAME                  +61.306s	
1787603643.847  event6   TOUCH_MOTION              2  +61.316s	0 (0) 69.34/63.27 (222.00/114.00mm)
1787603643.847  event6   TOUCH_MOTION              3  +61.316s	1 (1) 59.92/54.49 (191.83/98.17mm)
1787603643.847  event6   TOUCH_MOTION              4  +61.316s	2 (2) 54.76/61.89 (175.33/111.50mm)
1787603643.847  event6   TOUCH_FRAME                  +61.316s	
1787603643.857  event6   TOUCH_MOTION              2  +61.326s	0 (0) 68.09/63.37 (218.00/114.17mm)
1787603643.857  event6   TOUCH_MOTION              3  +61.326s	1 (1) 58.72/54.86 (188.00/98.83mm)
1787603643.858  event6   TOUCH_MOTION              4  +61.326s	2 (2) 53.57/62.44 (171.50/112.50mm)
1787603643.858  event6   TOUCH_FRAME                  +61.326s	
1787603643.866  event6   TOUCH_MOTION              2  +61.335s	0 (0) 66.68/63.55 (213.50/114.50mm)
1787603643.866  event6   TOUCH_MOTION              3  +61.335s	1 (1) 57.42/55.23 (183.83/99.50mm)
1787603643.866  event6   TOUCH_MOTION              4  +61.335s	2 (2) 52.26/62.90 (167.33/113.33mm)
1787603643.866  event6   TOUCH_FRAME                  +61.335s	
1787603643.875  event6   TOUCH_MOTION              2  +61.344s	0 (0) 65.07/63.74 (208.33/114.83mm)
1787603643.876  event6   TOUCH_MOTION              3  +61.344s	1 (1) 56.01/55.69 (179.33/100.33mm)
1787603643.876  event6   TOUCH_MOTION              4  +61.344s	2 (2) 50.86/63.55 (162.83/114.50mm)
1787603643.876  event6   TOUCH_FRAME                  +61.344s	
1787603643.884  event6   TOUCH_MOTION              2  +61.352s	0 (0) 64.97/63.74 (208.00/114.83mm)
1787603643.884  event6   TOUCH_MOTION              3  +61.352s	1 (1) 54.40/56.24 (174.17/101.33mm)
1787603643.884  event6   TOUCH_MOTION              4  +61.352s	2 (2) 49.25/64.29 (157.67/115.83mm)
1787603643.884  event6   TOUCH_FRAME                  +61.352s	
1787603643.894  event6   TOUCH_MOTION              2  +61.362s	1 (1) 52.79/56.71 (169.00/102.17mm)
1787603643.894  event6   TOUCH_MOTION              3  +61.362s	2 (2) 49.04/64.48 (157.00/116.17mm)
1787603643.894  event6   TOUCH_FRAME                  +61.362s	
1787603643.903  event6   TOUCH_MOTION              2  +61.371s	1 (1) 52.58/56.80 (168.33/102.33mm)
1787603643.903  event6   TOUCH_MOTION              3  +61.371s	2 (2) 48.98/64.48 (156.83/116.17mm)
1787603643.903  event6   TOUCH_FRAME                  +61.371s	
1787603643.914  event6   TOUCH_MOTION              2  +61.382s	1 (1) 52.52/56.80 (168.17/102.33mm)
1787603643.914  event6   TOUCH_FRAME                  +61.382s	
1787603643.923  event6   TOUCH_UP                     +61.392s	0 (0)
1787603643.923  event6   TOUCH_FRAME                  +61.392s	
1787603643.933  event6   TOUCH_UP                     +61.401s	2 (2)
1787603643.933  event6   TOUCH_FRAME                  +61.401s	
1787603643.946  event6   TOUCH_UP                     +61.415s	1 (1)
1787603643.946  event6   TOUCH_FRAME                  +61.415s	
1787603645.340  event6   TOUCH_DOWN                   +62.808s	0 (0) 37.90/55.97 (121.33/100.83mm)
1787603645.340  event6   TOUCH_FRAME                  +62.808s	
1787603645.368  event6   TOUCH_MOTION                 +62.837s	0 (0) 37.53/56.24 (120.17/101.33mm)
1787603645.368  event6   TOUCH_FRAME                  +62.837s	
1787603645.378  event6   TOUCH_MOTION              2  +62.847s	0 (0) 37.38/56.34 (119.67/101.50mm)
1787603645.379  event6   TOUCH_FRAME                  +62.847s	
1787603645.388  event6   TOUCH_MOTION              2  +62.857s	0 (0) 37.27/56.52 (119.33/101.83mm)
1787603645.388  event6   TOUCH_FRAME                  +62.857s	
1787603645.398  event6   TOUCH_MOTION              2  +62.867s	0 (0) 37.17/56.71 (119.00/102.17mm)
1787603645.398  event6   TOUCH_FRAME                  +62.867s	
1787603645.408  event6   TOUCH_MOTION              2  +62.876s	0 (0) 37.01/57.08 (118.50/102.83mm)
1787603645.408  event6   TOUCH_FRAME                  +62.876s	
1787603645.417  event6   TOUCH_MOTION              2  +62.885s	0 (0) 36.80/57.35 (117.83/103.33mm)
1787603645.417  event6   TOUCH_FRAME                  +62.885s	
1787603645.428  event6   TOUCH_MOTION              2  +62.897s	0 (0) 36.54/57.72 (117.00/104.00mm)
1787603645.428  event6   TOUCH_FRAME                  +62.897s	
1787603645.438  event6   TOUCH_MOTION              2  +62.906s	0 (0) 36.34/58.09 (116.33/104.67mm)
1787603645.438  event6   TOUCH_FRAME                  +62.906s	
1787603645.447  event6   TOUCH_MOTION              2  +62.916s	0 (0) 36.07/58.56 (115.50/105.50mm)
1787603645.447  event6   TOUCH_FRAME                  +62.916s	
1787603645.457  event6   TOUCH_MOTION              2  +62.926s	0 (0) 35.76/59.02 (114.50/106.33mm)
1787603645.457  event6   TOUCH_FRAME                  +62.926s	
1787603645.467  event6   TOUCH_MOTION              2  +62.935s	0 (0) 35.19/60.04 (112.67/108.17mm)
1787603645.468  event6   TOUCH_FRAME                  +62.935s	
1787603645.476  event6   TOUCH_MOTION              2  +62.945s	0 (0) 34.62/61.05 (110.83/110.00mm)
1787603645.476  event6   TOUCH_FRAME                  +62.945s	
1787603645.486  event6   TOUCH_MOTION              2  +62.954s	0 (0) 34.10/61.98 (109.17/111.67mm)
1787603645.486  event6   TOUCH_FRAME                  +62.954s	
1787603645.495  event6   TOUCH_MOTION              2  +62.964s	0 (0) 33.68/62.81 (107.83/113.17mm)
1787603645.495  event6   TOUCH_DOWN                   +62.964s	1 (1) 41.23/37.65 (132.00/67.83mm)
1787603645.495  event6   TOUCH_FRAME                  +62.964s	
1787603645.504  event6   TOUCH_MOTION                 +62.972s	0 (0) 33.26/63.55 (106.50/114.50mm)
1787603645.504  event6   TOUCH_MOTION              2  +62.972s	1 (1) 41.54/36.73 (133.00/66.17mm)
1787603645.504  event6   TOUCH_FRAME                  +62.972s	
1787603645.514  event6   TOUCH_MOTION              2  +62.983s	0 (0) 32.95/64.29 (105.50/115.83mm)
1787603645.514  event6   TOUCH_MOTION              3  +62.983s	1 (1) 41.85/35.89 (134.00/64.67mm)
1787603645.514  event6   TOUCH_FRAME                  +62.983s	
1787603645.523  event6   TOUCH_MOTION              2  +62.991s	0 (0) 32.59/65.03 (104.33/117.17mm)
1787603645.523  event6   TOUCH_MOTION              3  +62.991s	1 (1) 42.17/35.15 (135.00/63.33mm)
1787603645.523  event6   TOUCH_FRAME                  +62.991s	
1787603645.532  event6   TOUCH_MOTION              2  +63.001s	0 (0) 32.33/65.68 (103.50/118.33mm)
1787603645.532  event6   TOUCH_MOTION              3  +63.001s	1 (1) 42.43/34.51 (135.83/62.17mm)
1787603645.532  event6   TOUCH_FRAME                  +63.001s	
1787603645.541  event6   TOUCH_MOTION              2  +63.010s	0 (0) 32.07/66.23 (102.67/119.33mm)
1787603645.541  event6   TOUCH_MOTION              3  +63.010s	1 (1) 42.69/33.95 (136.67/61.17mm)
1787603645.541  event6   TOUCH_FRAME                  +63.010s	
1787603645.550  event6   TOUCH_MOTION              2  +63.019s	0 (0) 31.86/66.79 (102.00/120.33mm)
1787603645.550  event6   TOUCH_MOTION              3  +63.019s	1 (1) 42.95/33.40 (137.50/60.17mm)
1787603645.550  event6   TOUCH_FRAME                  +63.019s	
1787603645.559  event6   TOUCH_MOTION              2  +63.028s	0 (0) 31.60/67.35 (101.17/121.33mm)
1787603645.559  event6   TOUCH_MOTION              3  +63.028s	1 (1) 43.21/32.93 (138.33/59.33mm)
1787603645.559  event6   TOUCH_FRAME                  +63.028s	
1787603645.568  event6   TOUCH_MOTION              2  +63.037s	0 (0) 31.44/67.90 (100.67/122.33mm)
1787603645.568  event6   TOUCH_MOTION              3  +63.037s	1 (1) 43.41/32.47 (139.00/58.50mm)
1787603645.568  event6   TOUCH_FRAME                  +63.037s	
1787603645.577  event6   TOUCH_MOTION              2  +63.046s	0 (0) 31.23/68.46 (100.00/123.33mm)
1787603645.577  event6   TOUCH_MOTION              3  +63.046s	1 (1) 43.62/32.01 (139.67/57.67mm)
1787603645.577  event6   TOUCH_FRAME                  +63.046s	
1787603645.587  event6   TOUCH_MOTION              2  +63.056s	0 (0) 31.08/68.92 (99.50/124.17mm)
1787603645.587  event6   TOUCH_MOTION              3  +63.056s	1 (1) 43.83/31.54 (140.33/56.83mm)
1787603645.587  event6   TOUCH_FRAME                  +63.056s	
1787603645.596  event6   TOUCH_MOTION              2  +63.065s	0 (0) 30.92/69.47 (99.00/125.17mm)
1787603645.596  event6   TOUCH_MOTION              3  +63.065s	1 (1) 44.09/31.08 (141.17/56.00mm)
1787603645.596  event6   TOUCH_FRAME                  +63.065s	
1787603645.605  event6   TOUCH_MOTION              2  +63.074s	0 (0) 30.77/69.94 (98.50/126.00mm)
1787603645.605  event6   TOUCH_MOTION              3  +63.074s	1 (1) 44.35/30.62 (142.00/55.17mm)
1787603645.605  event6   TOUCH_FRAME                  +63.074s	
1787603645.614  event6   TOUCH_MOTION              2  +63.082s	0 (0) 30.56/70.58 (97.83/127.17mm)
1787603645.614  event6   TOUCH_MOTION              3  +63.082s	1 (1) 44.66/30.16 (143.00/54.33mm)
1787603645.614  event6   TOUCH_FRAME                  +63.082s	
1787603645.623  event6   TOUCH_MOTION              2  +63.091s	0 (0) 30.40/71.14 (97.33/128.17mm)
1787603645.623  event6   TOUCH_MOTION              3  +63.091s	1 (1) 45.03/29.60 (144.17/53.33mm)
1787603645.623  event6   TOUCH_FRAME                  +63.091s	
1787603645.632  event6   TOUCH_MOTION              2  +63.101s	0 (0) 30.24/71.60 (96.83/129.00mm)
1787603645.632  event6   TOUCH_MOTION              3  +63.101s	1 (1) 45.29/29.14 (145.00/52.50mm)
1787603645.632  event6   TOUCH_FRAME                  +63.101s	
1787603645.641  event6   TOUCH_MOTION              2  +63.109s	0 (0) 30.09/72.16 (96.33/130.00mm)
1787603645.641  event6   TOUCH_MOTION              3  +63.109s	1 (1) 45.55/28.68 (145.83/51.67mm)
1787603645.641  event6   TOUCH_FRAME                  +63.109s	
1787603645.650  event6   TOUCH_MOTION              2  +63.118s	0 (0) 29.88/72.62 (95.67/130.83mm)
1787603645.650  event6   TOUCH_MOTION              3  +63.118s	1 (1) 45.76/28.31 (146.50/51.00mm)
1787603645.650  event6   TOUCH_FRAME                  +63.118s	
1787603645.660  event6   TOUCH_MOTION              2  +63.128s	0 (0) 29.78/73.17 (95.33/131.83mm)
1787603645.660  event6   TOUCH_MOTION              3  +63.128s	1 (1) 45.91/27.94 (147.00/50.33mm)
1787603645.660  event6   TOUCH_FRAME                  +63.128s	
1787603645.669  event6   TOUCH_MOTION              2  +63.138s	0 (0) 29.67/73.73 (95.00/132.83mm)
1787603645.670  event6   TOUCH_MOTION              3  +63.138s	1 (1) 46.17/27.75 (147.83/50.00mm)
1787603645.670  event6   TOUCH_FRAME                  +63.138s	
1787603645.678  event6   TOUCH_MOTION              2  +63.147s	0 (0) 29.52/74.10 (94.50/133.50mm)
1787603645.678  event6   TOUCH_MOTION              3  +63.147s	1 (1) 46.38/27.57 (148.50/49.67mm)
1787603645.678  event6   TOUCH_FRAME                  +63.147s	
1787603645.687  event6   TOUCH_MOTION              2  +63.155s	0 (0) 29.41/74.56 (94.17/134.33mm)
1787603645.687  event6   TOUCH_MOTION              3  +63.155s	1 (1) 46.64/27.29 (149.33/49.17mm)
1787603645.687  event6   TOUCH_FRAME                  +63.155s	
1787603645.696  event6   TOUCH_MOTION              2  +63.164s	0 (0) 29.31/74.93 (93.83/135.00mm)
1787603645.696  event6   TOUCH_MOTION              3  +63.164s	1 (1) 46.85/27.10 (150.00/48.83mm)
1787603645.696  event6   TOUCH_FRAME                  +63.164s	
1787603645.705  event6   TOUCH_MOTION              2  +63.174s	0 (0) 29.20/75.39 (93.50/135.83mm)
1787603645.705  event6   TOUCH_MOTION              3  +63.174s	1 (1) 47.06/26.83 (150.67/48.33mm)
1787603645.705  event6   TOUCH_FRAME                  +63.174s	
1787603645.714  event6   TOUCH_MOTION              2  +63.183s	0 (0) 29.15/75.86 (93.33/136.67mm)
1787603645.714  event6   TOUCH_MOTION              3  +63.183s	1 (1) 47.27/26.64 (151.33/48.00mm)
1787603645.714  event6   TOUCH_FRAME                  +63.183s	
1787603645.723  event6   TOUCH_MOTION              2  +63.191s	0 (0) 29.00/76.23 (92.83/137.33mm)
1787603645.723  event6   TOUCH_MOTION              3  +63.191s	1 (1) 47.48/26.46 (152.00/47.67mm)
1787603645.723  event6   TOUCH_FRAME                  +63.191s	
1787603645.733  event6   TOUCH_MOTION              2  +63.201s	0 (0) 28.94/76.60 (92.67/138.00mm)
1787603645.733  event6   TOUCH_MOTION              3  +63.201s	1 (1) 47.74/26.18 (152.83/47.17mm)
1787603645.733  event6   TOUCH_FRAME                  +63.201s	
1787603645.742  event6   TOUCH_MOTION              2  +63.211s	0 (0) 28.79/77.06 (92.17/138.83mm)
1787603645.742  event6   TOUCH_MOTION              3  +63.211s	1 (1) 47.89/25.99 (153.33/46.83mm)
1787603645.742  event6   TOUCH_FRAME                  +63.211s	
1787603645.751  event6   TOUCH_MOTION              2  +63.219s	0 (0) 28.63/77.34 (91.67/139.33mm)
1787603645.751  event6   TOUCH_MOTION              3  +63.219s	1 (1) 48.00/25.81 (153.67/46.50mm)
1787603645.751  event6   TOUCH_FRAME                  +63.219s	
1787603645.760  event6   TOUCH_MOTION              2  +63.229s	0 (0) 28.53/77.61 (91.33/139.83mm)
1787603645.760  event6   TOUCH_MOTION              3  +63.229s	1 (1) 48.15/25.72 (154.17/46.33mm)
1787603645.760  event6   TOUCH_FRAME                  +63.229s	
1787603645.769  event6   TOUCH_MOTION              2  +63.237s	0 (0) 28.42/77.89 (91.00/140.33mm)
1787603645.769  event6   TOUCH_MOTION              3  +63.237s	1 (1) 48.20/25.62 (154.33/46.17mm)
1787603645.769  event6   TOUCH_FRAME                  +63.237s	
1787603645.778  event6   TOUCH_MOTION              2  +63.246s	0 (0) 28.32/78.08 (90.67/140.67mm)
1787603645.778  event6   TOUCH_MOTION              3  +63.246s	1 (1) 48.26/25.53 (154.50/46.00mm)
1787603645.778  event6   TOUCH_FRAME                  +63.246s	
1787603645.787  event6   TOUCH_MOTION              2  +63.255s	0 (0) 28.32/78.26 (90.67/141.00mm)
1787603645.787  event6   TOUCH_MOTION              3  +63.255s	1 (1) 48.31/25.44 (154.67/45.83mm)
1787603645.787  event6   TOUCH_FRAME                  +63.255s	
1787603645.796  event6   TOUCH_MOTION              2  +63.264s	0 (0) 28.32/78.54 (90.67/141.50mm)
1787603645.796  event6   TOUCH_MOTION              3  +63.264s	1 (1) 48.36/25.44 (154.83/45.83mm)
1787603645.796  event6   TOUCH_FRAME                  +63.264s	
1787603645.806  event6   TOUCH_MOTION              2  +63.274s	0 (0) 28.32/78.72 (90.67/141.83mm)
1787603645.806  event6   TOUCH_FRAME                  +63.274s	
1787603645.815  event6   TOUCH_MOTION              2  +63.284s	0 (0) 28.32/78.91 (90.67/142.17mm)
1787603645.815  event6   TOUCH_FRAME                  +63.284s	
1787603645.824  event6   TOUCH_MOTION              2  +63.292s	0 (0) 28.32/79.00 (90.67/142.33mm)
1787603645.824  event6   TOUCH_FRAME                  +63.292s	
1787603645.833  event6   TOUCH_MOTION              2  +63.301s	0 (0) 28.32/79.09 (90.67/142.50mm)
1787603645.833  event6   TOUCH_FRAME                  +63.301s	
1787603645.860  event6   TOUCH_MOTION              2  +63.329s	1 (1) 48.36/25.53 (154.83/46.00mm)
1787603645.860  event6   TOUCH_FRAME                  +63.329s	
1787603645.869  event6   TOUCH_MOTION              2  +63.337s	0 (0) 28.37/79.09 (90.83/142.50mm)
1787603645.869  event6   TOUCH_MOTION              3  +63.337s	1 (1) 48.36/25.72 (154.83/46.33mm)
1787603645.869  event6   TOUCH_FRAME                  +63.337s	
1787603645.879  event6   TOUCH_MOTION              2  +63.348s	0 (0) 28.53/78.72 (91.33/141.83mm)
1787603645.879  event6   TOUCH_MOTION              3  +63.348s	1 (1) 48.26/25.99 (154.50/46.83mm)
1787603645.879  event6   TOUCH_FRAME                  +63.348s	
1787603645.888  event6   TOUCH_MOTION              2  +63.357s	0 (0) 28.63/78.45 (91.67/141.33mm)
1787603645.888  event6   TOUCH_MOTION              3  +63.357s	1 (1) 48.15/26.27 (154.17/47.33mm)
1787603645.888  event6   TOUCH_FRAME                  +63.357s	
1787603645.897  event6   TOUCH_MOTION              2  +63.366s	0 (0) 28.79/77.98 (92.17/140.50mm)
1787603645.897  event6   TOUCH_MOTION              3  +63.366s	1 (1) 47.94/26.64 (153.50/48.00mm)
1787603645.897  event6   TOUCH_FRAME                  +63.366s	
1787603645.906  event6   TOUCH_MOTION              2  +63.374s	0 (0) 29.00/77.71 (92.83/140.00mm)
1787603645.906  event6   TOUCH_MOTION              3  +63.374s	1 (1) 47.79/27.10 (153.00/48.83mm)
1787603645.906  event6   TOUCH_FRAME                  +63.374s	
1787603645.915  event6   TOUCH_MOTION              2  +63.384s	0 (0) 29.15/77.34 (93.33/139.33mm)
1787603645.915  event6   TOUCH_MOTION              3  +63.384s	1 (1) 47.58/27.57 (152.33/49.67mm)
1787603645.915  event6   TOUCH_FRAME                  +63.384s	
1787603645.924  event6   TOUCH_MOTION              2  +63.393s	0 (0) 29.36/76.97 (94.00/138.67mm)
1787603645.924  event6   TOUCH_MOTION              3  +63.393s	1 (1) 47.32/28.12 (151.50/50.67mm)
1787603645.924  event6   TOUCH_FRAME                  +63.393s	
1787603645.933  event6   TOUCH_MOTION              2  +63.401s	0 (0) 29.57/76.50 (94.67/137.83mm)
1787603645.933  event6   TOUCH_MOTION              3  +63.401s	1 (1) 47.06/28.68 (150.67/51.67mm)
1787603645.933  event6   TOUCH_FRAME                  +63.401s	
1787603645.942  event6   TOUCH_MOTION              2  +63.411s	0 (0) 29.83/76.04 (95.50/137.00mm)
1787603645.942  event6   TOUCH_MOTION              3  +63.411s	1 (1) 46.85/29.23 (150.00/52.67mm)
1787603645.942  event6   TOUCH_FRAME                  +63.411s	
1787603645.951  event6   TOUCH_MOTION              2  +63.419s	0 (0) 30.09/75.67 (96.33/136.33mm)
1787603645.951  event6   TOUCH_MOTION              3  +63.419s	1 (1) 46.59/29.88 (149.17/53.83mm)
1787603645.951  event6   TOUCH_FRAME                  +63.419s	
1787603645.961  event6   TOUCH_MOTION              2  +63.430s	0 (0) 30.30/75.21 (97.00/135.50mm)
1787603645.961  event6   TOUCH_MOTION              3  +63.430s	1 (1) 46.33/30.62 (148.33/55.17mm)
1787603645.961  event6   TOUCH_FRAME                  +63.430s	
1787603645.970  event6   TOUCH_MOTION              2  +63.438s	0 (0) 30.56/74.84 (97.83/134.83mm)
1787603645.970  event6   TOUCH_MOTION              3  +63.438s	1 (1) 46.02/31.27 (147.33/56.33mm)
1787603645.970  event6   TOUCH_FRAME                  +63.438s	
1787603645.979  event6   TOUCH_MOTION              2  +63.448s	0 (0) 30.82/74.38 (98.67/134.00mm)
1787603645.979  event6   TOUCH_MOTION              3  +63.448s	1 (1) 45.71/31.91 (146.33/57.50mm)
1787603645.979  event6   TOUCH_FRAME                  +63.448s	
1787603645.988  event6   TOUCH_MOTION              2  +63.456s	0 (0) 31.08/73.91 (99.50/133.17mm)
1787603645.988  event6   TOUCH_MOTION              3  +63.456s	1 (1) 45.50/32.56 (145.67/58.67mm)
1787603645.988  event6   TOUCH_FRAME                  +63.456s	
1787603645.997  event6   TOUCH_MOTION              2  +63.466s	0 (0) 31.34/73.45 (100.33/132.33mm)
1787603645.997  event6   TOUCH_MOTION              3  +63.466s	1 (1) 45.24/33.30 (144.83/60.00mm)
1787603645.997  event6   TOUCH_FRAME                  +63.466s	
1787603646.006  event6   TOUCH_MOTION              2  +63.475s	0 (0) 31.55/73.08 (101.00/131.67mm)
1787603646.006  event6   TOUCH_MOTION              3  +63.475s	1 (1) 44.98/34.04 (144.00/61.33mm)
1787603646.006  event6   TOUCH_FRAME                  +63.475s	
1787603646.015  event6   TOUCH_MOTION              2  +63.484s	0 (0) 31.70/72.71 (101.50/131.00mm)
1787603646.015  event6   TOUCH_MOTION              3  +63.484s	1 (1) 44.66/34.69 (143.00/62.50mm)
1787603646.015  event6   TOUCH_FRAME                  +63.484s	
1787603646.024  event6   TOUCH_MOTION              2  +63.493s	0 (0) 31.91/72.34 (102.17/130.33mm)
1787603646.024  event6   TOUCH_MOTION              3  +63.493s	1 (1) 44.35/35.34 (142.00/63.67mm)
1787603646.024  event6   TOUCH_FRAME                  +63.493s	
1787603646.034  event6   TOUCH_MOTION              2  +63.503s	0 (0) 32.12/71.88 (102.83/129.50mm)
1787603646.034  event6   TOUCH_MOTION              3  +63.503s	1 (1) 44.14/35.99 (141.33/64.83mm)
1787603646.034  event6   TOUCH_FRAME                  +63.503s	
1787603646.043  event6   TOUCH_MOTION              2  +63.511s	0 (0) 32.33/71.51 (103.50/128.83mm)
1787603646.043  event6   TOUCH_MOTION              3  +63.511s	1 (1) 43.88/36.63 (140.50/66.00mm)
1787603646.043  event6   TOUCH_FRAME                  +63.511s	
1787603646.052  event6   TOUCH_MOTION              2  +63.521s	0 (0) 32.54/71.14 (104.17/128.17mm)
1787603646.052  event6   TOUCH_MOTION              3  +63.521s	1 (1) 43.62/37.37 (139.67/67.33mm)
1787603646.052  event6   TOUCH_FRAME                  +63.521s	
1787603646.061  event6   TOUCH_MOTION              2  +63.529s	0 (0) 32.80/70.77 (105.00/127.50mm)
1787603646.061  event6   TOUCH_MOTION              3  +63.529s	1 (1) 43.31/37.93 (138.67/68.33mm)
1787603646.061  event6   TOUCH_FRAME                  +63.529s	
1787603646.070  event6   TOUCH_MOTION              2  +63.539s	0 (0) 32.95/70.49 (105.50/127.00mm)
1787603646.071  event6   TOUCH_MOTION              3  +63.539s	1 (1) 43.05/38.48 (137.83/69.33mm)
1787603646.071  event6   TOUCH_FRAME                  +63.539s	
1787603646.079  event6   TOUCH_MOTION              2  +63.548s	0 (0) 33.11/70.21 (106.00/126.50mm)
1787603646.079  event6   TOUCH_MOTION              3  +63.548s	1 (1) 42.84/38.95 (137.17/70.17mm)
1787603646.079  event6   TOUCH_FRAME                  +63.548s	
1787603646.088  event6   TOUCH_MOTION              2  +63.556s	0 (0) 33.21/69.94 (106.33/126.00mm)
1787603646.088  event6   TOUCH_MOTION              3  +63.556s	1 (1) 42.69/39.41 (136.67/71.00mm)
1787603646.088  event6   TOUCH_FRAME                  +63.556s	
1787603646.097  event6   TOUCH_MOTION              2  +63.565s	0 (0) 33.37/69.47 (106.83/125.17mm)
1787603646.097  event6   TOUCH_MOTION              3  +63.565s	1 (1) 42.53/39.87 (136.17/71.83mm)
1787603646.097  event6   TOUCH_FRAME                  +63.565s	
1787603646.107  event6   TOUCH_MOTION              2  +63.575s	0 (0) 33.52/69.10 (107.33/124.50mm)
1787603646.107  event6   TOUCH_MOTION              3  +63.575s	1 (1) 42.37/40.33 (135.67/72.67mm)
1787603646.107  event6   TOUCH_FRAME                  +63.575s	
1787603646.116  event6   TOUCH_MOTION              2  +63.584s	0 (0) 33.68/68.73 (107.83/123.83mm)
1787603646.116  event6   TOUCH_MOTION              3  +63.584s	1 (1) 42.17/40.80 (135.00/73.50mm)
1787603646.116  event6   TOUCH_FRAME                  +63.584s	
1787603646.125  event6   TOUCH_MOTION              2  +63.594s	0 (0) 33.89/68.36 (108.50/123.17mm)
1787603646.125  event6   TOUCH_MOTION              3  +63.594s	1 (1) 42.06/41.26 (134.67/74.33mm)
1787603646.125  event6   TOUCH_FRAME                  +63.594s	
1787603646.134  event6   TOUCH_MOTION              2  +63.603s	0 (0) 34.10/67.90 (109.17/122.33mm)
1787603646.134  event6   TOUCH_MOTION              3  +63.603s	1 (1) 41.91/41.72 (134.17/75.17mm)
1787603646.134  event6   TOUCH_FRAME                  +63.603s	
1787603646.143  event6   TOUCH_MOTION              2  +63.611s	0 (0) 34.31/67.44 (109.83/121.50mm)
1787603646.143  event6   TOUCH_MOTION              3  +63.611s	1 (1) 41.70/42.18 (133.50/76.00mm)
1787603646.143  event6   TOUCH_FRAME                  +63.611s	
1787603646.152  event6   TOUCH_MOTION              2  +63.620s	0 (0) 34.57/66.98 (110.67/120.67mm)
1787603646.152  event6   TOUCH_MOTION              3  +63.620s	1 (1) 41.59/42.65 (133.17/76.83mm)
1787603646.152  event6   TOUCH_FRAME                  +63.620s	
1787603646.162  event6   TOUCH_MOTION              2  +63.631s	0 (0) 34.67/66.79 (111.00/120.33mm)
1787603646.162  event6   TOUCH_MOTION              3  +63.631s	1 (1) 41.54/42.74 (133.00/77.00mm)
1787603646.162  event6   TOUCH_FRAME                  +63.631s	
1787603646.172  event6   TOUCH_MOTION              2  +63.641s	0 (0) 34.77/66.51 (111.33/119.83mm)
1787603646.172  event6   TOUCH_MOTION              3  +63.641s	1 (1) 41.49/43.02 (132.83/77.50mm)
1787603646.172  event6   TOUCH_FRAME                  +63.641s	
1787603646.182  event6   TOUCH_MOTION              2  +63.651s	0 (0) 34.98/66.14 (112.00/119.17mm)
1787603646.182  event6   TOUCH_MOTION              3  +63.651s	1 (1) 41.38/43.20 (132.50/77.83mm)
1787603646.182  event6   TOUCH_FRAME                  +63.651s	
1787603646.192  event6   TOUCH_MOTION              2  +63.661s	0 (0) 35.09/65.86 (112.33/118.67mm)
1787603646.192  event6   TOUCH_MOTION              3  +63.661s	1 (1) 41.33/43.48 (132.33/78.33mm)
1787603646.192  event6   TOUCH_FRAME                  +63.661s	
1787603646.202  event6   TOUCH_MOTION              2  +63.670s	0 (0) 35.24/65.49 (112.83/118.00mm)
1787603646.202  event6   TOUCH_MOTION              3  +63.670s	1 (1) 41.28/43.66 (132.17/78.67mm)
1787603646.202  event6   TOUCH_FRAME                  +63.670s	
1787603646.212  event6   TOUCH_MOTION              2  +63.681s	0 (0) 35.45/65.12 (113.50/117.33mm)
1787603646.212  event6   TOUCH_MOTION              3  +63.681s	1 (1) 41.23/43.85 (132.00/79.00mm)
1787603646.212  event6   TOUCH_FRAME                  +63.681s	
1787603646.221  event6   TOUCH_MOTION              2  +63.690s	0 (0) 35.66/64.75 (114.17/116.67mm)
1787603646.221  event6   TOUCH_MOTION              3  +63.690s	1 (1) 41.23/43.94 (132.00/79.17mm)
1787603646.221  event6   TOUCH_FRAME                  +63.690s	
1787603646.231  event6   TOUCH_MOTION              2  +63.700s	0 (0) 35.87/64.29 (114.83/115.83mm)
1787603646.231  event6   TOUCH_MOTION              3  +63.700s	1 (1) 41.18/44.13 (131.83/79.50mm)
1787603646.231  event6   TOUCH_FRAME                  +63.700s	
1787603646.241  event6   TOUCH_MOTION              2  +63.709s	0 (0) 36.07/63.92 (115.50/115.17mm)
1787603646.241  event6   TOUCH_MOTION              3  +63.709s	1 (1) 41.12/44.22 (131.67/79.67mm)
1787603646.241  event6   TOUCH_FRAME                  +63.709s	
1787603646.251  event6   TOUCH_MOTION              2  +63.719s	0 (0) 36.23/63.46 (116.00/114.33mm)
1787603646.251  event6   TOUCH_MOTION              3  +63.719s	1 (1) 41.07/44.31 (131.50/79.83mm)
1787603646.251  event6   TOUCH_FRAME                  +63.719s	
1787603646.261  event6   TOUCH_MOTION              2  +63.730s	0 (0) 36.39/63.09 (116.50/113.67mm)
1787603646.261  event6   TOUCH_MOTION              3  +63.730s	1 (1) 41.02/44.50 (131.33/80.17mm)
1787603646.261  event6   TOUCH_FRAME                  +63.730s	
1787603646.271  event6   TOUCH_MOTION              2  +63.739s	0 (0) 36.54/62.72 (117.00/113.00mm)
1787603646.271  event6   TOUCH_MOTION              3  +63.739s	1 (1) 40.97/44.68 (131.17/80.50mm)
1787603646.271  event6   TOUCH_FRAME                  +63.739s	
1787603646.281  event6   TOUCH_MOTION              2  +63.750s	0 (0) 36.80/62.35 (117.83/112.33mm)
1787603646.281  event6   TOUCH_MOTION              3  +63.750s	1 (1) 40.81/44.96 (130.67/81.00mm)
1787603646.281  event6   TOUCH_FRAME                  +63.750s	
1787603646.290  event6   TOUCH_MOTION              2  +63.758s	0 (0) 37.01/61.89 (118.50/111.50mm)
1787603646.290  event6   TOUCH_MOTION              3  +63.758s	1 (1) 40.71/45.33 (130.33/81.67mm)
1787603646.290  event6   TOUCH_FRAME                  +63.758s	
1787603646.300  event6   TOUCH_MOTION              2  +63.768s	0 (0) 37.22/61.42 (119.17/110.67mm)
1787603646.300  event6   TOUCH_MOTION              3  +63.768s	1 (1) 40.60/45.70 (130.00/82.33mm)
1787603646.300  event6   TOUCH_FRAME                  +63.768s	
1787603646.310  event6   TOUCH_MOTION              2  +63.779s	0 (0) 37.38/61.05 (119.67/110.00mm)
1787603646.310  event6   TOUCH_MOTION              3  +63.779s	1 (1) 40.45/45.98 (129.50/82.83mm)
1787603646.310  event6   TOUCH_FRAME                  +63.779s	
1787603646.320  event6   TOUCH_MOTION              2  +63.789s	0 (0) 37.48/60.68 (120.00/109.33mm)
1787603646.320  event6   TOUCH_MOTION              3  +63.789s	1 (1) 40.34/46.25 (129.17/83.33mm)
1787603646.320  event6   TOUCH_FRAME                  +63.789s	
1787603646.330  event6   TOUCH_MOTION              2  +63.799s	0 (0) 37.64/60.31 (120.50/108.67mm)
1787603646.330  event6   TOUCH_MOTION              3  +63.799s	1 (1) 40.29/46.53 (129.00/83.83mm)
1787603646.330  event6   TOUCH_FRAME                  +63.799s	
1787603646.340  event6   TOUCH_MOTION              2  +63.809s	0 (0) 37.74/60.04 (120.83/108.17mm)
1787603646.340  event6   TOUCH_MOTION              3  +63.809s	1 (1) 40.19/46.62 (128.67/84.00mm)
1787603646.340  event6   TOUCH_FRAME                  +63.809s	
1787603646.350  event6   TOUCH_MOTION              2  +63.818s	0 (0) 37.84/59.76 (121.17/107.67mm)
1787603646.350  event6   TOUCH_MOTION              3  +63.818s	1 (1) 40.14/46.81 (128.50/84.33mm)
1787603646.350  event6   TOUCH_FRAME                  +63.818s	
1787603646.360  event6   TOUCH_MOTION              2  +63.828s	0 (0) 37.90/59.39 (121.33/107.00mm)
1787603646.360  event6   TOUCH_MOTION              3  +63.828s	1 (1) 40.03/46.90 (128.17/84.50mm)
1787603646.360  event6   TOUCH_FRAME                  +63.828s	
1787603646.369  event6   TOUCH_MOTION              2  +63.837s	0 (0) 38.00/59.11 (121.67/106.50mm)
1787603646.369  event6   TOUCH_MOTION              3  +63.837s	1 (1) 39.98/46.90 (128.00/84.50mm)
1787603646.369  event6   TOUCH_FRAME                  +63.837s	
1787603646.379  event6   TOUCH_MOTION              2  +63.848s	0 (0) 38.05/58.83 (121.83/106.00mm)
1787603646.379  event6   TOUCH_MOTION              3  +63.848s	1 (1) 39.93/46.99 (127.83/84.67mm)
1787603646.379  event6   TOUCH_FRAME                  +63.848s	
1787603646.389  event6   TOUCH_MOTION              2  +63.858s	0 (0) 38.11/58.56 (122.00/105.50mm)
1787603646.389  event6   TOUCH_FRAME                  +63.858s	
1787603646.399  event6   TOUCH_MOTION              2  +63.868s	0 (0) 38.11/58.28 (122.00/105.00mm)
1787603646.400  event6   TOUCH_MOTION              3  +63.868s	1 (1) 39.88/46.99 (127.67/84.67mm)
1787603646.400  event6   TOUCH_FRAME                  +63.868s	
1787603646.409  event6   TOUCH_MOTION              2  +63.878s	0 (0) 38.16/57.91 (122.17/104.33mm)
1787603646.409  event6   TOUCH_MOTION              3  +63.878s	1 (1) 39.82/46.99 (127.50/84.67mm)
1787603646.409  event6   TOUCH_FRAME                  +63.878s	
1787603646.419  event6   TOUCH_MOTION              2  +63.887s	0 (0) 38.21/57.63 (122.33/103.83mm)
1787603646.419  event6   TOUCH_FRAME                  +63.887s	
1787603646.470  event6   TOUCH_UP                     +63.938s	0 (0)
1787603646.470  event6   TOUCH_UP                     +63.938s	1 (1)
1787603646.470  event6   TOUCH_FRAME                  +63.938s	
1787603647.286  event6   TOUCH_DOWN                   +64.755s	0 (0) 30.30/51.99 (97.00/93.67mm)
1787603647.286  event6   TOUCH_DOWN                   +64.755s	1 (1) 38.11/55.04 (122.00/99.17mm)
1787603647.286  event6   TOUCH_DOWN                   +64.755s	2 (2) 25.25/61.61 (80.83/111.00mm)
1787603647.286  event6   TOUCH_FRAME                  +64.755s	
1787603647.350  event6   TOUCH_MOTION                 +64.819s	0 (0) 30.87/51.99 (98.83/93.67mm)
1787603647.350  event6   TOUCH_FRAME                  +64.819s	
1787603647.359  event6   TOUCH_MOTION              2  +64.828s	0 (0) 31.13/51.90 (99.67/93.50mm)
1787603647.360  event6   TOUCH_MOTION              3  +64.828s	1 (1) 38.57/55.04 (123.50/99.17mm)
1787603647.360  event6   TOUCH_FRAME                  +64.828s	
1787603647.368  event6   TOUCH_MOTION              2  +64.837s	0 (0) 31.39/51.80 (100.50/93.33mm)
1787603647.368  event6   TOUCH_MOTION              3  +64.837s	1 (1) 38.83/55.04 (124.33/99.17mm)
1787603647.368  event6   TOUCH_MOTION              4  +64.837s	2 (2) 25.72/61.61 (82.33/111.00mm)
1787603647.368  event6   TOUCH_FRAME                  +64.837s	
1787603647.378  event6   TOUCH_MOTION              2  +64.846s	0 (0) 31.65/51.80 (101.33/93.33mm)
1787603647.378  event6   TOUCH_MOTION              3  +64.846s	1 (1) 39.09/55.04 (125.17/99.17mm)
1787603647.378  event6   TOUCH_MOTION              4  +64.846s	2 (2) 25.92/61.61 (83.00/111.00mm)
1787603647.378  event6   TOUCH_FRAME                  +64.846s	
1787603647.386  event6   TOUCH_MOTION              2  +64.855s	0 (0) 31.96/51.71 (102.33/93.17mm)
1787603647.386  event6   TOUCH_MOTION              3  +64.855s	1 (1) 39.41/55.04 (126.17/99.17mm)
1787603647.387  event6   TOUCH_MOTION              4  +64.855s	2 (2) 26.18/61.52 (83.83/110.83mm)
1787603647.387  event6   TOUCH_FRAME                  +64.855s	
1787603647.395  event6   TOUCH_MOTION              2  +64.864s	0 (0) 32.33/51.62 (103.50/93.00mm)
1787603647.395  event6   TOUCH_MOTION              3  +64.864s	1 (1) 39.67/55.04 (127.00/99.17mm)
1787603647.395  event6   TOUCH_MOTION              4  +64.864s	2 (2) 26.50/61.42 (84.83/110.67mm)
1787603647.395  event6   TOUCH_FRAME                  +64.864s	
1787603647.404  event6   TOUCH_MOTION              2  +64.873s	0 (0) 32.69/51.53 (104.67/92.83mm)
1787603647.405  event6   TOUCH_MOTION              3  +64.873s	1 (1) 40.03/55.04 (128.17/99.17mm)
1787603647.405  event6   TOUCH_MOTION              4  +64.873s	2 (2) 26.81/61.33 (85.83/110.50mm)
1787603647.405  event6   TOUCH_FRAME                  +64.873s	
1787603647.414  event6   TOUCH_MOTION              2  +64.883s	0 (0) 33.11/51.43 (106.00/92.67mm)
1787603647.414  event6   TOUCH_MOTION              3  +64.883s	1 (1) 40.45/55.04 (129.50/99.17mm)
1787603647.414  event6   TOUCH_MOTION              4  +64.883s	2 (2) 27.17/61.24 (87.00/110.33mm)
1787603647.414  event6   TOUCH_FRAME                  +64.883s	
1787603647.423  event6   TOUCH_MOTION              2  +64.892s	0 (0) 33.58/51.43 (107.50/92.67mm)
1787603647.424  event6   TOUCH_MOTION              3  +64.892s	1 (1) 40.86/55.04 (130.83/99.17mm)
1787603647.424  event6   TOUCH_MOTION              4  +64.892s	2 (2) 27.59/61.24 (88.33/110.33mm)
1787603647.424  event6   TOUCH_FRAME                  +64.892s	
1787603647.432  event6   TOUCH_MOTION              2  +64.901s	0 (0) 34.10/51.34 (109.17/92.50mm)
1787603647.432  event6   TOUCH_MOTION              3  +64.901s	1 (1) 41.33/55.04 (132.33/99.17mm)
1787603647.432  event6   TOUCH_MOTION              4  +64.901s	2 (2) 28.01/61.15 (89.67/110.17mm)
1787603647.432  event6   TOUCH_FRAME                  +64.901s	
1787603647.441  event6   TOUCH_MOTION              2  +64.910s	0 (0) 34.62/51.25 (110.83/92.33mm)
1787603647.441  event6   TOUCH_MOTION              3  +64.910s	1 (1) 41.91/55.04 (134.17/99.17mm)
1787603647.441  event6   TOUCH_MOTION              4  +64.910s	2 (2) 28.47/61.05 (91.17/110.00mm)
1787603647.441  event6   TOUCH_FRAME                  +64.910s	
1787603647.450  event6   TOUCH_MOTION              2  +64.919s	0 (0) 35.24/51.16 (112.83/92.17mm)
1787603647.450  event6   TOUCH_MOTION              3  +64.919s	1 (1) 42.43/55.04 (135.83/99.17mm)
1787603647.451  event6   TOUCH_MOTION              4  +64.919s	2 (2) 29.00/60.96 (92.83/109.83mm)
1787603647.451  event6   TOUCH_FRAME                  +64.919s	
1787603647.460  event6   TOUCH_MOTION              2  +64.928s	0 (0) 35.87/51.06 (114.83/92.00mm)
1787603647.460  event6   TOUCH_MOTION              3  +64.928s	1 (1) 43.05/55.13 (137.83/99.33mm)
1787603647.460  event6   TOUCH_MOTION              4  +64.928s	2 (2) 29.52/60.87 (94.50/109.67mm)
1787603647.460  event6   TOUCH_FRAME                  +64.928s	
1787603647.468  event6   TOUCH_MOTION              2  +64.937s	0 (0) 36.54/51.06 (117.00/92.00mm)
1787603647.468  event6   TOUCH_MOTION              3  +64.937s	1 (1) 43.73/55.13 (140.00/99.33mm)
1787603647.468  event6   TOUCH_MOTION              4  +64.937s	2 (2) 30.09/60.78 (96.33/109.50mm)
1787603647.468  event6   TOUCH_FRAME                  +64.937s	
1787603647.477  event6   TOUCH_MOTION              2  +64.946s	0 (0) 37.22/50.97 (119.17/91.83mm)
1787603647.477  event6   TOUCH_MOTION              3  +64.946s	1 (1) 44.35/55.13 (142.00/99.33mm)
1787603647.478  event6   TOUCH_MOTION              4  +64.946s	2 (2) 30.71/60.59 (98.33/109.17mm)
1787603647.478  event6   TOUCH_FRAME                  +64.946s	
1787603647.487  event6   TOUCH_MOTION              2  +64.956s	0 (0) 38.00/50.79 (121.67/91.50mm)
1787603647.487  event6   TOUCH_MOTION              3  +64.956s	1 (1) 45.08/55.13 (144.33/99.33mm)
1787603647.487  event6   TOUCH_MOTION              4  +64.956s	2 (2) 31.34/60.50 (100.33/109.00mm)
1787603647.487  event6   TOUCH_FRAME                  +64.956s	
1787603647.496  event6   TOUCH_MOTION              2  +64.965s	0 (0) 38.78/50.69 (124.17/91.33mm)
1787603647.496  event6   TOUCH_MOTION              3  +64.965s	1 (1) 45.86/55.23 (146.83/99.50mm)
1787603647.496  event6   TOUCH_MOTION              4  +64.965s	2 (2) 32.01/60.31 (102.50/108.67mm)
1787603647.496  event6   TOUCH_FRAME                  +64.965s	
1787603647.505  event6   TOUCH_MOTION              2  +64.974s	0 (0) 39.56/50.51 (126.67/91.00mm)
1787603647.505  event6   TOUCH_MOTION              3  +64.974s	1 (1) 46.59/55.23 (149.17/99.50mm)
1787603647.505  event6   TOUCH_MOTION              4  +64.974s	2 (2) 32.69/60.13 (104.67/108.33mm)
1787603647.505  event6   TOUCH_FRAME                  +64.974s	
1787603647.514  event6   TOUCH_MOTION              2  +64.983s	0 (0) 40.34/50.42 (129.17/90.83mm)
1787603647.514  event6   TOUCH_MOTION              3  +64.983s	1 (1) 47.37/55.23 (151.67/99.50mm)
1787603647.514  event6   TOUCH_MOTION              4  +64.983s	2 (2) 33.42/60.04 (107.00/108.17mm)
1787603647.514  event6   TOUCH_FRAME                  +64.983s	
1787603647.523  event6   TOUCH_MOTION              2  +64.992s	0 (0) 41.18/50.32 (131.83/90.67mm)
1787603647.523  event6   TOUCH_MOTION              3  +64.992s	1 (1) 48.15/55.32 (154.17/99.67mm)
1787603647.524  event6   TOUCH_MOTION              4  +64.992s	2 (2) 34.15/59.85 (109.33/107.83mm)
1787603647.524  event6   TOUCH_FRAME                  +64.992s	
1787603647.533  event6   TOUCH_MOTION              2  +65.001s	0 (0) 42.01/50.32 (134.50/90.67mm)
1787603647.533  event6   TOUCH_MOTION              3  +65.001s	1 (1) 48.93/55.41 (156.67/99.83mm)
1787603647.533  event6   TOUCH_MOTION              4  +65.001s	2 (2) 34.93/59.76 (111.83/107.67mm)
1787603647.533  event6   TOUCH_FRAME                  +65.001s	
1787603647.541  event6   TOUCH_MOTION              2  +65.010s	0 (0) 42.89/50.23 (137.33/90.50mm)
1787603647.541  event6   TOUCH_MOTION              3  +65.010s	1 (1) 49.77/55.50 (159.33/100.00mm)
1787603647.541  event6   TOUCH_MOTION              4  +65.010s	2 (2) 35.66/59.57 (114.17/107.33mm)
1787603647.541  event6   TOUCH_FRAME                  +65.010s	
1787603647.550  event6   TOUCH_MOTION              2  +65.019s	0 (0) 43.78/50.14 (140.17/90.33mm)
1787603647.550  event6   TOUCH_MOTION              3  +65.019s	1 (1) 50.60/55.60 (162.00/100.17mm)
1787603647.550  event6   TOUCH_MOTION              4  +65.019s	2 (2) 36.49/59.39 (116.83/107.00mm)
1787603647.551  event6   TOUCH_FRAME                  +65.019s	
1787603647.559  event6   TOUCH_MOTION              2  +65.028s	0 (0) 44.66/50.05 (143.00/90.17mm)
1787603647.559  event6   TOUCH_MOTION              3  +65.028s	1 (1) 51.54/55.60 (165.00/100.17mm)
1787603647.559  event6   TOUCH_MOTION              4  +65.028s	2 (2) 37.27/59.20 (119.33/106.67mm)
1787603647.559  event6   TOUCH_FRAME                  +65.028s	
1787603647.569  event6   TOUCH_MOTION              2  +65.038s	0 (0) 45.60/49.95 (146.00/90.00mm)
1787603647.569  event6   TOUCH_MOTION              3  +65.038s	1 (1) 52.42/55.69 (167.83/100.33mm)
1787603647.569  event6   TOUCH_MOTION              4  +65.038s	2 (2) 38.11/59.02 (122.00/106.33mm)
1787603647.569  event6   TOUCH_FRAME                  +65.038s	
1787603647.579  event6   TOUCH_MOTION              2  +65.047s	0 (0) 46.59/49.86 (149.17/89.83mm)
1787603647.579  event6   TOUCH_MOTION              3  +65.047s	1 (1) 53.41/55.78 (171.00/100.50mm)
1787603647.579  event6   TOUCH_MOTION              4  +65.047s	2 (2) 39.04/58.74 (125.00/105.83mm)
1787603647.579  event6   TOUCH_FRAME                  +65.047s	
1787603647.587  event6   TOUCH_MOTION              2  +65.055s	0 (0) 47.58/49.77 (152.33/89.67mm)
1787603647.587  event6   TOUCH_MOTION              3  +65.055s	1 (1) 54.40/55.87 (174.17/100.67mm)
1787603647.587  event6   TOUCH_MOTION              4  +65.055s	2 (2) 39.93/58.46 (127.83/105.33mm)
1787603647.587  event6   TOUCH_FRAME                  +65.055s	
1787603647.596  event6   TOUCH_MOTION              2  +65.065s	0 (0) 48.62/49.68 (155.67/89.50mm)
1787603647.597  event6   TOUCH_MOTION              3  +65.065s	1 (1) 55.39/55.97 (177.33/100.83mm)
1787603647.597  event6   TOUCH_MOTION              4  +65.065s	2 (2) 40.92/58.19 (131.00/104.83mm)
1787603647.597  event6   TOUCH_FRAME                  +65.065s	
1787603647.605  event6   TOUCH_MOTION              2  +65.074s	0 (0) 49.66/49.58 (159.00/89.33mm)
1787603647.605  event6   TOUCH_MOTION              3  +65.074s	1 (1) 56.43/56.15 (180.67/101.17mm)
1787603647.605  event6   TOUCH_MOTION              4  +65.074s	2 (2) 41.91/57.82 (134.17/104.17mm)
1787603647.605  event6   TOUCH_FRAME                  +65.074s	
1787603647.614  event6   TOUCH_MOTION              2  +65.083s	0 (0) 50.75/49.49 (162.50/89.17mm)
1787603647.614  event6   TOUCH_MOTION              3  +65.083s	1 (1) 57.52/56.34 (184.17/101.50mm)
1787603647.614  event6   TOUCH_MOTION              4  +65.083s	2 (2) 42.89/57.54 (137.33/103.67mm)
1787603647.614  event6   TOUCH_FRAME                  +65.083s	
1787603647.623  event6   TOUCH_MOTION              2  +65.092s	0 (0) 51.80/49.49 (165.83/89.17mm)
1787603647.623  event6   TOUCH_MOTION              3  +65.092s	1 (1) 58.56/56.52 (187.50/101.83mm)
1787603647.623  event6   TOUCH_MOTION              4  +65.092s	2 (2) 43.94/57.26 (140.67/103.17mm)
1787603647.623  event6   TOUCH_FRAME                  +65.092s	
1787603647.633  event6   TOUCH_MOTION              2  +65.101s	0 (0) 52.89/49.40 (169.33/89.00mm)
1787603647.633  event6   TOUCH_MOTION              3  +65.101s	1 (1) 59.60/56.71 (190.83/102.17mm)
1787603647.633  event6   TOUCH_MOTION              4  +65.101s	2 (2) 44.98/56.98 (144.00/102.67mm)
1787603647.633  event6   TOUCH_FRAME                  +65.101s	
1787603647.642  event6   TOUCH_MOTION              2  +65.111s	0 (0) 53.98/49.31 (172.83/88.83mm)
1787603647.642  event6   TOUCH_MOTION              3  +65.111s	1 (1) 60.65/56.80 (194.17/102.33mm)
1787603647.642  event6   TOUCH_MOTION              4  +65.111s	2 (2) 46.02/56.71 (147.33/102.17mm)
1787603647.642  event6   TOUCH_FRAME                  +65.111s	
1787603647.651  event6   TOUCH_MOTION              2  +65.120s	0 (0) 55.13/49.21 (176.50/88.67mm)
1787603647.651  event6   TOUCH_MOTION              3  +65.120s	1 (1) 61.74/57.08 (197.67/102.83mm)
1787603647.651  event6   TOUCH_MOTION              4  +65.120s	2 (2) 47.06/56.34 (150.67/101.50mm)
1787603647.651  event6   TOUCH_FRAME                  +65.120s	
1787603647.660  event6   TOUCH_MOTION              2  +65.129s	0 (0) 56.27/49.12 (180.17/88.50mm)
1787603647.661  event6   TOUCH_MOTION              3  +65.129s	1 (1) 62.78/57.17 (201.00/103.00mm)
1787603647.661  event6   TOUCH_MOTION              4  +65.129s	2 (2) 48.10/56.06 (154.00/101.00mm)
1787603647.661  event6   TOUCH_FRAME                  +65.129s	
1787603647.669  event6   TOUCH_MOTION              2  +65.137s	0 (0) 57.42/49.12 (183.83/88.50mm)
1787603647.669  event6   TOUCH_MOTION              3  +65.137s	1 (1) 63.82/57.45 (204.33/103.50mm)
1787603647.669  event6   TOUCH_MOTION              4  +65.137s	2 (2) 49.14/55.78 (157.33/100.50mm)
1787603647.669  event6   TOUCH_FRAME                  +65.137s	
1787603647.679  event6   TOUCH_MOTION              2  +65.147s	0 (0) 58.56/49.12 (187.50/88.50mm)
1787603647.679  event6   TOUCH_MOTION              3  +65.147s	1 (1) 64.91/57.63 (207.83/103.83mm)
1787603647.679  event6   TOUCH_MOTION              4  +65.147s	2 (2) 50.18/55.50 (160.67/100.00mm)
1787603647.679  event6   TOUCH_FRAME                  +65.147s	
1787603647.687  event6   TOUCH_MOTION              2  +65.155s	0 (0) 59.66/49.12 (191.00/88.50mm)
1787603647.687  event6   TOUCH_MOTION              3  +65.155s	1 (1) 65.96/57.82 (211.17/104.17mm)
1787603647.687  event6   TOUCH_MOTION              4  +65.155s	2 (2) 51.28/55.23 (164.17/99.50mm)
1787603647.687  event6   TOUCH_FRAME                  +65.155s	
1787603647.696  event6   TOUCH_MOTION              2  +65.165s	0 (0) 60.75/49.12 (194.50/88.50mm)
1787603647.696  event6   TOUCH_MOTION              3  +65.165s	1 (1) 67.00/58.09 (214.50/104.67mm)
1787603647.696  event6   TOUCH_MOTION              4  +65.165s	2 (2) 52.26/54.95 (167.33/99.00mm)
1787603647.696  event6   TOUCH_FRAME                  +65.165s	
1787603647.705  event6   TOUCH_MOTION              2  +65.174s	0 (0) 61.84/49.12 (198.00/88.50mm)
1787603647.705  event6   TOUCH_MOTION              3  +65.174s	1 (1) 68.04/58.37 (217.83/105.17mm)
1787603647.705  event6   TOUCH_MOTION              4  +65.174s	2 (2) 53.31/54.76 (170.67/98.67mm)
1787603647.705  event6   TOUCH_FRAME                  +65.174s	
1787603647.715  event6   TOUCH_MOTION              2  +65.184s	0 (0) 62.94/49.12 (201.50/88.50mm)
1787603647.715  event6   TOUCH_MOTION              3  +65.184s	1 (1) 69.13/58.65 (221.33/105.67mm)
1787603647.715  event6   TOUCH_MOTION              4  +65.184s	2 (2) 54.29/54.49 (173.83/98.17mm)
1787603647.715  event6   TOUCH_FRAME                  +65.184s	
1787603647.724  event6   TOUCH_MOTION              2  +65.193s	0 (0) 64.03/49.12 (205.00/88.50mm)
1787603647.724  event6   TOUCH_MOTION              3  +65.193s	1 (1) 70.17/59.02 (224.67/106.33mm)
1787603647.724  event6   TOUCH_MOTION              4  +65.193s	2 (2) 55.28/54.30 (177.00/97.83mm)
1787603647.724  event6   TOUCH_FRAME                  +65.193s	
1787603647.733  event6   TOUCH_MOTION              2  +65.202s	0 (0) 65.12/49.12 (208.50/88.50mm)
1787603647.733  event6   TOUCH_MOTION              3  +65.202s	1 (1) 71.16/59.30 (227.83/106.83mm)
1787603647.733  event6   TOUCH_MOTION              4  +65.202s	2 (2) 56.38/54.12 (180.50/97.50mm)
1787603647.733  event6   TOUCH_FRAME                  +65.202s	
1787603647.742  event6   TOUCH_MOTION              2  +65.211s	0 (0) 66.22/49.12 (212.00/88.50mm)
1787603647.743  event6   TOUCH_MOTION              3  +65.211s	1 (1) 72.20/59.67 (231.17/107.50mm)
1787603647.743  event6   TOUCH_MOTION              4  +65.211s	2 (2) 57.42/53.93 (183.83/97.17mm)
1787603647.743  event6   TOUCH_FRAME                  +65.211s	
1787603647.751  event6   TOUCH_MOTION              2  +65.220s	0 (0) 67.36/49.21 (215.67/88.67mm)
1787603647.751  event6   TOUCH_MOTION              3  +65.220s	1 (1) 73.19/60.04 (234.33/108.17mm)
1787603647.751  event6   TOUCH_MOTION              4  +65.220s	2 (2) 58.46/53.75 (187.17/96.83mm)
1787603647.751  event6   TOUCH_FRAME                  +65.220s	
1787603647.760  event6   TOUCH_MOTION              2  +65.229s	0 (0) 68.45/49.40 (219.17/89.00mm)
1787603647.761  event6   TOUCH_MOTION              3  +65.229s	1 (1) 74.18/60.50 (237.50/109.00mm)
1787603647.761  event6   TOUCH_MOTION              4  +65.229s	2 (2) 59.50/53.65 (190.50/96.67mm)
1787603647.761  event6   TOUCH_FRAME                  +65.229s	
1787603647.769  event6   TOUCH_MOTION              2  +65.237s	0 (0) 69.50/49.49 (222.50/89.17mm)
1787603647.769  event6   TOUCH_MOTION              3  +65.237s	1 (1) 75.17/60.87 (240.67/109.67mm)
1787603647.769  event6   TOUCH_MOTION              4  +65.237s	2 (2) 60.54/53.47 (193.83/96.33mm)
1787603647.769  event6   TOUCH_FRAME                  +65.237s	
1787603647.778  event6   TOUCH_MOTION              2  +65.247s	0 (0) 70.54/49.77 (225.83/89.67mm)
1787603647.778  event6   TOUCH_MOTION              3  +65.247s	1 (1) 76.05/61.33 (243.50/110.50mm)
1787603647.778  event6   TOUCH_MOTION              4  +65.247s	2 (2) 61.53/53.28 (197.00/96.00mm)
1787603647.778  event6   TOUCH_FRAME                  +65.247s	
1787603647.788  event6   TOUCH_MOTION              2  +65.257s	0 (0) 71.58/49.95 (229.17/90.00mm)
1787603647.788  event6   TOUCH_MOTION              3  +65.257s	1 (1) 76.94/61.79 (246.33/111.33mm)
1787603647.788  event6   TOUCH_MOTION              4  +65.257s	2 (2) 62.57/53.19 (200.33/95.83mm)
1787603647.788  event6   TOUCH_FRAME                  +65.257s	
1787603647.797  event6   TOUCH_MOTION              2  +65.266s	0 (0) 72.51/50.23 (232.17/90.50mm)
1787603647.797  event6   TOUCH_MOTION              3  +65.266s	1 (1) 77.77/62.26 (249.00/112.17mm)
1787603647.797  event6   TOUCH_MOTION              4  +65.266s	2 (2) 63.56/53.10 (203.50/95.67mm)
1787603647.797  event6   TOUCH_FRAME                  +65.266s	
1787603647.806  event6   TOUCH_MOTION              2  +65.275s	0 (0) 73.45/50.42 (235.17/90.83mm)
1787603647.807  event6   TOUCH_MOTION              3  +65.275s	1 (1) 78.55/62.72 (251.50/113.00mm)
1787603647.807  event6   TOUCH_MOTION              4  +65.275s	2 (2) 64.45/53.01 (206.33/95.50mm)
1787603647.807  event6   TOUCH_FRAME                  +65.275s	
1787603647.815  event6   TOUCH_MOTION              2  +65.284s	0 (0) 74.28/50.69 (237.83/91.33mm)
1787603647.815  event6   TOUCH_MOTION              3  +65.284s	1 (1) 79.28/63.18 (253.83/113.83mm)
1787603647.815  event6   TOUCH_MOTION              4  +65.284s	2 (2) 65.28/52.91 (209.00/95.33mm)
1787603647.815  event6   TOUCH_FRAME                  +65.284s	
1787603647.824  event6   TOUCH_MOTION              2  +65.293s	0 (0) 75.07/50.88 (240.33/91.67mm)
1787603647.824  event6   TOUCH_MOTION              3  +65.293s	1 (1) 79.91/63.55 (255.83/114.50mm)
1787603647.824  event6   TOUCH_MOTION              4  +65.293s	2 (2) 66.01/52.91 (211.33/95.33mm)
1787603647.824  event6   TOUCH_FRAME                  +65.293s	
1787603647.833  event6   TOUCH_MOTION              2  +65.302s	0 (0) 75.69/51.06 (242.33/92.00mm)
1787603647.833  event6   TOUCH_MOTION              3  +65.302s	1 (1) 80.53/63.92 (257.83/115.17mm)
1787603647.833  event6   TOUCH_MOTION              4  +65.302s	2 (2) 66.74/52.91 (213.67/95.33mm)
1787603647.833  event6   TOUCH_FRAME                  +65.302s	
1787603647.842  event6   TOUCH_MOTION              2  +65.311s	0 (0) 76.26/51.34 (244.17/92.50mm)
1787603647.843  event6   TOUCH_MOTION              3  +65.311s	1 (1) 81.00/64.29 (259.33/115.83mm)
1787603647.843  event6   TOUCH_MOTION              4  +65.311s	2 (2) 67.36/52.91 (215.67/95.33mm)
1787603647.843  event6   TOUCH_FRAME                  +65.311s	
1787603647.851  event6   TOUCH_MOTION              2  +65.319s	0 (0) 76.78/51.53 (245.83/92.83mm)
1787603647.851  event6   TOUCH_MOTION              3  +65.319s	1 (1) 81.42/64.66 (260.67/116.50mm)
1787603647.851  event6   TOUCH_MOTION              4  +65.319s	2 (2) 67.93/52.91 (217.50/95.33mm)
1787603647.851  event6   TOUCH_FRAME                  +65.319s	
1787603647.861  event6   TOUCH_MOTION              2  +65.330s	0 (0) 77.20/51.80 (247.17/93.33mm)
1787603647.861  event6   TOUCH_MOTION              3  +65.330s	1 (1) 81.78/65.03 (261.83/117.17mm)
1787603647.861  event6   TOUCH_MOTION              4  +65.330s	2 (2) 68.40/52.91 (219.00/95.33mm)
1787603647.861  event6   TOUCH_FRAME                  +65.330s	
1787603647.870  event6   TOUCH_MOTION              2  +65.339s	0 (0) 77.56/51.99 (248.33/93.67mm)
1787603647.870  event6   TOUCH_MOTION              3  +65.339s	1 (1) 82.09/65.31 (262.83/117.67mm)
1787603647.870  event6   TOUCH_MOTION              4  +65.339s	2 (2) 68.77/52.91 (220.17/95.33mm)
1787603647.870  event6   TOUCH_FRAME                  +65.339s	
1787603647.879  event6   TOUCH_MOTION              2  +65.348s	0 (0) 77.82/52.17 (249.17/94.00mm)
1787603647.879  event6   TOUCH_MOTION              3  +65.348s	1 (1) 82.30/65.59 (263.50/118.17mm)
1787603647.879  event6   TOUCH_MOTION              4  +65.348s	2 (2) 69.13/52.91 (221.33/95.33mm)
1787603647.879  event6   TOUCH_FRAME                  +65.348s	
1787603647.888  event6   TOUCH_MOTION              2  +65.357s	0 (0) 78.08/52.27 (250.00/94.17mm)
1787603647.888  event6   TOUCH_MOTION              3  +65.357s	1 (1) 82.51/65.77 (264.17/118.50mm)
1787603647.888  event6   TOUCH_MOTION              4  +65.357s	2 (2) 69.39/52.91 (222.17/95.33mm)
1787603647.889  event6   TOUCH_FRAME                  +65.357s	
1787603647.897  event6   TOUCH_MOTION              2  +65.366s	0 (0) 78.29/52.45 (250.67/94.50mm)
1787603647.897  event6   TOUCH_MOTION              3  +65.366s	1 (1) 82.72/66.05 (264.83/119.00mm)
1787603647.897  event6   TOUCH_MOTION              4  +65.366s	2 (2) 69.60/52.91 (222.83/95.33mm)
1787603647.897  event6   TOUCH_FRAME                  +65.366s	
1787603647.906  event6   TOUCH_MOTION              2  +65.375s	0 (0) 78.50/52.54 (251.33/94.67mm)
1787603647.906  event6   TOUCH_MOTION              3  +65.375s	1 (1) 82.82/66.23 (265.17/119.33mm)
1787603647.906  event6   TOUCH_MOTION              4  +65.375s	2 (2) 69.81/53.01 (223.50/95.50mm)
1787603647.906  event6   TOUCH_FRAME                  +65.375s	
1787603647.915  event6   TOUCH_MOTION              2  +65.384s	0 (0) 78.55/52.73 (251.50/95.00mm)
1787603647.915  event6   TOUCH_MOTION              3  +65.384s	1 (1) 82.93/66.42 (265.50/119.67mm)
1787603647.915  event6   TOUCH_MOTION              4  +65.384s	2 (2) 69.91/53.10 (223.83/95.67mm)
1787603647.915  event6   TOUCH_FRAME                  +65.384s	
1787603647.924  event6   TOUCH_MOTION              2  +65.393s	0 (0) 78.66/52.91 (251.83/95.33mm)
1787603647.924  event6   TOUCH_MOTION              3  +65.393s	1 (1) 82.98/66.60 (265.67/120.00mm)
1787603647.924  event6   TOUCH_MOTION              4  +65.393s	2 (2) 70.02/53.19 (224.17/95.83mm)
1787603647.924  event6   TOUCH_FRAME                  +65.393s	
1787603647.934  event6   TOUCH_MOTION              2  +65.403s	0 (0) 78.71/53.01 (252.00/95.50mm)
1787603647.934  event6   TOUCH_MOTION              3  +65.403s	1 (1) 82.98/66.70 (265.67/120.17mm)
1787603647.934  event6   TOUCH_MOTION              4  +65.403s	2 (2) 70.02/53.28 (224.17/96.00mm)
1787603647.934  event6   TOUCH_FRAME                  +65.403s	
1787603647.943  event6   TOUCH_MOTION              2  +65.412s	0 (0) 78.71/53.19 (252.00/95.83mm)
1787603647.944  event6   TOUCH_MOTION              3  +65.412s	1 (1) 83.03/66.88 (265.83/120.50mm)
1787603647.944  event6   TOUCH_FRAME                  +65.412s	
1787603647.952  event6   TOUCH_MOTION              2  +65.421s	0 (0) 78.66/53.28 (251.83/96.00mm)
1787603647.952  event6   TOUCH_MOTION              3  +65.421s	1 (1) 83.03/66.98 (265.83/120.67mm)
1787603647.952  event6   TOUCH_FRAME                  +65.421s	
1787603647.962  event6   TOUCH_MOTION              2  +65.430s	0 (0) 78.55/53.47 (251.50/96.33mm)
1787603647.962  event6   TOUCH_MOTION              3  +65.430s	1 (1) 83.03/67.16 (265.83/121.00mm)
1787603647.962  event6   TOUCH_MOTION              4  +65.430s	2 (2) 69.86/53.28 (223.67/96.00mm)
1787603647.962  event6   TOUCH_FRAME                  +65.430s	
1787603647.970  event6   TOUCH_MOTION              2  +65.439s	0 (0) 78.40/53.56 (251.00/96.50mm)
1787603647.970  event6   TOUCH_MOTION              3  +65.439s	1 (1) 82.98/67.35 (265.67/121.33mm)
1787603647.970  event6   TOUCH_MOTION              4  +65.439s	2 (2) 69.65/53.28 (223.00/96.00mm)
1787603647.970  event6   TOUCH_FRAME                  +65.439s	
1787603647.979  event6   TOUCH_MOTION              2  +65.448s	0 (0) 78.19/53.65 (250.33/96.67mm)
1787603647.979  event6   TOUCH_MOTION              3  +65.448s	1 (1) 82.87/67.35 (265.33/121.33mm)
1787603647.979  event6   TOUCH_MOTION              4  +65.448s	2 (2) 69.39/53.28 (222.17/96.00mm)
1787603647.979  event6   TOUCH_FRAME                  +65.448s	
1787603647.988  event6   TOUCH_MOTION              2  +65.457s	0 (0) 77.88/53.65 (249.33/96.67mm)
1787603647.988  event6   TOUCH_MOTION              3  +65.457s	1 (1) 82.67/67.44 (264.67/121.50mm)
1787603647.988  event6   TOUCH_MOTION              4  +65.457s	2 (2) 69.08/53.28 (221.17/96.00mm)
1787603647.988  event6   TOUCH_FRAME                  +65.457s	
1787603647.997  event6   TOUCH_MOTION              2  +65.466s	0 (0) 77.56/53.65 (248.33/96.67mm)
1787603647.997  event6   TOUCH_MOTION              3  +65.466s	1 (1) 82.40/67.53 (263.83/121.67mm)
1787603647.997  event6   TOUCH_MOTION              4  +65.466s	2 (2) 68.71/53.28 (220.00/96.00mm)
1787603647.997  event6   TOUCH_FRAME                  +65.466s	
1787603648.006  event6   TOUCH_MOTION              2  +65.475s	0 (0) 77.15/53.65 (247.00/96.67mm)
1787603648.006  event6   TOUCH_MOTION              3  +65.475s	1 (1) 82.09/67.62 (262.83/121.83mm)
1787603648.006  event6   TOUCH_MOTION              4  +65.475s	2 (2) 68.25/53.28 (218.50/96.00mm)
1787603648.006  event6   TOUCH_FRAME                  +65.475s	
1787603648.016  event6   TOUCH_MOTION              2  +65.485s	0 (0) 76.68/53.65 (245.50/96.67mm)
1787603648.016  event6   TOUCH_MOTION              3  +65.485s	1 (1) 81.78/67.62 (261.83/121.83mm)
1787603648.016  event6   TOUCH_MOTION              4  +65.485s	2 (2) 67.67/53.19 (216.67/95.83mm)
1787603648.016  event6   TOUCH_FRAME                  +65.485s	
1787603648.025  event6   TOUCH_MOTION              2  +65.494s	0 (0) 76.11/53.65 (243.67/96.67mm)
1787603648.025  event6   TOUCH_MOTION              3  +65.494s	1 (1) 81.36/67.62 (260.50/121.83mm)
1787603648.025  event6   TOUCH_MOTION              4  +65.494s	2 (2) 67.10/53.01 (214.83/95.50mm)
1787603648.025  event6   TOUCH_FRAME                  +65.494s	
1787603648.034  event6   TOUCH_MOTION              2  +65.503s	0 (0) 75.48/53.65 (241.67/96.67mm)
1787603648.034  event6   TOUCH_MOTION              3  +65.503s	1 (1) 80.90/67.62 (259.00/121.83mm)
1787603648.034  event6   TOUCH_MOTION              4  +65.503s	2 (2) 66.42/52.91 (212.67/95.33mm)
1787603648.034  event6   TOUCH_FRAME                  +65.503s	
1787603648.043  event6   TOUCH_MOTION              2  +65.512s	0 (0) 74.75/53.56 (239.33/96.50mm)
1787603648.043  event6   TOUCH_MOTION              3  +65.512s	1 (1) 80.37/67.62 (257.33/121.83mm)
1787603648.043  event6   TOUCH_MOTION              4  +65.512s	2 (2) 65.64/52.82 (210.17/95.17mm)
1787603648.043  event6   TOUCH_FRAME                  +65.512s	
1787603648.052  event6   TOUCH_MOTION              2  +65.521s	0 (0) 74.02/53.38 (237.00/96.17mm)
1787603648.053  event6   TOUCH_MOTION              3  +65.521s	1 (1) 79.80/67.53 (255.50/121.67mm)
1787603648.053  event6   TOUCH_MOTION              4  +65.521s	2 (2) 64.81/52.64 (207.50/94.83mm)
1787603648.053  event6   TOUCH_FRAME                  +65.521s	
1787603648.061  event6   TOUCH_MOTION              2  +65.530s	0 (0) 73.14/53.28 (234.17/96.00mm)
1787603648.062  event6   TOUCH_MOTION              3  +65.530s	1 (1) 79.13/67.35 (253.33/121.33mm)
1787603648.062  event6   TOUCH_MOTION              4  +65.530s	2 (2) 63.87/52.54 (204.50/94.67mm)
1787603648.062  event6   TOUCH_FRAME                  +65.530s	
1787603648.070  event6   TOUCH_MOTION              2  +65.539s	0 (0) 72.25/53.01 (231.33/95.50mm)
1787603648.070  event6   TOUCH_MOTION              3  +65.539s	1 (1) 78.34/67.25 (250.83/121.17mm)
1787603648.070  event6   TOUCH_MOTION              4  +65.539s	2 (2) 62.88/52.36 (201.33/94.33mm)
1787603648.070  event6   TOUCH_FRAME                  +65.539s	
1787603648.079  event6   TOUCH_MOTION              2  +65.548s	0 (0) 71.26/52.82 (228.17/95.17mm)
1787603648.079  event6   TOUCH_MOTION              3  +65.548s	1 (1) 77.56/66.98 (248.33/120.67mm)
1787603648.079  event6   TOUCH_MOTION              4  +65.548s	2 (2) 61.89/52.17 (198.17/94.00mm)
1787603648.079  event6   TOUCH_FRAME                  +65.548s	
1787603648.089  event6   TOUCH_MOTION              2  +65.558s	0 (0) 70.28/52.54 (225.00/94.67mm)
1787603648.089  event6   TOUCH_MOTION              3  +65.558s	1 (1) 76.68/66.79 (245.50/120.33mm)
1787603648.089  event6   TOUCH_MOTION              4  +65.558s	2 (2) 60.85/52.08 (194.83/93.83mm)
1787603648.089  event6   TOUCH_FRAME                  +65.558s	
1787603648.098  event6   TOUCH_MOTION              2  +65.567s	0 (0) 69.18/52.27 (221.50/94.17mm)
1787603648.098  event6   TOUCH_MOTION              3  +65.567s	1 (1) 75.74/66.51 (242.50/119.83mm)
1787603648.098  event6   TOUCH_MOTION              4  +65.567s	2 (2) 59.76/51.90 (191.33/93.50mm)
1787603648.098  event6   TOUCH_FRAME                  +65.567s	
1787603648.107  event6   TOUCH_MOTION              2  +65.576s	0 (0) 68.09/51.99 (218.00/93.67mm)
1787603648.108  event6   TOUCH_MOTION              3  +65.576s	1 (1) 74.75/66.14 (239.33/119.17mm)
1787603648.108  event6   TOUCH_MOTION              4  +65.576s	2 (2) 58.62/51.80 (187.67/93.33mm)
1787603648.108  event6   TOUCH_FRAME                  +65.576s	
1787603648.116  event6   TOUCH_MOTION              2  +65.585s	0 (0) 67.00/51.71 (214.50/93.17mm)
1787603648.116  event6   TOUCH_MOTION              3  +65.585s	1 (1) 73.76/65.77 (236.17/118.50mm)
1787603648.116  event6   TOUCH_MOTION              4  +65.585s	2 (2) 57.47/51.62 (184.00/93.00mm)
1787603648.116  event6   TOUCH_FRAME                  +65.585s	
1787603648.126  event6   TOUCH_MOTION              2  +65.594s	0 (0) 65.85/51.43 (210.83/92.67mm)
1787603648.126  event6   TOUCH_MOTION              3  +65.594s	1 (1) 72.72/65.40 (232.83/117.83mm)
1787603648.126  event6   TOUCH_MOTION              4  +65.594s	2 (2) 56.27/51.43 (180.17/92.67mm)
1787603648.126  event6   TOUCH_FRAME                  +65.594s	
1787603648.134  event6   TOUCH_MOTION              2  +65.603s	0 (0) 64.71/51.06 (207.17/92.00mm)
1787603648.134  event6   TOUCH_MOTION              3  +65.603s	1 (1) 71.68/65.03 (229.50/117.17mm)
1787603648.134  event6   TOUCH_MOTION              4  +65.603s	2 (2) 55.08/51.34 (176.33/92.50mm)
1787603648.134  event6   TOUCH_FRAME                  +65.603s	
1787603648.143  event6   TOUCH_MOTION              2  +65.612s	0 (0) 63.56/50.79 (203.50/91.50mm)
1787603648.143  event6   TOUCH_MOTION              3  +65.612s	1 (1) 70.64/64.75 (226.17/116.67mm)
1787603648.143  event6   TOUCH_MOTION              4  +65.612s	2 (2) 53.93/51.25 (172.67/92.33mm)
1787603648.143  event6   TOUCH_FRAME                  +65.612s	
1787603648.153  event6   TOUCH_MOTION              2  +65.621s	0 (0) 62.47/50.60 (200.00/91.17mm)
1787603648.153  event6   TOUCH_MOTION              3  +65.621s	1 (1) 69.60/64.48 (222.83/116.17mm)
1787603648.153  event6   TOUCH_MOTION              4  +65.621s	2 (2) 52.68/51.16 (168.67/92.17mm)
1787603648.153  event6   TOUCH_FRAME                  +65.621s	
1787603648.163  event6   TOUCH_MOTION              2  +65.631s	0 (0) 61.32/50.32 (196.33/90.67mm)
1787603648.163  event6   TOUCH_MOTION              3  +65.631s	1 (1) 68.51/64.11 (219.33/115.50mm)
1787603648.163  event6   TOUCH_MOTION              4  +65.631s	2 (2) 51.54/51.06 (165.00/92.00mm)
1787603648.163  event6   TOUCH_FRAME                  +65.631s	
1787603648.171  event6   TOUCH_MOTION              2  +65.640s	0 (0) 60.18/50.14 (192.67/90.33mm)
1787603648.171  event6   TOUCH_MOTION              3  +65.640s	1 (1) 67.46/63.74 (216.00/114.83mm)
1787603648.171  event6   TOUCH_MOTION              4  +65.640s	2 (2) 50.34/51.06 (161.17/92.00mm)
1787603648.171  event6   TOUCH_FRAME                  +65.640s	
1787603648.180  event6   TOUCH_MOTION              2  +65.649s	0 (0) 58.98/49.95 (188.83/90.00mm)
1787603648.180  event6   TOUCH_MOTION              3  +65.649s	1 (1) 66.42/63.46 (212.67/114.33mm)
1787603648.180  event6   TOUCH_MOTION              4  +65.649s	2 (2) 49.14/51.06 (157.33/92.00mm)
1787603648.180  event6   TOUCH_FRAME                  +65.649s	
1787603648.189  event6   TOUCH_MOTION              2  +65.658s	0 (0) 57.78/49.68 (185.00/89.50mm)
1787603648.189  event6   TOUCH_MOTION              3  +65.658s	1 (1) 65.33/63.18 (209.17/113.83mm)
1787603648.189  event6   TOUCH_MOTION              4  +65.658s	2 (2) 47.94/50.97 (153.50/91.83mm)
1787603648.189  event6   TOUCH_FRAME                  +65.658s	
1787603648.198  event6   TOUCH_MOTION              2  +65.667s	0 (0) 56.64/49.49 (181.33/89.17mm)
1787603648.198  event6   TOUCH_MOTION              3  +65.667s	1 (1) 64.24/62.81 (205.67/113.17mm)
1787603648.198  event6   TOUCH_MOTION              4  +65.667s	2 (2) 46.80/50.97 (149.83/91.83mm)
1787603648.198  event6   TOUCH_FRAME                  +65.667s	
1787603648.207  event6   TOUCH_MOTION              2  +65.676s	0 (0) 55.49/49.31 (177.67/88.83mm)
1787603648.207  event6   TOUCH_MOTION              3  +65.676s	1 (1) 63.20/62.53 (202.33/112.67mm)
1787603648.207  event6   TOUCH_MOTION              4  +65.676s	2 (2) 45.60/50.97 (146.00/91.83mm)
1787603648.207  event6   TOUCH_FRAME                  +65.676s	
1787603648.216  event6   TOUCH_MOTION              2  +65.685s	0 (0) 54.29/49.12 (173.83/88.50mm)
1787603648.217  event6   TOUCH_MOTION              3  +65.685s	1 (1) 62.10/62.26 (198.83/112.17mm)
1787603648.217  event6   TOUCH_MOTION              4  +65.685s	2 (2) 44.35/50.97 (142.00/91.83mm)
1787603648.217  event6   TOUCH_FRAME                  +65.685s	
1787603648.226  event6   TOUCH_MOTION              2  +65.694s	0 (0) 53.10/49.03 (170.00/88.33mm)
1787603648.226  event6   TOUCH_MOTION              3  +65.694s	1 (1) 61.01/61.98 (195.33/111.67mm)
1787603648.226  event6   TOUCH_MOTION              4  +65.694s	2 (2) 43.21/50.97 (138.33/91.83mm)
1787603648.226  event6   TOUCH_FRAME                  +65.694s	
1787603648.235  event6   TOUCH_MOTION              2  +65.704s	0 (0) 51.95/48.84 (166.33/88.00mm)
1787603648.236  event6   TOUCH_MOTION              3  +65.704s	1 (1) 59.92/61.61 (191.83/111.00mm)
1787603648.236  event6   TOUCH_MOTION              4  +65.704s	2 (2) 42.01/50.97 (134.50/91.83mm)
1787603648.236  event6   TOUCH_FRAME                  +65.704s	
1787603648.244  event6   TOUCH_MOTION              2  +65.713s	0 (0) 50.75/48.75 (162.50/87.83mm)
1787603648.244  event6   TOUCH_MOTION              3  +65.713s	1 (1) 58.82/61.42 (188.33/110.67mm)
1787603648.244  event6   TOUCH_MOTION              4  +65.713s	2 (2) 40.81/50.97 (130.67/91.83mm)
1787603648.244  event6   TOUCH_FRAME                  +65.713s	
1787603648.253  event6   TOUCH_MOTION              2  +65.722s	0 (0) 49.56/48.57 (158.67/87.50mm)
1787603648.253  event6   TOUCH_MOTION              3  +65.722s	1 (1) 57.78/61.24 (185.00/110.33mm)
1787603648.253  event6   TOUCH_MOTION              4  +65.722s	2 (2) 39.67/50.97 (127.00/91.83mm)
1787603648.253  event6   TOUCH_FRAME                  +65.722s	
1787603648.262  event6   TOUCH_MOTION              2  +65.731s	0 (0) 48.41/48.38 (155.00/87.17mm)
1787603648.262  event6   TOUCH_MOTION              3  +65.731s	1 (1) 56.69/60.87 (181.50/109.67mm)
1787603648.262  event6   TOUCH_MOTION              4  +65.731s	2 (2) 38.57/51.06 (123.50/92.00mm)
1787603648.262  event6   TOUCH_FRAME                  +65.731s	
1787603648.271  event6   TOUCH_MOTION              2  +65.740s	0 (0) 47.27/48.38 (151.33/87.17mm)
1787603648.271  event6   TOUCH_MOTION              3  +65.740s	1 (1) 55.70/60.68 (178.33/109.33mm)
1787603648.271  event6   TOUCH_MOTION              4  +65.740s	2 (2) 37.43/51.06 (119.83/92.00mm)
1787603648.271  event6   TOUCH_FRAME                  +65.740s	
1787603648.281  event6   TOUCH_MOTION              2  +65.749s	0 (0) 46.17/48.29 (147.83/87.00mm)
1787603648.281  event6   TOUCH_MOTION              3  +65.749s	1 (1) 54.71/60.50 (175.17/109.00mm)
1787603648.281  event6   TOUCH_MOTION              4  +65.749s	2 (2) 36.34/51.16 (116.33/92.17mm)
1787603648.281  event6   TOUCH_FRAME                  +65.749s	
1787603648.289  event6   TOUCH_MOTION              2  +65.758s	0 (0) 45.13/48.29 (144.50/87.00mm)
1787603648.289  event6   TOUCH_MOTION              3  +65.758s	1 (1) 53.72/60.31 (172.00/108.67mm)
1787603648.289  event6   TOUCH_MOTION              4  +65.758s	2 (2) 35.24/51.25 (112.83/92.33mm)
1787603648.289  event6   TOUCH_FRAME                  +65.758s	
1787603648.298  event6   TOUCH_MOTION              2  +65.767s	0 (0) 44.14/48.29 (141.33/87.00mm)
1787603648.298  event6   TOUCH_MOTION              3  +65.767s	1 (1) 52.84/60.13 (169.17/108.33mm)
1787603648.298  event6   TOUCH_MOTION              4  +65.767s	2 (2) 34.25/51.43 (109.67/92.67mm)
1787603648.298  event6   TOUCH_FRAME                  +65.767s	
1787603648.308  event6   TOUCH_MOTION              2  +65.777s	0 (0) 43.15/48.29 (138.17/87.00mm)
1787603648.309  event6   TOUCH_MOTION              3  +65.777s	1 (1) 51.95/60.04 (166.33/108.17mm)
1787603648.309  event6   TOUCH_MOTION              4  +65.777s	2 (2) 33.26/51.43 (106.50/92.67mm)
1787603648.309  event6   TOUCH_FRAME                  +65.777s	
1787603648.317  event6   TOUCH_MOTION              2  +65.786s	0 (0) 42.27/48.29 (135.33/87.00mm)
1787603648.317  event6   TOUCH_MOTION              3  +65.786s	1 (1) 51.12/59.85 (163.67/107.83mm)
1787603648.317  event6   TOUCH_MOTION              4  +65.786s	2 (2) 32.38/51.62 (103.67/93.00mm)
1787603648.317  event6   TOUCH_FRAME                  +65.786s	
1787603648.326  event6   TOUCH_MOTION              2  +65.795s	0 (0) 41.44/48.29 (132.67/87.00mm)
1787603648.326  event6   TOUCH_MOTION              3  +65.795s	1 (1) 50.34/59.76 (161.17/107.67mm)
1787603648.326  event6   TOUCH_MOTION              4  +65.795s	2 (2) 31.55/51.80 (101.00/93.33mm)
1787603648.326  event6   TOUCH_FRAME                  +65.795s	
1787603648.335  event6   TOUCH_MOTION              2  +65.804s	0 (0) 40.66/48.29 (130.17/87.00mm)
1787603648.335  event6   TOUCH_MOTION              3  +65.804s	1 (1) 49.61/59.76 (158.83/107.67mm)
1787603648.335  event6   TOUCH_MOTION              4  +65.804s	2 (2) 30.77/51.90 (98.50/93.50mm)
1787603648.335  event6   TOUCH_FRAME                  +65.804s	
1787603648.344  event6   TOUCH_MOTION              2  +65.813s	0 (0) 39.93/48.29 (127.83/87.00mm)
1787603648.344  event6   TOUCH_MOTION              3  +65.813s	1 (1) 48.98/59.67 (156.83/107.50mm)
1787603648.344  event6   TOUCH_MOTION              4  +65.813s	2 (2) 30.09/52.08 (96.33/93.83mm)
1787603648.344  event6   TOUCH_FRAME                  +65.813s	
1787603648.353  event6   TOUCH_MOTION              2  +65.822s	0 (0) 39.30/48.29 (125.83/87.00mm)
1787603648.354  event6   TOUCH_MOTION              3  +65.822s	1 (1) 48.41/59.67 (155.00/107.50mm)
1787603648.354  event6   TOUCH_MOTION              4  +65.822s	2 (2) 29.41/52.17 (94.17/94.00mm)
1787603648.354  event6   TOUCH_FRAME                  +65.822s	
1787603648.362  event6   TOUCH_MOTION              2  +65.831s	0 (0) 38.73/48.29 (124.00/87.00mm)
1787603648.362  event6   TOUCH_MOTION              3  +65.831s	1 (1) 47.84/59.67 (153.17/107.50mm)
1787603648.362  event6   TOUCH_MOTION              4  +65.831s	2 (2) 28.84/52.36 (92.33/94.33mm)
1787603648.362  event6   TOUCH_FRAME                  +65.831s	
1787603648.371  event6   TOUCH_MOTION              2  +65.840s	0 (0) 38.16/48.29 (122.17/87.00mm)
1787603648.371  event6   TOUCH_MOTION              3  +65.840s	1 (1) 47.32/59.67 (151.50/107.50mm)
1787603648.371  event6   TOUCH_MOTION              4  +65.840s	2 (2) 28.32/52.54 (90.67/94.67mm)
1787603648.371  event6   TOUCH_FRAME                  +65.840s	
1787603648.381  event6   TOUCH_MOTION              2  +65.850s	0 (0) 37.69/48.29 (120.67/87.00mm)
1787603648.381  event6   TOUCH_MOTION              3  +65.850s	1 (1) 46.85/59.67 (150.00/107.50mm)
1787603648.381  event6   TOUCH_MOTION              4  +65.850s	2 (2) 27.85/52.64 (89.17/94.83mm)
1787603648.381  event6   TOUCH_FRAME                  +65.850s	
1787603648.390  event6   TOUCH_MOTION              2  +65.859s	0 (0) 37.27/48.29 (119.33/87.00mm)
1787603648.390  event6   TOUCH_MOTION              3  +65.859s	1 (1) 46.43/59.57 (148.67/107.33mm)
1787603648.390  event6   TOUCH_MOTION              4  +65.859s	2 (2) 27.43/52.73 (87.83/95.00mm)
1787603648.390  event6   TOUCH_FRAME                  +65.859s	
1787603648.400  event6   TOUCH_MOTION              2  +65.868s	0 (0) 36.91/48.29 (118.17/87.00mm)
1787603648.400  event6   TOUCH_MOTION              3  +65.868s	1 (1) 46.12/59.57 (147.67/107.33mm)
1787603648.400  event6   TOUCH_MOTION              4  +65.868s	2 (2) 27.02/52.82 (86.50/95.17mm)
1787603648.400  event6   TOUCH_FRAME                  +65.868s	
1787603648.409  event6   TOUCH_MOTION              2  +65.877s	0 (0) 36.54/48.29 (117.00/87.00mm)
1787603648.409  event6   TOUCH_MOTION              3  +65.877s	1 (1) 45.81/59.57 (146.67/107.33mm)
1787603648.409  event6   TOUCH_MOTION              4  +65.877s	2 (2) 26.76/52.91 (85.67/95.33mm)
1787603648.409  event6   TOUCH_FRAME                  +65.877s	
1787603648.417  event6   TOUCH_MOTION              2  +65.886s	0 (0) 36.28/48.29 (116.17/87.00mm)
1787603648.417  event6   TOUCH_MOTION              3  +65.886s	1 (1) 45.50/59.57 (145.67/107.33mm)
1787603648.417  event6   TOUCH_MOTION              4  +65.886s	2 (2) 26.50/52.91 (84.83/95.33mm)
1787603648.417  event6   TOUCH_FRAME                  +65.886s	
1787603648.426  event6   TOUCH_MOTION              2  +65.895s	0 (0) 36.07/48.29 (115.50/87.00mm)
1787603648.426  event6   TOUCH_MOTION              3  +65.895s	1 (1) 45.29/59.48 (145.00/107.17mm)
1787603648.426  event6   TOUCH_MOTION              4  +65.895s	2 (2) 26.29/53.01 (84.17/95.50mm)
1787603648.426  event6   TOUCH_FRAME                  +65.895s	
1787603648.436  event6   TOUCH_MOTION              2  +65.904s	0 (0) 35.87/48.29 (114.83/87.00mm)
1787603648.436  event6   TOUCH_MOTION              3  +65.904s	1 (1) 45.08/59.39 (144.33/107.00mm)
1787603648.436  event6   TOUCH_MOTION              4  +65.904s	2 (2) 26.08/53.10 (83.50/95.67mm)
1787603648.436  event6   TOUCH_FRAME                  +65.904s	
1787603648.444  event6   TOUCH_MOTION              2  +65.913s	0 (0) 35.66/48.29 (114.17/87.00mm)
1787603648.444  event6   TOUCH_MOTION              3  +65.913s	1 (1) 44.92/59.39 (143.83/107.00mm)
1787603648.444  event6   TOUCH_MOTION              4  +65.913s	2 (2) 25.87/53.19 (82.83/95.83mm)
1787603648.444  event6   TOUCH_FRAME                  +65.913s	
1787603648.454  event6   TOUCH_MOTION              2  +65.923s	0 (0) 35.55/48.29 (113.83/87.00mm)
1787603648.454  event6   TOUCH_MOTION              3  +65.923s	1 (1) 44.82/59.39 (143.50/107.00mm)
1787603648.454  event6   TOUCH_MOTION              4  +65.923s	2 (2) 25.77/53.19 (82.50/95.83mm)
1787603648.454  event6   TOUCH_FRAME                  +65.923s	
1787603648.464  event6   TOUCH_MOTION              2  +65.932s	0 (0) 35.45/48.29 (113.50/87.00mm)
1787603648.464  event6   TOUCH_MOTION              3  +65.932s	1 (1) 44.66/59.30 (143.00/106.83mm)
1787603648.464  event6   TOUCH_MOTION              4  +65.932s	2 (2) 25.61/53.19 (82.00/95.83mm)
1787603648.464  event6   TOUCH_FRAME                  +65.932s	
1787603648.472  event6   TOUCH_MOTION              2  +65.941s	0 (0) 35.35/48.29 (113.17/87.00mm)
1787603648.472  event6   TOUCH_MOTION              3  +65.941s	1 (1) 44.61/59.30 (142.83/106.83mm)
1787603648.472  event6   TOUCH_MOTION              4  +65.941s	2 (2) 25.56/53.19 (81.83/95.83mm)
1787603648.472  event6   TOUCH_FRAME                  +65.941s	
1787603648.481  event6   TOUCH_MOTION              2  +65.950s	0 (0) 35.24/48.29 (112.83/87.00mm)
1787603648.481  event6   TOUCH_MOTION              3  +65.950s	1 (1) 44.51/59.20 (142.50/106.67mm)
1787603648.481  event6   TOUCH_MOTION              4  +65.950s	2 (2) 25.46/53.19 (81.50/95.83mm)
1787603648.481  event6   TOUCH_FRAME                  +65.950s	
1787603648.490  event6   TOUCH_MOTION              2  +65.959s	1 (1) 44.40/59.11 (142.17/106.50mm)
1787603648.490  event6   TOUCH_MOTION              3  +65.959s	2 (2) 25.40/53.19 (81.33/95.83mm)
1787603648.490  event6   TOUCH_FRAME                  +65.959s	
1787603648.499  event6   TOUCH_MOTION              2  +65.968s	0 (0) 35.19/48.29 (112.67/87.00mm)
1787603648.499  event6   TOUCH_MOTION              3  +65.968s	1 (1) 44.35/59.02 (142.00/106.33mm)
1787603648.499  event6   TOUCH_MOTION              4  +65.968s	2 (2) 25.35/53.19 (81.17/95.83mm)
1787603648.499  event6   TOUCH_FRAME                  +65.968s	
1787603648.508  event6   TOUCH_MOTION              2  +65.977s	0 (0) 35.14/48.29 (112.50/87.00mm)
1787603648.508  event6   TOUCH_MOTION              3  +65.977s	2 (2) 25.30/53.19 (81.00/95.83mm)
1787603648.508  event6   TOUCH_FRAME                  +65.977s	
1787603648.517  event6   TOUCH_MOTION              2  +65.986s	0 (0) 35.09/48.29 (112.33/87.00mm)
1787603648.517  event6   TOUCH_MOTION              3  +65.986s	1 (1) 44.30/58.93 (141.83/106.17mm)
1787603648.517  event6   TOUCH_MOTION              4  +65.986s	2 (2) 25.25/53.19 (80.83/95.83mm)
1787603648.517  event6   TOUCH_FRAME                  +65.986s	
1787603648.527  event6   TOUCH_MOTION              2  +65.995s	1 (1) 44.25/58.93 (141.67/106.17mm)
1787603648.527  event6   TOUCH_FRAME                  +65.995s	
1787603648.536  event6   TOUCH_MOTION              2  +66.005s	2 (2) 25.30/53.28 (81.00/96.00mm)
1787603648.536  event6   TOUCH_FRAME                  +66.005s	
1787603648.546  event6   TOUCH_MOTION              2  +66.014s	1 (1) 44.25/58.83 (141.67/106.00mm)
1787603648.546  event6   TOUCH_FRAME                  +66.014s	
1787603648.553  event6   TOUCH_MOTION              2  +66.022s	1 (1) 44.20/58.83 (141.50/106.00mm)
1787603648.553  event6   TOUCH_FRAME                  +66.022s	
1787603648.581  event6   TOUCH_UP                     +66.050s	2 (2)
1787603648.581  event6   TOUCH_FRAME                  +66.050s	
1787603648.590  event6   TOUCH_UP                     +66.059s	0 (0)
1787603648.590  event6   TOUCH_FRAME                  +66.059s	
1787603648.602  event6   TOUCH_UP                     +66.071s	1 (1)
1787603648.602  event6   TOUCH_FRAME                  +66.071s	
1787603649.094  event6   TOUCH_DOWN                   +66.562s	0 (0) 49.61/72.53 (158.83/130.67mm)
1787603649.094  event6   TOUCH_DOWN                   +66.562s	1 (1) 33.58/64.94 (107.50/117.00mm)
1787603649.094  event6   TOUCH_DOWN                   +66.562s	2 (2) 28.11/71.60 (90.00/129.00mm)
1787603649.094  event6   TOUCH_FRAME                  +66.562s	
1787603649.102  event6   TOUCH_DOWN                   +66.570s	3 (3) 41.49/70.49 (132.83/127.00mm)
1787603649.102  event6   TOUCH_FRAME                  +66.570s	
1787603649.121  event6   TOUCH_MOTION                 +66.590s	0 (0) 49.87/72.06 (159.67/129.83mm)
1787603649.121  event6   TOUCH_FRAME                  +66.590s	
1787603649.130  event6   TOUCH_MOTION              2  +66.598s	0 (0) 49.97/71.79 (160.00/129.33mm)
1787603649.130  event6   TOUCH_FRAME                  +66.598s	
1787603649.139  event6   TOUCH_MOTION              2  +66.608s	0 (0) 50.08/71.51 (160.33/128.83mm)
1787603649.139  event6   TOUCH_FRAME                  +66.608s	
1787603649.148  event6   TOUCH_MOTION              2  +66.616s	0 (0) 50.18/70.95 (160.67/127.83mm)
1787603649.148  event6   TOUCH_FRAME                  +66.616s	
1787603649.157  event6   TOUCH_MOTION              2  +66.626s	0 (0) 50.39/70.31 (161.33/126.67mm)
1787603649.157  event6   TOUCH_MOTION              3  +66.626s	1 (1) 33.58/64.20 (107.50/115.67mm)
1787603649.157  event6   TOUCH_FRAME                  +66.626s	
1787603649.166  event6   TOUCH_MOTION              2  +66.635s	0 (0) 50.60/69.66 (162.00/125.50mm)
1787603649.166  event6   TOUCH_MOTION              3  +66.635s	1 (1) 33.58/63.83 (107.50/115.00mm)
1787603649.166  event6   TOUCH_MOTION              4  +66.635s	2 (2) 28.01/70.95 (89.67/127.83mm)
1787603649.166  event6   TOUCH_MOTION              5  +66.635s	3 (3) 41.49/69.66 (132.83/125.50mm)
1787603649.166  event6   TOUCH_FRAME                  +66.635s	
1787603649.176  event6   TOUCH_MOTION              2  +66.645s	0 (0) 50.75/69.01 (162.50/124.33mm)
1787603649.176  event6   TOUCH_MOTION              3  +66.645s	1 (1) 33.58/63.37 (107.50/114.17mm)
1787603649.176  event6   TOUCH_MOTION              4  +66.645s	2 (2) 27.95/70.58 (89.50/127.17mm)
1787603649.176  event6   TOUCH_MOTION              5  +66.645s	3 (3) 41.49/69.38 (132.83/125.00mm)
1787603649.176  event6   TOUCH_FRAME                  +66.645s	
1787603649.185  event6   TOUCH_MOTION              2  +66.654s	0 (0) 50.86/68.36 (162.83/123.17mm)
1787603649.185  event6   TOUCH_MOTION              3  +66.654s	1 (1) 33.58/62.90 (107.50/113.33mm)
1787603649.185  event6   TOUCH_MOTION              4  +66.654s	2 (2) 27.90/70.12 (89.33/126.33mm)
1787603649.185  event6   TOUCH_MOTION              5  +66.654s	3 (3) 41.49/69.01 (132.83/124.33mm)
1787603649.185  event6   TOUCH_FRAME                  +66.654s	
1787603649.194  event6   TOUCH_MOTION              2  +66.663s	0 (0) 51.02/67.62 (163.33/121.83mm)
1787603649.194  event6   TOUCH_MOTION              3  +66.663s	1 (1) 33.58/62.35 (107.50/112.33mm)
1787603649.194  event6   TOUCH_MOTION              4  +66.663s	2 (2) 27.85/69.57 (89.17/125.33mm)
1787603649.194  event6   TOUCH_MOTION              5  +66.663s	3 (3) 41.49/68.55 (132.83/123.50mm)
1787603649.194  event6   TOUCH_FRAME                  +66.663s	
1787603649.203  event6   TOUCH_MOTION              2  +66.671s	0 (0) 51.12/66.88 (163.67/120.50mm)
1787603649.203  event6   TOUCH_MOTION              3  +66.671s	1 (1) 33.58/61.70 (107.50/111.17mm)
1787603649.203  event6   TOUCH_MOTION              4  +66.671s	2 (2) 27.85/69.01 (89.17/124.33mm)
1787603649.203  event6   TOUCH_MOTION              5  +66.671s	3 (3) 41.49/68.09 (132.83/122.67mm)
1787603649.203  event6   TOUCH_FRAME                  +66.671s	
1787603649.212  event6   TOUCH_MOTION              2  +66.681s	0 (0) 51.22/66.14 (164.00/119.17mm)
1787603649.212  event6   TOUCH_MOTION              3  +66.681s	1 (1) 33.58/61.05 (107.50/110.00mm)
1787603649.212  event6   TOUCH_MOTION              4  +66.681s	2 (2) 27.80/68.36 (89.00/123.17mm)
1787603649.212  event6   TOUCH_MOTION              5  +66.681s	3 (3) 41.54/67.62 (133.00/121.83mm)
1787603649.212  event6   TOUCH_FRAME                  +66.681s	
1787603649.221  event6   TOUCH_MOTION              2  +66.690s	0 (0) 51.28/65.49 (164.17/118.00mm)
1787603649.221  event6   TOUCH_MOTION              3  +66.690s	1 (1) 33.58/60.31 (107.50/108.67mm)
1787603649.221  event6   TOUCH_MOTION              4  +66.690s	2 (2) 27.80/67.72 (89.00/122.00mm)
1787603649.221  event6   TOUCH_MOTION              5  +66.690s	3 (3) 41.54/66.88 (133.00/120.50mm)
1787603649.221  event6   TOUCH_FRAME                  +66.690s	
1787603649.230  event6   TOUCH_MOTION              2  +66.699s	0 (0) 51.33/64.85 (164.33/116.83mm)
1787603649.230  event6   TOUCH_MOTION              3  +66.699s	1 (1) 33.58/59.48 (107.50/107.17mm)
1787603649.231  event6   TOUCH_MOTION              4  +66.699s	2 (2) 27.80/66.98 (89.00/120.67mm)
1787603649.231  event6   TOUCH_MOTION              5  +66.699s	3 (3) 41.54/66.14 (133.00/119.17mm)
1787603649.231  event6   TOUCH_FRAME                  +66.699s	
1787603649.239  event6   TOUCH_MOTION              2  +66.708s	0 (0) 51.38/64.01 (164.50/115.33mm)
1787603649.239  event6   TOUCH_MOTION              3  +66.708s	1 (1) 33.63/58.65 (107.67/105.67mm)
1787603649.239  event6   TOUCH_MOTION              4  +66.708s	2 (2) 27.75/66.05 (88.83/119.00mm)
1787603649.239  event6   TOUCH_MOTION              5  +66.708s	3 (3) 41.54/65.31 (133.00/117.67mm)
1787603649.239  event6   TOUCH_FRAME                  +66.708s	
1787603649.249  event6   TOUCH_MOTION              2  +66.718s	0 (0) 51.43/63.18 (164.67/113.83mm)
1787603649.249  event6   TOUCH_MOTION              3  +66.718s	1 (1) 33.68/57.63 (107.83/103.83mm)
1787603649.249  event6   TOUCH_MOTION              4  +66.718s	2 (2) 27.69/65.12 (88.67/117.33mm)
1787603649.249  event6   TOUCH_MOTION              5  +66.718s	3 (3) 41.54/64.38 (133.00/116.00mm)
1787603649.249  event6   TOUCH_FRAME                  +66.718s	
1787603649.258  event6   TOUCH_MOTION              2  +66.727s	0 (0) 51.48/62.26 (164.83/112.17mm)
1787603649.258  event6   TOUCH_MOTION              3  +66.727s	1 (1) 33.68/56.61 (107.83/102.00mm)
1787603649.258  event6   TOUCH_MOTION              4  +66.727s	2 (2) 27.64/64.20 (88.50/115.67mm)
1787603649.258  event6   TOUCH_MOTION              5  +66.727s	3 (3) 41.54/63.46 (133.00/114.33mm)
1787603649.259  event6   TOUCH_FRAME                  +66.727s	
1787603649.267  event6   TOUCH_MOTION              2  +66.736s	0 (0) 51.54/61.15 (165.00/110.17mm)
1787603649.267  event6   TOUCH_MOTION              3  +66.736s	1 (1) 33.68/55.50 (107.83/100.00mm)
1787603649.267  event6   TOUCH_MOTION              4  +66.736s	2 (2) 27.64/63.18 (88.50/113.83mm)
1787603649.267  event6   TOUCH_MOTION              5  +66.736s	3 (3) 41.54/62.35 (133.00/112.33mm)
1787603649.267  event6   TOUCH_FRAME                  +66.736s	
1787603649.277  event6   TOUCH_MOTION              2  +66.745s	0 (0) 51.54/60.04 (165.00/108.17mm)
1787603649.277  event6   TOUCH_MOTION              3  +66.745s	1 (1) 33.73/54.21 (108.00/97.67mm)
1787603649.277  event6   TOUCH_MOTION              4  +66.745s	2 (2) 27.59/61.98 (88.33/111.67mm)
1787603649.277  event6   TOUCH_MOTION              5  +66.745s	3 (3) 41.59/61.05 (133.17/110.00mm)
1787603649.277  event6   TOUCH_FRAME                  +66.745s	
1787603649.285  event6   TOUCH_MOTION              2  +66.754s	0 (0) 51.59/58.74 (165.17/105.83mm)
1787603649.285  event6   TOUCH_MOTION              3  +66.754s	1 (1) 33.78/52.91 (108.17/95.33mm)
1787603649.285  event6   TOUCH_MOTION              4  +66.754s	2 (2) 27.54/60.68 (88.17/109.33mm)
1787603649.285  event6   TOUCH_MOTION              5  +66.754s	3 (3) 41.64/59.76 (133.33/107.67mm)
1787603649.286  event6   TOUCH_FRAME                  +66.754s	
1787603649.294  event6   TOUCH_MOTION              2  +66.763s	0 (0) 51.64/57.45 (165.33/103.50mm)
1787603649.294  event6   TOUCH_MOTION              3  +66.763s	1 (1) 33.84/51.53 (108.33/92.83mm)
1787603649.294  event6   TOUCH_MOTION              4  +66.763s	2 (2) 27.49/59.39 (88.00/107.00mm)
1787603649.294  event6   TOUCH_MOTION              5  +66.763s	3 (3) 41.64/58.56 (133.33/105.50mm)
1787603649.294  event6   TOUCH_FRAME                  +66.763s	
1787603649.303  event6   TOUCH_MOTION              2  +66.772s	0 (0) 51.69/56.15 (165.50/101.17mm)
1787603649.303  event6   TOUCH_MOTION              3  +66.772s	1 (1) 33.89/50.05 (108.50/90.17mm)
1787603649.303  event6   TOUCH_MOTION              4  +66.772s	2 (2) 27.49/57.91 (88.00/104.33mm)
1787603649.303  event6   TOUCH_MOTION              5  +66.772s	3 (3) 41.70/57.17 (133.50/103.00mm)
1787603649.303  event6   TOUCH_FRAME                  +66.772s	
1787603649.313  event6   TOUCH_MOTION              2  +66.781s	0 (0) 51.74/54.76 (165.67/98.67mm)
1787603649.313  event6   TOUCH_MOTION              3  +66.781s	1 (1) 33.89/48.57 (108.50/87.50mm)
1787603649.313  event6   TOUCH_MOTION              4  +66.781s	2 (2) 27.49/56.52 (88.00/101.83mm)
1787603649.313  event6   TOUCH_MOTION              5  +66.781s	3 (3) 41.70/55.69 (133.50/100.33mm)
1787603649.313  event6   TOUCH_FRAME                  +66.781s	
1787603649.322  event6   TOUCH_MOTION              2  +66.791s	0 (0) 51.74/53.28 (165.67/96.00mm)
1787603649.322  event6   TOUCH_MOTION              3  +66.791s	1 (1) 33.94/46.99 (108.67/84.67mm)
1787603649.322  event6   TOUCH_MOTION              4  +66.791s	2 (2) 27.49/55.04 (88.00/99.17mm)
1787603649.322  event6   TOUCH_MOTION              5  +66.791s	3 (3) 41.70/54.21 (133.50/97.67mm)
1787603649.323  event6   TOUCH_FRAME                  +66.791s	
1787603649.331  event6   TOUCH_MOTION              2  +66.800s	0 (0) 51.80/51.80 (165.83/93.33mm)
1787603649.331  event6   TOUCH_MOTION              3  +66.800s	1 (1) 33.99/45.33 (108.83/81.67mm)
1787603649.331  event6   TOUCH_MOTION              4  +66.800s	2 (2) 27.49/53.56 (88.00/96.50mm)
1787603649.331  event6   TOUCH_MOTION              5  +66.800s	3 (3) 41.70/52.64 (133.50/94.83mm)
1787603649.331  event6   TOUCH_FRAME                  +66.800s	
1787603649.341  event6   TOUCH_MOTION              2  +66.809s	0 (0) 51.80/50.32 (165.83/90.67mm)
1787603649.341  event6   TOUCH_MOTION              3  +66.809s	1 (1) 34.04/43.76 (109.00/78.83mm)
1787603649.341  event6   TOUCH_MOTION              4  +66.809s	2 (2) 27.49/52.08 (88.00/93.83mm)
1787603649.341  event6   TOUCH_MOTION              5  +66.809s	3 (3) 41.70/51.06 (133.50/92.00mm)
1787603649.341  event6   TOUCH_FRAME                  +66.809s	
1787603649.349  event6   TOUCH_MOTION              2  +66.818s	0 (0) 51.80/48.75 (165.83/87.83mm)
1787603649.349  event6   TOUCH_MOTION              3  +66.818s	1 (1) 34.04/42.09 (109.00/75.83mm)
1787603649.349  event6   TOUCH_MOTION              4  +66.818s	2 (2) 27.49/50.51 (88.00/91.00mm)
1787603649.349  event6   TOUCH_MOTION              5  +66.818s	3 (3) 41.70/49.49 (133.50/89.17mm)
1787603649.349  event6   TOUCH_FRAME                  +66.818s	
1787603649.359  event6   TOUCH_MOTION              2  +66.827s	0 (0) 51.80/47.36 (165.83/85.33mm)
1787603649.359  event6   TOUCH_MOTION              3  +66.827s	1 (1) 34.04/40.43 (109.00/72.83mm)
1787603649.359  event6   TOUCH_MOTION              4  +66.827s	2 (2) 27.49/48.94 (88.00/88.17mm)
1787603649.359  event6   TOUCH_MOTION              5  +66.827s	3 (3) 41.70/48.01 (133.50/86.50mm)
1787603649.359  event6   TOUCH_FRAME                  +66.827s	
1787603649.367  event6   TOUCH_MOTION              2  +66.836s	0 (0) 51.74/45.98 (165.67/82.83mm)
1787603649.367  event6   TOUCH_MOTION              3  +66.836s	1 (1) 34.04/38.85 (109.00/70.00mm)
1787603649.367  event6   TOUCH_MOTION              4  +66.836s	2 (2) 27.49/47.36 (88.00/85.33mm)
1787603649.367  event6   TOUCH_MOTION              5  +66.836s	3 (3) 41.70/46.44 (133.50/83.67mm)
1787603649.367  event6   TOUCH_FRAME                  +66.836s	
1787603649.377  event6   TOUCH_MOTION              2  +66.845s	0 (0) 51.69/44.59 (165.50/80.33mm)
1787603649.377  event6   TOUCH_MOTION              3  +66.845s	2 (2) 27.49/45.79 (88.00/82.50mm)
1787603649.377  event6   TOUCH_MOTION              4  +66.845s	3 (3) 41.64/44.87 (133.33/80.83mm)
1787603649.377  event6   TOUCH_FRAME                  +66.845s	
1787603649.385  event6   TOUCH_MOTION              2  +66.854s	0 (0) 51.59/43.29 (165.17/78.00mm)
1787603649.385  event6   TOUCH_MOTION              3  +66.854s	2 (2) 27.54/44.22 (88.17/79.67mm)
1787603649.385  event6   TOUCH_FRAME                  +66.854s	
1787603649.412  event6   TOUCH_UP                     +66.881s	1 (1)
1787603649.413  event6   TOUCH_FRAME                  +66.881s	
1787603649.421  event6   TOUCH_UP                     +66.890s	3 (3)
1787603649.421  event6   TOUCH_FRAME                  +66.890s	
1787603649.430  event6   TOUCH_UP                     +66.899s	0 (0)
1787603649.430  event6   TOUCH_UP                     +66.899s	2 (2)
1787603649.430  event6   TOUCH_FRAME                  +66.899s	
1787603650.630  event6   TOUCH_DOWN                   +68.098s	0 (0) 37.27/45.14 (119.33/81.33mm)
1787603650.630  event6   TOUCH_DOWN                   +68.098s	1 (1) 44.51/49.58 (142.50/89.33mm)
1787603650.630  event6   TOUCH_FRAME                  +68.098s	
1787603650.647  event6   TOUCH_DOWN                   +68.116s	2 (2) 32.38/50.79 (103.67/91.50mm)
1787603650.647  event6   TOUCH_DOWN                   +68.116s	3 (3) 53.41/51.71 (171.00/93.17mm)
1787603650.647  event6   TOUCH_FRAME                  +68.116s	
1787603650.657  event6   TOUCH_MOTION                 +68.126s	0 (0) 37.27/44.31 (119.33/79.83mm)
1787603650.657  event6   TOUCH_MOTION              2  +68.126s	2 (2) 32.33/50.51 (103.50/91.00mm)
1787603650.657  event6   TOUCH_FRAME                  +68.126s	
1787603650.666  event6   TOUCH_MOTION              2  +68.135s	0 (0) 37.27/44.03 (119.33/79.33mm)
1787603650.666  event6   TOUCH_MOTION              3  +68.135s	2 (2) 32.22/50.23 (103.17/90.50mm)
1787603650.666  event6   TOUCH_FRAME                  +68.135s	
1787603650.675  event6   TOUCH_MOTION              2  +68.144s	0 (0) 37.27/43.66 (119.33/78.67mm)
1787603650.676  event6   TOUCH_MOTION              3  +68.144s	2 (2) 32.12/49.95 (102.83/90.00mm)
1787603650.676  event6   TOUCH_MOTION              4  +68.144s	3 (3) 53.41/50.97 (171.00/91.83mm)
1787603650.676  event6   TOUCH_FRAME                  +68.144s	
1787603650.684  event6   TOUCH_MOTION              2  +68.153s	0 (0) 37.27/43.20 (119.33/77.83mm)
1787603650.684  event6   TOUCH_MOTION              3  +68.153s	1 (1) 44.51/48.66 (142.50/87.67mm)
1787603650.684  event6   TOUCH_MOTION              4  +68.153s	2 (2) 32.07/49.58 (102.67/89.33mm)
1787603650.684  event6   TOUCH_MOTION              5  +68.153s	3 (3) 53.41/50.51 (171.00/91.00mm)
1787603650.684  event6   TOUCH_FRAME                  +68.153s	
1787603650.693  event6   TOUCH_MOTION              2  +68.162s	0 (0) 37.27/42.74 (119.33/77.00mm)
1787603650.694  event6   TOUCH_MOTION              3  +68.162s	1 (1) 44.51/48.29 (142.50/87.00mm)
1787603650.694  event6   TOUCH_MOTION              4  +68.162s	2 (2) 31.91/49.21 (102.17/88.67mm)
1787603650.694  event6   TOUCH_MOTION              5  +68.162s	3 (3) 53.41/49.95 (171.00/90.00mm)
1787603650.694  event6   TOUCH_FRAME                  +68.162s	
1787603650.702  event6   TOUCH_MOTION              2  +68.171s	0 (0) 37.27/42.28 (119.33/76.17mm)
1787603650.702  event6   TOUCH_MOTION              3  +68.171s	1 (1) 44.51/47.92 (142.50/86.33mm)
1787603650.702  event6   TOUCH_MOTION              4  +68.171s	2 (2) 31.81/48.75 (101.83/87.83mm)
1787603650.702  event6   TOUCH_MOTION              5  +68.171s	3 (3) 53.41/49.21 (171.00/88.67mm)
1787603650.702  event6   TOUCH_FRAME                  +68.171s	
1787603650.711  event6   TOUCH_MOTION              2  +68.180s	0 (0) 37.27/41.63 (119.33/75.00mm)
1787603650.711  event6   TOUCH_MOTION              3  +68.180s	1 (1) 44.51/47.46 (142.50/85.50mm)
1787603650.711  event6   TOUCH_MOTION              4  +68.180s	2 (2) 31.65/48.29 (101.33/87.00mm)
1787603650.711  event6   TOUCH_MOTION              5  +68.180s	3 (3) 53.41/48.47 (171.00/87.33mm)
1787603650.711  event6   TOUCH_FRAME                  +68.180s	
1787603650.720  event6   TOUCH_MOTION              2  +68.189s	0 (0) 37.27/41.07 (119.33/74.00mm)
1787603650.720  event6   TOUCH_MOTION              3  +68.189s	1 (1) 44.51/46.90 (142.50/84.50mm)
1787603650.720  event6   TOUCH_MOTION              4  +68.189s	2 (2) 31.60/47.64 (101.17/85.83mm)
1787603650.720  event6   TOUCH_MOTION              5  +68.189s	3 (3) 53.41/47.64 (171.00/85.83mm)
1787603650.720  event6   TOUCH_FRAME                  +68.189s	
1787603650.730  event6   TOUCH_MOTION              2  +68.199s	0 (0) 37.27/40.43 (119.33/72.83mm)
1787603650.730  event6   TOUCH_MOTION              3  +68.199s	1 (1) 44.51/46.35 (142.50/83.50mm)
1787603650.730  event6   TOUCH_MOTION              4  +68.199s	2 (2) 31.49/47.09 (100.83/84.83mm)
1787603650.730  event6   TOUCH_MOTION              5  +68.199s	3 (3) 53.41/46.81 (171.00/84.33mm)
1787603650.730  event6   TOUCH_FRAME                  +68.199s	
1787603650.739  event6   TOUCH_MOTION              2  +68.208s	0 (0) 37.27/39.69 (119.33/71.50mm)
1787603650.739  event6   TOUCH_MOTION              3  +68.208s	1 (1) 44.51/45.70 (142.50/82.33mm)
1787603650.739  event6   TOUCH_MOTION              4  +68.208s	2 (2) 31.44/46.44 (100.67/83.67mm)
1787603650.739  event6   TOUCH_MOTION              5  +68.208s	3 (3) 53.41/45.88 (171.00/82.67mm)
1787603650.739  event6   TOUCH_FRAME                  +68.208s	
1787603650.748  event6   TOUCH_MOTION              2  +68.217s	0 (0) 37.27/38.85 (119.33/70.00mm)
1787603650.748  event6   TOUCH_MOTION              3  +68.217s	1 (1) 44.51/44.96 (142.50/81.00mm)
1787603650.748  event6   TOUCH_MOTION              4  +68.217s	2 (2) 31.39/45.70 (100.50/82.33mm)
1787603650.748  event6   TOUCH_MOTION              5  +68.217s	3 (3) 53.41/45.05 (171.00/81.17mm)
1787603650.748  event6   TOUCH_FRAME                  +68.217s	
1787603650.757  event6   TOUCH_MOTION              2  +68.226s	0 (0) 37.27/38.02 (119.33/68.50mm)
1787603650.758  event6   TOUCH_MOTION              3  +68.226s	1 (1) 44.51/44.13 (142.50/79.50mm)
1787603650.758  event6   TOUCH_MOTION              4  +68.226s	2 (2) 31.34/44.87 (100.33/80.83mm)
1787603650.758  event6   TOUCH_MOTION              5  +68.226s	3 (3) 53.41/44.22 (171.00/79.67mm)
1787603650.758  event6   TOUCH_FRAME                  +68.226s	
1787603650.766  event6   TOUCH_MOTION              2  +68.235s	0 (0) 37.27/37.10 (119.33/66.83mm)
1787603650.766  event6   TOUCH_MOTION              3  +68.235s	1 (1) 44.51/43.29 (142.50/78.00mm)
1787603650.766  event6   TOUCH_MOTION              4  +68.235s	2 (2) 31.34/44.03 (100.33/79.33mm)
1787603650.766  event6   TOUCH_MOTION              5  +68.235s	3 (3) 53.41/43.39 (171.00/78.17mm)
1787603650.766  event6   TOUCH_FRAME                  +68.235s	
1787603650.775  event6   TOUCH_MOTION              2  +68.244s	0 (0) 37.27/36.17 (119.33/65.17mm)
1787603650.775  event6   TOUCH_MOTION              3  +68.244s	1 (1) 44.51/42.37 (142.50/76.33mm)
1787603650.775  event6   TOUCH_MOTION              4  +68.244s	2 (2) 31.34/43.11 (100.33/77.67mm)
1787603650.775  event6   TOUCH_MOTION              5  +68.244s	3 (3) 53.41/42.46 (171.00/76.50mm)
1787603650.775  event6   TOUCH_FRAME                  +68.244s	
1787603650.784  event6   TOUCH_MOTION              2  +68.253s	0 (0) 37.27/35.15 (119.33/63.33mm)
1787603650.784  event6   TOUCH_MOTION              3  +68.253s	1 (1) 44.51/41.35 (142.50/74.50mm)
1787603650.784  event6   TOUCH_MOTION              4  +68.253s	2 (2) 31.34/42.18 (100.33/76.00mm)
1787603650.784  event6   TOUCH_MOTION              5  +68.253s	3 (3) 53.41/41.63 (171.00/75.00mm)
1787603650.784  event6   TOUCH_FRAME                  +68.253s	
1787603650.793  event6   TOUCH_MOTION              2  +68.262s	0 (0) 37.27/34.04 (119.33/61.33mm)
1787603650.794  event6   TOUCH_MOTION              3  +68.262s	1 (1) 44.51/40.33 (142.50/72.67mm)
1787603650.794  event6   TOUCH_MOTION              4  +68.262s	2 (2) 31.34/41.17 (100.33/74.17mm)
1787603650.794  event6   TOUCH_MOTION              5  +68.262s	3 (3) 53.41/40.70 (171.00/73.33mm)
1787603650.794  event6   TOUCH_FRAME                  +68.262s	
1787603650.803  event6   TOUCH_MOTION              2  +68.272s	0 (0) 37.27/33.02 (119.33/59.50mm)
1787603650.803  event6   TOUCH_MOTION              3  +68.272s	1 (1) 44.51/39.32 (142.50/70.83mm)
1787603650.803  event6   TOUCH_MOTION              4  +68.272s	2 (2) 31.34/40.06 (100.33/72.17mm)
1787603650.803  event6   TOUCH_MOTION              5  +68.272s	3 (3) 53.41/39.69 (171.00/71.50mm)
1787603650.803  event6   TOUCH_FRAME                  +68.272s	
1787603650.812  event6   TOUCH_MOTION              2  +68.281s	0 (0) 37.27/32.01 (119.33/57.67mm)
1787603650.812  event6   TOUCH_MOTION              3  +68.281s	1 (1) 44.51/38.21 (142.50/68.83mm)
1787603650.812  event6   TOUCH_MOTION              4  +68.281s	2 (2) 31.34/39.04 (100.33/70.33mm)
1787603650.812  event6   TOUCH_MOTION              5  +68.281s	3 (3) 53.41/38.67 (171.00/69.67mm)
1787603650.812  event6   TOUCH_FRAME                  +68.281s	
1787603650.821  event6   TOUCH_MOTION              2  +68.290s	0 (0) 37.27/30.99 (119.33/55.83mm)
1787603650.822  event6   TOUCH_MOTION              3  +68.290s	1 (1) 44.51/37.10 (142.50/66.83mm)
1787603650.822  event6   TOUCH_MOTION              4  +68.290s	2 (2) 31.34/38.02 (100.33/68.50mm)
1787603650.822  event6   TOUCH_MOTION              5  +68.290s	3 (3) 53.41/37.65 (171.00/67.83mm)
1787603650.822  event6   TOUCH_FRAME                  +68.290s	
1787603650.830  event6   TOUCH_MOTION              2  +68.299s	0 (0) 37.32/29.88 (119.50/53.83mm)
1787603650.830  event6   TOUCH_MOTION              3  +68.299s	1 (1) 44.51/35.99 (142.50/64.83mm)
1787603650.830  event6   TOUCH_MOTION              4  +68.299s	2 (2) 31.34/36.91 (100.33/66.50mm)
1787603650.830  event6   TOUCH_MOTION              5  +68.299s	3 (3) 53.41/36.63 (171.00/66.00mm)
1787603650.830  event6   TOUCH_FRAME                  +68.299s	
1787603650.839  event6   TOUCH_MOTION              2  +68.308s	0 (0) 37.32/28.77 (119.50/51.83mm)
1787603650.839  event6   TOUCH_MOTION              3  +68.308s	1 (1) 44.51/34.97 (142.50/63.00mm)
1787603650.839  event6   TOUCH_MOTION              4  +68.308s	2 (2) 31.34/35.89 (100.33/64.67mm)
1787603650.839  event6   TOUCH_MOTION              5  +68.308s	3 (3) 53.41/35.52 (171.00/64.00mm)
1787603650.839  event6   TOUCH_FRAME                  +68.308s	
1787603650.848  event6   TOUCH_MOTION              2  +68.317s	0 (0) 37.32/27.75 (119.50/50.00mm)
1787603650.848  event6   TOUCH_MOTION              3  +68.317s	1 (1) 44.51/33.86 (142.50/61.00mm)
1787603650.848  event6   TOUCH_MOTION              4  +68.317s	2 (2) 31.34/34.78 (100.33/62.67mm)
1787603650.848  event6   TOUCH_MOTION              5  +68.317s	3 (3) 53.41/34.51 (171.00/62.17mm)
1787603650.848  event6   TOUCH_FRAME                  +68.317s	
1787603650.857  event6   TOUCH_MOTION              2  +68.326s	0 (0) 37.32/26.64 (119.50/48.00mm)
1787603650.857  event6   TOUCH_MOTION              3  +68.326s	1 (1) 44.51/32.75 (142.50/59.00mm)
1787603650.857  event6   TOUCH_MOTION              4  +68.326s	2 (2) 31.34/33.77 (100.33/60.83mm)
1787603650.857  event6   TOUCH_MOTION              5  +68.326s	3 (3) 53.41/33.49 (171.00/60.33mm)
1787603650.857  event6   TOUCH_FRAME                  +68.326s	
1787603650.866  event6   TOUCH_MOTION              2  +68.335s	0 (0) 37.32/25.53 (119.50/46.00mm)
1787603650.866  event6   TOUCH_MOTION              3  +68.335s	1 (1) 44.51/31.54 (142.50/56.83mm)
1787603650.866  event6   TOUCH_MOTION              4  +68.335s	2 (2) 31.34/32.75 (100.33/59.00mm)
1787603650.866  event6   TOUCH_MOTION              5  +68.335s	3 (3) 53.41/32.47 (171.00/58.50mm)
1787603650.866  event6   TOUCH_FRAME                  +68.335s	
1787603650.876  event6   TOUCH_MOTION              2  +68.345s	0 (0) 37.32/24.42 (119.50/44.00mm)
1787603650.876  event6   TOUCH_MOTION              3  +68.345s	1 (1) 44.51/30.25 (142.50/54.50mm)
1787603650.876  event6   TOUCH_MOTION              4  +68.345s	2 (2) 31.34/31.73 (100.33/57.17mm)
1787603650.877  event6   TOUCH_MOTION              5  +68.345s	3 (3) 53.41/31.36 (171.00/56.50mm)
1787603650.877  event6   TOUCH_FRAME                  +68.345s	
1787603650.885  event6   TOUCH_MOTION              2  +68.354s	0 (0) 37.32/23.31 (119.50/42.00mm)
1787603650.885  event6   TOUCH_MOTION              3  +68.354s	1 (1) 44.46/29.05 (142.33/52.33mm)
1787603650.886  event6   TOUCH_MOTION              4  +68.354s	2 (2) 31.39/30.62 (100.50/55.17mm)
1787603650.886  event6   TOUCH_MOTION              5  +68.354s	3 (3) 53.41/30.43 (171.00/54.83mm)
1787603650.886  event6   TOUCH_FRAME                  +68.354s	
1787603650.895  event6   TOUCH_MOTION              2  +68.363s	1 (1) 44.40/27.75 (142.17/50.00mm)
1787603650.895  event6   TOUCH_MOTION              3  +68.363s	2 (2) 31.44/29.60 (100.67/53.33mm)
1787603650.895  event6   TOUCH_MOTION              4  +68.363s	3 (3) 53.41/29.51 (171.00/53.17mm)
1787603650.895  event6   TOUCH_FRAME                  +68.363s	
1787603650.929  event6   TOUCH_UP                     +68.398s	0 (0)
1787603650.929  event6   TOUCH_FRAME                  +68.398s	
1787603650.948  event6   TOUCH_UP                     +68.417s	1 (1)
1787603650.948  event6   TOUCH_UP                     +68.417s	2 (2)
1787603650.948  event6   TOUCH_UP                     +68.417s	3 (3)
1787603650.948  event6   TOUCH_FRAME                  +68.417s	
1787603651.718  event6   TOUCH_DOWN                   +69.186s	0 (0) 40.34/59.11 (129.17/106.50mm)
1787603651.718  event6   TOUCH_FRAME                  +69.186s	
1787603651.762  event6   TOUCH_MOTION                 +69.231s	0 (0) 40.03/59.57 (128.17/107.33mm)
1787603651.763  event6   TOUCH_FRAME                  +69.231s	
1787603651.771  event6   TOUCH_MOTION              2  +69.240s	0 (0) 39.51/60.41 (126.50/108.83mm)
1787603651.772  event6   TOUCH_FRAME                  +69.240s	
1787603651.781  event6   TOUCH_MOTION              2  +69.250s	0 (0) 39.46/60.50 (126.33/109.00mm)
1787603651.781  event6   TOUCH_FRAME                  +69.250s	
1787603651.791  event6   TOUCH_MOTION              2  +69.260s	0 (0) 39.41/60.59 (126.17/109.17mm)
1787603651.791  event6   TOUCH_FRAME                  +69.260s	
1787603651.801  event6   TOUCH_MOTION              2  +69.270s	0 (0) 39.25/60.87 (125.67/109.67mm)
1787603651.801  event6   TOUCH_FRAME                  +69.270s	
1787603651.813  event6   TOUCH_MOTION              2  +69.281s	0 (0) 39.09/61.15 (125.17/110.17mm)
1787603651.813  event6   TOUCH_FRAME                  +69.281s	
1787603651.821  event6   TOUCH_MOTION              2  +69.290s	0 (0) 38.94/61.52 (124.67/110.83mm)
1787603651.821  event6   TOUCH_FRAME                  +69.290s	
1787603651.831  event6   TOUCH_MOTION              2  +69.300s	0 (0) 38.57/62.35 (123.50/112.33mm)
1787603651.831  event6   TOUCH_FRAME                  +69.300s	
1787603651.841  event6   TOUCH_MOTION              2  +69.310s	0 (0) 38.16/63.09 (122.17/113.67mm)
1787603651.841  event6   TOUCH_FRAME                  +69.310s	
1787603651.851  event6   TOUCH_MOTION              2  +69.319s	0 (0) 37.79/63.83 (121.00/115.00mm)
1787603651.851  event6   TOUCH_DOWN                   +69.319s	1 (1) 45.13/38.30 (144.50/69.00mm)
1787603651.851  event6   TOUCH_FRAME                  +69.319s	
1787603651.860  event6   TOUCH_MOTION                 +69.329s	0 (0) 37.48/64.48 (120.00/116.17mm)
1787603651.861  event6   TOUCH_MOTION              2  +69.329s	1 (1) 45.50/37.47 (145.67/67.50mm)
1787603651.861  event6   TOUCH_FRAME                  +69.329s	
1787603651.869  event6   TOUCH_MOTION              2  +69.338s	0 (0) 37.22/65.12 (119.17/117.33mm)
1787603651.869  event6   TOUCH_MOTION              3  +69.338s	1 (1) 45.86/36.63 (146.83/66.00mm)
1787603651.869  event6   TOUCH_FRAME                  +69.338s	
1787603651.878  event6   TOUCH_MOTION              2  +69.347s	0 (0) 37.01/65.77 (118.50/118.50mm)
1787603651.879  event6   TOUCH_MOTION              3  +69.347s	1 (1) 46.17/35.89 (147.83/64.67mm)
1787603651.879  event6   TOUCH_FRAME                  +69.347s	
1787603651.887  event6   TOUCH_MOTION              2  +69.356s	0 (0) 36.80/66.51 (117.83/119.83mm)
1787603651.887  event6   TOUCH_MOTION              3  +69.356s	1 (1) 46.49/35.25 (148.83/63.50mm)
1787603651.887  event6   TOUCH_FRAME                  +69.356s	
1787603651.897  event6   TOUCH_MOTION              2  +69.365s	0 (0) 36.54/67.16 (117.00/121.00mm)
1787603651.897  event6   TOUCH_MOTION              3  +69.365s	1 (1) 46.80/34.69 (149.83/62.50mm)
1787603651.897  event6   TOUCH_FRAME                  +69.365s	
1787603651.905  event6   TOUCH_MOTION              2  +69.374s	0 (0) 36.39/67.81 (116.50/122.17mm)
1787603651.905  event6   TOUCH_MOTION              3  +69.374s	1 (1) 47.06/34.14 (150.67/61.50mm)
1787603651.905  event6   TOUCH_FRAME                  +69.374s	
1787603651.914  event6   TOUCH_MOTION              2  +69.383s	0 (0) 36.23/68.46 (116.00/123.33mm)
1787603651.914  event6   TOUCH_MOTION              3  +69.383s	1 (1) 47.27/33.67 (151.33/60.67mm)
1787603651.914  event6   TOUCH_FRAME                  +69.383s	
1787603651.923  event6   TOUCH_MOTION              2  +69.392s	0 (0) 36.07/69.20 (115.50/124.67mm)
1787603651.923  event6   TOUCH_MOTION              3  +69.392s	1 (1) 47.42/33.30 (151.83/60.00mm)
1787603651.923  event6   TOUCH_FRAME                  +69.392s	
1787603651.932  event6   TOUCH_MOTION              2  +69.401s	0 (0) 35.92/69.84 (115.00/125.83mm)
1787603651.932  event6   TOUCH_MOTION              3  +69.401s	1 (1) 47.63/32.84 (152.50/59.17mm)
1787603651.932  event6   TOUCH_FRAME                  +69.401s	
1787603651.942  event6   TOUCH_MOTION              2  +69.411s	0 (0) 35.71/70.40 (114.33/126.83mm)
1787603651.943  event6   TOUCH_MOTION              3  +69.411s	1 (1) 47.79/32.47 (153.00/58.50mm)
1787603651.943  event6   TOUCH_FRAME                  +69.411s	
1787603651.951  event6   TOUCH_MOTION              2  +69.420s	0 (0) 35.55/71.14 (113.83/128.17mm)
1787603651.951  event6   TOUCH_MOTION              3  +69.420s	1 (1) 47.94/32.10 (153.50/57.83mm)
1787603651.951  event6   TOUCH_FRAME                  +69.420s	
1787603651.960  event6   TOUCH_MOTION              2  +69.429s	0 (0) 35.40/71.69 (113.33/129.17mm)
1787603651.960  event6   TOUCH_MOTION              3  +69.429s	1 (1) 48.15/31.64 (154.17/57.00mm)
1787603651.960  event6   TOUCH_FRAME                  +69.429s	
1787603651.969  event6   TOUCH_MOTION              2  +69.438s	0 (0) 35.24/72.25 (112.83/130.17mm)
1787603651.969  event6   TOUCH_MOTION              3  +69.438s	1 (1) 48.46/31.08 (155.17/56.00mm)
1787603651.969  event6   TOUCH_FRAME                  +69.438s	
1787603651.979  event6   TOUCH_MOTION              2  +69.447s	0 (0) 35.03/72.90 (112.17/131.33mm)
1787603651.979  event6   TOUCH_MOTION              3  +69.447s	1 (1) 48.83/30.62 (156.33/55.17mm)
1787603651.979  event6   TOUCH_FRAME                  +69.447s	
1787603651.987  event6   TOUCH_MOTION              2  +69.456s	0 (0) 34.88/73.45 (111.67/132.33mm)
1787603651.987  event6   TOUCH_MOTION              3  +69.456s	1 (1) 49.04/30.16 (157.00/54.33mm)
1787603651.987  event6   TOUCH_FRAME                  +69.456s	
1787603651.996  event6   TOUCH_MOTION              2  +69.465s	0 (0) 34.77/74.10 (111.33/133.50mm)
1787603651.996  event6   TOUCH_MOTION              3  +69.465s	1 (1) 49.30/29.69 (157.83/53.50mm)
1787603651.996  event6   TOUCH_FRAME                  +69.465s	
1787603652.005  event6   TOUCH_MOTION              2  +69.474s	0 (0) 34.62/74.56 (110.83/134.33mm)
1787603652.005  event6   TOUCH_MOTION              3  +69.474s	1 (1) 49.40/29.32 (158.17/52.83mm)
1787603652.005  event6   TOUCH_FRAME                  +69.474s	
1787603652.015  event6   TOUCH_MOTION              2  +69.484s	0 (0) 34.51/75.12 (110.50/135.33mm)
1787603652.015  event6   TOUCH_MOTION              3  +69.484s	1 (1) 49.51/29.05 (158.50/52.33mm)
1787603652.015  event6   TOUCH_FRAME                  +69.484s	
1787603652.024  event6   TOUCH_MOTION              2  +69.493s	0 (0) 34.36/75.58 (110.00/136.17mm)
1787603652.024  event6   TOUCH_MOTION              3  +69.493s	1 (1) 49.61/28.68 (158.83/51.67mm)
1787603652.024  event6   TOUCH_FRAME                  +69.493s	
1787603652.033  event6   TOUCH_MOTION              2  +69.502s	0 (0) 34.31/76.04 (109.83/137.00mm)
1787603652.033  event6   TOUCH_MOTION              3  +69.502s	1 (1) 49.71/28.49 (159.17/51.33mm)
1787603652.033  event6   TOUCH_FRAME                  +69.502s	
1787603652.042  event6   TOUCH_MOTION              2  +69.511s	0 (0) 34.20/76.50 (109.50/137.83mm)
1787603652.042  event6   TOUCH_MOTION              3  +69.511s	1 (1) 49.82/28.31 (159.50/51.00mm)
1787603652.042  event6   TOUCH_FRAME                  +69.511s	
1787603652.051  event6   TOUCH_MOTION              2  +69.520s	0 (0) 34.10/76.97 (109.17/138.67mm)
1787603652.051  event6   TOUCH_MOTION              3  +69.520s	1 (1) 49.92/28.21 (159.83/50.83mm)
1787603652.051  event6   TOUCH_FRAME                  +69.520s	
1787603652.060  event6   TOUCH_MOTION              2  +69.529s	0 (0) 33.94/77.43 (108.67/139.50mm)
1787603652.060  event6   TOUCH_MOTION              3  +69.529s	1 (1) 49.97/28.03 (160.00/50.50mm)
1787603652.060  event6   TOUCH_FRAME                  +69.529s	
1787603652.069  event6   TOUCH_MOTION              2  +69.538s	0 (0) 33.89/77.89 (108.50/140.33mm)
1787603652.069  event6   TOUCH_MOTION              3  +69.538s	1 (1) 50.03/27.94 (160.17/50.33mm)
1787603652.069  event6   TOUCH_FRAME                  +69.538s	
1787603652.078  event6   TOUCH_MOTION              2  +69.547s	0 (0) 33.78/78.26 (108.17/141.00mm)
1787603652.078  event6   TOUCH_MOTION              3  +69.547s	1 (1) 50.08/27.94 (160.33/50.33mm)
1787603652.078  event6   TOUCH_FRAME                  +69.547s	
1787603652.088  event6   TOUCH_MOTION              2  +69.557s	0 (0) 33.68/78.63 (107.83/141.67mm)
1787603652.088  event6   TOUCH_MOTION              3  +69.557s	1 (1) 50.13/27.84 (160.50/50.17mm)
1787603652.088  event6   TOUCH_FRAME                  +69.557s	
1787603652.097  event6   TOUCH_MOTION              2  +69.566s	0 (0) 33.63/78.91 (107.67/142.17mm)
1787603652.097  event6   TOUCH_MOTION              3  +69.566s	1 (1) 50.18/27.75 (160.67/50.00mm)
1787603652.097  event6   TOUCH_FRAME                  +69.566s	
1787603652.106  event6   TOUCH_MOTION              2  +69.575s	0 (0) 33.52/79.19 (107.33/142.67mm)
1787603652.106  event6   TOUCH_MOTION              3  +69.575s	1 (1) 50.18/27.66 (160.67/49.83mm)
1787603652.106  event6   TOUCH_FRAME                  +69.575s	
1787603652.115  event6   TOUCH_MOTION              2  +69.584s	0 (0) 33.42/79.46 (107.00/143.17mm)
1787603652.115  event6   TOUCH_FRAME                  +69.584s	
1787603652.124  event6   TOUCH_MOTION              2  +69.593s	0 (0) 33.42/79.74 (107.00/143.67mm)
1787603652.124  event6   TOUCH_FRAME                  +69.593s	
1787603652.133  event6   TOUCH_MOTION              2  +69.602s	0 (0) 33.37/79.93 (106.83/144.00mm)
1787603652.133  event6   TOUCH_FRAME                  +69.602s	
1787603652.142  event6   TOUCH_MOTION              2  +69.611s	0 (0) 33.32/80.11 (106.67/144.33mm)
1787603652.142  event6   TOUCH_FRAME                  +69.611s	
1787603652.151  event6   TOUCH_MOTION              2  +69.620s	0 (0) 33.32/80.20 (106.67/144.50mm)
1787603652.151  event6   TOUCH_FRAME                  +69.620s	
1787603652.161  event6   TOUCH_MOTION              2  +69.630s	1 (1) 50.18/27.75 (160.67/50.00mm)
1787603652.161  event6   TOUCH_FRAME                  +69.630s	
1787603652.170  event6   TOUCH_MOTION              2  +69.639s	0 (0) 33.32/80.30 (106.67/144.67mm)
1787603652.170  event6   TOUCH_MOTION              3  +69.639s	1 (1) 50.18/27.94 (160.67/50.33mm)
1787603652.170  event6   TOUCH_FRAME                  +69.639s	
1787603652.179  event6   TOUCH_MOTION              2  +69.648s	0 (0) 33.32/80.39 (106.67/144.83mm)
1787603652.179  event6   TOUCH_MOTION              3  +69.648s	1 (1) 50.18/28.12 (160.67/50.67mm)
1787603652.179  event6   TOUCH_FRAME                  +69.648s	
1787603652.188  event6   TOUCH_MOTION              2  +69.657s	1 (1) 50.18/28.31 (160.67/51.00mm)
1787603652.188  event6   TOUCH_FRAME                  +69.657s	
1787603652.197  event6   TOUCH_MOTION              2  +69.666s	1 (1) 50.18/28.68 (160.67/51.67mm)
1787603652.197  event6   TOUCH_FRAME                  +69.666s	
1787603652.206  event6   TOUCH_MOTION              2  +69.675s	0 (0) 33.37/80.39 (106.83/144.83mm)
1787603652.206  event6   TOUCH_MOTION              3  +69.675s	1 (1) 50.08/29.05 (160.33/52.33mm)
1787603652.206  event6   TOUCH_FRAME                  +69.675s	
1787603652.215  event6   TOUCH_MOTION              2  +69.684s	0 (0) 33.42/80.30 (107.00/144.67mm)
1787603652.215  event6   TOUCH_MOTION              3  +69.684s	1 (1) 49.92/29.51 (159.83/53.17mm)
1787603652.215  event6   TOUCH_FRAME                  +69.684s	
1787603652.224  event6   TOUCH_MOTION              2  +69.693s	0 (0) 33.52/80.11 (107.33/144.33mm)
1787603652.224  event6   TOUCH_MOTION              3  +69.693s	1 (1) 49.66/30.06 (159.00/54.17mm)
1787603652.224  event6   TOUCH_FRAME                  +69.693s	
1787603652.234  event6   TOUCH_MOTION              2  +69.703s	0 (0) 33.68/79.83 (107.83/143.83mm)
1787603652.234  event6   TOUCH_MOTION              3  +69.703s	1 (1) 49.40/30.71 (158.17/55.33mm)
1787603652.234  event6   TOUCH_FRAME                  +69.703s	
1787603652.243  event6   TOUCH_MOTION              2  +69.712s	0 (0) 33.89/79.46 (108.50/143.17mm)
1787603652.243  event6   TOUCH_MOTION              3  +69.712s	1 (1) 49.14/31.45 (157.33/56.67mm)
1787603652.243  event6   TOUCH_FRAME                  +69.712s	
1787603652.252  event6   TOUCH_MOTION              2  +69.721s	0 (0) 34.10/79.09 (109.17/142.50mm)
1787603652.253  event6   TOUCH_MOTION              3  +69.721s	1 (1) 48.83/32.28 (156.33/58.17mm)
1787603652.253  event6   TOUCH_FRAME                  +69.721s	
1787603652.261  event6   TOUCH_MOTION              2  +69.730s	0 (0) 34.31/78.72 (109.83/141.83mm)
1787603652.262  event6   TOUCH_MOTION              3  +69.730s	1 (1) 48.46/33.12 (155.17/59.67mm)
1787603652.262  event6   TOUCH_FRAME                  +69.730s	
1787603652.270  event6   TOUCH_MOTION              2  +69.739s	0 (0) 34.46/78.26 (110.33/141.00mm)
1787603652.270  event6   TOUCH_MOTION              3  +69.739s	1 (1) 48.15/34.04 (154.17/61.33mm)
1787603652.270  event6   TOUCH_FRAME                  +69.739s	
1787603652.279  event6   TOUCH_MOTION              2  +69.748s	0 (0) 34.67/77.89 (111.00/140.33mm)
1787603652.279  event6   TOUCH_MOTION              3  +69.748s	1 (1) 47.89/34.88 (153.33/62.83mm)
1787603652.279  event6   TOUCH_FRAME                  +69.748s	
1787603652.288  event6   TOUCH_MOTION              2  +69.757s	0 (0) 34.88/77.52 (111.67/139.67mm)
1787603652.288  event6   TOUCH_MOTION              3  +69.757s	1 (1) 47.63/35.71 (152.50/64.33mm)
1787603652.288  event6   TOUCH_FRAME                  +69.757s	
1787603652.297  event6   TOUCH_MOTION              2  +69.766s	0 (0) 35.09/77.15 (112.33/139.00mm)
1787603652.297  event6   TOUCH_MOTION              3  +69.766s	1 (1) 47.32/36.54 (151.50/65.83mm)
1787603652.297  event6   TOUCH_FRAME                  +69.766s	
1787603652.307  event6   TOUCH_MOTION              2  +69.776s	0 (0) 35.24/76.78 (112.83/138.33mm)
1787603652.307  event6   TOUCH_MOTION              3  +69.776s	1 (1) 47.06/37.37 (150.67/67.33mm)
1787603652.307  event6   TOUCH_FRAME                  +69.776s	
1787603652.316  event6   TOUCH_MOTION              2  +69.785s	0 (0) 35.45/76.41 (113.50/137.67mm)
1787603652.316  event6   TOUCH_MOTION              3  +69.785s	1 (1) 46.80/38.11 (149.83/68.67mm)
1787603652.316  event6   TOUCH_FRAME                  +69.785s	
1787603652.325  event6   TOUCH_MOTION              2  +69.794s	0 (0) 35.61/76.04 (114.00/137.00mm)
1787603652.325  event6   TOUCH_MOTION              3  +69.794s	1 (1) 46.49/38.95 (148.83/70.17mm)
1787603652.325  event6   TOUCH_FRAME                  +69.794s	
1787603652.334  event6   TOUCH_MOTION              2  +69.803s	0 (0) 35.76/75.67 (114.50/136.33mm)
1787603652.334  event6   TOUCH_MOTION              3  +69.803s	1 (1) 46.17/39.69 (147.83/71.50mm)
1787603652.334  event6   TOUCH_FRAME                  +69.803s	
1787603652.343  event6   TOUCH_MOTION              2  +69.812s	0 (0) 35.92/75.30 (115.00/135.67mm)
1787603652.343  event6   TOUCH_MOTION              3  +69.812s	1 (1) 45.86/40.43 (146.83/72.83mm)
1787603652.343  event6   TOUCH_FRAME                  +69.812s	
1787603652.352  event6   TOUCH_MOTION              2  +69.821s	0 (0) 36.02/74.93 (115.33/135.00mm)
1787603652.352  event6   TOUCH_MOTION              3  +69.821s	1 (1) 45.55/41.17 (145.83/74.17mm)
1787603652.352  event6   TOUCH_FRAME                  +69.821s	
1787603652.361  event6   TOUCH_MOTION              2  +69.830s	0 (0) 36.18/74.47 (115.83/134.17mm)
1787603652.361  event6   TOUCH_MOTION              3  +69.830s	1 (1) 45.29/42.00 (145.00/75.67mm)
1787603652.361  event6   TOUCH_FRAME                  +69.830s	
1787603652.371  event6   TOUCH_MOTION              2  +69.839s	0 (0) 36.39/74.10 (116.50/133.50mm)
1787603652.371  event6   TOUCH_MOTION              3  +69.839s	1 (1) 45.03/42.83 (144.17/77.17mm)
1787603652.371  event6   TOUCH_FRAME                  +69.839s	
1787603652.380  event6   TOUCH_MOTION              2  +69.849s	0 (0) 36.60/73.64 (117.17/132.67mm)
1787603652.380  event6   TOUCH_MOTION              3  +69.849s	1 (1) 44.77/43.66 (143.33/78.67mm)
1787603652.380  event6   TOUCH_FRAME                  +69.849s	
1787603652.389  event6   TOUCH_MOTION              2  +69.858s	0 (0) 36.86/73.27 (118.00/132.00mm)
1787603652.389  event6   TOUCH_MOTION              3  +69.858s	1 (1) 44.51/44.50 (142.50/80.17mm)
1787603652.389  event6   TOUCH_FRAME                  +69.858s	
1787603652.399  event6   TOUCH_MOTION              2  +69.867s	0 (0) 37.01/72.90 (118.50/131.33mm)
1787603652.399  event6   TOUCH_MOTION              3  +69.867s	1 (1) 44.25/45.24 (141.67/81.50mm)
1787603652.399  event6   TOUCH_FRAME                  +69.867s	
1787603652.407  event6   TOUCH_MOTION              2  +69.876s	0 (0) 37.22/72.43 (119.17/130.50mm)
1787603652.407  event6   TOUCH_MOTION              3  +69.876s	1 (1) 44.09/45.98 (141.17/82.83mm)
1787603652.407  event6   TOUCH_FRAME                  +69.876s	
1787603652.416  event6   TOUCH_MOTION              2  +69.885s	0 (0) 37.48/71.97 (120.00/129.67mm)
1787603652.416  event6   TOUCH_MOTION              3  +69.885s	1 (1) 43.94/46.62 (140.67/84.00mm)
1787603652.416  event6   TOUCH_FRAME                  +69.885s	
1787603652.426  event6   TOUCH_MOTION              2  +69.895s	0 (0) 37.58/71.79 (120.33/129.33mm)
1787603652.426  event6   TOUCH_MOTION              3  +69.895s	1 (1) 43.83/46.90 (140.33/84.50mm)
1787603652.426  event6   TOUCH_FRAME                  +69.895s	
1787603652.436  event6   TOUCH_MOTION              2  +69.905s	0 (0) 37.69/71.51 (120.67/128.83mm)
1787603652.436  event6   TOUCH_MOTION              3  +69.905s	1 (1) 43.73/47.27 (140.00/85.17mm)
1787603652.436  event6   TOUCH_FRAME                  +69.905s	
1787603652.446  event6   TOUCH_MOTION              2  +69.915s	0 (0) 37.84/71.23 (121.17/128.33mm)
1787603652.446  event6   TOUCH_MOTION              3  +69.915s	1 (1) 43.68/47.64 (139.83/85.83mm)
1787603652.446  event6   TOUCH_FRAME                  +69.915s	
1787603652.456  event6   TOUCH_MOTION              2  +69.925s	0 (0) 37.95/70.95 (121.50/127.83mm)
1787603652.456  event6   TOUCH_MOTION              3  +69.925s	1 (1) 43.57/48.01 (139.50/86.50mm)
1787603652.456  event6   TOUCH_FRAME                  +69.925s	
1787603652.466  event6   TOUCH_MOTION              2  +69.935s	0 (0) 38.11/70.58 (122.00/127.17mm)
1787603652.466  event6   TOUCH_MOTION              3  +69.935s	1 (1) 43.47/48.38 (139.17/87.17mm)
1787603652.466  event6   TOUCH_FRAME                  +69.935s	
1787603652.475  event6   TOUCH_MOTION              2  +69.944s	0 (0) 38.21/70.21 (122.33/126.50mm)
1787603652.475  event6   TOUCH_MOTION              3  +69.944s	1 (1) 43.36/48.75 (138.83/87.83mm)
1787603652.475  event6   TOUCH_FRAME                  +69.944s	
1787603652.485  event6   TOUCH_MOTION              2  +69.954s	0 (0) 38.37/69.84 (122.83/125.83mm)
1787603652.485  event6   TOUCH_MOTION              3  +69.954s	1 (1) 43.26/49.12 (138.50/88.50mm)
1787603652.485  event6   TOUCH_FRAME                  +69.954s	
1787603652.495  event6   TOUCH_MOTION              2  +69.964s	0 (0) 38.57/69.47 (123.50/125.17mm)
1787603652.495  event6   TOUCH_MOTION              3  +69.964s	1 (1) 43.10/49.49 (138.00/89.17mm)
1787603652.495  event6   TOUCH_FRAME                  +69.964s	
1787603652.505  event6   TOUCH_MOTION              2  +69.974s	0 (0) 38.78/69.10 (124.17/124.50mm)
1787603652.505  event6   TOUCH_MOTION              3  +69.974s	1 (1) 43.00/50.05 (137.67/90.17mm)
1787603652.505  event6   TOUCH_FRAME                  +69.974s	
1787603652.515  event6   TOUCH_MOTION              2  +69.984s	0 (0) 38.94/68.73 (124.67/123.83mm)
1787603652.515  event6   TOUCH_MOTION              3  +69.984s	1 (1) 42.84/50.60 (137.17/91.17mm)
1787603652.515  event6   TOUCH_FRAME                  +69.984s	
1787603652.525  event6   TOUCH_MOTION              2  +69.994s	0 (0) 39.09/68.36 (125.17/123.17mm)
1787603652.525  event6   TOUCH_MOTION              3  +69.994s	1 (1) 42.69/51.25 (136.67/92.33mm)
1787603652.525  event6   TOUCH_FRAME                  +69.994s	
1787603652.535  event6   TOUCH_MOTION              2  +70.004s	0 (0) 39.25/67.99 (125.67/122.50mm)
1787603652.535  event6   TOUCH_MOTION              3  +70.004s	1 (1) 42.58/51.90 (136.33/93.50mm)
1787603652.535  event6   TOUCH_FRAME                  +70.004s	
1787603652.544  event6   TOUCH_MOTION              2  +70.013s	0 (0) 39.35/67.72 (126.00/122.00mm)
1787603652.545  event6   TOUCH_MOTION              3  +70.013s	1 (1) 42.43/52.45 (135.83/94.50mm)
1787603652.545  event6   TOUCH_FRAME                  +70.013s	
1787603652.555  event6   TOUCH_MOTION              2  +70.023s	0 (0) 39.46/67.35 (126.33/121.33mm)
1787603652.555  event6   TOUCH_MOTION              3  +70.023s	1 (1) 42.32/52.91 (135.50/95.33mm)
1787603652.555  event6   TOUCH_FRAME                  +70.023s	
1787603652.564  event6   TOUCH_MOTION              2  +70.033s	0 (0) 39.51/67.07 (126.50/120.83mm)
1787603652.564  event6   TOUCH_MOTION              3  +70.033s	1 (1) 42.22/53.28 (135.17/96.00mm)
1787603652.564  event6   TOUCH_FRAME                  +70.033s	
1787603652.574  event6   TOUCH_MOTION              2  +70.043s	0 (0) 39.56/66.79 (126.67/120.33mm)
1787603652.574  event6   TOUCH_MOTION              3  +70.043s	1 (1) 42.17/53.56 (135.00/96.50mm)
1787603652.574  event6   TOUCH_FRAME                  +70.043s	
1787603652.584  event6   TOUCH_MOTION              2  +70.053s	0 (0) 39.61/66.51 (126.83/119.83mm)
1787603652.584  event6   TOUCH_MOTION              3  +70.053s	1 (1) 42.06/53.75 (134.67/96.83mm)
1787603652.584  event6   TOUCH_FRAME                  +70.053s	
1787603652.594  event6   TOUCH_MOTION              2  +70.063s	0 (0) 39.67/66.23 (127.00/119.33mm)
1787603652.594  event6   TOUCH_MOTION              3  +70.063s	1 (1) 41.96/53.93 (134.33/97.17mm)
1787603652.595  event6   TOUCH_FRAME                  +70.063s	
1787603652.604  event6   TOUCH_MOTION              2  +70.073s	0 (0) 39.67/66.05 (127.00/119.00mm)
1787603652.605  event6   TOUCH_MOTION              3  +70.073s	1 (1) 41.91/54.12 (134.17/97.50mm)
1787603652.605  event6   TOUCH_FRAME                  +70.073s	
1787603652.613  event6   TOUCH_MOTION              2  +70.082s	0 (0) 39.72/65.77 (127.17/118.50mm)
1787603652.613  event6   TOUCH_MOTION              3  +70.082s	1 (1) 41.80/54.21 (133.83/97.67mm)
1787603652.613  event6   TOUCH_FRAME                  +70.082s	
1787603652.623  event6   TOUCH_MOTION              2  +70.092s	0 (0) 39.72/65.59 (127.17/118.17mm)
1787603652.623  event6   TOUCH_MOTION              3  +70.092s	1 (1) 41.75/54.30 (133.67/97.83mm)
1787603652.623  event6   TOUCH_FRAME                  +70.092s	
1787603652.633  event6   TOUCH_MOTION              2  +70.102s	0 (0) 39.72/65.40 (127.17/117.83mm)
1787603652.633  event6   TOUCH_MOTION              3  +70.102s	1 (1) 41.70/54.39 (133.50/98.00mm)
1787603652.633  event6   TOUCH_FRAME                  +70.102s	
1787603652.643  event6   TOUCH_MOTION              2  +70.112s	0 (0) 39.72/65.22 (127.17/117.50mm)
1787603652.643  event6   TOUCH_MOTION              3  +70.112s	1 (1) 41.70/54.49 (133.50/98.17mm)
1787603652.643  event6   TOUCH_FRAME                  +70.112s	
1787603652.653  event6   TOUCH_MOTION              2  +70.122s	0 (0) 39.72/65.03 (127.17/117.17mm)
1787603652.653  event6   TOUCH_MOTION              3  +70.122s	1 (1) 41.64/54.49 (133.33/98.17mm)
1787603652.653  event6   TOUCH_FRAME                  +70.122s	
1787603652.663  event6   TOUCH_MOTION              2  +70.132s	0 (0) 39.72/64.94 (127.17/117.00mm)
1787603652.663  event6   TOUCH_MOTION              3  +70.132s	1 (1) 41.59/54.49 (133.17/98.17mm)
1787603652.663  event6   TOUCH_FRAME                  +70.132s	
1787603652.673  event6   TOUCH_MOTION              2  +70.142s	0 (0) 39.72/64.75 (127.17/116.67mm)
1787603652.673  event6   TOUCH_MOTION              3  +70.142s	1 (1) 41.54/54.49 (133.00/98.17mm)
1787603652.673  event6   TOUCH_FRAME                  +70.142s	
1787603652.683  event6   TOUCH_MOTION              2  +70.152s	0 (0) 39.72/64.66 (127.17/116.50mm)
1787603652.683  event6   TOUCH_FRAME                  +70.152s	
1787603652.702  event6   TOUCH_MOTION              2  +70.171s	0 (0) 39.72/64.57 (127.17/116.33mm)
1787603652.703  event6   TOUCH_FRAME                  +70.171s	
1787603652.712  event6   TOUCH_MOTION              2  +70.181s	0 (0) 39.72/64.48 (127.17/116.17mm)
1787603652.712  event6   TOUCH_MOTION              3  +70.181s	1 (1) 41.54/54.30 (133.00/97.83mm)
1787603652.712  event6   TOUCH_FRAME                  +70.181s	
1787603652.722  event6   TOUCH_MOTION              2  +70.191s	0 (0) 39.72/64.38 (127.17/116.00mm)
1787603652.722  event6   TOUCH_MOTION              3  +70.191s	1 (1) 41.54/54.12 (133.00/97.50mm)
1787603652.722  event6   TOUCH_FRAME                  +70.191s	
1787603652.733  event6   TOUCH_MOTION              2  +70.201s	0 (0) 39.72/64.29 (127.17/115.83mm)
1787603652.733  event6   TOUCH_MOTION              3  +70.201s	1 (1) 41.64/53.75 (133.33/96.83mm)
1787603652.733  event6   TOUCH_FRAME                  +70.201s	
1787603652.742  event6   TOUCH_MOTION              2  +70.211s	0 (0) 39.67/64.29 (127.00/115.83mm)
1787603652.742  event6   TOUCH_MOTION              3  +70.211s	1 (1) 41.70/53.19 (133.50/95.83mm)
1787603652.742  event6   TOUCH_FRAME                  +70.211s	
1787603652.753  event6   TOUCH_MOTION              2  +70.221s	0 (0) 39.61/64.29 (126.83/115.83mm)
1787603652.753  event6   TOUCH_MOTION              3  +70.221s	1 (1) 41.85/52.36 (134.00/94.33mm)
1787603652.753  event6   TOUCH_FRAME                  +70.221s	
1787603652.761  event6   TOUCH_MOTION              2  +70.230s	0 (0) 39.46/64.29 (126.33/115.83mm)
1787603652.761  event6   TOUCH_MOTION              3  +70.230s	1 (1) 42.11/51.34 (134.83/92.50mm)
1787603652.761  event6   TOUCH_FRAME                  +70.230s	
1787603652.771  event6   TOUCH_MOTION              2  +70.240s	0 (0) 39.25/64.29 (125.67/115.83mm)
1787603652.771  event6   TOUCH_MOTION              3  +70.240s	1 (1) 42.37/50.05 (135.67/90.17mm)
1787603652.771  event6   TOUCH_FRAME                  +70.240s	
1787603652.781  event6   TOUCH_MOTION              2  +70.250s	0 (0) 38.99/64.48 (124.83/116.17mm)
1787603652.781  event6   TOUCH_MOTION              3  +70.250s	1 (1) 42.69/48.75 (136.67/87.83mm)
1787603652.781  event6   TOUCH_FRAME                  +70.250s	
1787603652.791  event6   TOUCH_MOTION              2  +70.260s	0 (0) 38.37/64.85 (122.83/116.83mm)
1787603652.791  event6   TOUCH_MOTION              3  +70.260s	1 (1) 43.31/46.16 (138.67/83.17mm)
1787603652.791  event6   TOUCH_FRAME                  +70.260s	
1787603652.801  event6   TOUCH_MOTION              2  +70.270s	0 (0) 37.90/65.31 (121.33/117.67mm)
1787603652.801  event6   TOUCH_MOTION              3  +70.270s	1 (1) 43.83/43.94 (140.33/79.17mm)
1787603652.801  event6   TOUCH_FRAME                  +70.270s	
1787603652.811  event6   TOUCH_MOTION              2  +70.280s	0 (0) 37.48/65.77 (120.00/118.50mm)
1787603652.811  event6   TOUCH_MOTION              3  +70.280s	1 (1) 44.30/42.00 (141.83/75.67mm)
1787603652.811  event6   TOUCH_FRAME                  +70.280s	
1787603652.820  event6   TOUCH_MOTION              2  +70.289s	0 (0) 37.12/66.14 (118.83/119.17mm)
1787603652.820  event6   TOUCH_MOTION              3  +70.289s	1 (1) 44.72/40.43 (143.17/72.83mm)
1787603652.820  event6   TOUCH_FRAME                  +70.289s	
1787603652.829  event6   TOUCH_MOTION              2  +70.298s	0 (0) 36.86/66.60 (118.00/120.00mm)
1787603652.829  event6   TOUCH_MOTION              3  +70.298s	1 (1) 45.03/39.13 (144.17/70.50mm)
1787603652.829  event6   TOUCH_FRAME                  +70.298s	
1787603652.838  event6   TOUCH_MOTION              2  +70.307s	0 (0) 36.65/66.98 (117.33/120.67mm)
1787603652.838  event6   TOUCH_MOTION              3  +70.307s	1 (1) 45.29/38.21 (145.00/68.83mm)
1787603652.838  event6   TOUCH_FRAME                  +70.307s	
1787603652.847  event6   TOUCH_MOTION              2  +70.316s	0 (0) 36.49/67.35 (116.83/121.33mm)
1787603652.847  event6   TOUCH_MOTION              3  +70.316s	1 (1) 45.50/37.37 (145.67/67.33mm)
1787603652.847  event6   TOUCH_FRAME                  +70.316s	
1787603652.856  event6   TOUCH_MOTION              2  +70.325s	0 (0) 36.34/67.81 (116.33/122.17mm)
1787603652.856  event6   TOUCH_MOTION              3  +70.325s	1 (1) 45.65/36.63 (146.17/66.00mm)
1787603652.856  event6   TOUCH_FRAME                  +70.325s	
1787603652.865  event6   TOUCH_MOTION              2  +70.334s	0 (0) 36.13/68.27 (115.67/123.00mm)
1787603652.865  event6   TOUCH_MOTION              3  +70.334s	1 (1) 45.76/36.08 (146.50/65.00mm)
1787603652.865  event6   TOUCH_FRAME                  +70.334s	
1787603652.875  event6   TOUCH_MOTION              2  +70.344s	0 (0) 35.97/68.73 (115.17/123.83mm)
1787603652.875  event6   TOUCH_MOTION              3  +70.344s	1 (1) 45.86/35.52 (146.83/64.00mm)
1787603652.875  event6   TOUCH_FRAME                  +70.344s	
1787603652.884  event6   TOUCH_MOTION              2  +70.353s	0 (0) 35.81/69.20 (114.67/124.67mm)
1787603652.884  event6   TOUCH_MOTION              3  +70.353s	1 (1) 45.91/35.06 (147.00/63.17mm)
1787603652.884  event6   TOUCH_FRAME                  +70.353s	
1787603652.893  event6   TOUCH_MOTION              2  +70.362s	0 (0) 35.66/69.84 (114.17/125.83mm)
1787603652.893  event6   TOUCH_MOTION              3  +70.362s	1 (1) 46.02/34.51 (147.33/62.17mm)
1787603652.893  event6   TOUCH_FRAME                  +70.362s	
1787603652.902  event6   TOUCH_MOTION              2  +70.371s	0 (0) 35.45/70.40 (113.50/126.83mm)
1787603652.902  event6   TOUCH_MOTION              3  +70.371s	1 (1) 46.17/34.04 (147.83/61.33mm)
1787603652.902  event6   TOUCH_FRAME                  +70.371s	
1787603652.911  event6   TOUCH_MOTION              2  +70.380s	0 (0) 35.29/71.05 (113.00/128.00mm)
1787603652.912  event6   TOUCH_MOTION              3  +70.380s	1 (1) 46.28/33.49 (148.17/60.33mm)
1787603652.912  event6   TOUCH_FRAME                  +70.380s	
1787603652.920  event6   TOUCH_MOTION              2  +70.389s	0 (0) 35.19/71.60 (112.67/129.00mm)
1787603652.920  event6   TOUCH_MOTION              3  +70.389s	1 (1) 46.38/33.02 (148.50/59.50mm)
1787603652.920  event6   TOUCH_FRAME                  +70.389s	
1787603652.929  event6   TOUCH_MOTION              2  +70.398s	0 (0) 34.98/72.25 (112.00/130.17mm)
1787603652.929  event6   TOUCH_MOTION              3  +70.398s	1 (1) 46.43/32.65 (148.67/58.83mm)
1787603652.929  event6   TOUCH_FRAME                  +70.398s	
1787603652.938  event6   TOUCH_MOTION              2  +70.407s	0 (0) 34.83/72.80 (111.50/131.17mm)
1787603652.938  event6   TOUCH_MOTION              3  +70.407s	1 (1) 46.54/32.28 (149.00/58.17mm)
1787603652.938  event6   TOUCH_FRAME                  +70.407s	
1787603652.948  event6   TOUCH_MOTION              2  +70.417s	0 (0) 34.67/73.36 (111.00/132.17mm)
1787603652.949  event6   TOUCH_MOTION              3  +70.417s	1 (1) 46.59/31.91 (149.17/57.50mm)
1787603652.949  event6   TOUCH_FRAME                  +70.417s	
1787603652.957  event6   TOUCH_MOTION              2  +70.426s	0 (0) 34.51/74.10 (110.50/133.50mm)
1787603652.957  event6   TOUCH_MOTION              3  +70.426s	1 (1) 46.69/31.54 (149.50/56.83mm)
1787603652.957  event6   TOUCH_FRAME                  +70.426s	
1787603652.966  event6   TOUCH_MOTION              2  +70.435s	0 (0) 34.36/74.75 (110.00/134.67mm)
1787603652.966  event6   TOUCH_MOTION              3  +70.435s	1 (1) 46.80/31.17 (149.83/56.17mm)
1787603652.966  event6   TOUCH_FRAME                  +70.435s	
1787603652.975  event6   TOUCH_MOTION              2  +70.444s	0 (0) 34.15/75.49 (109.33/136.00mm)
1787603652.975  event6   TOUCH_MOTION              3  +70.444s	1 (1) 46.85/30.71 (150.00/55.33mm)
1787603652.975  event6   TOUCH_FRAME                  +70.444s	
1787603652.984  event6   TOUCH_MOTION              2  +70.453s	0 (0) 33.94/76.32 (108.67/137.50mm)
1787603652.984  event6   TOUCH_MOTION              3  +70.453s	1 (1) 47.06/30.25 (150.67/54.50mm)
1787603652.984  event6   TOUCH_FRAME                  +70.453s	
1787603652.993  event6   TOUCH_MOTION              2  +70.462s	0 (0) 33.73/77.06 (108.00/138.83mm)
1787603652.993  event6   TOUCH_MOTION              3  +70.462s	1 (1) 47.53/29.32 (152.17/52.83mm)
1787603652.993  event6   TOUCH_FRAME                  +70.462s	
1787603653.002  event6   TOUCH_MOTION              2  +70.471s	0 (0) 33.58/77.71 (107.50/140.00mm)
1787603653.002  event6   TOUCH_MOTION              3  +70.471s	1 (1) 48.00/28.49 (153.67/51.33mm)
1787603653.002  event6   TOUCH_FRAME                  +70.471s	
1787603653.011  event6   TOUCH_MOTION              2  +70.480s	0 (0) 33.42/78.26 (107.00/141.00mm)
1787603653.011  event6   TOUCH_MOTION              3  +70.480s	1 (1) 48.41/27.94 (155.00/50.33mm)
1787603653.011  event6   TOUCH_FRAME                  +70.480s	
1787603653.020  event6   TOUCH_MOTION              2  +70.489s	0 (0) 33.26/78.82 (106.50/142.00mm)
1787603653.020  event6   TOUCH_MOTION              3  +70.489s	1 (1) 48.67/27.38 (155.83/49.33mm)
1787603653.020  event6   TOUCH_FRAME                  +70.489s	
1787603653.030  event6   TOUCH_MOTION              2  +70.499s	0 (0) 33.21/79.28 (106.33/142.83mm)
1787603653.030  event6   TOUCH_MOTION              3  +70.499s	1 (1) 48.98/26.83 (156.83/48.33mm)
1787603653.030  event6   TOUCH_FRAME                  +70.499s	
1787603653.039  event6   TOUCH_MOTION              2  +70.508s	0 (0) 33.16/79.65 (106.17/143.50mm)
1787603653.039  event6   TOUCH_MOTION              3  +70.508s	1 (1) 49.30/26.46 (157.83/47.67mm)
1787603653.039  event6   TOUCH_FRAME                  +70.508s	
1787603653.048  event6   TOUCH_MOTION              2  +70.517s	0 (0) 33.11/79.93 (106.00/144.00mm)
1787603653.048  event6   TOUCH_MOTION              3  +70.517s	1 (1) 49.61/26.09 (158.83/47.00mm)
1787603653.048  event6   TOUCH_FRAME                  +70.517s	
1787603653.057  event6   TOUCH_MOTION              2  +70.526s	0 (0) 33.06/80.20 (105.83/144.50mm)
1787603653.057  event6   TOUCH_MOTION              3  +70.526s	1 (1) 49.82/25.72 (159.50/46.33mm)
1787603653.057  event6   TOUCH_FRAME                  +70.526s	
1787603653.066  event6   TOUCH_MOTION              2  +70.535s	0 (0) 33.06/80.39 (105.83/144.83mm)
1787603653.066  event6   TOUCH_MOTION              3  +70.535s	1 (1) 49.97/25.53 (160.00/46.00mm)
1787603653.066  event6   TOUCH_FRAME                  +70.535s	
1787603653.075  event6   TOUCH_MOTION              2  +70.544s	0 (0) 33.00/80.57 (105.67/145.17mm)
1787603653.075  event6   TOUCH_MOTION              3  +70.544s	1 (1) 50.13/25.35 (160.50/45.67mm)
1787603653.075  event6   TOUCH_FRAME                  +70.544s	
1787603653.084  event6   TOUCH_MOTION              2  +70.553s	1 (1) 50.23/25.25 (160.83/45.50mm)
1787603653.084  event6   TOUCH_FRAME                  +70.553s	
1787603653.093  event6   TOUCH_MOTION              2  +70.562s	0 (0) 33.00/80.67 (105.67/145.33mm)
1787603653.093  event6   TOUCH_MOTION              3  +70.562s	1 (1) 50.34/25.16 (161.17/45.33mm)
1787603653.094  event6   TOUCH_FRAME                  +70.562s	
1787603653.103  event6   TOUCH_MOTION              2  +70.572s	0 (0) 33.00/80.76 (105.67/145.50mm)
1787603653.103  event6   TOUCH_MOTION              3  +70.572s	1 (1) 50.39/25.07 (161.33/45.17mm)
1787603653.103  event6   TOUCH_FRAME                  +70.572s	
1787603653.112  event6   TOUCH_MOTION              2  +70.581s	0 (0) 33.00/80.85 (105.67/145.67mm)
1787603653.112  event6   TOUCH_FRAME                  +70.581s	
1787603653.130  event6   TOUCH_MOTION              2  +70.599s	1 (1) 50.39/25.16 (161.33/45.33mm)
1787603653.130  event6   TOUCH_FRAME                  +70.599s	
1787603653.139  event6   TOUCH_MOTION              2  +70.608s	1 (1) 50.39/25.35 (161.33/45.67mm)
1787603653.139  event6   TOUCH_FRAME                  +70.608s	
1787603653.148  event6   TOUCH_MOTION              2  +70.617s	0 (0) 33.00/80.67 (105.67/145.33mm)
1787603653.148  event6   TOUCH_MOTION              3  +70.617s	1 (1) 50.23/25.53 (160.83/46.00mm)
1787603653.148  event6   TOUCH_FRAME                  +70.617s	
1787603653.157  event6   TOUCH_MOTION              2  +70.626s	0 (0) 33.06/80.48 (105.83/145.00mm)
1787603653.157  event6   TOUCH_MOTION              3  +70.626s	1 (1) 50.03/25.90 (160.17/46.67mm)
1787603653.157  event6   TOUCH_FRAME                  +70.626s	
1787603653.166  event6   TOUCH_MOTION              2  +70.635s	0 (0) 33.16/80.20 (106.17/144.50mm)
1787603653.166  event6   TOUCH_MOTION              3  +70.635s	1 (1) 49.77/26.36 (159.33/47.50mm)
1787603653.166  event6   TOUCH_FRAME                  +70.635s	
1787603653.176  event6   TOUCH_MOTION              2  +70.645s	0 (0) 33.26/79.83 (106.50/143.83mm)
1787603653.176  event6   TOUCH_MOTION              3  +70.645s	1 (1) 49.51/26.83 (158.50/48.33mm)
1787603653.176  event6   TOUCH_FRAME                  +70.645s	
1787603653.185  event6   TOUCH_MOTION              2  +70.654s	0 (0) 33.37/79.56 (106.83/143.33mm)
1787603653.185  event6   TOUCH_MOTION              3  +70.654s	1 (1) 49.30/27.38 (157.83/49.33mm)
1787603653.185  event6   TOUCH_FRAME                  +70.654s	
1787603653.194  event6   TOUCH_MOTION              2  +70.663s	0 (0) 33.42/79.28 (107.00/142.83mm)
1787603653.194  event6   TOUCH_MOTION              3  +70.663s	1 (1) 49.09/27.94 (157.17/50.33mm)
1787603653.194  event6   TOUCH_FRAME                  +70.663s	
1787603653.203  event6   TOUCH_MOTION              2  +70.672s	0 (0) 33.63/79.00 (107.67/142.33mm)
1787603653.203  event6   TOUCH_MOTION              3  +70.672s	1 (1) 48.88/28.49 (156.50/51.33mm)
1787603653.203  event6   TOUCH_FRAME                  +70.672s	
1787603653.212  event6   TOUCH_MOTION              2  +70.681s	0 (0) 33.78/78.63 (108.17/141.67mm)
1787603653.212  event6   TOUCH_MOTION              3  +70.681s	1 (1) 48.62/29.05 (155.67/52.33mm)
1787603653.212  event6   TOUCH_FRAME                  +70.681s	
1787603653.221  event6   TOUCH_MOTION              2  +70.690s	0 (0) 33.89/78.26 (108.50/141.00mm)
1787603653.221  event6   TOUCH_MOTION              3  +70.690s	1 (1) 48.41/29.60 (155.00/53.33mm)
1787603653.221  event6   TOUCH_FRAME                  +70.690s	
1787603653.230  event6   TOUCH_MOTION              2  +70.699s	0 (0) 34.10/77.89 (109.17/140.33mm)
1787603653.230  event6   TOUCH_MOTION              3  +70.699s	1 (1) 48.15/30.25 (154.17/54.50mm)
1787603653.230  event6   TOUCH_FRAME                  +70.699s	
1787603653.240  event6   TOUCH_MOTION              2  +70.708s	0 (0) 34.36/77.43 (110.00/139.50mm)
1787603653.240  event6   TOUCH_MOTION              3  +70.708s	1 (1) 47.89/31.08 (153.33/56.00mm)
1787603653.240  event6   TOUCH_FRAME                  +70.708s	
1787603653.249  event6   TOUCH_MOTION              2  +70.718s	0 (0) 34.57/76.78 (110.67/138.33mm)
1787603653.249  event6   TOUCH_MOTION              3  +70.718s	1 (1) 47.63/32.01 (152.50/57.67mm)
1787603653.249  event6   TOUCH_FRAME                  +70.718s	
1787603653.258  event6   TOUCH_MOTION              2  +70.727s	0 (0) 34.83/76.23 (111.50/137.33mm)
1787603653.258  event6   TOUCH_MOTION              3  +70.727s	1 (1) 47.32/33.02 (151.50/59.50mm)
1787603653.258  event6   TOUCH_FRAME                  +70.727s	
1787603653.267  event6   TOUCH_MOTION              2  +70.736s	0 (0) 35.14/75.67 (112.50/136.33mm)
1787603653.267  event6   TOUCH_MOTION              3  +70.736s	1 (1) 47.01/34.14 (150.50/61.50mm)
1787603653.267  event6   TOUCH_FRAME                  +70.736s	
1787603653.276  event6   TOUCH_MOTION              2  +70.745s	0 (0) 35.45/75.12 (113.50/135.33mm)
1787603653.276  event6   TOUCH_MOTION              3  +70.745s	1 (1) 46.69/35.25 (149.50/63.50mm)
1787603653.276  event6   TOUCH_FRAME                  +70.745s	
1787603653.285  event6   TOUCH_MOTION              2  +70.754s	0 (0) 35.66/74.56 (114.17/134.33mm)
1787603653.286  event6   TOUCH_MOTION              3  +70.754s	1 (1) 46.38/36.26 (148.50/65.33mm)
1787603653.286  event6   TOUCH_FRAME                  +70.754s	
1787603653.294  event6   TOUCH_MOTION              2  +70.763s	0 (0) 35.92/74.10 (115.00/133.50mm)
1787603653.294  event6   TOUCH_MOTION              3  +70.763s	1 (1) 46.02/37.28 (147.33/67.17mm)
1787603653.294  event6   TOUCH_FRAME                  +70.763s	
1787603653.303  event6   TOUCH_MOTION              2  +70.772s	0 (0) 36.07/73.64 (115.50/132.67mm)
1787603653.303  event6   TOUCH_MOTION              3  +70.772s	1 (1) 45.71/38.11 (146.33/68.67mm)
1787603653.303  event6   TOUCH_FRAME                  +70.772s	
1787603653.312  event6   TOUCH_MOTION              2  +70.781s	0 (0) 36.28/73.17 (116.17/131.83mm)
1787603653.312  event6   TOUCH_MOTION              3  +70.781s	1 (1) 45.50/38.95 (145.67/70.17mm)
1787603653.312  event6   TOUCH_FRAME                  +70.781s	
1787603653.322  event6   TOUCH_MOTION              2  +70.791s	0 (0) 36.49/72.62 (116.83/130.83mm)
1787603653.322  event6   TOUCH_MOTION              3  +70.791s	1 (1) 45.24/39.69 (144.83/71.50mm)
1787603653.322  event6   TOUCH_FRAME                  +70.791s	
1787603653.331  event6   TOUCH_MOTION              2  +70.800s	0 (0) 36.75/72.16 (117.67/130.00mm)
1787603653.331  event6   TOUCH_MOTION              3  +70.800s	1 (1) 44.98/40.52 (144.00/73.00mm)
1787603653.331  event6   TOUCH_FRAME                  +70.800s	
1787603653.340  event6   TOUCH_MOTION              2  +70.809s	0 (0) 36.96/71.60 (118.33/129.00mm)
1787603653.340  event6   TOUCH_MOTION              3  +70.809s	1 (1) 44.72/41.44 (143.17/74.67mm)
1787603653.340  event6   TOUCH_FRAME                  +70.809s	
1787603653.349  event6   TOUCH_MOTION              2  +70.818s	0 (0) 37.22/71.14 (119.17/128.17mm)
1787603653.349  event6   TOUCH_MOTION              3  +70.818s	1 (1) 44.46/42.37 (142.33/76.33mm)
1787603653.349  event6   TOUCH_FRAME                  +70.818s	
1787603653.359  event6   TOUCH_MOTION              2  +70.828s	0 (0) 37.32/70.86 (119.50/127.67mm)
1787603653.359  event6   TOUCH_MOTION              3  +70.828s	1 (1) 44.35/42.74 (142.00/77.00mm)
1787603653.359  event6   TOUCH_FRAME                  +70.828s	
1787603653.369  event6   TOUCH_MOTION              2  +70.838s	0 (0) 37.48/70.58 (120.00/127.17mm)
1787603653.369  event6   TOUCH_MOTION              3  +70.838s	1 (1) 44.20/43.29 (141.50/78.00mm)
1787603653.369  event6   TOUCH_FRAME                  +70.838s	
1787603653.379  event6   TOUCH_MOTION              2  +70.848s	0 (0) 37.69/70.21 (120.67/126.50mm)
1787603653.379  event6   TOUCH_MOTION              3  +70.848s	1 (1) 44.09/43.85 (141.17/79.00mm)
1787603653.379  event6   TOUCH_FRAME                  +70.848s	
1787603653.389  event6   TOUCH_MOTION              2  +70.858s	0 (0) 37.84/69.84 (121.17/125.83mm)
1787603653.389  event6   TOUCH_MOTION              3  +70.858s	1 (1) 43.99/44.31 (140.83/79.83mm)
1787603653.389  event6   TOUCH_FRAME                  +70.858s	
1787603653.399  event6   TOUCH_MOTION              2  +70.867s	0 (0) 38.00/69.47 (121.67/125.17mm)
1787603653.399  event6   TOUCH_MOTION              3  +70.867s	1 (1) 43.94/44.77 (140.67/80.67mm)
1787603653.399  event6   TOUCH_FRAME                  +70.867s	
1787603653.408  event6   TOUCH_MOTION              2  +70.877s	0 (0) 38.16/69.01 (122.17/124.33mm)
1787603653.409  event6   TOUCH_MOTION              3  +70.877s	1 (1) 43.78/45.24 (140.17/81.50mm)
1787603653.409  event6   TOUCH_FRAME                  +70.877s	
1787603653.418  event6   TOUCH_MOTION              2  +70.887s	0 (0) 38.37/68.55 (122.83/123.50mm)
1787603653.418  event6   TOUCH_MOTION              3  +70.887s	1 (1) 43.73/45.61 (140.00/82.17mm)
1787603653.418  event6   TOUCH_FRAME                  +70.887s	
1787603653.428  event6   TOUCH_MOTION              2  +70.897s	0 (0) 38.57/68.09 (123.50/122.67mm)
1787603653.428  event6   TOUCH_MOTION              3  +70.897s	1 (1) 43.57/45.98 (139.50/82.83mm)
1787603653.428  event6   TOUCH_FRAME                  +70.897s	
1787603653.438  event6   TOUCH_MOTION              2  +70.907s	0 (0) 38.78/67.62 (124.17/121.83mm)
1787603653.438  event6   TOUCH_MOTION              3  +70.907s	1 (1) 43.47/46.35 (139.17/83.50mm)
1787603653.438  event6   TOUCH_FRAME                  +70.907s	
1787603653.448  event6   TOUCH_MOTION              2  +70.917s	0 (0) 39.04/66.98 (125.00/120.67mm)
1787603653.448  event6   TOUCH_MOTION              3  +70.917s	1 (1) 43.31/46.81 (138.67/84.33mm)
1787603653.448  event6   TOUCH_FRAME                  +70.917s	
1787603653.458  event6   TOUCH_MOTION              2  +70.927s	0 (0) 39.25/66.51 (125.67/119.83mm)
1787603653.458  event6   TOUCH_MOTION              3  +70.927s	1 (1) 43.21/47.27 (138.33/85.17mm)
1787603653.458  event6   TOUCH_FRAME                  +70.927s	
1787603653.467  event6   TOUCH_MOTION              2  +70.936s	0 (0) 39.51/65.96 (126.50/118.83mm)
1787603653.467  event6   TOUCH_MOTION              3  +70.936s	1 (1) 43.05/48.01 (137.83/86.50mm)
1787603653.467  event6   TOUCH_FRAME                  +70.936s	
1787603653.477  event6   TOUCH_MOTION              2  +70.946s	0 (0) 39.72/65.40 (127.17/117.83mm)
1787603653.477  event6   TOUCH_MOTION              3  +70.946s	1 (1) 43.00/48.57 (137.67/87.50mm)
1787603653.477  event6   TOUCH_FRAME                  +70.946s	
1787603653.487  event6   TOUCH_MOTION              2  +70.956s	0 (0) 39.93/64.94 (127.83/117.00mm)
1787603653.487  event6   TOUCH_MOTION              3  +70.956s	1 (1) 42.89/49.03 (137.33/88.33mm)
1787603653.487  event6   TOUCH_FRAME                  +70.956s	
1787603653.497  event6   TOUCH_MOTION              2  +70.966s	0 (0) 40.14/64.48 (128.50/116.17mm)
1787603653.497  event6   TOUCH_MOTION              3  +70.966s	1 (1) 42.79/49.40 (137.00/89.00mm)
1787603653.497  event6   TOUCH_FRAME                  +70.966s	
1787603653.507  event6   TOUCH_MOTION              2  +70.976s	0 (0) 40.24/64.01 (128.83/115.33mm)
1787603653.507  event6   TOUCH_MOTION              3  +70.976s	1 (1) 42.74/49.68 (136.83/89.50mm)
1787603653.507  event6   TOUCH_FRAME                  +70.976s	
1787603653.517  event6   TOUCH_MOTION              2  +70.986s	0 (0) 40.34/63.55 (129.17/114.50mm)
1787603653.517  event6   TOUCH_MOTION              3  +70.986s	1 (1) 42.69/49.95 (136.67/90.00mm)
1787603653.517  event6   TOUCH_FRAME                  +70.986s	
1787603653.527  event6   TOUCH_MOTION              2  +70.996s	0 (0) 40.45/63.18 (129.50/113.83mm)
1787603653.527  event6   TOUCH_MOTION              3  +70.996s	1 (1) 42.63/50.05 (136.50/90.17mm)
1787603653.527  event6   TOUCH_FRAME                  +70.996s	
1787603653.536  event6   TOUCH_MOTION              2  +71.005s	1 (1) 42.58/50.23 (136.33/90.50mm)
1787603653.536  event6   TOUCH_FRAME                  +71.005s	
1787603653.546  event6   TOUCH_MOTION              2  +71.015s	1 (1) 42.53/50.42 (136.17/90.83mm)
1787603653.546  event6   TOUCH_FRAME                  +71.015s	
1787603653.578  event6   TOUCH_UP                     +71.047s	0 (0)
1787603653.579  event6   TOUCH_FRAME                  +71.047s	
1787603653.598  event6   TOUCH_UP                     +71.067s	1 (1)
1787603653.598  event6   TOUCH_FRAME                  +71.067s	
1787603654.289  event6   TOUCH_DOWN                   +71.757s	0 (0) 45.50/75.76 (145.67/136.50mm)
1787603654.289  event6   TOUCH_FRAME                  +71.757s	
1787603654.327  event6   TOUCH_MOTION                 +71.796s	0 (0) 45.71/75.30 (146.33/135.67mm)
1787603654.327  event6   TOUCH_FRAME                  +71.796s	
1787603654.337  event6   TOUCH_MOTION              2  +71.806s	0 (0) 45.71/75.21 (146.33/135.50mm)
1787603654.338  event6   TOUCH_FRAME                  +71.806s	
1787603654.347  event6   TOUCH_MOTION              2  +71.815s	0 (0) 45.81/75.02 (146.67/135.17mm)
1787603654.347  event6   TOUCH_FRAME                  +71.815s	
1787603654.354  event6   TOUCH_MOTION              2  +71.823s	0 (0) 45.91/74.93 (147.00/135.00mm)
1787603654.355  event6   TOUCH_FRAME                  +71.823s	
1787603654.363  event6   TOUCH_MOTION              2  +71.832s	0 (0) 46.02/74.75 (147.33/134.67mm)
1787603654.363  event6   TOUCH_FRAME                  +71.832s	
1787603654.374  event6   TOUCH_MOTION              2  +71.842s	0 (0) 46.17/74.56 (147.83/134.33mm)
1787603654.374  event6   TOUCH_FRAME                  +71.842s	
1787603654.382  event6   TOUCH_MOTION              2  +71.851s	0 (0) 46.28/74.47 (148.17/134.17mm)
1787603654.382  event6   TOUCH_DOWN                   +71.851s	1 (1) 54.19/52.91 (173.50/95.33mm)
1787603654.382  event6   TOUCH_FRAME                  +71.851s	
1787603654.391  event6   TOUCH_MOTION                 +71.860s	0 (0) 46.38/74.28 (148.50/133.83mm)
1787603654.391  event6   TOUCH_MOTION              2  +71.860s	1 (1) 54.14/53.01 (173.33/95.50mm)
1787603654.391  event6   TOUCH_FRAME                  +71.860s	
1787603654.400  event6   TOUCH_MOTION              2  +71.869s	0 (0) 46.43/74.10 (148.67/133.50mm)
1787603654.400  event6   TOUCH_MOTION              3  +71.869s	1 (1) 54.03/53.19 (173.00/95.83mm)
1787603654.400  event6   TOUCH_FRAME                  +71.869s	
1787603654.409  event6   TOUCH_MOTION              2  +71.878s	0 (0) 46.59/73.91 (149.17/133.17mm)
1787603654.410  event6   TOUCH_MOTION              3  +71.878s	1 (1) 53.98/53.28 (172.83/96.00mm)
1787603654.410  event6   TOUCH_FRAME                  +71.878s	
1787603654.418  event6   TOUCH_MOTION              2  +71.887s	0 (0) 46.69/73.73 (149.50/132.83mm)
1787603654.418  event6   TOUCH_MOTION              3  +71.887s	1 (1) 53.88/53.28 (172.50/96.00mm)
1787603654.418  event6   TOUCH_FRAME                  +71.887s	
1787603654.428  event6   TOUCH_MOTION              2  +71.896s	0 (0) 46.85/73.45 (150.00/132.33mm)
1787603654.428  event6   TOUCH_MOTION              3  +71.896s	1 (1) 53.77/53.38 (172.17/96.17mm)
1787603654.428  event6   TOUCH_FRAME                  +71.896s	
1787603654.436  event6   TOUCH_MOTION              2  +71.905s	0 (0) 47.01/73.27 (150.50/132.00mm)
1787603654.436  event6   TOUCH_MOTION              3  +71.905s	1 (1) 53.72/53.47 (172.00/96.33mm)
1787603654.436  event6   TOUCH_FRAME                  +71.905s	
1787603654.446  event6   TOUCH_MOTION              2  +71.915s	0 (0) 47.06/73.17 (150.67/131.83mm)
1787603654.446  event6   TOUCH_FRAME                  +71.915s	
1787603654.456  event6   TOUCH_MOTION              2  +71.925s	0 (0) 47.21/73.08 (151.17/131.67mm)
1787603654.456  event6   TOUCH_MOTION              3  +71.925s	1 (1) 53.67/53.56 (171.83/96.50mm)
1787603654.456  event6   TOUCH_FRAME                  +71.925s	
1787603654.466  event6   TOUCH_MOTION              2  +71.935s	0 (0) 47.32/72.99 (151.50/131.50mm)
1787603654.466  event6   TOUCH_MOTION              3  +71.935s	1 (1) 53.62/53.65 (171.67/96.67mm)
1787603654.466  event6   TOUCH_FRAME                  +71.935s	
1787603654.476  event6   TOUCH_MOTION              2  +71.945s	0 (0) 47.48/72.90 (152.00/131.33mm)
1787603654.476  event6   TOUCH_MOTION              3  +71.945s	1 (1) 53.57/53.75 (171.50/96.83mm)
1787603654.476  event6   TOUCH_FRAME                  +71.945s	
1787603654.486  event6   TOUCH_MOTION              2  +71.955s	0 (0) 47.63/72.71 (152.50/131.00mm)
1787603654.486  event6   TOUCH_MOTION              3  +71.955s	1 (1) 53.51/54.02 (171.33/97.33mm)
1787603654.486  event6   TOUCH_FRAME                  +71.955s	
1787603654.496  event6   TOUCH_MOTION              2  +71.965s	0 (0) 47.84/72.62 (153.17/130.83mm)
1787603654.496  event6   TOUCH_MOTION              3  +71.965s	1 (1) 53.51/54.21 (171.33/97.67mm)
1787603654.496  event6   TOUCH_FRAME                  +71.965s	
1787603654.505  event6   TOUCH_MOTION              2  +71.974s	1 (1) 53.51/54.49 (171.33/98.17mm)
1787603654.505  event6   TOUCH_FRAME                  +71.974s	
1787603654.547  event6   TOUCH_UP                     +72.016s	0 (0)
1787603654.547  event6   TOUCH_FRAME                  +72.016s	
1787603654.567  event6   TOUCH_UP                     +72.036s	1 (1)
1787603654.567  event6   TOUCH_FRAME                  +72.036s	
1787603655.080  event6   TOUCH_DOWN                   +72.548s	0 (0) 58.77/53.65 (188.17/96.67mm)
1787603655.080  event6   TOUCH_FRAME                  +72.548s	
1787603655.180  event6   TOUCH_UP                     +72.649s	0 (0)
1787603655.180  event6   TOUCH_FRAME                  +72.649s	
1787603655.306  event6   TOUCH_DOWN                   +72.775s	0 (0) 59.76/53.56 (191.33/96.50mm)
1787603655.306  event6   TOUCH_FRAME                  +72.775s	
1787603655.407  event6   TOUCH_UP                     +72.876s	0 (0)
1787603655.407  event6   TOUCH_FRAME                  +72.876s	
1787603655.524  event6   TOUCH_DOWN                   +72.992s	0 (0) 59.97/53.28 (192.00/96.00mm)
1787603655.524  event6   TOUCH_FRAME                  +72.992s	
1787603655.624  event6   TOUCH_UP                     +73.093s	0 (0)
1787603655.625  event6   TOUCH_FRAME                  +73.093s	
1787603655.740  event6   TOUCH_DOWN                   +73.209s	0 (0) 60.65/53.01 (194.17/95.50mm)
1787603655.740  event6   TOUCH_FRAME                  +73.209s	
1787603655.832  event6   TOUCH_UP                     +73.300s	0 (0)
1787603655.832  event6   TOUCH_FRAME                  +73.300s	
1787603655.948  event6   TOUCH_DOWN                   +73.417s	0 (0) 60.65/53.38 (194.17/96.17mm)
1787603655.948  event6   TOUCH_FRAME                  +73.417s	
1787603656.048  event6   TOUCH_UP                     +73.517s	0 (0)
1787603656.048  event6   TOUCH_FRAME                  +73.517s	
