1787598092.367 -event6   DEVICE_ADDED                 Raydium Corporation Raydium Touch System seat0 default group1  cap:t  size 320x180mm ntouches 10 calib
1787598401.390  event6   TOUCH_DOWN                   +0.000s	0 (0) 46.38/69.47 (148.50/125.17mm)
1787598401.390  event6   TOUCH_FRAME                  +0.000s	
1787598401.397  event6   TOUCH_MOTION                 +0.008s	0 (0) 46.38/68.55 (148.50/123.50mm)
1787598401.397  event6   TOUCH_FRAME                  +0.008s	
1787598401.406  event6   TOUCH_MOTION              2  +0.017s	0 (0) 46.38/67.90 (148.50/122.33mm)
1787598401.407  event6   TOUCH_FRAME                  +0.017s	
1787598401.417  event6   TOUCH_MOTION              2  +0.027s	0 (0) 46.38/67.07 (148.50/120.83mm)
1787598401.417  event6   TOUCH_FRAME                  +0.027s	
1787598401.425  event6   TOUCH_MOTION              2  +0.036s	0 (0) 46.38/66.23 (148.50/119.33mm)
1787598401.426  event6   TOUCH_FRAME                  +0.036s	
1787598401.434  event6   TOUCH_MOTION              2  +0.045s	0 (0) 46.43/65.40 (148.67/117.83mm)
1787598401.435  event6   TOUCH_FRAME                  +0.045s	
1787598401.443  event6   TOUCH_MOTION              2  +0.054s	0 (0) 46.54/64.48 (149.00/116.17mm)
1787598401.443  event6   TOUCH_FRAME                  +0.054s	
1787598401.452  event6   TOUCH_MOTION              2  +0.063s	0 (0) 46.59/63.46 (149.17/114.33mm)
1787598401.453  event6   TOUCH_FRAME                  +0.063s	
1787598401.461  event6   TOUCH_MOTION              2  +0.072s	0 (0) 46.75/62.44 (149.67/112.50mm)
1787598401.462  event6   TOUCH_FRAME                  +0.072s	
1787598401.471  event6   TOUCH_MOTION              2  +0.081s	0 (0) 46.90/61.24 (150.17/110.33mm)
1787598401.471  event6   TOUCH_FRAME                  +0.081s	
1787598401.480  event6   TOUCH_MOTION              2  +0.090s	0 (0) 47.06/60.04 (150.67/108.17mm)
1787598401.480  event6   TOUCH_FRAME                  +0.090s	
1787598401.489  event6   TOUCH_MOTION              2  +0.100s	0 (0) 47.27/58.74 (151.33/105.83mm)
1787598401.489  event6   TOUCH_FRAME                  +0.100s	
1787598401.498  event6   TOUCH_MOTION              2  +0.109s	0 (0) 47.42/57.45 (151.83/103.50mm)
1787598401.499  event6   TOUCH_FRAME                  +0.109s	
1787598401.507  event6   TOUCH_MOTION              2  +0.118s	0 (0) 47.58/56.06 (152.33/101.00mm)
1787598401.507  event6   TOUCH_FRAME                  +0.118s	
1787598401.516  event6   TOUCH_MOTION              2  +0.127s	0 (0) 47.74/54.76 (152.83/98.67mm)
1787598401.516  event6   TOUCH_FRAME                  +0.127s	
1787598401.525  event6   TOUCH_MOTION              2  +0.136s	0 (0) 47.94/53.38 (153.50/96.17mm)
1787598401.525  event6   TOUCH_FRAME                  +0.136s	
1787598401.534  event6   TOUCH_MOTION              2  +0.145s	0 (0) 48.10/52.17 (154.00/94.00mm)
1787598401.534  event6   TOUCH_FRAME                  +0.145s	
1787598401.543  event6   TOUCH_MOTION              2  +0.154s	0 (0) 48.26/50.97 (154.50/91.83mm)
1787598401.543  event6   TOUCH_FRAME                  +0.154s	
1787598401.552  event6   TOUCH_MOTION              2  +0.163s	0 (0) 48.41/49.86 (155.00/89.83mm)
1787598401.552  event6   TOUCH_FRAME                  +0.163s	
1787598401.562  event6   TOUCH_MOTION              2  +0.173s	0 (0) 48.57/48.75 (155.50/87.83mm)
1787598401.562  event6   TOUCH_FRAME                  +0.173s	
1787598401.571  event6   TOUCH_MOTION              2  +0.182s	0 (0) 48.72/47.64 (156.00/85.83mm)
1787598401.571  event6   TOUCH_FRAME                  +0.182s	
1787598401.580  event6   TOUCH_MOTION              2  +0.191s	0 (0) 48.83/46.62 (156.33/84.00mm)
1787598401.580  event6   TOUCH_FRAME                  +0.191s	
1787598401.589  event6   TOUCH_MOTION              2  +0.200s	0 (0) 48.98/45.61 (156.83/82.17mm)
1787598401.589  event6   TOUCH_FRAME                  +0.200s	
1787598401.598  event6   TOUCH_MOTION              2  +0.209s	0 (0) 49.14/44.59 (157.33/80.33mm)
1787598401.598  event6   TOUCH_FRAME                  +0.209s	
1787598401.607  event6   TOUCH_MOTION              2  +0.218s	0 (0) 49.30/43.48 (157.83/78.33mm)
1787598401.607  event6   TOUCH_FRAME                  +0.218s	
1787598401.616  event6   TOUCH_MOTION              2  +0.227s	0 (0) 49.51/42.28 (158.50/76.17mm)
1787598401.616  event6   TOUCH_FRAME                  +0.227s	
1787598401.626  event6   TOUCH_MOTION              2  +0.237s	0 (0) 49.71/40.98 (159.17/73.83mm)
1787598401.626  event6   TOUCH_FRAME                  +0.237s	
1787598401.635  event6   TOUCH_MOTION              2  +0.246s	0 (0) 49.92/39.69 (159.83/71.50mm)
1787598401.635  event6   TOUCH_FRAME                  +0.246s	
1787598401.644  event6   TOUCH_MOTION              2  +0.255s	0 (0) 50.13/38.48 (160.50/69.33mm)
1787598401.644  event6   TOUCH_FRAME                  +0.255s	
1787598401.653  event6   TOUCH_MOTION              2  +0.264s	0 (0) 50.34/37.19 (161.17/67.00mm)
1787598401.653  event6   TOUCH_FRAME                  +0.264s	
1787598401.662  event6   TOUCH_MOTION              2  +0.273s	0 (0) 50.49/35.89 (161.67/64.67mm)
1787598401.662  event6   TOUCH_FRAME                  +0.273s	
1787598401.671  event6   TOUCH_MOTION              2  +0.282s	0 (0) 50.65/34.69 (162.17/62.50mm)
1787598401.671  event6   TOUCH_FRAME                  +0.282s	
1787598401.680  event6   TOUCH_MOTION              2  +0.291s	0 (0) 50.86/33.49 (162.83/60.33mm)
1787598401.680  event6   TOUCH_FRAME                  +0.291s	
1787598401.689  event6   TOUCH_MOTION              2  +0.300s	0 (0) 51.02/32.38 (163.33/58.33mm)
1787598401.689  event6   TOUCH_FRAME                  +0.300s	
1787598401.699  event6   TOUCH_MOTION              2  +0.310s	0 (0) 51.17/31.27 (163.83/56.33mm)
1787598401.699  event6   TOUCH_FRAME                  +0.310s	
1787598401.708  event6   TOUCH_MOTION              2  +0.319s	0 (0) 51.33/30.25 (164.33/54.50mm)
1787598401.708  event6   TOUCH_FRAME                  +0.319s	
1787598401.717  event6   TOUCH_MOTION              2  +0.328s	0 (0) 51.48/29.23 (164.83/52.67mm)
1787598401.717  event6   TOUCH_FRAME                  +0.328s	
1787598401.726  event6   TOUCH_MOTION              2  +0.337s	0 (0) 51.59/28.31 (165.17/51.00mm)
1787598401.726  event6   TOUCH_FRAME                  +0.337s	
1787598401.735  event6   TOUCH_MOTION              2  +0.346s	0 (0) 51.74/27.47 (165.67/49.50mm)
1787598401.735  event6   TOUCH_FRAME                  +0.346s	
1787598401.744  event6   TOUCH_MOTION              2  +0.355s	0 (0) 51.85/26.55 (166.00/47.83mm)
1787598401.745  event6   TOUCH_FRAME                  +0.355s	
1787598401.753  event6   TOUCH_MOTION              2  +0.364s	0 (0) 51.95/25.72 (166.33/46.33mm)
1787598401.753  event6   TOUCH_FRAME                  +0.364s	
1787598401.763  event6   TOUCH_MOTION              2  +0.374s	0 (0) 52.00/24.98 (166.50/45.00mm)
1787598401.763  event6   TOUCH_FRAME                  +0.374s	
1787598401.773  event6   TOUCH_MOTION              2  +0.383s	0 (0) 52.11/24.14 (166.83/43.50mm)
1787598401.773  event6   TOUCH_FRAME                  +0.383s	
1787598401.781  event6   TOUCH_MOTION              2  +0.392s	0 (0) 52.16/23.40 (167.00/42.17mm)
1787598401.781  event6   TOUCH_FRAME                  +0.392s	
1787598401.791  event6   TOUCH_MOTION              2  +0.401s	0 (0) 52.26/22.76 (167.33/41.00mm)
1787598401.791  event6   TOUCH_FRAME                  +0.401s	
1787598401.799  event6   TOUCH_MOTION              2  +0.410s	0 (0) 52.32/22.11 (167.50/39.83mm)
1787598401.799  event6   TOUCH_FRAME                  +0.410s	
1787598401.809  event6   TOUCH_MOTION              2  +0.419s	0 (0) 52.37/21.55 (167.67/38.83mm)
1787598401.809  event6   TOUCH_FRAME                  +0.419s	
1787598401.817  event6   TOUCH_MOTION              2  +0.428s	0 (0) 52.42/21.00 (167.83/37.83mm)
1787598401.817  event6   TOUCH_FRAME                  +0.428s	
1787598401.826  event6   TOUCH_MOTION              2  +0.437s	0 (0) 52.42/20.54 (167.83/37.00mm)
1787598401.826  event6   TOUCH_FRAME                  +0.437s	
1787598401.836  event6   TOUCH_MOTION              2  +0.447s	0 (0) 52.42/20.07 (167.83/36.17mm)
1787598401.836  event6   TOUCH_FRAME                  +0.447s	
1787598401.845  event6   TOUCH_MOTION              2  +0.456s	0 (0) 52.42/19.70 (167.83/35.50mm)
1787598401.845  event6   TOUCH_FRAME                  +0.456s	
1787598401.854  event6   TOUCH_MOTION              2  +0.465s	0 (0) 52.42/19.43 (167.83/35.00mm)
1787598401.854  event6   TOUCH_FRAME                  +0.465s	
1787598401.863  event6   TOUCH_MOTION              2  +0.474s	0 (0) 52.47/19.24 (168.00/34.67mm)
1787598401.863  event6   TOUCH_FRAME                  +0.474s	
1787598401.872  event6   TOUCH_MOTION              2  +0.483s	0 (0) 52.47/18.96 (168.00/34.17mm)
1787598401.873  event6   TOUCH_FRAME                  +0.483s	
1787598401.881  event6   TOUCH_MOTION              2  +0.492s	0 (0) 52.47/18.87 (168.00/34.00mm)
1787598401.881  event6   TOUCH_FRAME                  +0.492s	
1787598401.891  event6   TOUCH_MOTION              2  +0.501s	0 (0) 52.47/18.69 (168.00/33.67mm)
1787598401.891  event6   TOUCH_FRAME                  +0.501s	
1787598401.899  event6   TOUCH_MOTION              2  +0.510s	0 (0) 52.52/18.50 (168.17/33.33mm)
1787598401.899  event6   TOUCH_FRAME                  +0.510s	
1787598401.948  event6   TOUCH_UP                     +0.559s	0 (0)
1787598401.948  event6   TOUCH_FRAME                  +0.559s	
1787598402.578  event6   TOUCH_DOWN                   +1.189s	0 (0) 48.31/27.01 (154.67/48.67mm)
1787598402.578  event6   TOUCH_FRAME                  +1.189s	
1787598402.595  event6   TOUCH_MOTION                 +1.206s	0 (0) 48.20/27.66 (154.33/49.83mm)
1787598402.595  event6   TOUCH_FRAME                  +1.206s	
1787598402.605  event6   TOUCH_MOTION              2  +1.216s	0 (0) 48.15/28.21 (154.17/50.83mm)
1787598402.605  event6   TOUCH_FRAME                  +1.216s	
1787598402.614  event6   TOUCH_MOTION              2  +1.225s	0 (0) 48.05/28.95 (153.83/52.17mm)
1787598402.614  event6   TOUCH_FRAME                  +1.225s	
1787598402.623  event6   TOUCH_MOTION              2  +1.234s	0 (0) 47.94/29.69 (153.50/53.50mm)
1787598402.623  event6   TOUCH_FRAME                  +1.234s	
1787598402.633  event6   TOUCH_MOTION              2  +1.243s	0 (0) 47.89/30.53 (153.33/55.00mm)
1787598402.633  event6   TOUCH_FRAME                  +1.243s	
1787598402.642  event6   TOUCH_MOTION              2  +1.252s	0 (0) 47.84/31.36 (153.17/56.50mm)
1787598402.642  event6   TOUCH_FRAME                  +1.252s	
1787598402.651  event6   TOUCH_MOTION              2  +1.261s	0 (0) 47.79/32.19 (153.00/58.00mm)
1787598402.651  event6   TOUCH_FRAME                  +1.261s	
1787598402.659  event6   TOUCH_MOTION              2  +1.270s	0 (0) 47.74/33.12 (152.83/59.67mm)
1787598402.659  event6   TOUCH_FRAME                  +1.270s	
1787598402.670  event6   TOUCH_MOTION              2  +1.280s	0 (0) 47.74/34.04 (152.83/61.33mm)
1787598402.670  event6   TOUCH_FRAME                  +1.280s	
1787598402.678  event6   TOUCH_MOTION              2  +1.289s	0 (0) 47.74/34.88 (152.83/62.83mm)
1787598402.678  event6   TOUCH_FRAME                  +1.289s	
1787598402.688  event6   TOUCH_MOTION              2  +1.298s	0 (0) 47.74/35.80 (152.83/64.50mm)
1787598402.688  event6   TOUCH_FRAME                  +1.298s	
1787598402.697  event6   TOUCH_MOTION              2  +1.307s	0 (0) 47.74/36.73 (152.83/66.17mm)
1787598402.697  event6   TOUCH_FRAME                  +1.307s	
1787598402.705  event6   TOUCH_MOTION              2  +1.316s	0 (0) 47.74/37.74 (152.83/68.00mm)
1787598402.706  event6   TOUCH_FRAME                  +1.316s	
1787598402.714  event6   TOUCH_MOTION              2  +1.325s	0 (0) 47.74/38.76 (152.83/69.83mm)
1787598402.714  event6   TOUCH_FRAME                  +1.325s	
1787598402.723  event6   TOUCH_MOTION              2  +1.334s	0 (0) 47.74/39.78 (152.83/71.67mm)
1787598402.724  event6   TOUCH_FRAME                  +1.334s	
1787598402.732  event6   TOUCH_MOTION              2  +1.343s	0 (0) 47.68/40.80 (152.67/73.50mm)
1787598402.732  event6   TOUCH_FRAME                  +1.343s	
1787598402.742  event6   TOUCH_MOTION              2  +1.353s	0 (0) 47.63/42.00 (152.50/75.67mm)
1787598402.742  event6   TOUCH_FRAME                  +1.353s	
1787598402.751  event6   TOUCH_MOTION              2  +1.362s	0 (0) 47.58/43.11 (152.33/77.67mm)
1787598402.751  event6   TOUCH_FRAME                  +1.362s	
1787598402.760  event6   TOUCH_MOTION              2  +1.371s	0 (0) 47.53/44.22 (152.17/79.67mm)
1787598402.760  event6   TOUCH_FRAME                  +1.371s	
1787598402.769  event6   TOUCH_MOTION              2  +1.380s	0 (0) 47.48/45.51 (152.00/82.00mm)
1787598402.770  event6   TOUCH_FRAME                  +1.380s	
1787598402.778  event6   TOUCH_MOTION              2  +1.389s	0 (0) 47.37/46.81 (151.67/84.33mm)
1787598402.778  event6   TOUCH_FRAME                  +1.389s	
1787598402.788  event6   TOUCH_MOTION              2  +1.398s	0 (0) 47.27/48.01 (151.33/86.50mm)
1787598402.788  event6   TOUCH_FRAME                  +1.398s	
1787598402.797  event6   TOUCH_MOTION              2  +1.407s	0 (0) 47.21/49.31 (151.17/88.83mm)
1787598402.797  event6   TOUCH_FRAME                  +1.407s	
1787598402.805  event6   TOUCH_MOTION              2  +1.416s	0 (0) 47.11/50.60 (150.83/91.17mm)
1787598402.805  event6   TOUCH_FRAME                  +1.416s	
1787598402.815  event6   TOUCH_MOTION              2  +1.426s	0 (0) 47.06/51.80 (150.67/93.33mm)
1787598402.815  event6   TOUCH_FRAME                  +1.426s	
1787598402.824  event6   TOUCH_MOTION              2  +1.435s	0 (0) 47.06/53.10 (150.67/95.67mm)
1787598402.825  event6   TOUCH_FRAME                  +1.435s	
1787598402.833  event6   TOUCH_MOTION              2  +1.444s	0 (0) 47.01/54.30 (150.50/97.83mm)
1787598402.834  event6   TOUCH_FRAME                  +1.444s	
1787598402.843  event6   TOUCH_MOTION              2  +1.453s	0 (0) 46.95/55.50 (150.33/100.00mm)
1787598402.843  event6   TOUCH_FRAME                  +1.453s	
1787598402.852  event6   TOUCH_MOTION              2  +1.462s	0 (0) 46.90/56.71 (150.17/102.17mm)
1787598402.852  event6   TOUCH_FRAME                  +1.462s	
1787598402.861  event6   TOUCH_MOTION              2  +1.471s	0 (0) 46.85/57.82 (150.00/104.17mm)
1787598402.861  event6   TOUCH_FRAME                  +1.471s	
1787598402.869  event6   TOUCH_MOTION              2  +1.480s	0 (0) 46.85/59.02 (150.00/106.33mm)
1787598402.869  event6   TOUCH_FRAME                  +1.480s	
1787598402.879  event6   TOUCH_MOTION              2  +1.490s	0 (0) 46.85/60.22 (150.00/108.50mm)
1787598402.880  event6   TOUCH_FRAME                  +1.490s	
1787598402.889  event6   TOUCH_MOTION              2  +1.499s	0 (0) 46.85/61.42 (150.00/110.67mm)
1787598402.889  event6   TOUCH_FRAME                  +1.499s	
1787598402.897  event6   TOUCH_MOTION              2  +1.508s	0 (0) 46.85/62.63 (150.00/112.83mm)
1787598402.897  event6   TOUCH_FRAME                  +1.508s	
1787598402.907  event6   TOUCH_MOTION              2  +1.517s	0 (0) 46.85/63.83 (150.00/115.00mm)
1787598402.907  event6   TOUCH_FRAME                  +1.517s	
1787598402.915  event6   TOUCH_MOTION              2  +1.526s	0 (0) 46.85/64.94 (150.00/117.00mm)
1787598402.915  event6   TOUCH_FRAME                  +1.526s	
1787598402.924  event6   TOUCH_MOTION              2  +1.535s	0 (0) 46.85/66.05 (150.00/119.00mm)
1787598402.925  event6   TOUCH_FRAME                  +1.535s	
1787598402.933  event6   TOUCH_MOTION              2  +1.544s	0 (0) 46.85/67.16 (150.00/121.00mm)
1787598402.934  event6   TOUCH_FRAME                  +1.544s	
1787598402.942  event6   TOUCH_MOTION              2  +1.553s	0 (0) 46.85/68.36 (150.00/123.17mm)
1787598402.942  event6   TOUCH_FRAME                  +1.553s	
1787598402.953  event6   TOUCH_MOTION              2  +1.563s	0 (0) 46.85/69.47 (150.00/125.17mm)
1787598402.953  event6   TOUCH_FRAME                  +1.563s	
1787598402.961  event6   TOUCH_MOTION              2  +1.572s	0 (0) 46.85/70.58 (150.00/127.17mm)
1787598402.961  event6   TOUCH_FRAME                  +1.572s	
1787598402.970  event6   TOUCH_MOTION              2  +1.581s	0 (0) 46.85/71.69 (150.00/129.17mm)
1787598402.971  event6   TOUCH_FRAME                  +1.581s	
1787598402.979  event6   TOUCH_MOTION              2  +1.590s	0 (0) 46.85/72.71 (150.00/131.00mm)
1787598402.980  event6   TOUCH_FRAME                  +1.590s	
1787598402.988  event6   TOUCH_MOTION              2  +1.599s	0 (0) 46.85/73.73 (150.00/132.83mm)
1787598402.989  event6   TOUCH_FRAME                  +1.599s	
1787598402.998  event6   TOUCH_MOTION              2  +1.608s	0 (0) 46.85/74.84 (150.00/134.83mm)
1787598402.998  event6   TOUCH_FRAME                  +1.608s	
1787598403.006  event6   TOUCH_MOTION              2  +1.617s	0 (0) 46.85/75.76 (150.00/136.50mm)
1787598403.006  event6   TOUCH_FRAME                  +1.617s	
1787598403.016  event6   TOUCH_MOTION              2  +1.627s	0 (0) 46.85/76.78 (150.00/138.33mm)
1787598403.016  event6   TOUCH_FRAME                  +1.627s	
1787598403.025  event6   TOUCH_MOTION              2  +1.636s	0 (0) 46.85/77.61 (150.00/139.83mm)
1787598403.025  event6   TOUCH_FRAME                  +1.636s	
1787598403.034  event6   TOUCH_MOTION              2  +1.645s	0 (0) 46.85/78.45 (150.00/141.33mm)
1787598403.034  event6   TOUCH_FRAME                  +1.645s	
1787598403.043  event6   TOUCH_MOTION              2  +1.654s	0 (0) 46.85/79.28 (150.00/142.83mm)
1787598403.043  event6   TOUCH_FRAME                  +1.654s	
1787598403.052  event6   TOUCH_MOTION              2  +1.663s	0 (0) 46.85/80.02 (150.00/144.17mm)
1787598403.052  event6   TOUCH_FRAME                  +1.663s	
1787598403.061  event6   TOUCH_MOTION              2  +1.672s	0 (0) 46.85/80.67 (150.00/145.33mm)
1787598403.061  event6   TOUCH_FRAME                  +1.672s	
1787598403.070  event6   TOUCH_MOTION              2  +1.681s	0 (0) 46.85/81.31 (150.00/146.50mm)
1787598403.070  event6   TOUCH_FRAME                  +1.681s	
1787598403.079  event6   TOUCH_MOTION              2  +1.690s	0 (0) 46.85/81.78 (150.00/147.33mm)
1787598403.079  event6   TOUCH_FRAME                  +1.690s	
1787598403.089  event6   TOUCH_MOTION              2  +1.700s	0 (0) 46.85/82.15 (150.00/148.00mm)
1787598403.089  event6   TOUCH_FRAME                  +1.700s	
1787598403.098  event6   TOUCH_MOTION              2  +1.709s	0 (0) 46.85/82.52 (150.00/148.67mm)
1787598403.098  event6   TOUCH_FRAME                  +1.709s	
1787598403.107  event6   TOUCH_MOTION              2  +1.718s	0 (0) 46.85/82.79 (150.00/149.17mm)
1787598403.107  event6   TOUCH_FRAME                  +1.718s	
1787598403.116  event6   TOUCH_MOTION              2  +1.727s	0 (0) 46.85/83.16 (150.00/149.83mm)
1787598403.116  event6   TOUCH_FRAME                  +1.727s	
1787598403.125  event6   TOUCH_MOTION              2  +1.736s	0 (0) 46.85/83.35 (150.00/150.17mm)
1787598403.125  event6   TOUCH_FRAME                  +1.736s	
1787598403.134  event6   TOUCH_MOTION              2  +1.745s	0 (0) 46.85/83.63 (150.00/150.67mm)
1787598403.134  event6   TOUCH_FRAME                  +1.745s	
1787598403.143  event6   TOUCH_MOTION              2  +1.754s	0 (0) 46.85/83.72 (150.00/150.83mm)
1787598403.143  event6   TOUCH_FRAME                  +1.754s	
1787598403.152  event6   TOUCH_MOTION              2  +1.763s	0 (0) 46.85/83.90 (150.00/151.17mm)
1787598403.152  event6   TOUCH_FRAME                  +1.763s	
1787598403.162  event6   TOUCH_MOTION              2  +1.773s	0 (0) 46.85/84.00 (150.00/151.33mm)
1787598403.162  event6   TOUCH_FRAME                  +1.773s	
1787598403.171  event6   TOUCH_MOTION              2  +1.782s	0 (0) 46.85/84.09 (150.00/151.50mm)
1787598403.171  event6   TOUCH_FRAME                  +1.782s	
1787598403.180  event6   TOUCH_MOTION              2  +1.791s	0 (0) 46.85/84.18 (150.00/151.67mm)
1787598403.180  event6   TOUCH_FRAME                  +1.791s	
1787598403.190  event6   TOUCH_MOTION              2  +1.800s	0 (0) 46.85/84.27 (150.00/151.83mm)
1787598403.190  event6   TOUCH_FRAME                  +1.800s	
1787598403.199  event6   TOUCH_MOTION              2  +1.809s	0 (0) 46.85/84.37 (150.00/152.00mm)
1787598403.199  event6   TOUCH_FRAME                  +1.809s	
1787598403.216  event6   TOUCH_MOTION              2  +1.827s	0 (0) 46.85/84.46 (150.00/152.17mm)
1787598403.217  event6   TOUCH_FRAME                  +1.827s	
1787598403.339  event6   TOUCH_UP                     +1.949s	0 (0)
1787598403.339  event6   TOUCH_FRAME                  +1.949s	
1787598405.316  event6   TOUCH_DOWN                   +3.926s	0 (0) 52.84/39.78 (169.17/71.67mm)
1787598405.316  event6   TOUCH_DOWN                   +3.926s	1 (1) 46.07/46.53 (147.50/83.83mm)
1787598405.316  event6   TOUCH_FRAME                  +3.926s	
1787598405.325  event6   TOUCH_MOTION                 +3.935s	0 (0) 52.79/40.61 (169.00/73.17mm)
1787598405.325  event6   TOUCH_FRAME                  +3.935s	
1787598405.335  event6   TOUCH_MOTION              2  +3.945s	0 (0) 52.79/40.80 (169.00/73.50mm)
1787598405.335  event6   TOUCH_MOTION              3  +3.945s	1 (1) 46.07/47.27 (147.50/85.17mm)
1787598405.335  event6   TOUCH_FRAME                  +3.945s	
1787598405.344  event6   TOUCH_MOTION              2  +3.955s	0 (0) 52.79/41.17 (169.00/74.17mm)
1787598405.344  event6   TOUCH_MOTION              3  +3.955s	1 (1) 46.07/47.55 (147.50/85.67mm)
1787598405.344  event6   TOUCH_FRAME                  +3.955s	
1787598405.355  event6   TOUCH_MOTION              2  +3.965s	0 (0) 52.79/42.00 (169.00/75.67mm)
1787598405.355  event6   TOUCH_MOTION              3  +3.965s	1 (1) 46.07/48.29 (147.50/87.00mm)
1787598405.355  event6   TOUCH_FRAME                  +3.965s	
1787598405.365  event6   TOUCH_MOTION              2  +3.975s	0 (0) 52.79/42.37 (169.00/76.33mm)
1787598405.365  event6   TOUCH_MOTION              3  +3.975s	1 (1) 46.07/48.66 (147.50/87.67mm)
1787598405.365  event6   TOUCH_FRAME                  +3.975s	
1787598405.375  event6   TOUCH_MOTION              2  +3.985s	0 (0) 52.79/42.92 (169.00/77.33mm)
1787598405.375  event6   TOUCH_MOTION              3  +3.985s	1 (1) 46.07/49.12 (147.50/88.50mm)
1787598405.375  event6   TOUCH_FRAME                  +3.985s	
1787598405.385  event6   TOUCH_MOTION              2  +3.995s	0 (0) 52.79/44.03 (169.00/79.33mm)
1787598405.385  event6   TOUCH_MOTION              3  +3.995s	1 (1) 46.12/50.14 (147.67/90.33mm)
1787598405.385  event6   TOUCH_FRAME                  +3.995s	
1787598405.394  event6   TOUCH_MOTION              2  +4.004s	0 (0) 52.79/45.14 (169.00/81.33mm)
1787598405.394  event6   TOUCH_MOTION              3  +4.004s	1 (1) 46.17/51.06 (147.83/92.00mm)
1787598405.394  event6   TOUCH_FRAME                  +4.004s	
1787598405.404  event6   TOUCH_MOTION              2  +4.014s	0 (0) 52.79/46.16 (169.00/83.17mm)
1787598405.404  event6   TOUCH_MOTION              3  +4.014s	1 (1) 46.17/51.99 (147.83/93.67mm)
1787598405.404  event6   TOUCH_FRAME                  +4.014s	
1787598405.413  event6   TOUCH_MOTION              2  +4.024s	0 (0) 52.79/47.09 (169.00/84.83mm)
1787598405.414  event6   TOUCH_MOTION              3  +4.024s	1 (1) 46.17/52.91 (147.83/95.33mm)
1787598405.414  event6   TOUCH_FRAME                  +4.024s	
1787598405.424  event6   TOUCH_MOTION              2  +4.034s	0 (0) 52.79/48.01 (169.00/86.50mm)
1787598405.424  event6   TOUCH_MOTION              3  +4.034s	1 (1) 46.17/53.65 (147.83/96.67mm)
1787598405.424  event6   TOUCH_FRAME                  +4.034s	
1787598405.434  event6   TOUCH_MOTION              2  +4.044s	0 (0) 52.79/48.75 (169.00/87.83mm)
1787598405.434  event6   TOUCH_MOTION              3  +4.044s	1 (1) 46.17/54.49 (147.83/98.17mm)
1787598405.434  event6   TOUCH_FRAME                  +4.044s	
1787598405.443  event6   TOUCH_MOTION              2  +4.054s	0 (0) 52.79/49.49 (169.00/89.17mm)
1787598405.443  event6   TOUCH_MOTION              3  +4.054s	1 (1) 46.17/55.32 (147.83/99.67mm)
1787598405.443  event6   TOUCH_FRAME                  +4.054s	
1787598405.453  event6   TOUCH_MOTION              2  +4.064s	0 (0) 52.79/50.32 (169.00/90.67mm)
1787598405.453  event6   TOUCH_MOTION              3  +4.064s	1 (1) 46.17/56.06 (147.83/101.00mm)
1787598405.453  event6   TOUCH_FRAME                  +4.064s	
1787598405.463  event6   TOUCH_MOTION              2  +4.074s	0 (0) 52.79/50.69 (169.00/91.33mm)
1787598405.463  event6   TOUCH_MOTION              3  +4.074s	1 (1) 46.17/56.43 (147.83/101.67mm)
1787598405.463  event6   TOUCH_FRAME                  +4.074s	
1787598405.472  event6   TOUCH_MOTION              2  +4.083s	0 (0) 52.73/51.43 (168.83/92.67mm)
1787598405.472  event6   TOUCH_MOTION              3  +4.083s	1 (1) 46.17/57.35 (147.83/103.33mm)
1787598405.472  event6   TOUCH_FRAME                  +4.083s	
1787598405.482  event6   TOUCH_MOTION              2  +4.093s	0 (0) 52.73/52.27 (168.83/94.17mm)
1787598405.482  event6   TOUCH_MOTION              3  +4.093s	1 (1) 46.17/58.19 (147.83/104.83mm)
1787598405.482  event6   TOUCH_FRAME                  +4.093s	
1787598405.492  event6   TOUCH_MOTION              2  +4.103s	0 (0) 52.73/52.73 (168.83/95.00mm)
1787598405.492  event6   TOUCH_MOTION              3  +4.103s	1 (1) 46.17/58.65 (147.83/105.67mm)
1787598405.492  event6   TOUCH_FRAME                  +4.103s	
1787598405.502  event6   TOUCH_MOTION              2  +4.113s	0 (0) 52.73/53.65 (168.83/96.67mm)
1787598405.502  event6   TOUCH_MOTION              3  +4.113s	1 (1) 46.17/59.67 (147.83/107.50mm)
1787598405.502  event6   TOUCH_FRAME                  +4.113s	
1787598405.512  event6   TOUCH_MOTION              2  +4.123s	0 (0) 52.73/54.21 (168.83/97.67mm)
1787598405.512  event6   TOUCH_MOTION              3  +4.123s	1 (1) 46.17/60.13 (147.83/108.33mm)
1787598405.512  event6   TOUCH_FRAME                  +4.123s	
1787598405.522  event6   TOUCH_MOTION              2  +4.133s	0 (0) 52.73/54.76 (168.83/98.67mm)
1787598405.522  event6   TOUCH_MOTION              3  +4.133s	1 (1) 46.17/60.78 (147.83/109.50mm)
1787598405.522  event6   TOUCH_FRAME                  +4.133s	
1787598405.532  event6   TOUCH_MOTION              2  +4.143s	0 (0) 52.73/55.87 (168.83/100.67mm)
1787598405.532  event6   TOUCH_MOTION              3  +4.143s	1 (1) 46.17/61.98 (147.83/111.67mm)
1787598405.532  event6   TOUCH_FRAME                  +4.143s	
1787598405.542  event6   TOUCH_MOTION              2  +4.153s	0 (0) 52.73/56.89 (168.83/102.50mm)
1787598405.542  event6   TOUCH_MOTION              3  +4.153s	1 (1) 46.17/63.09 (147.83/113.67mm)
1787598405.542  event6   TOUCH_FRAME                  +4.153s	
1787598405.551  event6   TOUCH_MOTION              2  +4.162s	0 (0) 52.73/57.91 (168.83/104.33mm)
1787598405.551  event6   TOUCH_MOTION              3  +4.162s	1 (1) 46.17/64.11 (147.83/115.50mm)
1787598405.551  event6   TOUCH_FRAME                  +4.162s	
1787598405.561  event6   TOUCH_MOTION              2  +4.172s	0 (0) 52.73/58.83 (168.83/106.00mm)
1787598405.561  event6   TOUCH_MOTION              3  +4.172s	1 (1) 46.17/65.12 (147.83/117.33mm)
1787598405.561  event6   TOUCH_FRAME                  +4.172s	
1787598405.571  event6   TOUCH_MOTION              2  +4.182s	0 (0) 52.73/59.76 (168.83/107.67mm)
1787598405.571  event6   TOUCH_MOTION              3  +4.182s	1 (1) 46.17/66.14 (147.83/119.17mm)
1787598405.571  event6   TOUCH_FRAME                  +4.182s	
1787598405.581  event6   TOUCH_MOTION              2  +4.192s	0 (0) 52.73/60.59 (168.83/109.17mm)
1787598405.581  event6   TOUCH_MOTION              3  +4.192s	1 (1) 46.17/66.98 (147.83/120.67mm)
1787598405.581  event6   TOUCH_FRAME                  +4.192s	
1787598405.591  event6   TOUCH_MOTION              2  +4.202s	0 (0) 52.73/61.42 (168.83/110.67mm)
1787598405.591  event6   TOUCH_MOTION              3  +4.202s	1 (1) 46.17/67.90 (147.83/122.33mm)
1787598405.591  event6   TOUCH_FRAME                  +4.202s	
1787598405.601  event6   TOUCH_MOTION              2  +4.212s	0 (0) 52.79/62.16 (169.00/112.00mm)
1787598405.601  event6   TOUCH_MOTION              3  +4.212s	1 (1) 46.17/68.73 (147.83/123.83mm)
1787598405.601  event6   TOUCH_FRAME                  +4.212s	
1787598405.611  event6   TOUCH_MOTION              2  +4.222s	0 (0) 52.79/62.81 (169.00/113.17mm)
1787598405.611  event6   TOUCH_MOTION              3  +4.222s	1 (1) 46.17/69.47 (147.83/125.17mm)
1787598405.611  event6   TOUCH_FRAME                  +4.222s	
1787598405.621  event6   TOUCH_MOTION              2  +4.232s	0 (0) 52.84/63.55 (169.17/114.50mm)
1787598405.621  event6   TOUCH_MOTION              3  +4.232s	1 (1) 46.17/70.21 (147.83/126.50mm)
1787598405.621  event6   TOUCH_FRAME                  +4.232s	
1787598405.630  event6   TOUCH_MOTION              2  +4.241s	0 (0) 52.84/64.20 (169.17/115.67mm)
1787598405.630  event6   TOUCH_MOTION              3  +4.241s	1 (1) 46.17/70.95 (147.83/127.83mm)
1787598405.630  event6   TOUCH_FRAME                  +4.241s	
1787598405.640  event6   TOUCH_MOTION              2  +4.251s	0 (0) 52.89/64.75 (169.33/116.67mm)
1787598405.640  event6   TOUCH_MOTION              3  +4.251s	1 (1) 46.23/71.60 (148.00/129.00mm)
1787598405.640  event6   TOUCH_FRAME                  +4.251s	
1787598405.650  event6   TOUCH_MOTION              2  +4.261s	0 (0) 52.89/65.40 (169.33/117.83mm)
1787598405.650  event6   TOUCH_MOTION              3  +4.261s	1 (1) 46.28/72.25 (148.17/130.17mm)
1787598405.650  event6   TOUCH_FRAME                  +4.261s	
1787598405.660  event6   TOUCH_MOTION              2  +4.271s	0 (0) 52.94/65.86 (169.50/118.67mm)
1787598405.661  event6   TOUCH_MOTION              3  +4.271s	1 (1) 46.28/72.71 (148.17/131.00mm)
1787598405.661  event6   TOUCH_FRAME                  +4.271s	
1787598405.670  event6   TOUCH_MOTION              2  +4.281s	0 (0) 52.99/66.33 (169.67/119.50mm)
1787598405.670  event6   TOUCH_MOTION              3  +4.281s	1 (1) 46.28/73.27 (148.17/132.00mm)
1787598405.670  event6   TOUCH_FRAME                  +4.281s	
1787598405.680  event6   TOUCH_MOTION              2  +4.291s	0 (0) 52.99/66.70 (169.67/120.17mm)
1787598405.680  event6   TOUCH_MOTION              3  +4.291s	1 (1) 46.28/73.73 (148.17/132.83mm)
1787598405.680  event6   TOUCH_FRAME                  +4.291s	
1787598405.690  event6   TOUCH_MOTION              2  +4.301s	0 (0) 52.99/66.98 (169.67/120.67mm)
1787598405.690  event6   TOUCH_MOTION              3  +4.301s	1 (1) 46.28/74.10 (148.17/133.50mm)
1787598405.690  event6   TOUCH_FRAME                  +4.301s	
1787598405.700  event6   TOUCH_MOTION              2  +4.311s	0 (0) 52.99/67.35 (169.67/121.33mm)
1787598405.700  event6   TOUCH_MOTION              3  +4.311s	1 (1) 46.28/74.38 (148.17/134.00mm)
1787598405.700  event6   TOUCH_FRAME                  +4.311s	
1787598405.709  event6   TOUCH_MOTION              2  +4.320s	0 (0) 52.99/67.53 (169.67/121.67mm)
1787598405.709  event6   TOUCH_MOTION              3  +4.320s	1 (1) 46.28/74.56 (148.17/134.33mm)
1787598405.709  event6   TOUCH_FRAME                  +4.320s	
1787598405.719  event6   TOUCH_MOTION              2  +4.330s	0 (0) 53.05/67.72 (169.83/122.00mm)
1787598405.719  event6   TOUCH_MOTION              3  +4.330s	1 (1) 46.33/74.75 (148.33/134.67mm)
1787598405.719  event6   TOUCH_FRAME                  +4.330s	
1787598405.729  event6   TOUCH_MOTION              2  +4.340s	0 (0) 53.05/67.90 (169.83/122.33mm)
1787598405.729  event6   TOUCH_MOTION              3  +4.340s	1 (1) 46.33/74.93 (148.33/135.00mm)
1787598405.729  event6   TOUCH_FRAME                  +4.340s	
1787598405.739  event6   TOUCH_MOTION              2  +4.350s	0 (0) 53.05/67.99 (169.83/122.50mm)
1787598405.739  event6   TOUCH_FRAME                  +4.350s	
1787598405.749  event6   TOUCH_MOTION              2  +4.360s	0 (0) 53.05/68.09 (169.83/122.67mm)
1787598405.749  event6   TOUCH_MOTION              3  +4.360s	1 (1) 46.33/75.02 (148.33/135.17mm)
1787598405.749  event6   TOUCH_FRAME                  +4.360s	
1787598405.759  event6   TOUCH_MOTION              2  +4.370s	1 (1) 46.33/75.12 (148.33/135.33mm)
1787598405.760  event6   TOUCH_FRAME                  +4.370s	
1787598405.769  event6   TOUCH_MOTION              2  +4.380s	0 (0) 53.05/68.18 (169.83/122.83mm)
1787598405.769  event6   TOUCH_MOTION              3  +4.380s	1 (1) 46.33/75.21 (148.33/135.50mm)
1787598405.769  event6   TOUCH_FRAME                  +4.380s	
1787598405.858  event6   TOUCH_MOTION              2  +4.469s	1 (1) 46.33/75.12 (148.33/135.33mm)
1787598405.858  event6   TOUCH_FRAME                  +4.469s	
1787598405.867  event6   TOUCH_MOTION              2  +4.478s	1 (1) 46.33/74.93 (148.33/135.00mm)
1787598405.867  event6   TOUCH_FRAME                  +4.478s	
1787598405.877  event6   TOUCH_MOTION              2  +4.488s	1 (1) 46.33/74.84 (148.33/134.83mm)
1787598405.877  event6   TOUCH_FRAME                  +4.488s	
1787598405.887  event6   TOUCH_MOTION              2  +4.498s	0 (0) 53.05/68.09 (169.83/122.67mm)
1787598405.887  event6   TOUCH_MOTION              3  +4.498s	1 (1) 46.28/74.56 (148.17/134.33mm)
1787598405.887  event6   TOUCH_FRAME                  +4.498s	
1787598405.898  event6   TOUCH_MOTION              2  +4.508s	0 (0) 53.05/67.90 (169.83/122.33mm)
1787598405.898  event6   TOUCH_MOTION              3  +4.508s	1 (1) 46.23/74.28 (148.00/133.83mm)
1787598405.898  event6   TOUCH_FRAME                  +4.508s	
1787598405.908  event6   TOUCH_MOTION              2  +4.518s	0 (0) 53.10/67.72 (170.00/122.00mm)
1787598405.908  event6   TOUCH_MOTION              3  +4.518s	1 (1) 46.17/74.01 (147.83/133.33mm)
1787598405.908  event6   TOUCH_FRAME                  +4.518s	
1787598405.918  event6   TOUCH_MOTION              2  +4.528s	0 (0) 53.10/67.44 (170.00/121.50mm)
1787598405.918  event6   TOUCH_MOTION              3  +4.528s	1 (1) 46.17/73.73 (147.83/132.83mm)
1787598405.918  event6   TOUCH_FRAME                  +4.528s	
1787598405.928  event6   TOUCH_MOTION              2  +4.538s	0 (0) 53.15/67.16 (170.17/121.00mm)
1787598405.928  event6   TOUCH_MOTION              3  +4.538s	1 (1) 46.12/73.36 (147.67/132.17mm)
1787598405.928  event6   TOUCH_FRAME                  +4.538s	
1787598405.937  event6   TOUCH_MOTION              2  +4.548s	0 (0) 53.20/66.70 (170.33/120.17mm)
1787598405.938  event6   TOUCH_MOTION              3  +4.548s	1 (1) 46.07/72.99 (147.50/131.50mm)
1787598405.938  event6   TOUCH_FRAME                  +4.548s	
1787598405.946  event6   TOUCH_MOTION              2  +4.557s	0 (0) 53.25/66.23 (170.50/119.33mm)
1787598405.947  event6   TOUCH_MOTION              3  +4.557s	1 (1) 46.02/72.53 (147.33/130.67mm)
1787598405.947  event6   TOUCH_FRAME                  +4.557s	
1787598405.957  event6   TOUCH_MOTION              2  +4.567s	0 (0) 53.31/65.77 (170.67/118.50mm)
1787598405.957  event6   TOUCH_MOTION              3  +4.567s	1 (1) 46.02/72.06 (147.33/129.83mm)
1787598405.957  event6   TOUCH_FRAME                  +4.567s	
1787598405.967  event6   TOUCH_MOTION              2  +4.577s	0 (0) 53.31/65.22 (170.67/117.50mm)
1787598405.967  event6   TOUCH_MOTION              3  +4.577s	1 (1) 46.02/71.51 (147.33/128.83mm)
1787598405.967  event6   TOUCH_FRAME                  +4.577s	
1787598405.977  event6   TOUCH_MOTION              2  +4.587s	0 (0) 53.36/64.66 (170.83/116.50mm)
1787598405.977  event6   TOUCH_MOTION              3  +4.587s	1 (1) 46.02/71.05 (147.33/128.00mm)
1787598405.977  event6   TOUCH_FRAME                  +4.587s	
1787598405.986  event6   TOUCH_MOTION              2  +4.597s	0 (0) 53.41/64.01 (171.00/115.33mm)
1787598405.986  event6   TOUCH_MOTION              3  +4.597s	1 (1) 46.02/70.31 (147.33/126.67mm)
1787598405.986  event6   TOUCH_FRAME                  +4.597s	
1787598405.996  event6   TOUCH_MOTION              2  +4.607s	0 (0) 53.46/63.46 (171.17/114.33mm)
1787598405.996  event6   TOUCH_MOTION              3  +4.607s	1 (1) 45.97/69.66 (147.17/125.50mm)
1787598405.996  event6   TOUCH_FRAME                  +4.607s	
1787598406.006  event6   TOUCH_MOTION              2  +4.617s	0 (0) 53.51/62.81 (171.33/113.17mm)
1787598406.007  event6   TOUCH_MOTION              3  +4.617s	1 (1) 45.97/69.01 (147.17/124.33mm)
1787598406.007  event6   TOUCH_FRAME                  +4.617s	
1787598406.016  event6   TOUCH_MOTION              2  +4.627s	0 (0) 53.51/61.98 (171.33/111.67mm)
1787598406.016  event6   TOUCH_MOTION              3  +4.627s	1 (1) 45.97/68.27 (147.17/123.00mm)
1787598406.016  event6   TOUCH_FRAME                  +4.627s	
1787598406.025  event6   TOUCH_MOTION              2  +4.636s	0 (0) 53.57/61.33 (171.50/110.50mm)
1787598406.025  event6   TOUCH_MOTION              3  +4.636s	1 (1) 45.97/67.53 (147.17/121.67mm)
1787598406.025  event6   TOUCH_FRAME                  +4.636s	
1787598406.035  event6   TOUCH_MOTION              2  +4.646s	0 (0) 53.62/60.59 (171.67/109.17mm)
1787598406.035  event6   TOUCH_MOTION              3  +4.646s	1 (1) 45.97/66.79 (147.17/120.33mm)
1787598406.035  event6   TOUCH_FRAME                  +4.646s	
1787598406.045  event6   TOUCH_MOTION              2  +4.656s	0 (0) 53.67/59.85 (171.83/107.83mm)
1787598406.045  event6   TOUCH_MOTION              3  +4.656s	1 (1) 46.02/65.96 (147.33/118.83mm)
1787598406.045  event6   TOUCH_FRAME                  +4.656s	
1787598406.055  event6   TOUCH_MOTION              2  +4.666s	0 (0) 53.72/59.11 (172.00/106.50mm)
1787598406.055  event6   TOUCH_MOTION              3  +4.666s	1 (1) 46.07/65.12 (147.50/117.33mm)
1787598406.055  event6   TOUCH_FRAME                  +4.666s	
1787598406.065  event6   TOUCH_MOTION              2  +4.676s	0 (0) 53.83/58.28 (172.33/105.00mm)
1787598406.065  event6   TOUCH_MOTION              3  +4.676s	1 (1) 46.12/64.29 (147.67/115.83mm)
1787598406.065  event6   TOUCH_FRAME                  +4.676s	
1787598406.075  event6   TOUCH_MOTION              2  +4.686s	0 (0) 53.93/57.45 (172.67/103.50mm)
1787598406.075  event6   TOUCH_MOTION              3  +4.686s	1 (1) 46.17/63.55 (147.83/114.50mm)
1787598406.075  event6   TOUCH_FRAME                  +4.686s	
1787598406.085  event6   TOUCH_MOTION              2  +4.696s	0 (0) 53.98/56.71 (172.83/102.17mm)
1787598406.085  event6   TOUCH_MOTION              3  +4.696s	1 (1) 46.17/62.72 (147.83/113.00mm)
1787598406.085  event6   TOUCH_FRAME                  +4.696s	
1787598406.096  event6   TOUCH_MOTION              2  +4.706s	0 (0) 54.09/55.87 (173.17/100.67mm)
1787598406.096  event6   TOUCH_MOTION              3  +4.706s	1 (1) 46.28/61.89 (148.17/111.50mm)
1787598406.096  event6   TOUCH_FRAME                  +4.706s	
1787598406.104  event6   TOUCH_MOTION              2  +4.715s	0 (0) 54.19/55.04 (173.50/99.17mm)
1787598406.104  event6   TOUCH_MOTION              3  +4.715s	1 (1) 46.38/61.05 (148.50/110.00mm)
1787598406.104  event6   TOUCH_FRAME                  +4.715s	
1787598406.115  event6   TOUCH_MOTION              2  +4.725s	0 (0) 54.29/54.30 (173.83/97.83mm)
1787598406.115  event6   TOUCH_MOTION              3  +4.725s	1 (1) 46.49/60.22 (148.83/108.50mm)
1787598406.115  event6   TOUCH_FRAME                  +4.725s	
1787598406.124  event6   TOUCH_MOTION              2  +4.735s	0 (0) 54.40/53.56 (174.17/96.50mm)
1787598406.124  event6   TOUCH_MOTION              3  +4.735s	1 (1) 46.59/59.39 (149.17/107.00mm)
1787598406.124  event6   TOUCH_FRAME                  +4.735s	
1787598406.134  event6   TOUCH_MOTION              2  +4.745s	0 (0) 54.45/52.82 (174.33/95.17mm)
1787598406.134  event6   TOUCH_MOTION              3  +4.745s	1 (1) 46.75/58.65 (149.67/105.67mm)
1787598406.134  event6   TOUCH_FRAME                  +4.745s	
1787598406.144  event6   TOUCH_MOTION              2  +4.755s	0 (0) 54.55/52.17 (174.67/94.00mm)
1787598406.144  event6   TOUCH_MOTION              3  +4.755s	1 (1) 46.85/57.82 (150.00/104.17mm)
1787598406.144  event6   TOUCH_FRAME                  +4.755s	
1787598406.154  event6   TOUCH_MOTION              2  +4.765s	0 (0) 54.66/51.43 (175.00/92.67mm)
1787598406.154  event6   TOUCH_MOTION              3  +4.765s	1 (1) 46.85/57.08 (150.00/102.83mm)
1787598406.154  event6   TOUCH_FRAME                  +4.765s	
1787598406.164  event6   TOUCH_MOTION              2  +4.775s	0 (0) 54.71/50.69 (175.17/91.33mm)
1787598406.164  event6   TOUCH_MOTION              3  +4.775s	1 (1) 46.90/56.34 (150.17/101.50mm)
1787598406.164  event6   TOUCH_FRAME                  +4.775s	
1787598406.174  event6   TOUCH_MOTION              2  +4.785s	0 (0) 54.82/50.05 (175.50/90.17mm)
1787598406.174  event6   TOUCH_MOTION              3  +4.785s	1 (1) 46.95/55.60 (150.33/100.17mm)
1787598406.174  event6   TOUCH_FRAME                  +4.785s	
1787598406.184  event6   TOUCH_MOTION              2  +4.794s	0 (0) 54.87/49.40 (175.67/89.00mm)
1787598406.184  event6   TOUCH_MOTION              3  +4.794s	1 (1) 47.01/54.86 (150.50/98.83mm)
1787598406.184  event6   TOUCH_FRAME                  +4.794s	
1787598406.193  event6   TOUCH_MOTION              2  +4.804s	0 (0) 54.97/48.66 (176.00/87.67mm)
1787598406.194  event6   TOUCH_MOTION              3  +4.804s	1 (1) 47.06/54.21 (150.67/97.67mm)
1787598406.194  event6   TOUCH_FRAME                  +4.804s	
1787598406.203  event6   TOUCH_MOTION              2  +4.814s	0 (0) 55.08/47.92 (176.33/86.33mm)
1787598406.203  event6   TOUCH_MOTION              3  +4.814s	1 (1) 47.06/53.56 (150.67/96.50mm)
1787598406.203  event6   TOUCH_FRAME                  +4.814s	
1787598406.213  event6   TOUCH_MOTION              2  +4.824s	0 (0) 55.13/47.18 (176.50/85.00mm)
1787598406.213  event6   TOUCH_MOTION              3  +4.824s	1 (1) 47.11/52.91 (150.83/95.33mm)
1787598406.213  event6   TOUCH_FRAME                  +4.824s	
1787598406.223  event6   TOUCH_MOTION              2  +4.834s	0 (0) 55.18/46.53 (176.67/83.83mm)
1787598406.223  event6   TOUCH_MOTION              3  +4.834s	1 (1) 47.11/52.17 (150.83/94.00mm)
1787598406.223  event6   TOUCH_FRAME                  +4.834s	
1787598406.233  event6   TOUCH_MOTION              2  +4.844s	0 (0) 55.23/45.88 (176.83/82.67mm)
1787598406.233  event6   TOUCH_MOTION              3  +4.844s	1 (1) 47.16/51.53 (151.00/92.83mm)
1787598406.233  event6   TOUCH_FRAME                  +4.844s	
1787598406.243  event6   TOUCH_MOTION              2  +4.854s	0 (0) 55.28/45.33 (177.00/81.67mm)
1787598406.243  event6   TOUCH_MOTION              3  +4.854s	1 (1) 47.21/51.06 (151.17/92.00mm)
1787598406.243  event6   TOUCH_FRAME                  +4.854s	
1787598406.253  event6   TOUCH_MOTION              2  +4.864s	0 (0) 55.28/44.96 (177.00/81.00mm)
1787598406.253  event6   TOUCH_MOTION              3  +4.864s	1 (1) 47.27/50.51 (151.33/91.00mm)
1787598406.254  event6   TOUCH_FRAME                  +4.864s	
1787598406.262  event6   TOUCH_MOTION              2  +4.873s	0 (0) 55.34/44.59 (177.17/80.33mm)
1787598406.262  event6   TOUCH_MOTION              3  +4.873s	1 (1) 47.27/50.05 (151.33/90.17mm)
1787598406.262  event6   TOUCH_FRAME                  +4.873s	
1787598406.272  event6   TOUCH_MOTION              2  +4.883s	0 (0) 55.39/44.22 (177.33/79.67mm)
1787598406.272  event6   TOUCH_MOTION              3  +4.883s	1 (1) 47.32/49.77 (151.50/89.67mm)
1787598406.272  event6   TOUCH_FRAME                  +4.883s	
1787598406.282  event6   TOUCH_MOTION              2  +4.893s	0 (0) 55.39/44.03 (177.33/79.33mm)
1787598406.283  event6   TOUCH_MOTION              3  +4.893s	1 (1) 47.32/49.49 (151.50/89.17mm)
1787598406.283  event6   TOUCH_FRAME                  +4.893s	
1787598406.292  event6   TOUCH_MOTION              2  +4.903s	0 (0) 55.39/43.85 (177.33/79.00mm)
1787598406.292  event6   TOUCH_MOTION              3  +4.903s	1 (1) 47.32/49.40 (151.50/89.00mm)
1787598406.292  event6   TOUCH_FRAME                  +4.903s	
1787598406.302  event6   TOUCH_MOTION              2  +4.913s	0 (0) 55.39/43.76 (177.33/78.83mm)
1787598406.302  event6   TOUCH_MOTION              3  +4.913s	1 (1) 47.32/49.21 (151.50/88.67mm)
1787598406.302  event6   TOUCH_FRAME                  +4.913s	
1787598406.312  event6   TOUCH_MOTION              2  +4.923s	0 (0) 55.39/43.66 (177.33/78.67mm)
1787598406.312  event6   TOUCH_MOTION              3  +4.923s	1 (1) 47.32/49.12 (151.50/88.50mm)
1787598406.312  event6   TOUCH_FRAME                  +4.923s	
1787598406.322  event6   TOUCH_MOTION              2  +4.933s	0 (0) 55.39/43.57 (177.33/78.50mm)
1787598406.322  event6   TOUCH_FRAME                  +4.933s	
1787598406.332  event6   TOUCH_MOTION              2  +4.943s	0 (0) 55.39/43.48 (177.33/78.33mm)
1787598406.332  event6   TOUCH_FRAME                  +4.943s	
1787598406.392  event6   TOUCH_MOTION              2  +5.002s	1 (1) 47.37/49.12 (151.67/88.50mm)
1787598406.392  event6   TOUCH_FRAME                  +5.002s	
1787598406.402  event6   TOUCH_MOTION              2  +5.012s	1 (1) 47.42/49.21 (151.83/88.67mm)
1787598406.402  event6   TOUCH_FRAME                  +5.012s	
1787598406.410  event6   TOUCH_MOTION              2  +5.021s	0 (0) 55.44/43.48 (177.50/78.33mm)
1787598406.411  event6   TOUCH_FRAME                  +5.021s	
1787598406.453  event6   TOUCH_UP                     +5.063s	1 (1)
1787598406.453  event6   TOUCH_FRAME                  +5.063s	
1787598406.473  event6   TOUCH_UP                     +5.083s	0 (0)
1787598406.473  event6   TOUCH_FRAME                  +5.083s	
1787598407.016  event6   TOUCH_DOWN                   +5.626s	0 (0) 47.94/56.80 (153.50/102.33mm)
1787598407.016  event6   TOUCH_FRAME                  +5.626s	
1787598407.124  event6   TOUCH_MOTION                 +5.734s	0 (0) 48.26/56.61 (154.50/102.00mm)
1787598407.124  event6   TOUCH_FRAME                  +5.734s	
1787598407.133  event6   TOUCH_MOTION              2  +5.743s	0 (0) 48.36/56.52 (154.83/101.83mm)
1787598407.133  event6   TOUCH_FRAME                  +5.743s	
1787598407.143  event6   TOUCH_MOTION              2  +5.754s	0 (0) 48.88/55.87 (156.50/100.67mm)
1787598407.143  event6   TOUCH_FRAME                  +5.754s	
1787598407.154  event6   TOUCH_MOTION              2  +5.764s	0 (0) 48.93/55.87 (156.67/100.67mm)
1787598407.154  event6   TOUCH_FRAME                  +5.764s	
1787598407.164  event6   TOUCH_MOTION              2  +5.774s	0 (0) 49.04/55.78 (157.00/100.50mm)
1787598407.164  event6   TOUCH_FRAME                  +5.774s	
1787598407.171  event6   TOUCH_MOTION              2  +5.782s	0 (0) 49.19/55.69 (157.50/100.33mm)
1787598407.172  event6   TOUCH_FRAME                  +5.782s	
1787598407.180  event6   TOUCH_MOTION              2  +5.791s	0 (0) 49.30/55.60 (157.83/100.17mm)
1787598407.181  event6   TOUCH_FRAME                  +5.791s	
1787598407.191  event6   TOUCH_MOTION              2  +5.801s	0 (0) 49.51/55.60 (158.50/100.17mm)
1787598407.191  event6   TOUCH_DOWN                   +5.801s	1 (1) 40.19/61.61 (128.67/111.00mm)
1787598407.191  event6   TOUCH_FRAME                  +5.801s	
1787598407.200  event6   TOUCH_MOTION                 +5.810s	0 (0) 49.66/55.50 (159.00/100.00mm)
1787598407.200  event6   TOUCH_MOTION              2  +5.810s	1 (1) 40.03/61.70 (128.17/111.17mm)
1787598407.200  event6   TOUCH_FRAME                  +5.810s	
1787598407.209  event6   TOUCH_MOTION              2  +5.819s	0 (0) 49.82/55.41 (159.50/99.83mm)
1787598407.209  event6   TOUCH_MOTION              3  +5.819s	1 (1) 39.88/61.79 (127.67/111.33mm)
1787598407.209  event6   TOUCH_FRAME                  +5.819s	
1787598407.218  event6   TOUCH_MOTION              2  +5.828s	0 (0) 49.97/55.32 (160.00/99.67mm)
1787598407.218  event6   TOUCH_MOTION              3  +5.828s	1 (1) 39.67/61.89 (127.00/111.50mm)
1787598407.218  event6   TOUCH_FRAME                  +5.828s	
1787598407.226  event6   TOUCH_MOTION              2  +5.837s	0 (0) 50.18/55.23 (160.67/99.50mm)
1787598407.227  event6   TOUCH_MOTION              3  +5.837s	1 (1) 39.46/61.98 (126.33/111.67mm)
1787598407.227  event6   TOUCH_FRAME                  +5.837s	
1787598407.236  event6   TOUCH_MOTION              2  +5.846s	0 (0) 50.39/55.04 (161.33/99.17mm)
1787598407.236  event6   TOUCH_MOTION              3  +5.846s	1 (1) 39.30/62.16 (125.83/112.00mm)
1787598407.236  event6   TOUCH_FRAME                  +5.846s	
1787598407.244  event6   TOUCH_MOTION              2  +5.855s	0 (0) 50.60/54.86 (162.00/98.83mm)
1787598407.244  event6   TOUCH_MOTION              3  +5.855s	1 (1) 39.09/62.44 (125.17/112.50mm)
1787598407.244  event6   TOUCH_FRAME                  +5.855s	
1787598407.254  event6   TOUCH_MOTION              2  +5.865s	0 (0) 50.86/54.76 (162.83/98.67mm)
1787598407.254  event6   TOUCH_MOTION              3  +5.865s	1 (1) 38.83/62.53 (124.33/112.67mm)
1787598407.254  event6   TOUCH_FRAME                  +5.865s	
1787598407.263  event6   TOUCH_MOTION              2  +5.874s	0 (0) 51.07/54.67 (163.50/98.50mm)
1787598407.263  event6   TOUCH_MOTION              3  +5.874s	1 (1) 38.57/62.72 (123.50/113.00mm)
1787598407.263  event6   TOUCH_FRAME                  +5.874s	
1787598407.272  event6   TOUCH_MOTION              2  +5.883s	0 (0) 51.28/54.49 (164.17/98.17mm)
1787598407.272  event6   TOUCH_MOTION              3  +5.883s	1 (1) 38.42/62.81 (123.00/113.17mm)
1787598407.272  event6   TOUCH_FRAME                  +5.883s	
1787598407.281  event6   TOUCH_MOTION              2  +5.892s	0 (0) 51.54/54.30 (165.00/97.83mm)
1787598407.281  event6   TOUCH_MOTION              3  +5.892s	1 (1) 38.21/63.00 (122.33/113.50mm)
1787598407.281  event6   TOUCH_FRAME                  +5.892s	
1787598407.290  event6   TOUCH_MOTION              2  +5.901s	0 (0) 51.74/54.12 (165.67/97.50mm)
1787598407.290  event6   TOUCH_MOTION              3  +5.901s	1 (1) 37.95/63.18 (121.50/113.83mm)
1787598407.290  event6   TOUCH_FRAME                  +5.901s	
1787598407.299  event6   TOUCH_MOTION              2  +5.910s	0 (0) 52.00/53.84 (166.50/97.00mm)
1787598407.299  event6   TOUCH_MOTION              3  +5.910s	1 (1) 37.69/63.27 (120.67/114.00mm)
1787598407.299  event6   TOUCH_FRAME                  +5.910s	
1787598407.308  event6   TOUCH_MOTION              2  +5.919s	0 (0) 52.26/53.65 (167.33/96.67mm)
1787598407.308  event6   TOUCH_MOTION              3  +5.919s	1 (1) 37.43/63.46 (119.83/114.33mm)
1787598407.308  event6   TOUCH_FRAME                  +5.919s	
1787598407.318  event6   TOUCH_MOTION              2  +5.929s	0 (0) 52.58/53.38 (168.33/96.17mm)
1787598407.318  event6   TOUCH_MOTION              3  +5.929s	1 (1) 37.17/63.55 (119.00/114.50mm)
1787598407.318  event6   TOUCH_FRAME                  +5.929s	
1787598407.328  event6   TOUCH_MOTION              2  +5.938s	0 (0) 52.84/53.19 (169.17/95.83mm)
1787598407.328  event6   TOUCH_MOTION              3  +5.938s	1 (1) 36.91/63.55 (118.17/114.50mm)
1787598407.328  event6   TOUCH_FRAME                  +5.938s	
1787598407.336  event6   TOUCH_MOTION              2  +5.947s	0 (0) 53.15/52.91 (170.17/95.33mm)
1787598407.336  event6   TOUCH_MOTION              3  +5.947s	1 (1) 36.65/63.64 (117.33/114.67mm)
1787598407.336  event6   TOUCH_FRAME                  +5.947s	
1787598407.345  event6   TOUCH_MOTION              2  +5.956s	0 (0) 53.46/52.73 (171.17/95.00mm)
1787598407.345  event6   TOUCH_MOTION              3  +5.956s	1 (1) 36.34/63.74 (116.33/114.83mm)
1787598407.345  event6   TOUCH_FRAME                  +5.956s	
1787598407.354  event6   TOUCH_MOTION              2  +5.965s	0 (0) 53.72/52.54 (172.00/94.67mm)
1787598407.354  event6   TOUCH_MOTION              3  +5.965s	1 (1) 36.07/63.83 (115.50/115.00mm)
1787598407.354  event6   TOUCH_FRAME                  +5.965s	
1787598407.363  event6   TOUCH_MOTION              2  +5.974s	0 (0) 53.98/52.27 (172.83/94.17mm)
1787598407.363  event6   TOUCH_MOTION              3  +5.974s	1 (1) 35.81/63.92 (114.67/115.17mm)
1787598407.363  event6   TOUCH_FRAME                  +5.974s	
1787598407.372  event6   TOUCH_MOTION              2  +5.983s	0 (0) 54.29/52.08 (173.83/93.83mm)
1787598407.372  event6   TOUCH_MOTION              3  +5.983s	1 (1) 35.55/63.92 (113.83/115.17mm)
1787598407.372  event6   TOUCH_FRAME                  +5.983s	
1787598407.381  event6   TOUCH_MOTION              2  +5.992s	0 (0) 54.55/51.80 (174.67/93.33mm)
1787598407.381  event6   TOUCH_MOTION              3  +5.992s	1 (1) 35.35/64.11 (113.17/115.50mm)
1787598407.381  event6   TOUCH_FRAME                  +5.992s	
1787598407.391  event6   TOUCH_MOTION              2  +6.002s	0 (0) 54.76/51.62 (175.33/93.00mm)
1787598407.391  event6   TOUCH_MOTION              3  +6.002s	1 (1) 35.14/64.29 (112.50/115.83mm)
1787598407.391  event6   TOUCH_FRAME                  +6.002s	
1787598407.400  event6   TOUCH_MOTION              2  +6.011s	0 (0) 54.97/51.43 (176.00/92.67mm)
1787598407.400  event6   TOUCH_MOTION              3  +6.011s	1 (1) 34.93/64.38 (111.83/116.00mm)
1787598407.400  event6   TOUCH_FRAME                  +6.011s	
1787598407.409  event6   TOUCH_MOTION              2  +6.020s	0 (0) 55.18/51.25 (176.67/92.33mm)
1787598407.409  event6   TOUCH_MOTION              3  +6.020s	1 (1) 34.72/64.57 (111.17/116.33mm)
1787598407.409  event6   TOUCH_FRAME                  +6.020s	
1787598407.419  event6   TOUCH_MOTION              2  +6.029s	0 (0) 55.39/51.06 (177.33/92.00mm)
1787598407.419  event6   TOUCH_MOTION              3  +6.029s	1 (1) 34.51/64.66 (110.50/116.50mm)
1787598407.419  event6   TOUCH_FRAME                  +6.029s	
1787598407.427  event6   TOUCH_MOTION              2  +6.038s	0 (0) 55.65/50.97 (178.17/91.83mm)
1787598407.427  event6   TOUCH_MOTION              3  +6.038s	1 (1) 34.36/64.85 (110.00/116.83mm)
1787598407.427  event6   TOUCH_FRAME                  +6.038s	
1787598407.436  event6   TOUCH_MOTION              2  +6.047s	0 (0) 55.91/50.69 (179.00/91.33mm)
1787598407.437  event6   TOUCH_MOTION              3  +6.047s	1 (1) 34.10/65.03 (109.17/117.17mm)
1787598407.437  event6   TOUCH_FRAME                  +6.047s	
1787598407.445  event6   TOUCH_MOTION              2  +6.056s	0 (0) 56.12/50.51 (179.67/91.00mm)
1787598407.445  event6   TOUCH_MOTION              3  +6.056s	1 (1) 33.89/65.12 (108.50/117.33mm)
1787598407.445  event6   TOUCH_FRAME                  +6.056s	
1787598407.455  event6   TOUCH_MOTION              2  +6.065s	0 (0) 56.38/50.32 (180.50/90.67mm)
1787598407.455  event6   TOUCH_MOTION              3  +6.065s	1 (1) 33.68/65.22 (107.83/117.50mm)
1787598407.455  event6   TOUCH_FRAME                  +6.065s	
1787598407.464  event6   TOUCH_MOTION              2  +6.075s	0 (0) 56.59/50.05 (181.17/90.17mm)
1787598407.464  event6   TOUCH_MOTION              3  +6.075s	1 (1) 33.47/65.31 (107.17/117.67mm)
1787598407.464  event6   TOUCH_FRAME                  +6.075s	
1787598407.474  event6   TOUCH_MOTION              2  +6.084s	0 (0) 56.85/49.86 (182.00/89.83mm)
1787598407.474  event6   TOUCH_MOTION              3  +6.084s	1 (1) 33.26/65.40 (106.50/117.83mm)
1787598407.474  event6   TOUCH_FRAME                  +6.084s	
1787598407.483  event6   TOUCH_MOTION              2  +6.093s	0 (0) 57.11/49.58 (182.83/89.33mm)
1787598407.483  event6   TOUCH_MOTION              3  +6.093s	1 (1) 33.06/65.49 (105.83/118.00mm)
1787598407.483  event6   TOUCH_FRAME                  +6.093s	
1787598407.491  event6   TOUCH_MOTION              2  +6.102s	0 (0) 57.31/49.40 (183.50/89.00mm)
1787598407.491  event6   TOUCH_MOTION              3  +6.102s	1 (1) 32.85/65.68 (105.17/118.33mm)
1787598407.492  event6   TOUCH_FRAME                  +6.102s	
1787598407.500  event6   TOUCH_MOTION              2  +6.111s	0 (0) 57.52/49.12 (184.17/88.50mm)
1787598407.500  event6   TOUCH_MOTION              3  +6.111s	1 (1) 32.64/65.77 (104.50/118.50mm)
1787598407.500  event6   TOUCH_FRAME                  +6.111s	
1787598407.509  event6   TOUCH_MOTION              2  +6.120s	0 (0) 57.78/49.03 (185.00/88.33mm)
1787598407.509  event6   TOUCH_MOTION              3  +6.120s	1 (1) 32.48/65.86 (104.00/118.67mm)
1787598407.509  event6   TOUCH_FRAME                  +6.120s	
1787598407.518  event6   TOUCH_MOTION              2  +6.129s	0 (0) 57.99/48.75 (185.67/87.83mm)
1787598407.518  event6   TOUCH_MOTION              3  +6.129s	1 (1) 32.27/65.96 (103.33/118.83mm)
1787598407.518  event6   TOUCH_FRAME                  +6.129s	
1787598407.528  event6   TOUCH_MOTION              2  +6.139s	0 (0) 58.20/48.66 (186.33/87.67mm)
1787598407.528  event6   TOUCH_MOTION              3  +6.139s	1 (1) 32.07/66.14 (102.67/119.17mm)
1787598407.528  event6   TOUCH_FRAME                  +6.139s	
1787598407.537  event6   TOUCH_MOTION              2  +6.148s	0 (0) 58.41/48.38 (187.00/87.17mm)
1787598407.537  event6   TOUCH_MOTION              3  +6.148s	1 (1) 31.86/66.14 (102.00/119.17mm)
1787598407.537  event6   TOUCH_FRAME                  +6.148s	
1787598407.546  event6   TOUCH_MOTION              2  +6.157s	0 (0) 58.67/48.10 (187.83/86.67mm)
1787598407.546  event6   TOUCH_MOTION              3  +6.157s	1 (1) 31.65/66.23 (101.33/119.33mm)
1787598407.546  event6   TOUCH_FRAME                  +6.157s	
1787598407.555  event6   TOUCH_MOTION              2  +6.166s	0 (0) 58.93/47.92 (188.67/86.33mm)
1787598407.555  event6   TOUCH_MOTION              3  +6.166s	1 (1) 31.49/66.33 (100.83/119.50mm)
1787598407.555  event6   TOUCH_FRAME                  +6.166s	
1787598407.564  event6   TOUCH_MOTION              2  +6.175s	0 (0) 59.19/47.64 (189.50/85.83mm)
1787598407.564  event6   TOUCH_MOTION              3  +6.175s	1 (1) 31.34/66.51 (100.33/119.83mm)
1787598407.564  event6   TOUCH_FRAME                  +6.175s	
1787598407.573  event6   TOUCH_MOTION              2  +6.184s	0 (0) 59.50/47.46 (190.50/85.50mm)
1787598407.573  event6   TOUCH_MOTION              3  +6.184s	1 (1) 31.13/66.60 (99.67/120.00mm)
1787598407.573  event6   TOUCH_FRAME                  +6.184s	
1787598407.582  event6   TOUCH_MOTION              2  +6.193s	0 (0) 59.76/47.27 (191.33/85.17mm)
1787598407.582  event6   TOUCH_MOTION              3  +6.193s	1 (1) 30.92/66.60 (99.00/120.00mm)
1787598407.582  event6   TOUCH_FRAME                  +6.193s	
1787598407.591  event6   TOUCH_MOTION              2  +6.202s	0 (0) 60.07/46.99 (192.33/84.67mm)
1787598407.591  event6   TOUCH_MOTION              3  +6.202s	1 (1) 30.66/66.70 (98.17/120.17mm)
1787598407.591  event6   TOUCH_FRAME                  +6.202s	
1787598407.601  event6   TOUCH_MOTION              2  +6.212s	0 (0) 60.44/46.72 (193.50/84.17mm)
1787598407.601  event6   TOUCH_MOTION              3  +6.212s	1 (1) 30.45/66.79 (97.50/120.33mm)
1787598407.601  event6   TOUCH_FRAME                  +6.212s	
1787598407.610  event6   TOUCH_MOTION              2  +6.221s	0 (0) 60.80/46.35 (194.67/83.50mm)
1787598407.610  event6   TOUCH_MOTION              3  +6.221s	1 (1) 30.24/66.88 (96.83/120.50mm)
1787598407.610  event6   TOUCH_FRAME                  +6.221s	
1787598407.619  event6   TOUCH_MOTION              2  +6.230s	0 (0) 61.22/45.98 (196.00/82.83mm)
1787598407.619  event6   TOUCH_MOTION              3  +6.230s	1 (1) 30.04/66.98 (96.17/120.67mm)
1787598407.619  event6   TOUCH_FRAME                  +6.230s	
1787598407.628  event6   TOUCH_MOTION              2  +6.239s	0 (0) 61.63/45.61 (197.33/82.17mm)
1787598407.628  event6   TOUCH_MOTION              3  +6.239s	1 (1) 29.83/66.98 (95.50/120.67mm)
1787598407.628  event6   TOUCH_FRAME                  +6.239s	
1787598407.637  event6   TOUCH_MOTION              2  +6.248s	0 (0) 62.05/45.24 (198.67/81.50mm)
1787598407.637  event6   TOUCH_MOTION              3  +6.248s	1 (1) 29.57/67.07 (94.67/120.83mm)
1787598407.637  event6   TOUCH_FRAME                  +6.248s	
1787598407.646  event6   TOUCH_MOTION              2  +6.257s	0 (0) 62.47/44.87 (200.00/80.83mm)
1787598407.646  event6   TOUCH_MOTION              3  +6.257s	1 (1) 29.31/67.16 (93.83/121.00mm)
1787598407.646  event6   TOUCH_FRAME                  +6.257s	
1787598407.655  event6   TOUCH_MOTION              2  +6.266s	0 (0) 62.88/44.50 (201.33/80.17mm)
1787598407.655  event6   TOUCH_MOTION              3  +6.266s	1 (1) 29.10/67.25 (93.17/121.17mm)
1787598407.655  event6   TOUCH_FRAME                  +6.266s	
1787598407.665  event6   TOUCH_MOTION              2  +6.276s	0 (0) 63.30/44.03 (202.67/79.33mm)
1787598407.665  event6   TOUCH_MOTION              3  +6.276s	1 (1) 28.89/67.35 (92.50/121.33mm)
1787598407.665  event6   TOUCH_FRAME                  +6.276s	
1787598407.674  event6   TOUCH_MOTION              2  +6.285s	0 (0) 63.72/43.66 (204.00/78.67mm)
1787598407.675  event6   TOUCH_MOTION              3  +6.285s	1 (1) 28.68/67.35 (91.83/121.33mm)
1787598407.675  event6   TOUCH_FRAME                  +6.285s	
1787598407.683  event6   TOUCH_MOTION              2  +6.294s	0 (0) 64.08/43.29 (205.17/78.00mm)
1787598407.683  event6   TOUCH_MOTION              3  +6.294s	1 (1) 28.47/67.44 (91.17/121.50mm)
1787598407.683  event6   TOUCH_FRAME                  +6.294s	
1787598407.692  event6   TOUCH_MOTION              2  +6.303s	0 (0) 64.50/43.02 (206.50/77.50mm)
1787598407.692  event6   TOUCH_MOTION              3  +6.303s	1 (1) 28.27/67.53 (90.50/121.67mm)
1787598407.692  event6   TOUCH_FRAME                  +6.303s	
1787598407.701  event6   TOUCH_MOTION              2  +6.312s	0 (0) 64.91/42.65 (207.83/76.83mm)
1787598407.702  event6   TOUCH_MOTION              3  +6.312s	1 (1) 28.06/67.53 (89.83/121.67mm)
1787598407.702  event6   TOUCH_FRAME                  +6.312s	
1787598407.710  event6   TOUCH_MOTION              2  +6.321s	0 (0) 65.33/42.37 (209.17/76.33mm)
1787598407.710  event6   TOUCH_MOTION              3  +6.321s	1 (1) 27.85/67.53 (89.17/121.67mm)
1787598407.710  event6   TOUCH_FRAME                  +6.321s	
1787598407.719  event6   TOUCH_MOTION              2  +6.330s	0 (0) 65.75/42.00 (210.50/75.67mm)
1787598407.719  event6   TOUCH_MOTION              3  +6.330s	1 (1) 27.64/67.53 (88.50/121.67mm)
1787598407.719  event6   TOUCH_FRAME                  +6.330s	
1787598407.728  event6   TOUCH_MOTION              2  +6.339s	0 (0) 66.11/41.72 (211.67/75.17mm)
1787598407.728  event6   TOUCH_MOTION              3  +6.339s	1 (1) 27.38/67.53 (87.67/121.67mm)
1787598407.728  event6   TOUCH_FRAME                  +6.339s	
1787598407.738  event6   TOUCH_MOTION              2  +6.349s	0 (0) 66.48/41.44 (212.83/74.67mm)
1787598407.738  event6   TOUCH_MOTION              3  +6.349s	1 (1) 27.17/67.53 (87.00/121.67mm)
1787598407.738  event6   TOUCH_FRAME                  +6.349s	
1787598407.747  event6   TOUCH_MOTION              2  +6.358s	0 (0) 66.79/41.17 (213.83/74.17mm)
1787598407.747  event6   TOUCH_MOTION              3  +6.358s	1 (1) 26.97/67.53 (86.33/121.67mm)
1787598407.747  event6   TOUCH_FRAME                  +6.358s	
1787598407.756  event6   TOUCH_MOTION              2  +6.367s	0 (0) 67.05/40.89 (214.67/73.67mm)
1787598407.756  event6   TOUCH_MOTION              3  +6.367s	1 (1) 26.81/67.53 (85.83/121.67mm)
1787598407.756  event6   TOUCH_FRAME                  +6.367s	
1787598407.765  event6   TOUCH_MOTION              2  +6.376s	0 (0) 67.31/40.70 (215.50/73.33mm)
1787598407.765  event6   TOUCH_MOTION              3  +6.376s	1 (1) 26.65/67.53 (85.33/121.67mm)
1787598407.766  event6   TOUCH_FRAME                  +6.376s	
1787598407.774  event6   TOUCH_MOTION              2  +6.385s	0 (0) 67.52/40.52 (216.17/73.00mm)
1787598407.774  event6   TOUCH_MOTION              3  +6.385s	1 (1) 26.50/67.53 (84.83/121.67mm)
1787598407.774  event6   TOUCH_FRAME                  +6.385s	
1787598407.783  event6   TOUCH_MOTION              2  +6.394s	0 (0) 67.73/40.43 (216.83/72.83mm)
1787598407.783  event6   TOUCH_MOTION              3  +6.394s	1 (1) 26.34/67.53 (84.33/121.67mm)
1787598407.783  event6   TOUCH_FRAME                  +6.394s	
1787598407.792  event6   TOUCH_MOTION              2  +6.403s	0 (0) 67.88/40.33 (217.33/72.67mm)
1787598407.792  event6   TOUCH_MOTION              3  +6.403s	1 (1) 26.24/67.53 (84.00/121.67mm)
1787598407.792  event6   TOUCH_FRAME                  +6.403s	
1787598407.802  event6   TOUCH_MOTION              2  +6.413s	0 (0) 68.04/40.15 (217.83/72.33mm)
1787598407.802  event6   TOUCH_MOTION              3  +6.413s	1 (1) 26.08/67.53 (83.50/121.67mm)
1787598407.802  event6   TOUCH_FRAME                  +6.413s	
1787598407.811  event6   TOUCH_MOTION              2  +6.422s	0 (0) 68.25/40.06 (218.50/72.17mm)
1787598407.811  event6   TOUCH_MOTION              3  +6.422s	1 (1) 26.03/67.53 (83.33/121.67mm)
1787598407.811  event6   TOUCH_FRAME                  +6.422s	
1787598407.820  event6   TOUCH_MOTION              2  +6.431s	0 (0) 68.35/40.06 (218.83/72.17mm)
1787598407.820  event6   TOUCH_MOTION              3  +6.431s	1 (1) 25.92/67.53 (83.00/121.67mm)
1787598407.820  event6   TOUCH_FRAME                  +6.431s	
1787598407.829  event6   TOUCH_MOTION              2  +6.440s	0 (0) 68.45/39.96 (219.17/72.00mm)
1787598407.829  event6   TOUCH_MOTION              3  +6.440s	1 (1) 25.87/67.53 (82.83/121.67mm)
1787598407.829  event6   TOUCH_FRAME                  +6.440s	
1787598407.847  event6   TOUCH_MOTION              2  +6.458s	0 (0) 68.51/39.96 (219.33/72.00mm)
1787598407.847  event6   TOUCH_MOTION              3  +6.458s	1 (1) 25.82/67.53 (82.67/121.67mm)
1787598407.847  event6   TOUCH_FRAME                  +6.458s	
1787598407.856  event6   TOUCH_MOTION              2  +6.467s	0 (0) 68.56/39.96 (219.50/72.00mm)
1787598407.856  event6   TOUCH_FRAME                  +6.467s	
1787598407.902  event6   TOUCH_MOTION              2  +6.513s	1 (1) 25.82/67.44 (82.67/121.50mm)
1787598407.902  event6   TOUCH_FRAME                  +6.513s	
1787598407.930  event6   TOUCH_MOTION              2  +6.540s	0 (0) 68.51/39.96 (219.33/72.00mm)
1787598407.930  event6   TOUCH_MOTION              3  +6.540s	1 (1) 25.82/67.35 (82.67/121.33mm)
1787598407.930  event6   TOUCH_FRAME                  +6.540s	
1787598407.938  event6   TOUCH_MOTION              2  +6.549s	0 (0) 68.45/39.96 (219.17/72.00mm)
1787598407.938  event6   TOUCH_FRAME                  +6.549s	
1787598407.948  event6   TOUCH_MOTION              2  +6.559s	1 (1) 25.87/67.25 (82.83/121.17mm)
1787598407.948  event6   TOUCH_FRAME                  +6.559s	
1787598407.957  event6   TOUCH_MOTION              2  +6.568s	0 (0) 68.35/40.06 (218.83/72.17mm)
1787598407.958  event6   TOUCH_MOTION              3  +6.568s	1 (1) 25.92/67.16 (83.00/121.00mm)
1787598407.958  event6   TOUCH_FRAME                  +6.568s	
1787598407.966  event6   TOUCH_MOTION              2  +6.577s	0 (0) 68.25/40.06 (218.50/72.17mm)
1787598407.966  event6   TOUCH_MOTION              3  +6.577s	1 (1) 26.08/67.07 (83.50/120.83mm)
1787598407.966  event6   TOUCH_FRAME                  +6.577s	
1787598407.975  event6   TOUCH_MOTION              2  +6.586s	0 (0) 68.19/40.15 (218.33/72.33mm)
1787598407.975  event6   TOUCH_MOTION              3  +6.586s	1 (1) 26.18/66.98 (83.83/120.67mm)
1787598407.975  event6   TOUCH_FRAME                  +6.586s	
1787598407.985  event6   TOUCH_MOTION              2  +6.595s	0 (0) 68.09/40.24 (218.00/72.50mm)
1787598407.985  event6   TOUCH_MOTION              3  +6.595s	1 (1) 26.29/66.98 (84.17/120.67mm)
1787598407.985  event6   TOUCH_FRAME                  +6.595s	
1787598407.993  event6   TOUCH_MOTION              2  +6.604s	0 (0) 67.99/40.43 (217.67/72.83mm)
1787598407.993  event6   TOUCH_MOTION              3  +6.604s	1 (1) 26.50/66.79 (84.83/120.33mm)
1787598407.993  event6   TOUCH_FRAME                  +6.604s	
1787598408.002  event6   TOUCH_MOTION              2  +6.613s	0 (0) 67.78/40.52 (217.00/73.00mm)
1787598408.003  event6   TOUCH_MOTION              3  +6.613s	1 (1) 26.65/66.60 (85.33/120.00mm)
1787598408.003  event6   TOUCH_FRAME                  +6.613s	
1787598408.012  event6   TOUCH_MOTION              2  +6.623s	0 (0) 67.57/40.80 (216.33/73.50mm)
1787598408.012  event6   TOUCH_MOTION              3  +6.623s	1 (1) 26.81/66.51 (85.83/119.83mm)
1787598408.012  event6   TOUCH_FRAME                  +6.623s	
1787598408.021  event6   TOUCH_MOTION              2  +6.632s	0 (0) 67.26/40.98 (215.33/73.83mm)
1787598408.021  event6   TOUCH_MOTION              3  +6.632s	1 (1) 26.97/66.33 (86.33/119.50mm)
1787598408.022  event6   TOUCH_FRAME                  +6.632s	
1787598408.030  event6   TOUCH_MOTION              2  +6.641s	0 (0) 66.94/41.17 (214.33/74.17mm)
1787598408.030  event6   TOUCH_MOTION              3  +6.641s	1 (1) 27.17/66.14 (87.00/119.17mm)
1787598408.030  event6   TOUCH_FRAME                  +6.641s	
1787598408.040  event6   TOUCH_MOTION              2  +6.650s	0 (0) 66.63/41.54 (213.33/74.83mm)
1787598408.040  event6   TOUCH_MOTION              3  +6.650s	1 (1) 27.33/66.05 (87.50/119.00mm)
1787598408.040  event6   TOUCH_FRAME                  +6.650s	
1787598408.048  event6   TOUCH_MOTION              2  +6.659s	0 (0) 66.27/41.72 (212.17/75.17mm)
1787598408.048  event6   TOUCH_MOTION              3  +6.659s	1 (1) 27.54/65.86 (88.17/118.67mm)
1787598408.048  event6   TOUCH_FRAME                  +6.659s	
1787598408.057  event6   TOUCH_MOTION              2  +6.668s	0 (0) 66.01/42.00 (211.33/75.67mm)
1787598408.057  event6   TOUCH_MOTION              3  +6.668s	1 (1) 27.69/65.77 (88.67/118.50mm)
1787598408.057  event6   TOUCH_FRAME                  +6.668s	
1787598408.066  event6   TOUCH_MOTION              2  +6.677s	0 (0) 65.64/42.37 (210.17/76.33mm)
1787598408.067  event6   TOUCH_MOTION              3  +6.677s	1 (1) 27.85/65.59 (89.17/118.17mm)
1787598408.067  event6   TOUCH_FRAME                  +6.677s	
1787598408.075  event6   TOUCH_MOTION              2  +6.686s	0 (0) 65.33/42.65 (209.17/76.83mm)
1787598408.075  event6   TOUCH_MOTION              3  +6.686s	1 (1) 28.11/65.40 (90.00/117.83mm)
1787598408.075  event6   TOUCH_FRAME                  +6.686s	
1787598408.086  event6   TOUCH_MOTION              2  +6.696s	0 (0) 64.97/42.92 (208.00/77.33mm)
1787598408.086  event6   TOUCH_MOTION              3  +6.696s	1 (1) 28.32/65.31 (90.67/117.67mm)
1787598408.086  event6   TOUCH_FRAME                  +6.696s	
1787598408.095  event6   TOUCH_MOTION              2  +6.705s	0 (0) 64.65/43.11 (207.00/77.67mm)
1787598408.095  event6   TOUCH_MOTION              3  +6.705s	1 (1) 28.63/65.12 (91.67/117.33mm)
1787598408.095  event6   TOUCH_FRAME                  +6.705s	
1787598408.103  event6   TOUCH_MOTION              2  +6.714s	0 (0) 64.39/43.39 (206.17/78.17mm)
1787598408.104  event6   TOUCH_MOTION              3  +6.714s	1 (1) 28.94/65.03 (92.67/117.17mm)
1787598408.104  event6   TOUCH_FRAME                  +6.714s	
1787598408.112  event6   TOUCH_MOTION              2  +6.723s	0 (0) 64.08/43.57 (205.17/78.50mm)
1787598408.112  event6   TOUCH_MOTION              3  +6.723s	1 (1) 29.20/64.85 (93.50/116.83mm)
1787598408.112  event6   TOUCH_FRAME                  +6.723s	
1787598408.121  event6   TOUCH_MOTION              2  +6.732s	0 (0) 63.72/43.85 (204.00/79.00mm)
1787598408.121  event6   TOUCH_MOTION              3  +6.732s	1 (1) 29.52/64.66 (94.50/116.50mm)
1787598408.121  event6   TOUCH_FRAME                  +6.732s	
1787598408.130  event6   TOUCH_MOTION              2  +6.741s	0 (0) 63.30/44.03 (202.67/79.33mm)
1787598408.130  event6   TOUCH_MOTION              3  +6.741s	1 (1) 29.88/64.57 (95.67/116.33mm)
1787598408.130  event6   TOUCH_FRAME                  +6.741s	
1787598408.139  event6   TOUCH_MOTION              2  +6.750s	0 (0) 62.83/44.40 (201.17/80.00mm)
1787598408.140  event6   TOUCH_MOTION              3  +6.750s	1 (1) 30.14/64.38 (96.50/116.00mm)
1787598408.140  event6   TOUCH_FRAME                  +6.750s	
1787598408.149  event6   TOUCH_MOTION              2  +6.760s	0 (0) 62.36/44.77 (199.67/80.67mm)
1787598408.149  event6   TOUCH_MOTION              3  +6.760s	1 (1) 30.45/64.29 (97.50/115.83mm)
1787598408.149  event6   TOUCH_FRAME                  +6.760s	
1787598408.158  event6   TOUCH_MOTION              2  +6.769s	0 (0) 61.89/45.14 (198.17/81.33mm)
1787598408.158  event6   TOUCH_MOTION              3  +6.769s	1 (1) 30.77/64.01 (98.50/115.33mm)
1787598408.158  event6   TOUCH_FRAME                  +6.769s	
1787598408.167  event6   TOUCH_MOTION              2  +6.778s	0 (0) 61.43/45.51 (196.67/82.00mm)
1787598408.167  event6   TOUCH_MOTION              3  +6.778s	1 (1) 31.08/63.92 (99.50/115.17mm)
1787598408.168  event6   TOUCH_FRAME                  +6.778s	
1787598408.177  event6   TOUCH_MOTION              2  +6.787s	0 (0) 60.96/45.88 (195.17/82.67mm)
1787598408.177  event6   TOUCH_MOTION              3  +6.787s	1 (1) 31.39/63.74 (100.50/114.83mm)
1787598408.177  event6   TOUCH_FRAME                  +6.787s	
1787598408.185  event6   TOUCH_MOTION              2  +6.796s	0 (0) 60.49/46.16 (193.67/83.17mm)
1787598408.185  event6   TOUCH_MOTION              3  +6.796s	1 (1) 31.70/63.55 (101.50/114.50mm)
1787598408.185  event6   TOUCH_FRAME                  +6.796s	
1787598408.194  event6   TOUCH_MOTION              2  +6.805s	0 (0) 60.02/46.62 (192.17/84.00mm)
1787598408.194  event6   TOUCH_MOTION              3  +6.805s	1 (1) 32.12/63.27 (102.83/114.00mm)
1787598408.194  event6   TOUCH_FRAME                  +6.805s	
1787598408.203  event6   TOUCH_MOTION              2  +6.814s	0 (0) 59.60/46.99 (190.83/84.67mm)
1787598408.203  event6   TOUCH_MOTION              3  +6.814s	1 (1) 32.48/63.09 (104.00/113.67mm)
1787598408.203  event6   TOUCH_FRAME                  +6.814s	
1787598408.212  event6   TOUCH_MOTION              2  +6.823s	0 (0) 59.19/47.36 (189.50/85.33mm)
1787598408.212  event6   TOUCH_MOTION              3  +6.823s	1 (1) 32.80/62.81 (105.00/113.17mm)
1787598408.212  event6   TOUCH_FRAME                  +6.823s	
1787598408.222  event6   TOUCH_MOTION              2  +6.833s	0 (0) 58.82/47.64 (188.33/85.83mm)
1787598408.223  event6   TOUCH_MOTION              3  +6.833s	1 (1) 33.21/62.63 (106.33/112.83mm)
1787598408.223  event6   TOUCH_FRAME                  +6.833s	
1787598408.231  event6   TOUCH_MOTION              2  +6.842s	0 (0) 58.41/48.01 (187.00/86.50mm)
1787598408.231  event6   TOUCH_MOTION              3  +6.842s	1 (1) 33.63/62.44 (107.67/112.50mm)
1787598408.231  event6   TOUCH_FRAME                  +6.842s	
1787598408.240  event6   TOUCH_MOTION              2  +6.851s	0 (0) 57.99/48.29 (185.67/87.00mm)
1787598408.240  event6   TOUCH_MOTION              3  +6.851s	1 (1) 34.04/62.16 (109.00/112.00mm)
1787598408.240  event6   TOUCH_FRAME                  +6.851s	
1787598408.249  event6   TOUCH_MOTION              2  +6.860s	0 (0) 57.57/48.57 (184.33/87.50mm)
1787598408.249  event6   TOUCH_MOTION              3  +6.860s	1 (1) 34.46/61.98 (110.33/111.67mm)
1787598408.249  event6   TOUCH_FRAME                  +6.860s	
1787598408.258  event6   TOUCH_MOTION              2  +6.869s	0 (0) 57.11/49.03 (182.83/88.33mm)
1787598408.258  event6   TOUCH_MOTION              3  +6.869s	1 (1) 34.93/61.79 (111.83/111.33mm)
1787598408.258  event6   TOUCH_FRAME                  +6.869s	
1787598408.267  event6   TOUCH_MOTION              2  +6.878s	0 (0) 56.69/49.40 (181.50/89.00mm)
1787598408.267  event6   TOUCH_MOTION              3  +6.878s	1 (1) 35.29/61.61 (113.00/111.00mm)
1787598408.267  event6   TOUCH_FRAME                  +6.878s	
1787598408.277  event6   TOUCH_MOTION              2  +6.887s	0 (0) 56.27/49.77 (180.17/89.67mm)
1787598408.277  event6   TOUCH_MOTION              3  +6.887s	1 (1) 35.66/61.42 (114.17/110.67mm)
1787598408.277  event6   TOUCH_FRAME                  +6.887s	
1787598408.285  event6   TOUCH_MOTION              2  +6.896s	0 (0) 55.86/50.14 (178.83/90.33mm)
1787598408.285  event6   TOUCH_MOTION              3  +6.896s	1 (1) 36.13/61.24 (115.67/110.33mm)
1787598408.286  event6   TOUCH_FRAME                  +6.896s	
1787598408.295  event6   TOUCH_MOTION              2  +6.906s	0 (0) 55.44/50.42 (177.50/90.83mm)
1787598408.295  event6   TOUCH_MOTION              3  +6.906s	1 (1) 36.54/61.15 (117.00/110.17mm)
1787598408.295  event6   TOUCH_FRAME                  +6.906s	
1787598408.304  event6   TOUCH_MOTION              2  +6.915s	0 (0) 55.02/50.69 (176.17/91.33mm)
1787598408.304  event6   TOUCH_MOTION              3  +6.915s	1 (1) 36.96/60.96 (118.33/109.83mm)
1787598408.304  event6   TOUCH_FRAME                  +6.915s	
1787598408.313  event6   TOUCH_MOTION              2  +6.924s	0 (0) 54.66/51.06 (175.00/92.00mm)
1787598408.313  event6   TOUCH_MOTION              3  +6.924s	1 (1) 37.43/60.87 (119.83/109.67mm)
1787598408.313  event6   TOUCH_FRAME                  +6.924s	
1787598408.322  event6   TOUCH_MOTION              2  +6.933s	0 (0) 54.24/51.34 (173.67/92.50mm)
1787598408.322  event6   TOUCH_MOTION              3  +6.933s	1 (1) 37.84/60.68 (121.17/109.33mm)
1787598408.323  event6   TOUCH_FRAME                  +6.933s	
1787598408.331  event6   TOUCH_MOTION              2  +6.942s	0 (0) 53.93/51.71 (172.67/93.17mm)
1787598408.331  event6   TOUCH_MOTION              3  +6.942s	1 (1) 38.26/60.50 (122.50/109.00mm)
1787598408.331  event6   TOUCH_FRAME                  +6.942s	
1787598408.340  event6   TOUCH_MOTION              2  +6.951s	0 (0) 53.57/51.99 (171.50/93.67mm)
1787598408.340  event6   TOUCH_MOTION              3  +6.951s	1 (1) 38.63/60.41 (123.67/108.83mm)
1787598408.341  event6   TOUCH_FRAME                  +6.951s	
1787598408.349  event6   TOUCH_MOTION              2  +6.960s	0 (0) 53.31/52.36 (170.67/94.33mm)
1787598408.350  event6   TOUCH_MOTION              3  +6.960s	1 (1) 39.04/60.22 (125.00/108.50mm)
1787598408.350  event6   TOUCH_FRAME                  +6.960s	
1787598408.359  event6   TOUCH_MOTION              2  +6.970s	0 (0) 52.94/52.64 (169.50/94.83mm)
1787598408.359  event6   TOUCH_MOTION              3  +6.970s	1 (1) 39.46/60.13 (126.33/108.33mm)
1787598408.359  event6   TOUCH_FRAME                  +6.970s	
1787598408.369  event6   TOUCH_MOTION              2  +6.979s	0 (0) 52.63/53.01 (168.50/95.50mm)
1787598408.369  event6   TOUCH_MOTION              3  +6.979s	1 (1) 39.82/60.04 (127.50/108.17mm)
1787598408.369  event6   TOUCH_FRAME                  +6.979s	
1787598408.377  event6   TOUCH_MOTION              2  +6.988s	0 (0) 52.26/53.28 (167.33/96.00mm)
1787598408.377  event6   TOUCH_MOTION              3  +6.988s	1 (1) 40.19/59.85 (128.67/107.83mm)
1787598408.377  event6   TOUCH_FRAME                  +6.988s	
1787598408.386  event6   TOUCH_MOTION              2  +6.997s	0 (0) 51.95/53.65 (166.33/96.67mm)
1787598408.386  event6   TOUCH_MOTION              3  +6.997s	1 (1) 40.60/59.76 (130.00/107.67mm)
1787598408.386  event6   TOUCH_FRAME                  +6.997s	
1787598408.395  event6   TOUCH_MOTION              2  +7.006s	0 (0) 51.74/53.93 (165.67/97.17mm)
1787598408.395  event6   TOUCH_MOTION              3  +7.006s	1 (1) 40.86/59.57 (130.83/107.33mm)
1787598408.395  event6   TOUCH_FRAME                  +7.006s	
1787598408.404  event6   TOUCH_MOTION              2  +7.015s	0 (0) 51.48/54.30 (164.83/97.83mm)
1787598408.405  event6   TOUCH_MOTION              3  +7.015s	1 (1) 41.23/59.39 (132.00/107.00mm)
1787598408.405  event6   TOUCH_FRAME                  +7.015s	
1787598408.413  event6   TOUCH_MOTION              2  +7.024s	0 (0) 51.22/54.58 (164.00/98.33mm)
1787598408.413  event6   TOUCH_MOTION              3  +7.024s	1 (1) 41.54/59.30 (133.00/106.83mm)
1787598408.413  event6   TOUCH_FRAME                  +7.024s	
1787598408.422  event6   TOUCH_MOTION              2  +7.033s	0 (0) 51.02/54.86 (163.33/98.83mm)
1787598408.422  event6   TOUCH_MOTION              3  +7.033s	1 (1) 41.91/59.11 (134.17/106.50mm)
1787598408.422  event6   TOUCH_FRAME                  +7.033s	
1787598408.433  event6   TOUCH_MOTION              2  +7.043s	0 (0) 50.81/55.13 (162.67/99.33mm)
1787598408.433  event6   TOUCH_MOTION              3  +7.043s	1 (1) 42.17/59.02 (135.00/106.33mm)
1787598408.433  event6   TOUCH_FRAME                  +7.043s	
1787598408.441  event6   TOUCH_MOTION              2  +7.052s	0 (0) 50.60/55.32 (162.00/99.67mm)
1787598408.441  event6   TOUCH_MOTION              3  +7.052s	1 (1) 42.53/58.83 (136.17/106.00mm)
1787598408.441  event6   TOUCH_FRAME                  +7.052s	
1787598408.450  event6   TOUCH_MOTION              2  +7.061s	0 (0) 50.44/55.50 (161.50/100.00mm)
1787598408.450  event6   TOUCH_MOTION              3  +7.061s	1 (1) 42.84/58.65 (137.17/105.67mm)
1787598408.450  event6   TOUCH_FRAME                  +7.061s	
1787598408.459  event6   TOUCH_MOTION              2  +7.070s	0 (0) 50.29/55.60 (161.00/100.17mm)
1787598408.459  event6   TOUCH_MOTION              3  +7.070s	1 (1) 43.15/58.56 (138.17/105.50mm)
1787598408.459  event6   TOUCH_FRAME                  +7.070s	
1787598408.468  event6   TOUCH_MOTION              2  +7.079s	0 (0) 50.18/55.78 (160.67/100.50mm)
1787598408.468  event6   TOUCH_MOTION              3  +7.079s	1 (1) 43.47/58.46 (139.17/105.33mm)
1787598408.468  event6   TOUCH_FRAME                  +7.079s	
1787598408.478  event6   TOUCH_MOTION              2  +7.088s	0 (0) 50.03/55.97 (160.17/100.83mm)
1787598408.478  event6   TOUCH_MOTION              3  +7.088s	1 (1) 43.73/58.37 (140.00/105.17mm)
1787598408.478  event6   TOUCH_FRAME                  +7.088s	
1787598408.486  event6   TOUCH_MOTION              2  +7.097s	0 (0) 49.97/56.06 (160.00/101.00mm)
1787598408.486  event6   TOUCH_MOTION              3  +7.097s	1 (1) 43.99/58.28 (140.83/105.00mm)
1787598408.486  event6   TOUCH_FRAME                  +7.097s	
1787598408.496  event6   TOUCH_MOTION              2  +7.107s	0 (0) 49.87/56.15 (159.67/101.17mm)
1787598408.496  event6   TOUCH_MOTION              3  +7.107s	1 (1) 44.20/58.19 (141.50/104.83mm)
1787598408.496  event6   TOUCH_FRAME                  +7.107s	
1787598408.505  event6   TOUCH_MOTION              2  +7.116s	0 (0) 49.82/56.24 (159.50/101.33mm)
1787598408.505  event6   TOUCH_MOTION              3  +7.116s	1 (1) 44.35/58.09 (142.00/104.67mm)
1787598408.505  event6   TOUCH_FRAME                  +7.116s	
1787598408.514  event6   TOUCH_MOTION              2  +7.125s	0 (0) 49.77/56.34 (159.33/101.50mm)
1787598408.514  event6   TOUCH_MOTION              3  +7.125s	1 (1) 44.51/58.00 (142.50/104.50mm)
1787598408.514  event6   TOUCH_FRAME                  +7.125s	
1787598408.523  event6   TOUCH_MOTION              2  +7.134s	0 (0) 49.71/56.34 (159.17/101.50mm)
1787598408.523  event6   TOUCH_MOTION              3  +7.134s	1 (1) 44.61/57.91 (142.83/104.33mm)
1787598408.523  event6   TOUCH_FRAME                  +7.134s	
1787598408.532  event6   TOUCH_MOTION              2  +7.143s	1 (1) 44.61/57.82 (142.83/104.17mm)
1787598408.532  event6   TOUCH_FRAME                  +7.143s	
1787598408.541  event6   TOUCH_MOTION              2  +7.152s	1 (1) 44.66/57.82 (143.00/104.17mm)
1787598408.541  event6   TOUCH_FRAME                  +7.152s	
1787598408.550  event6   TOUCH_MOTION              2  +7.161s	1 (1) 44.72/57.82 (143.17/104.17mm)
1787598408.550  event6   TOUCH_FRAME                  +7.161s	
1787598408.559  event6   TOUCH_MOTION              2  +7.170s	1 (1) 44.77/57.82 (143.33/104.17mm)
1787598408.559  event6   TOUCH_FRAME                  +7.170s	
1787598408.578  event6   TOUCH_MOTION              2  +7.189s	1 (1) 44.82/57.82 (143.50/104.17mm)
1787598408.578  event6   TOUCH_FRAME                  +7.189s	
1787598408.797  event6   TOUCH_MOTION              2  +7.408s	1 (1) 44.77/57.91 (143.33/104.33mm)
1787598408.797  event6   TOUCH_FRAME                  +7.408s	
1787598408.807  event6   TOUCH_MOTION              2  +7.417s	1 (1) 44.72/57.91 (143.17/104.33mm)
1787598408.807  event6   TOUCH_FRAME                  +7.417s	
1787598408.816  event6   TOUCH_MOTION              2  +7.426s	1 (1) 44.66/58.00 (143.00/104.50mm)
1787598408.816  event6   TOUCH_FRAME                  +7.426s	
1787598408.825  event6   TOUCH_MOTION              2  +7.435s	1 (1) 44.61/58.09 (142.83/104.67mm)
1787598408.825  event6   TOUCH_FRAME                  +7.435s	
1787598408.833  event6   TOUCH_MOTION              2  +7.444s	1 (1) 44.61/58.19 (142.83/104.83mm)
1787598408.834  event6   TOUCH_FRAME                  +7.444s	
1787598408.843  event6   TOUCH_MOTION              2  +7.454s	1 (1) 44.56/58.28 (142.67/105.00mm)
1787598408.843  event6   TOUCH_FRAME                  +7.454s	
1787598408.852  event6   TOUCH_MOTION              2  +7.463s	1 (1) 44.46/58.28 (142.33/105.00mm)
1787598408.853  event6   TOUCH_FRAME                  +7.463s	
1787598408.861  event6   TOUCH_MOTION              2  +7.472s	1 (1) 44.35/58.37 (142.00/105.17mm)
1787598408.861  event6   TOUCH_FRAME                  +7.472s	
1787598408.870  event6   TOUCH_MOTION              2  +7.481s	0 (0) 49.71/56.24 (159.17/101.33mm)
1787598408.870  event6   TOUCH_MOTION              3  +7.481s	1 (1) 44.20/58.46 (141.50/105.33mm)
1787598408.870  event6   TOUCH_FRAME                  +7.481s	
1787598408.879  event6   TOUCH_MOTION              2  +7.490s	0 (0) 49.82/56.06 (159.50/101.00mm)
1787598408.879  event6   TOUCH_MOTION              3  +7.490s	1 (1) 44.04/58.56 (141.00/105.50mm)
1787598408.879  event6   TOUCH_FRAME                  +7.490s	
1787598408.888  event6   TOUCH_MOTION              2  +7.499s	0 (0) 49.97/55.87 (160.00/100.67mm)
1787598408.888  event6   TOUCH_MOTION              3  +7.499s	1 (1) 43.88/58.65 (140.50/105.67mm)
1787598408.888  event6   TOUCH_FRAME                  +7.499s	
1787598408.897  event6   TOUCH_MOTION              2  +7.508s	0 (0) 50.18/55.60 (160.67/100.17mm)
1787598408.897  event6   TOUCH_MOTION              3  +7.508s	1 (1) 43.73/58.83 (140.00/106.00mm)
1787598408.897  event6   TOUCH_FRAME                  +7.508s	
1787598408.906  event6   TOUCH_MOTION              2  +7.517s	0 (0) 50.39/55.23 (161.33/99.50mm)
1787598408.907  event6   TOUCH_MOTION              3  +7.517s	1 (1) 43.52/59.02 (139.33/106.33mm)
1787598408.907  event6   TOUCH_FRAME                  +7.517s	
1787598408.916  event6   TOUCH_MOTION              2  +7.527s	0 (0) 50.70/54.95 (162.33/99.00mm)
1787598408.916  event6   TOUCH_MOTION              3  +7.527s	1 (1) 43.36/59.11 (138.83/106.50mm)
1787598408.916  event6   TOUCH_FRAME                  +7.527s	
1787598408.925  event6   TOUCH_MOTION              2  +7.536s	0 (0) 51.02/54.67 (163.33/98.50mm)
1787598408.925  event6   TOUCH_MOTION              3  +7.536s	1 (1) 43.21/59.39 (138.33/107.00mm)
1787598408.925  event6   TOUCH_FRAME                  +7.536s	
1787598408.934  event6   TOUCH_MOTION              2  +7.545s	0 (0) 51.33/54.39 (164.33/98.00mm)
1787598408.934  event6   TOUCH_MOTION              3  +7.545s	1 (1) 43.00/59.57 (137.67/107.33mm)
1787598408.934  event6   TOUCH_FRAME                  +7.545s	
1787598408.943  event6   TOUCH_MOTION              2  +7.554s	0 (0) 51.69/54.02 (165.50/97.33mm)
1787598408.943  event6   TOUCH_MOTION              3  +7.554s	1 (1) 42.74/59.76 (136.83/107.67mm)
1787598408.943  event6   TOUCH_FRAME                  +7.554s	
1787598408.952  event6   TOUCH_MOTION              2  +7.563s	0 (0) 52.00/53.65 (166.50/96.67mm)
1787598408.952  event6   TOUCH_MOTION              3  +7.563s	1 (1) 42.48/59.94 (136.00/108.00mm)
1787598408.952  event6   TOUCH_FRAME                  +7.563s	
1787598408.961  event6   TOUCH_MOTION              2  +7.572s	0 (0) 52.42/53.28 (167.83/96.00mm)
1787598408.961  event6   TOUCH_MOTION              3  +7.572s	1 (1) 42.22/60.13 (135.17/108.33mm)
1787598408.961  event6   TOUCH_FRAME                  +7.572s	
1787598408.970  event6   TOUCH_MOTION              2  +7.581s	0 (0) 52.84/52.91 (169.17/95.33mm)
1787598408.970  event6   TOUCH_MOTION              3  +7.581s	1 (1) 41.96/60.41 (134.33/108.83mm)
1787598408.970  event6   TOUCH_FRAME                  +7.581s	
1787598408.979  event6   TOUCH_MOTION              2  +7.590s	0 (0) 53.31/52.45 (170.67/94.50mm)
1787598408.979  event6   TOUCH_MOTION              3  +7.590s	1 (1) 41.70/60.59 (133.50/109.17mm)
1787598408.979  event6   TOUCH_FRAME                  +7.590s	
1787598408.989  event6   TOUCH_MOTION              2  +7.600s	0 (0) 53.77/51.99 (172.17/93.67mm)
1787598408.990  event6   TOUCH_MOTION              3  +7.600s	1 (1) 41.33/60.78 (132.33/109.50mm)
1787598408.990  event6   TOUCH_FRAME                  +7.600s	
1787598408.998  event6   TOUCH_MOTION              2  +7.609s	0 (0) 54.29/51.53 (173.83/92.83mm)
1787598408.998  event6   TOUCH_MOTION              3  +7.609s	1 (1) 41.02/60.87 (131.33/109.67mm)
1787598408.998  event6   TOUCH_FRAME                  +7.609s	
1787598409.007  event6   TOUCH_MOTION              2  +7.618s	0 (0) 54.87/51.06 (175.67/92.00mm)
1787598409.007  event6   TOUCH_MOTION              3  +7.618s	1 (1) 40.71/61.15 (130.33/110.17mm)
1787598409.008  event6   TOUCH_FRAME                  +7.618s	
1787598409.016  event6   TOUCH_MOTION              2  +7.627s	0 (0) 55.39/50.42 (177.33/90.83mm)
1787598409.016  event6   TOUCH_MOTION              3  +7.627s	1 (1) 40.34/61.24 (129.17/110.33mm)
1787598409.016  event6   TOUCH_FRAME                  +7.627s	
1787598409.025  event6   TOUCH_MOTION              2  +7.636s	0 (0) 55.96/49.95 (179.17/90.00mm)
1787598409.025  event6   TOUCH_MOTION              3  +7.636s	1 (1) 39.98/61.52 (128.00/110.83mm)
1787598409.025  event6   TOUCH_FRAME                  +7.636s	
1787598409.034  event6   TOUCH_MOTION              2  +7.645s	0 (0) 56.48/49.40 (180.83/89.00mm)
1787598409.034  event6   TOUCH_MOTION              3  +7.645s	1 (1) 39.67/61.70 (127.00/111.17mm)
1787598409.035  event6   TOUCH_FRAME                  +7.645s	
1787598409.043  event6   TOUCH_MOTION              2  +7.654s	0 (0) 57.05/48.75 (182.67/87.83mm)
1787598409.043  event6   TOUCH_MOTION              3  +7.654s	1 (1) 39.25/61.98 (125.67/111.67mm)
1787598409.043  event6   TOUCH_FRAME                  +7.654s	
1787598409.053  event6   TOUCH_MOTION              2  +7.664s	0 (0) 57.57/48.29 (184.33/87.00mm)
1787598409.053  event6   TOUCH_MOTION              3  +7.664s	1 (1) 38.89/62.16 (124.50/112.00mm)
1787598409.053  event6   TOUCH_FRAME                  +7.664s	
1787598409.063  event6   TOUCH_MOTION              2  +7.673s	0 (0) 58.15/47.83 (186.17/86.17mm)
1787598409.063  event6   TOUCH_MOTION              3  +7.673s	1 (1) 38.57/62.44 (123.50/112.50mm)
1787598409.063  event6   TOUCH_FRAME                  +7.673s	
1787598409.071  event6   TOUCH_MOTION              2  +7.682s	0 (0) 58.67/47.36 (187.83/85.33mm)
1787598409.072  event6   TOUCH_MOTION              3  +7.682s	1 (1) 38.16/62.63 (122.17/112.83mm)
1787598409.072  event6   TOUCH_FRAME                  +7.682s	
1787598409.080  event6   TOUCH_MOTION              2  +7.691s	0 (0) 59.24/46.90 (189.67/84.50mm)
1787598409.080  event6   TOUCH_MOTION              3  +7.691s	1 (1) 37.74/62.81 (120.83/113.17mm)
1787598409.080  event6   TOUCH_FRAME                  +7.691s	
1787598409.090  event6   TOUCH_MOTION              2  +7.700s	0 (0) 59.76/46.44 (191.33/83.67mm)
1787598409.090  event6   TOUCH_MOTION              3  +7.700s	1 (1) 37.38/63.09 (119.67/113.67mm)
1787598409.090  event6   TOUCH_FRAME                  +7.700s	
1787598409.099  event6   TOUCH_MOTION              2  +7.709s	0 (0) 60.28/45.98 (193.00/82.83mm)
1787598409.099  event6   TOUCH_MOTION              3  +7.709s	1 (1) 37.01/63.18 (118.50/113.83mm)
1787598409.099  event6   TOUCH_FRAME                  +7.709s	
1787598409.107  event6   TOUCH_MOTION              2  +7.718s	0 (0) 60.85/45.51 (194.83/82.00mm)
1787598409.107  event6   TOUCH_MOTION              3  +7.718s	1 (1) 36.54/63.37 (117.00/114.17mm)
1787598409.107  event6   TOUCH_FRAME                  +7.718s	
1787598409.116  event6   TOUCH_MOTION              2  +7.727s	0 (0) 61.32/45.05 (196.33/81.17mm)
1787598409.116  event6   TOUCH_MOTION              3  +7.727s	1 (1) 36.13/63.55 (115.67/114.50mm)
1787598409.116  event6   TOUCH_FRAME                  +7.727s	
1787598409.126  event6   TOUCH_MOTION              2  +7.737s	0 (0) 61.84/44.59 (198.00/80.33mm)
1787598409.126  event6   TOUCH_MOTION              3  +7.737s	1 (1) 35.76/63.64 (114.50/114.67mm)
1787598409.126  event6   TOUCH_FRAME                  +7.737s	
1787598409.135  event6   TOUCH_MOTION              2  +7.746s	0 (0) 62.36/44.22 (199.67/79.67mm)
1787598409.136  event6   TOUCH_MOTION              3  +7.746s	1 (1) 35.35/63.83 (113.17/115.00mm)
1787598409.136  event6   TOUCH_FRAME                  +7.746s	
1787598409.144  event6   TOUCH_MOTION              2  +7.755s	0 (0) 62.88/43.76 (201.33/78.83mm)
1787598409.144  event6   TOUCH_MOTION              3  +7.755s	1 (1) 34.98/64.01 (112.00/115.33mm)
1787598409.144  event6   TOUCH_FRAME                  +7.755s	
1787598409.153  event6   TOUCH_MOTION              2  +7.764s	0 (0) 63.35/43.29 (202.83/78.00mm)
1787598409.154  event6   TOUCH_MOTION              3  +7.764s	1 (1) 34.57/64.20 (110.67/115.67mm)
1787598409.154  event6   TOUCH_FRAME                  +7.764s	
1787598409.162  event6   TOUCH_MOTION              2  +7.773s	0 (0) 63.87/42.83 (204.50/77.17mm)
1787598409.162  event6   TOUCH_MOTION              3  +7.773s	1 (1) 34.20/64.29 (109.50/115.83mm)
1787598409.162  event6   TOUCH_FRAME                  +7.773s	
1787598409.171  event6   TOUCH_MOTION              2  +7.782s	0 (0) 64.39/42.37 (206.17/76.33mm)
1787598409.171  event6   TOUCH_MOTION              3  +7.782s	1 (1) 33.84/64.48 (108.33/116.17mm)
1787598409.171  event6   TOUCH_FRAME                  +7.782s	
1787598409.180  event6   TOUCH_MOTION              2  +7.791s	0 (0) 64.86/42.00 (207.67/75.67mm)
1787598409.180  event6   TOUCH_MOTION              3  +7.791s	1 (1) 33.42/64.66 (107.00/116.50mm)
1787598409.180  event6   TOUCH_FRAME                  +7.791s	
1787598409.190  event6   TOUCH_MOTION              2  +7.801s	0 (0) 65.28/41.72 (209.00/75.17mm)
1787598409.191  event6   TOUCH_MOTION              3  +7.801s	1 (1) 33.11/64.75 (106.00/116.67mm)
1787598409.191  event6   TOUCH_FRAME                  +7.801s	
1787598409.199  event6   TOUCH_MOTION              2  +7.810s	0 (0) 65.64/41.35 (210.17/74.50mm)
1787598409.199  event6   TOUCH_MOTION              3  +7.810s	1 (1) 32.80/64.94 (105.00/117.00mm)
1787598409.199  event6   TOUCH_FRAME                  +7.810s	
1787598409.208  event6   TOUCH_MOTION              2  +7.819s	0 (0) 66.01/41.07 (211.33/74.00mm)
1787598409.208  event6   TOUCH_MOTION              3  +7.819s	1 (1) 32.43/65.03 (103.83/117.17mm)
1787598409.208  event6   TOUCH_FRAME                  +7.819s	
1787598409.217  event6   TOUCH_MOTION              2  +7.828s	0 (0) 66.42/40.80 (212.67/73.50mm)
1787598409.217  event6   TOUCH_MOTION              3  +7.828s	1 (1) 32.12/65.22 (102.83/117.50mm)
1787598409.217  event6   TOUCH_FRAME                  +7.828s	
1787598409.227  event6   TOUCH_MOTION              2  +7.837s	0 (0) 66.68/40.43 (213.50/72.83mm)
1787598409.227  event6   TOUCH_MOTION              3  +7.837s	1 (1) 31.81/65.40 (101.83/117.83mm)
1787598409.227  event6   TOUCH_FRAME                  +7.837s	
1787598409.235  event6   TOUCH_MOTION              2  +7.846s	0 (0) 67.00/40.24 (214.50/72.50mm)
1787598409.235  event6   TOUCH_MOTION              3  +7.846s	1 (1) 31.55/65.49 (101.00/118.00mm)
1787598409.236  event6   TOUCH_FRAME                  +7.846s	
1787598409.244  event6   TOUCH_MOTION              2  +7.855s	0 (0) 67.26/40.06 (215.33/72.17mm)
1787598409.244  event6   TOUCH_MOTION              3  +7.855s	1 (1) 31.29/65.68 (100.17/118.33mm)
1787598409.244  event6   TOUCH_FRAME                  +7.855s	
1787598409.253  event6   TOUCH_MOTION              2  +7.864s	0 (0) 67.52/39.78 (216.17/71.67mm)
1787598409.254  event6   TOUCH_MOTION              3  +7.864s	1 (1) 31.03/65.77 (99.33/118.50mm)
1787598409.254  event6   TOUCH_FRAME                  +7.864s	
1787598409.263  event6   TOUCH_MOTION              2  +7.874s	0 (0) 67.78/39.69 (217.00/71.50mm)
1787598409.263  event6   TOUCH_MOTION              3  +7.874s	1 (1) 30.82/65.96 (98.67/118.83mm)
1787598409.263  event6   TOUCH_FRAME                  +7.874s	
1787598409.272  event6   TOUCH_MOTION              2  +7.883s	0 (0) 67.99/39.50 (217.67/71.17mm)
1787598409.273  event6   TOUCH_MOTION              3  +7.883s	1 (1) 30.61/66.05 (98.00/119.00mm)
1787598409.273  event6   TOUCH_FRAME                  +7.883s	
1787598409.281  event6   TOUCH_MOTION              2  +7.892s	0 (0) 68.14/39.32 (218.17/70.83mm)
1787598409.281  event6   TOUCH_MOTION              3  +7.892s	1 (1) 30.45/66.14 (97.50/119.17mm)
1787598409.281  event6   TOUCH_FRAME                  +7.892s	
1787598409.290  event6   TOUCH_MOTION              2  +7.901s	0 (0) 68.30/39.32 (218.67/70.83mm)
1787598409.291  event6   TOUCH_MOTION              3  +7.901s	1 (1) 30.30/66.14 (97.00/119.17mm)
1787598409.291  event6   TOUCH_FRAME                  +7.901s	
1787598409.299  event6   TOUCH_MOTION              2  +7.910s	0 (0) 68.45/39.22 (219.17/70.67mm)
1787598409.299  event6   TOUCH_MOTION              3  +7.910s	1 (1) 30.14/66.23 (96.50/119.33mm)
1787598409.299  event6   TOUCH_FRAME                  +7.910s	
1787598409.308  event6   TOUCH_MOTION              2  +7.919s	0 (0) 68.51/39.13 (219.33/70.50mm)
1787598409.308  event6   TOUCH_MOTION              3  +7.919s	1 (1) 30.09/66.33 (96.33/119.50mm)
1787598409.308  event6   TOUCH_FRAME                  +7.919s	
1787598409.318  event6   TOUCH_MOTION              2  +7.928s	0 (0) 68.56/39.04 (219.50/70.33mm)
1787598409.318  event6   TOUCH_MOTION              3  +7.928s	1 (1) 30.04/66.42 (96.17/119.67mm)
1787598409.318  event6   TOUCH_FRAME                  +7.928s	
1787598409.327  event6   TOUCH_MOTION              2  +7.937s	0 (0) 68.61/39.04 (219.67/70.33mm)
1787598409.327  event6   TOUCH_MOTION              3  +7.937s	1 (1) 29.98/66.51 (96.00/119.83mm)
1787598409.327  event6   TOUCH_FRAME                  +7.937s	
1787598409.336  event6   TOUCH_MOTION              2  +7.947s	1 (1) 29.93/66.51 (95.83/119.83mm)
1787598409.336  event6   TOUCH_FRAME                  +7.947s	
1787598409.345  event6   TOUCH_MOTION              2  +7.956s	1 (1) 29.88/66.51 (95.67/119.83mm)
1787598409.345  event6   TOUCH_FRAME                  +7.956s	
1787598409.363  event6   TOUCH_MOTION              2  +7.974s	0 (0) 68.56/39.04 (219.50/70.33mm)
1787598409.363  event6   TOUCH_FRAME                  +7.974s	
1787598409.372  event6   TOUCH_MOTION              2  +7.983s	0 (0) 68.45/39.04 (219.17/70.33mm)
1787598409.372  event6   TOUCH_FRAME                  +7.983s	
1787598409.381  event6   TOUCH_MOTION              2  +7.992s	0 (0) 68.40/39.13 (219.00/70.50mm)
1787598409.381  event6   TOUCH_FRAME                  +7.992s	
1787598409.390  event6   TOUCH_MOTION              2  +8.001s	0 (0) 68.25/39.22 (218.50/70.67mm)
1787598409.390  event6   TOUCH_FRAME                  +8.001s	
1787598409.400  event6   TOUCH_MOTION              2  +8.011s	0 (0) 68.14/39.32 (218.17/70.83mm)
1787598409.400  event6   TOUCH_FRAME                  +8.011s	
1787598409.410  event6   TOUCH_MOTION              2  +8.020s	0 (0) 68.04/39.50 (217.83/71.17mm)
1787598409.410  event6   TOUCH_MOTION              3  +8.020s	1 (1) 29.98/66.42 (96.00/119.67mm)
1787598409.410  event6   TOUCH_FRAME                  +8.020s	
1787598409.418  event6   TOUCH_MOTION              2  +8.029s	0 (0) 67.88/39.69 (217.33/71.50mm)
1787598409.419  event6   TOUCH_MOTION              3  +8.029s	1 (1) 30.09/66.33 (96.33/119.50mm)
1787598409.419  event6   TOUCH_FRAME                  +8.029s	
1787598409.428  event6   TOUCH_MOTION              2  +8.038s	0 (0) 67.78/39.69 (217.00/71.50mm)
1787598409.428  event6   TOUCH_MOTION              3  +8.038s	1 (1) 30.30/66.23 (97.00/119.33mm)
1787598409.428  event6   TOUCH_FRAME                  +8.038s	
1787598409.437  event6   TOUCH_MOTION              2  +8.047s	0 (0) 67.62/39.78 (216.50/71.67mm)
1787598409.437  event6   TOUCH_MOTION              3  +8.047s	1 (1) 30.45/66.14 (97.50/119.17mm)
1787598409.437  event6   TOUCH_FRAME                  +8.047s	
1787598409.445  event6   TOUCH_MOTION              2  +8.056s	0 (0) 67.46/40.06 (216.00/72.17mm)
1787598409.446  event6   TOUCH_MOTION              3  +8.056s	1 (1) 30.61/65.96 (98.00/118.83mm)
1787598409.446  event6   TOUCH_FRAME                  +8.056s	
1787598409.455  event6   TOUCH_MOTION              2  +8.065s	0 (0) 67.31/40.15 (215.50/72.33mm)
1787598409.455  event6   TOUCH_MOTION              3  +8.065s	1 (1) 30.82/65.77 (98.67/118.50mm)
1787598409.455  event6   TOUCH_FRAME                  +8.065s	
1787598409.463  event6   TOUCH_MOTION              2  +8.074s	0 (0) 67.10/40.33 (214.83/72.67mm)
1787598409.463  event6   TOUCH_MOTION              3  +8.074s	1 (1) 31.08/65.68 (99.50/118.33mm)
1787598409.463  event6   TOUCH_FRAME                  +8.074s	
1787598409.474  event6   TOUCH_MOTION              2  +8.084s	0 (0) 66.84/40.52 (214.00/73.00mm)
1787598409.474  event6   TOUCH_MOTION              3  +8.084s	1 (1) 31.34/65.40 (100.33/117.83mm)
1787598409.474  event6   TOUCH_FRAME                  +8.084s	
1787598409.482  event6   TOUCH_MOTION              2  +8.093s	0 (0) 66.53/40.80 (213.00/73.50mm)
1787598409.482  event6   TOUCH_MOTION              3  +8.093s	1 (1) 31.60/65.31 (101.17/117.67mm)
1787598409.482  event6   TOUCH_FRAME                  +8.093s	
1787598409.491  event6   TOUCH_MOTION              2  +8.102s	0 (0) 66.16/41.07 (211.83/74.00mm)
1787598409.492  event6   TOUCH_MOTION              3  +8.102s	1 (1) 31.86/65.12 (102.00/117.33mm)
1787598409.492  event6   TOUCH_FRAME                  +8.102s	
1787598409.500  event6   TOUCH_MOTION              2  +8.111s	0 (0) 65.80/41.35 (210.67/74.50mm)
1787598409.501  event6   TOUCH_MOTION              3  +8.111s	1 (1) 32.12/64.94 (102.83/117.00mm)
1787598409.501  event6   TOUCH_FRAME                  +8.111s	
1787598409.509  event6   TOUCH_MOTION              2  +8.120s	0 (0) 65.49/41.63 (209.67/75.00mm)
1787598409.510  event6   TOUCH_MOTION              3  +8.120s	1 (1) 32.33/64.75 (103.50/116.67mm)
1787598409.510  event6   TOUCH_FRAME                  +8.120s	
1787598409.519  event6   TOUCH_MOTION              2  +8.129s	0 (0) 65.12/42.00 (208.50/75.67mm)
1787598409.519  event6   TOUCH_MOTION              3  +8.129s	1 (1) 32.59/64.66 (104.33/116.50mm)
1787598409.519  event6   TOUCH_FRAME                  +8.129s	
1787598409.528  event6   TOUCH_MOTION              2  +8.138s	0 (0) 64.76/42.37 (207.33/76.33mm)
1787598409.528  event6   TOUCH_MOTION              3  +8.138s	1 (1) 32.85/64.48 (105.17/116.17mm)
1787598409.528  event6   TOUCH_FRAME                  +8.138s	
1787598409.537  event6   TOUCH_MOTION              2  +8.148s	0 (0) 64.45/42.65 (206.33/76.83mm)
1787598409.538  event6   TOUCH_MOTION              3  +8.148s	1 (1) 33.11/64.29 (106.00/115.83mm)
1787598409.538  event6   TOUCH_FRAME                  +8.148s	
1787598409.547  event6   TOUCH_MOTION              2  +8.157s	0 (0) 64.19/42.92 (205.50/77.33mm)
1787598409.547  event6   TOUCH_MOTION              3  +8.157s	1 (1) 33.42/64.11 (107.00/115.50mm)
1787598409.547  event6   TOUCH_FRAME                  +8.157s	
1787598409.555  event6   TOUCH_MOTION              2  +8.166s	0 (0) 63.87/43.20 (204.50/77.83mm)
1787598409.555  event6   TOUCH_MOTION              3  +8.166s	1 (1) 33.73/63.92 (108.00/115.17mm)
1787598409.556  event6   TOUCH_FRAME                  +8.166s	
1787598409.564  event6   TOUCH_MOTION              2  +8.175s	0 (0) 63.56/43.48 (203.50/78.33mm)
1787598409.564  event6   TOUCH_MOTION              3  +8.175s	1 (1) 34.04/63.64 (109.00/114.67mm)
1787598409.564  event6   TOUCH_FRAME                  +8.175s	
1787598409.573  event6   TOUCH_MOTION              2  +8.184s	0 (0) 63.35/43.66 (202.83/78.67mm)
1787598409.573  event6   TOUCH_MOTION              3  +8.184s	1 (1) 34.36/63.46 (110.00/114.33mm)
1787598409.573  event6   TOUCH_FRAME                  +8.184s	
1787598409.582  event6   TOUCH_MOTION              2  +8.193s	0 (0) 63.04/43.85 (201.83/79.00mm)
1787598409.582  event6   TOUCH_MOTION              3  +8.193s	1 (1) 34.67/63.18 (111.00/113.83mm)
1787598409.582  event6   TOUCH_FRAME                  +8.193s	
1787598409.591  event6   TOUCH_MOTION              2  +8.202s	0 (0) 62.73/44.13 (200.83/79.50mm)
1787598409.591  event6   TOUCH_MOTION              3  +8.202s	1 (1) 34.98/63.00 (112.00/113.50mm)
1787598409.591  event6   TOUCH_FRAME                  +8.202s	
1787598409.600  event6   TOUCH_MOTION              2  +8.211s	0 (0) 62.36/44.50 (199.67/80.17mm)
1787598409.600  event6   TOUCH_MOTION              3  +8.211s	1 (1) 35.35/62.81 (113.17/113.17mm)
1787598409.600  event6   TOUCH_FRAME                  +8.211s	
1787598409.610  event6   TOUCH_MOTION              2  +8.221s	0 (0) 62.00/44.77 (198.50/80.67mm)
1787598409.610  event6   TOUCH_MOTION              3  +8.221s	1 (1) 35.66/62.53 (114.17/112.67mm)
1787598409.610  event6   TOUCH_FRAME                  +8.221s	
1787598409.619  event6   TOUCH_MOTION              2  +8.230s	0 (0) 61.63/45.05 (197.33/81.17mm)
1787598409.619  event6   TOUCH_MOTION              3  +8.230s	1 (1) 35.97/62.35 (115.17/112.33mm)
1787598409.619  event6   TOUCH_FRAME                  +8.230s	
1787598409.628  event6   TOUCH_MOTION              2  +8.239s	0 (0) 61.27/45.33 (196.17/81.67mm)
1787598409.628  event6   TOUCH_MOTION              3  +8.239s	1 (1) 36.34/62.07 (116.33/111.83mm)
1787598409.628  event6   TOUCH_FRAME                  +8.239s	
1787598409.637  event6   TOUCH_MOTION              2  +8.248s	0 (0) 60.91/45.70 (195.00/82.33mm)
1787598409.637  event6   TOUCH_MOTION              3  +8.248s	1 (1) 36.65/61.89 (117.33/111.50mm)
1787598409.637  event6   TOUCH_FRAME                  +8.248s	
1787598409.646  event6   TOUCH_MOTION              2  +8.257s	0 (0) 60.49/45.98 (193.67/82.83mm)
1787598409.646  event6   TOUCH_MOTION              3  +8.257s	1 (1) 37.01/61.61 (118.50/111.00mm)
1787598409.646  event6   TOUCH_FRAME                  +8.257s	
1787598409.655  event6   TOUCH_MOTION              2  +8.266s	0 (0) 60.12/46.25 (192.50/83.33mm)
1787598409.655  event6   TOUCH_MOTION              3  +8.266s	1 (1) 37.32/61.42 (119.50/110.67mm)
1787598409.655  event6   TOUCH_FRAME                  +8.266s	
1787598409.664  event6   TOUCH_MOTION              2  +8.275s	0 (0) 59.76/46.62 (191.33/84.00mm)
1787598409.664  event6   TOUCH_MOTION              3  +8.275s	1 (1) 37.69/61.24 (120.67/110.33mm)
1787598409.664  event6   TOUCH_FRAME                  +8.275s	
1787598409.674  event6   TOUCH_MOTION              2  +8.285s	0 (0) 59.40/46.99 (190.17/84.67mm)
1787598409.674  event6   TOUCH_MOTION              3  +8.285s	1 (1) 38.00/60.96 (121.67/109.83mm)
1787598409.674  event6   TOUCH_FRAME                  +8.285s	
1787598409.683  event6   TOUCH_MOTION              2  +8.294s	0 (0) 59.08/47.27 (189.17/85.17mm)
1787598409.683  event6   TOUCH_MOTION              3  +8.294s	1 (1) 38.37/60.78 (122.83/109.50mm)
1787598409.683  event6   TOUCH_FRAME                  +8.294s	
1787598409.693  event6   TOUCH_MOTION              2  +8.303s	0 (0) 58.77/47.64 (188.17/85.83mm)
1787598409.693  event6   TOUCH_MOTION              3  +8.303s	1 (1) 38.73/60.50 (124.00/109.00mm)
1787598409.693  event6   TOUCH_FRAME                  +8.303s	
1787598409.701  event6   TOUCH_MOTION              2  +8.312s	0 (0) 58.41/47.92 (187.00/86.33mm)
1787598409.702  event6   TOUCH_MOTION              3  +8.312s	1 (1) 39.09/60.31 (125.17/108.67mm)
1787598409.702  event6   TOUCH_FRAME                  +8.312s	
1787598409.710  event6   TOUCH_MOTION              2  +8.321s	0 (0) 58.09/48.10 (186.00/86.67mm)
1787598409.711  event6   TOUCH_MOTION              3  +8.321s	1 (1) 39.46/60.13 (126.33/108.33mm)
1787598409.711  event6   TOUCH_FRAME                  +8.321s	
1787598409.720  event6   TOUCH_MOTION              2  +8.330s	0 (0) 57.78/48.38 (185.00/87.17mm)
1787598409.720  event6   TOUCH_MOTION              3  +8.330s	1 (1) 39.77/59.85 (127.33/107.83mm)
1787598409.720  event6   TOUCH_FRAME                  +8.330s	
1787598409.729  event6   TOUCH_MOTION              2  +8.339s	0 (0) 57.47/48.66 (184.00/87.67mm)
1787598409.729  event6   TOUCH_MOTION              3  +8.339s	1 (1) 40.14/59.67 (128.50/107.50mm)
1787598409.729  event6   TOUCH_FRAME                  +8.339s	
1787598409.738  event6   TOUCH_MOTION              2  +8.348s	0 (0) 57.11/48.94 (182.83/88.17mm)
1787598409.738  event6   TOUCH_MOTION              3  +8.348s	1 (1) 40.50/59.39 (129.67/107.00mm)
1787598409.738  event6   TOUCH_FRAME                  +8.348s	
1787598409.747  event6   TOUCH_MOTION              2  +8.358s	0 (0) 56.79/49.31 (181.83/88.83mm)
1787598409.748  event6   TOUCH_MOTION              3  +8.358s	1 (1) 40.81/59.20 (130.67/106.67mm)
1787598409.748  event6   TOUCH_FRAME                  +8.358s	
1787598409.757  event6   TOUCH_MOTION              2  +8.367s	0 (0) 56.48/49.58 (180.83/89.33mm)
1787598409.757  event6   TOUCH_MOTION              3  +8.367s	1 (1) 41.12/59.02 (131.67/106.33mm)
1787598409.757  event6   TOUCH_FRAME                  +8.367s	
1787598409.765  event6   TOUCH_MOTION              2  +8.376s	0 (0) 56.22/49.95 (180.00/90.00mm)
1787598409.765  event6   TOUCH_MOTION              3  +8.376s	1 (1) 41.49/58.74 (132.83/105.83mm)
1787598409.765  event6   TOUCH_FRAME                  +8.376s	
1787598409.775  event6   TOUCH_MOTION              2  +8.385s	0 (0) 55.91/50.23 (179.00/90.50mm)
1787598409.775  event6   TOUCH_MOTION              3  +8.385s	1 (1) 41.85/58.65 (134.00/105.67mm)
1787598409.775  event6   TOUCH_FRAME                  +8.385s	
1787598409.783  event6   TOUCH_MOTION              2  +8.394s	0 (0) 55.54/50.51 (177.83/91.00mm)
1787598409.784  event6   TOUCH_MOTION              3  +8.394s	1 (1) 42.17/58.46 (135.00/105.33mm)
1787598409.784  event6   TOUCH_FRAME                  +8.394s	
1787598409.793  event6   TOUCH_MOTION              2  +8.403s	0 (0) 55.28/50.79 (177.00/91.50mm)
1787598409.793  event6   TOUCH_MOTION              3  +8.403s	1 (1) 42.53/58.28 (136.17/105.00mm)
1787598409.793  event6   TOUCH_FRAME                  +8.403s	
1787598409.801  event6   TOUCH_MOTION              2  +8.412s	0 (0) 54.97/51.06 (176.00/92.00mm)
1787598409.801  event6   TOUCH_MOTION              3  +8.412s	1 (1) 42.89/58.19 (137.33/104.83mm)
1787598409.802  event6   TOUCH_FRAME                  +8.412s	
1787598409.811  event6   TOUCH_MOTION              2  +8.422s	0 (0) 54.66/51.43 (175.00/92.67mm)
1787598409.811  event6   TOUCH_MOTION              3  +8.422s	1 (1) 43.26/58.00 (138.50/104.50mm)
1787598409.811  event6   TOUCH_FRAME                  +8.422s	
1787598409.821  event6   TOUCH_MOTION              2  +8.431s	0 (0) 54.40/51.71 (174.17/93.17mm)
1787598409.821  event6   TOUCH_MOTION              3  +8.431s	1 (1) 43.68/57.91 (139.83/104.33mm)
1787598409.821  event6   TOUCH_FRAME                  +8.431s	
1787598409.830  event6   TOUCH_MOTION              2  +8.440s	0 (0) 54.19/51.99 (173.50/93.67mm)
1787598409.830  event6   TOUCH_MOTION              3  +8.440s	1 (1) 43.99/57.82 (140.83/104.17mm)
1787598409.830  event6   TOUCH_FRAME                  +8.440s	
1787598409.839  event6   TOUCH_MOTION              2  +8.449s	0 (0) 53.88/52.27 (172.50/94.17mm)
1787598409.839  event6   TOUCH_MOTION              3  +8.449s	1 (1) 44.35/57.63 (142.00/103.83mm)
1787598409.839  event6   TOUCH_FRAME                  +8.449s	
1787598409.848  event6   TOUCH_MOTION              2  +8.458s	0 (0) 53.62/52.54 (171.67/94.67mm)
1787598409.848  event6   TOUCH_MOTION              3  +8.458s	1 (1) 44.66/57.45 (143.00/103.50mm)
1787598409.848  event6   TOUCH_FRAME                  +8.458s	
1787598409.857  event6   TOUCH_MOTION              2  +8.467s	0 (0) 53.36/52.91 (170.83/95.33mm)
1787598409.857  event6   TOUCH_MOTION              3  +8.467s	1 (1) 44.98/57.35 (144.00/103.33mm)
1787598409.857  event6   TOUCH_FRAME                  +8.467s	
1787598409.866  event6   TOUCH_MOTION              2  +8.476s	0 (0) 53.15/53.10 (170.17/95.67mm)
1787598409.866  event6   TOUCH_MOTION              3  +8.476s	1 (1) 45.29/57.26 (145.00/103.17mm)
1787598409.866  event6   TOUCH_FRAME                  +8.476s	
1787598409.875  event6   TOUCH_MOTION              2  +8.485s	0 (0) 52.94/53.28 (169.50/96.00mm)
1787598409.875  event6   TOUCH_MOTION              3  +8.485s	1 (1) 45.55/57.17 (145.83/103.00mm)
1787598409.875  event6   TOUCH_FRAME                  +8.485s	
1787598409.884  event6   TOUCH_MOTION              2  +8.495s	0 (0) 52.73/53.56 (168.83/96.50mm)
1787598409.885  event6   TOUCH_MOTION              3  +8.495s	1 (1) 45.86/57.08 (146.83/102.83mm)
1787598409.885  event6   TOUCH_FRAME                  +8.495s	
1787598409.893  event6   TOUCH_MOTION              2  +8.504s	0 (0) 52.52/53.75 (168.17/96.83mm)
1787598409.894  event6   TOUCH_MOTION              3  +8.504s	1 (1) 46.17/57.08 (147.83/102.83mm)
1787598409.894  event6   TOUCH_FRAME                  +8.504s	
1787598409.902  event6   TOUCH_MOTION              2  +8.513s	0 (0) 52.37/53.93 (167.67/97.17mm)
1787598409.903  event6   TOUCH_MOTION              3  +8.513s	1 (1) 46.38/56.98 (148.50/102.67mm)
1787598409.903  event6   TOUCH_FRAME                  +8.513s	
1787598409.911  event6   TOUCH_MOTION              2  +8.522s	0 (0) 52.21/54.12 (167.17/97.50mm)
1787598409.911  event6   TOUCH_MOTION              3  +8.522s	1 (1) 46.59/56.89 (149.17/102.50mm)
1787598409.912  event6   TOUCH_FRAME                  +8.522s	
1787598409.921  event6   TOUCH_MOTION              2  +8.531s	0 (0) 52.11/54.21 (166.83/97.67mm)
1787598409.921  event6   TOUCH_MOTION              3  +8.531s	1 (1) 46.75/56.80 (149.67/102.33mm)
1787598409.921  event6   TOUCH_FRAME                  +8.531s	
1787598409.930  event6   TOUCH_MOTION              2  +8.540s	0 (0) 52.06/54.30 (166.67/97.83mm)
1787598409.930  event6   TOUCH_MOTION              3  +8.540s	1 (1) 46.85/56.80 (150.00/102.33mm)
1787598409.930  event6   TOUCH_FRAME                  +8.540s	
1787598409.939  event6   TOUCH_MOTION              2  +8.549s	0 (0) 52.00/54.49 (166.50/98.17mm)
1787598409.939  event6   TOUCH_MOTION              3  +8.549s	1 (1) 47.01/56.80 (150.50/102.33mm)
1787598409.939  event6   TOUCH_FRAME                  +8.549s	
1787598409.948  event6   TOUCH_MOTION              2  +8.559s	0 (0) 51.95/54.49 (166.33/98.17mm)
1787598409.949  event6   TOUCH_MOTION              3  +8.559s	1 (1) 47.06/56.71 (150.67/102.17mm)
1787598409.949  event6   TOUCH_FRAME                  +8.559s	
1787598409.957  event6   TOUCH_MOTION              2  +8.568s	1 (1) 47.16/56.71 (151.00/102.17mm)
1787598409.958  event6   TOUCH_FRAME                  +8.568s	
1787598409.966  event6   TOUCH_MOTION              2  +8.577s	1 (1) 47.21/56.71 (151.17/102.17mm)
1787598409.966  event6   TOUCH_FRAME                  +8.577s	
1787598409.976  event6   TOUCH_MOTION              2  +8.586s	0 (0) 51.95/54.58 (166.33/98.33mm)
1787598409.976  event6   TOUCH_MOTION              3  +8.586s	1 (1) 47.27/56.71 (151.33/102.17mm)
1787598409.976  event6   TOUCH_FRAME                  +8.586s	
1787598409.985  event6   TOUCH_MOTION              2  +8.595s	0 (0) 51.95/54.67 (166.33/98.50mm)
1787598409.985  event6   TOUCH_FRAME                  +8.595s	
1787598409.994  event6   TOUCH_MOTION              2  +8.604s	1 (1) 47.32/56.61 (151.50/102.00mm)
1787598409.994  event6   TOUCH_FRAME                  +8.604s	
1787598410.003  event6   TOUCH_MOTION              2  +8.613s	1 (1) 47.37/56.61 (151.67/102.00mm)
1787598410.003  event6   TOUCH_FRAME                  +8.613s	
1787598410.011  event6   TOUCH_MOTION              2  +8.622s	1 (1) 47.42/56.61 (151.83/102.00mm)
1787598410.012  event6   TOUCH_FRAME                  +8.622s	
1787598410.022  event6   TOUCH_MOTION              2  +8.632s	1 (1) 47.48/56.61 (152.00/102.00mm)
1787598410.022  event6   TOUCH_FRAME                  +8.632s	
1787598410.040  event6   TOUCH_MOTION              2  +8.650s	1 (1) 47.48/56.52 (152.00/101.83mm)
1787598410.040  event6   TOUCH_FRAME                  +8.650s	
1787598410.185  event6   TOUCH_MOTION              2  +8.796s	0 (0) 51.95/54.58 (166.33/98.33mm)
1787598410.186  event6   TOUCH_FRAME                  +8.796s	
1787598410.258  event6   TOUCH_MOTION              2  +8.869s	0 (0) 51.95/54.49 (166.33/98.17mm)
1787598410.258  event6   TOUCH_FRAME                  +8.869s	
1787598410.285  event6   TOUCH_MOTION              2  +8.896s	0 (0) 52.00/54.39 (166.50/98.00mm)
1787598410.285  event6   TOUCH_FRAME                  +8.896s	
1787598410.294  event6   TOUCH_MOTION              2  +8.905s	0 (0) 52.06/54.30 (166.67/97.83mm)
1787598410.294  event6   TOUCH_FRAME                  +8.905s	
1787598410.303  event6   TOUCH_MOTION              2  +8.914s	0 (0) 52.06/54.21 (166.67/97.67mm)
1787598410.303  event6   TOUCH_FRAME                  +8.914s	
1787598410.324  event6   TOUCH_UP                     +8.935s	1 (1)
1787598410.324  event6   TOUCH_FRAME                  +8.935s	
1787598410.352  event6   TOUCH_UP                     +8.963s	0 (0)
1787598410.352  event6   TOUCH_FRAME                  +8.963s	
1787598411.149  event6   TOUCH_DOWN                   +9.758s	0 (0) 50.18/31.17 (160.67/56.17mm)
1787598411.149  event6   TOUCH_FRAME                  +9.758s	
1787598411.175  event6   TOUCH_MOTION                 +9.785s	0 (0) 50.03/32.10 (160.17/57.83mm)
1787598411.175  event6   TOUCH_FRAME                  +9.785s	
1787598411.184  event6   TOUCH_MOTION              2  +9.794s	0 (0) 49.97/32.56 (160.00/58.67mm)
1787598411.184  event6   TOUCH_FRAME                  +9.794s	
1787598411.193  event6   TOUCH_MOTION              2  +9.803s	0 (0) 49.82/33.30 (159.50/60.00mm)
1787598411.193  event6   TOUCH_FRAME                  +9.803s	
1787598411.203  event6   TOUCH_MOTION              2  +9.813s	0 (0) 49.71/33.95 (159.17/61.17mm)
1787598411.203  event6   TOUCH_FRAME                  +9.813s	
1787598411.212  event6   TOUCH_MOTION              2  +9.822s	0 (0) 49.61/34.78 (158.83/62.67mm)
1787598411.212  event6   TOUCH_FRAME                  +9.822s	
1787598411.221  event6   TOUCH_MOTION              2  +9.831s	0 (0) 49.51/35.52 (158.50/64.00mm)
1787598411.221  event6   TOUCH_FRAME                  +9.831s	
1787598411.230  event6   TOUCH_MOTION              2  +9.840s	0 (0) 49.45/36.36 (158.33/65.50mm)
1787598411.230  event6   TOUCH_FRAME                  +9.840s	
1787598411.239  event6   TOUCH_MOTION              2  +9.849s	0 (0) 49.35/37.19 (158.00/67.00mm)
1787598411.239  event6   TOUCH_FRAME                  +9.849s	
1787598411.248  event6   TOUCH_MOTION              2  +9.858s	0 (0) 49.30/38.11 (157.83/68.67mm)
1787598411.248  event6   TOUCH_FRAME                  +9.858s	
1787598411.257  event6   TOUCH_MOTION              2  +9.867s	0 (0) 49.25/38.95 (157.67/70.17mm)
1787598411.257  event6   TOUCH_FRAME                  +9.867s	
1787598411.267  event6   TOUCH_MOTION              2  +9.877s	0 (0) 49.19/39.87 (157.50/71.83mm)
1787598411.267  event6   TOUCH_FRAME                  +9.877s	
1787598411.276  event6   TOUCH_MOTION              2  +9.886s	0 (0) 49.14/40.80 (157.33/73.50mm)
1787598411.276  event6   TOUCH_FRAME                  +9.886s	
1787598411.285  event6   TOUCH_MOTION              2  +9.895s	0 (0) 49.09/41.81 (157.17/75.33mm)
1787598411.285  event6   TOUCH_FRAME                  +9.895s	
1787598411.294  event6   TOUCH_MOTION              2  +9.904s	0 (0) 49.04/42.83 (157.00/77.17mm)
1787598411.294  event6   TOUCH_FRAME                  +9.904s	
1787598411.303  event6   TOUCH_MOTION              2  +9.913s	0 (0) 49.04/43.85 (157.00/79.00mm)
1787598411.303  event6   TOUCH_FRAME                  +9.913s	
1787598411.312  event6   TOUCH_MOTION              2  +9.922s	0 (0) 48.98/44.96 (156.83/81.00mm)
1787598411.312  event6   TOUCH_FRAME                  +9.922s	
1787598411.321  event6   TOUCH_MOTION              2  +9.931s	0 (0) 48.93/46.16 (156.67/83.17mm)
1787598411.321  event6   TOUCH_FRAME                  +9.931s	
1787598411.330  event6   TOUCH_MOTION              2  +9.940s	0 (0) 48.88/47.27 (156.50/85.17mm)
1787598411.330  event6   TOUCH_FRAME                  +9.940s	
1787598411.340  event6   TOUCH_MOTION              2  +9.950s	0 (0) 48.83/48.38 (156.33/87.17mm)
1787598411.340  event6   TOUCH_FRAME                  +9.950s	
1787598411.349  event6   TOUCH_MOTION              2  +9.959s	0 (0) 48.83/49.49 (156.33/89.17mm)
1787598411.349  event6   TOUCH_FRAME                  +9.959s	
1787598411.358  event6   TOUCH_MOTION              2  +9.968s	0 (0) 48.78/50.69 (156.17/91.33mm)
1787598411.358  event6   TOUCH_FRAME                  +9.968s	
1787598411.366  event6   TOUCH_MOTION              2  +9.977s	0 (0) 48.72/51.80 (156.00/93.33mm)
1787598411.366  event6   TOUCH_FRAME                  +9.977s	
1787598411.376  event6   TOUCH_MOTION              2  +9.986s	0 (0) 48.67/53.01 (155.83/95.50mm)
1787598411.376  event6   TOUCH_FRAME                  +9.986s	
1787598411.384  event6   TOUCH_MOTION              2  +9.995s	0 (0) 48.62/54.21 (155.67/97.67mm)
1787598411.385  event6   TOUCH_FRAME                  +9.995s	
1787598411.393  event6   TOUCH_MOTION              2  +10.004s	0 (0) 48.62/55.50 (155.67/100.00mm)
1787598411.394  event6   TOUCH_FRAME                  +10.004s	
1787598411.403  event6   TOUCH_MOTION              2  +10.013s	0 (0) 48.57/56.71 (155.50/102.17mm)
1787598411.403  event6   TOUCH_FRAME                  +10.013s	
1787598411.413  event6   TOUCH_MOTION              2  +10.023s	0 (0) 48.52/58.00 (155.33/104.50mm)
1787598411.413  event6   TOUCH_FRAME                  +10.023s	
1787598411.422  event6   TOUCH_MOTION              2  +10.032s	0 (0) 48.46/59.30 (155.17/106.83mm)
1787598411.422  event6   TOUCH_FRAME                  +10.032s	
1787598411.430  event6   TOUCH_MOTION              2  +10.041s	0 (0) 48.41/60.50 (155.00/109.00mm)
1787598411.431  event6   TOUCH_FRAME                  +10.041s	
1787598411.440  event6   TOUCH_MOTION              2  +10.050s	0 (0) 48.36/61.70 (154.83/111.17mm)
1787598411.440  event6   TOUCH_FRAME                  +10.050s	
1787598411.449  event6   TOUCH_MOTION              2  +10.059s	0 (0) 48.26/62.90 (154.50/113.33mm)
1787598411.449  event6   TOUCH_FRAME                  +10.059s	
1787598411.458  event6   TOUCH_MOTION              2  +10.068s	0 (0) 48.15/64.11 (154.17/115.50mm)
1787598411.458  event6   TOUCH_FRAME                  +10.068s	
1787598411.466  event6   TOUCH_MOTION              2  +10.077s	0 (0) 48.15/65.22 (154.17/117.50mm)
1787598411.467  event6   TOUCH_FRAME                  +10.077s	
1787598411.476  event6   TOUCH_MOTION              2  +10.087s	0 (0) 48.10/66.33 (154.00/119.50mm)
1787598411.477  event6   TOUCH_FRAME                  +10.087s	
1787598411.485  event6   TOUCH_MOTION              2  +10.096s	0 (0) 48.05/67.35 (153.83/121.33mm)
1787598411.485  event6   TOUCH_FRAME                  +10.096s	
1787598411.494  event6   TOUCH_MOTION              2  +10.105s	0 (0) 48.00/68.36 (153.67/123.17mm)
1787598411.494  event6   TOUCH_FRAME                  +10.105s	
1787598411.503  event6   TOUCH_MOTION              2  +10.114s	0 (0) 47.94/69.29 (153.50/124.83mm)
1787598411.503  event6   TOUCH_FRAME                  +10.114s	
1787598411.512  event6   TOUCH_MOTION              2  +10.123s	0 (0) 47.94/70.21 (153.50/126.50mm)
1787598411.512  event6   TOUCH_FRAME                  +10.123s	
1787598411.521  event6   TOUCH_MOTION              2  +10.132s	0 (0) 47.94/71.05 (153.50/128.00mm)
1787598411.521  event6   TOUCH_FRAME                  +10.132s	
1787598411.530  event6   TOUCH_MOTION              2  +10.141s	0 (0) 47.94/71.88 (153.50/129.50mm)
1787598411.530  event6   TOUCH_FRAME                  +10.141s	
1787598411.539  event6   TOUCH_MOTION              2  +10.150s	0 (0) 47.89/72.62 (153.33/130.83mm)
1787598411.539  event6   TOUCH_FRAME                  +10.150s	
1787598411.549  event6   TOUCH_MOTION              2  +10.160s	0 (0) 47.84/73.45 (153.17/132.33mm)
1787598411.549  event6   TOUCH_FRAME                  +10.160s	
1787598411.559  event6   TOUCH_MOTION              2  +10.169s	0 (0) 47.79/74.28 (153.00/133.83mm)
1787598411.559  event6   TOUCH_FRAME                  +10.169s	
1787598411.567  event6   TOUCH_MOTION              2  +10.178s	0 (0) 47.74/75.12 (152.83/135.33mm)
1787598411.567  event6   TOUCH_FRAME                  +10.178s	
1787598411.576  event6   TOUCH_MOTION              2  +10.187s	0 (0) 47.74/75.95 (152.83/136.83mm)
1787598411.576  event6   TOUCH_FRAME                  +10.187s	
1787598411.585  event6   TOUCH_MOTION              2  +10.196s	0 (0) 47.68/76.69 (152.67/138.17mm)
1787598411.585  event6   TOUCH_FRAME                  +10.196s	
1787598411.594  event6   TOUCH_MOTION              2  +10.205s	0 (0) 47.63/77.52 (152.50/139.67mm)
1787598411.594  event6   TOUCH_FRAME                  +10.205s	
1787598411.603  event6   TOUCH_MOTION              2  +10.214s	0 (0) 47.58/78.26 (152.33/141.00mm)
1787598411.603  event6   TOUCH_FRAME                  +10.214s	
1787598411.613  event6   TOUCH_MOTION              2  +10.224s	0 (0) 47.53/79.00 (152.17/142.33mm)
1787598411.613  event6   TOUCH_FRAME                  +10.224s	
1787598411.622  event6   TOUCH_MOTION              2  +10.233s	0 (0) 47.48/79.74 (152.00/143.67mm)
1787598411.622  event6   TOUCH_FRAME                  +10.233s	
1787598411.631  event6   TOUCH_MOTION              2  +10.242s	0 (0) 47.48/80.39 (152.00/144.83mm)
1787598411.631  event6   TOUCH_FRAME                  +10.242s	
1787598411.640  event6   TOUCH_MOTION              2  +10.251s	0 (0) 47.42/80.94 (151.83/145.83mm)
1787598411.640  event6   TOUCH_FRAME                  +10.251s	
1787598411.649  event6   TOUCH_MOTION              2  +10.260s	0 (0) 47.37/81.50 (151.67/146.83mm)
1787598411.649  event6   TOUCH_FRAME                  +10.260s	
1787598411.658  event6   TOUCH_MOTION              2  +10.269s	0 (0) 47.32/81.96 (151.50/147.67mm)
1787598411.658  event6   TOUCH_FRAME                  +10.269s	
1787598411.667  event6   TOUCH_MOTION              2  +10.278s	0 (0) 47.27/82.33 (151.33/148.33mm)
1787598411.667  event6   TOUCH_FRAME                  +10.278s	
1787598411.676  event6   TOUCH_MOTION              2  +10.287s	0 (0) 47.27/82.61 (151.33/148.83mm)
1787598411.676  event6   TOUCH_FRAME                  +10.287s	
1787598411.686  event6   TOUCH_MOTION              2  +10.297s	0 (0) 47.21/82.79 (151.17/149.17mm)
1787598411.686  event6   TOUCH_FRAME                  +10.297s	
1787598411.695  event6   TOUCH_MOTION              2  +10.306s	0 (0) 47.16/83.07 (151.00/149.67mm)
1787598411.695  event6   TOUCH_FRAME                  +10.306s	
1787598411.704  event6   TOUCH_MOTION              2  +10.315s	0 (0) 47.11/83.26 (150.83/150.00mm)
1787598411.705  event6   TOUCH_FRAME                  +10.315s	
1787598411.713  event6   TOUCH_MOTION              2  +10.324s	0 (0) 47.06/83.35 (150.67/150.17mm)
1787598411.713  event6   TOUCH_FRAME                  +10.324s	
1787598411.722  event6   TOUCH_MOTION              2  +10.333s	0 (0) 47.06/83.44 (150.67/150.33mm)
1787598411.722  event6   TOUCH_FRAME                  +10.333s	
1787598411.731  event6   TOUCH_MOTION              2  +10.342s	0 (0) 47.06/83.53 (150.67/150.50mm)
1787598411.731  event6   TOUCH_FRAME                  +10.342s	
1787598411.741  event6   TOUCH_MOTION              2  +10.351s	0 (0) 47.06/83.63 (150.67/150.67mm)
1787598411.741  event6   TOUCH_FRAME                  +10.351s	
1787598411.749  event6   TOUCH_MOTION              2  +10.360s	0 (0) 47.01/83.63 (150.50/150.67mm)
1787598411.750  event6   TOUCH_FRAME                  +10.360s	
1787598411.760  event6   TOUCH_MOTION              2  +10.370s	0 (0) 46.95/83.63 (150.33/150.67mm)
1787598411.760  event6   TOUCH_FRAME                  +10.370s	
1787598411.769  event6   TOUCH_MOTION              2  +10.379s	0 (0) 46.90/83.53 (150.17/150.50mm)
1787598411.769  event6   TOUCH_FRAME                  +10.379s	
1787598411.777  event6   TOUCH_MOTION              2  +10.388s	0 (0) 46.90/83.35 (150.17/150.17mm)
1787598411.778  event6   TOUCH_FRAME                  +10.388s	
1787598411.787  event6   TOUCH_MOTION              2  +10.397s	0 (0) 46.90/83.07 (150.17/149.67mm)
1787598411.787  event6   TOUCH_FRAME                  +10.397s	
1787598411.795  event6   TOUCH_MOTION              2  +10.406s	0 (0) 46.90/82.70 (150.17/149.00mm)
1787598411.796  event6   TOUCH_FRAME                  +10.406s	
1787598411.805  event6   TOUCH_MOTION              2  +10.415s	0 (0) 46.90/82.33 (150.17/148.33mm)
1787598411.805  event6   TOUCH_FRAME                  +10.415s	
1787598411.814  event6   TOUCH_MOTION              2  +10.424s	0 (0) 46.90/81.78 (150.17/147.33mm)
1787598411.814  event6   TOUCH_FRAME                  +10.424s	
1787598411.824  event6   TOUCH_MOTION              2  +10.434s	0 (0) 46.90/81.22 (150.17/146.33mm)
1787598411.824  event6   TOUCH_FRAME                  +10.434s	
1787598411.833  event6   TOUCH_MOTION              2  +10.443s	0 (0) 46.90/80.57 (150.17/145.17mm)
1787598411.833  event6   TOUCH_FRAME                  +10.443s	
1787598411.842  event6   TOUCH_MOTION              2  +10.452s	0 (0) 46.90/79.83 (150.17/143.83mm)
1787598411.842  event6   TOUCH_FRAME                  +10.452s	
1787598411.851  event6   TOUCH_MOTION              2  +10.461s	0 (0) 46.90/79.00 (150.17/142.33mm)
1787598411.851  event6   TOUCH_FRAME                  +10.461s	
1787598411.860  event6   TOUCH_MOTION              2  +10.470s	0 (0) 46.90/78.08 (150.17/140.67mm)
1787598411.860  event6   TOUCH_FRAME                  +10.470s	
1787598411.869  event6   TOUCH_MOTION              2  +10.479s	0 (0) 46.90/77.15 (150.17/139.00mm)
1787598411.869  event6   TOUCH_FRAME                  +10.479s	
1787598411.878  event6   TOUCH_MOTION              2  +10.488s	0 (0) 46.90/76.04 (150.17/137.00mm)
1787598411.878  event6   TOUCH_FRAME                  +10.488s	
1787598411.887  event6   TOUCH_MOTION              2  +10.497s	0 (0) 46.90/75.02 (150.17/135.17mm)
1787598411.887  event6   TOUCH_FRAME                  +10.497s	
1787598411.897  event6   TOUCH_MOTION              2  +10.507s	0 (0) 46.90/73.91 (150.17/133.17mm)
1787598411.897  event6   TOUCH_FRAME                  +10.507s	
1787598411.905  event6   TOUCH_MOTION              2  +10.516s	0 (0) 46.90/72.80 (150.17/131.17mm)
1787598411.906  event6   TOUCH_FRAME                  +10.516s	
1787598411.914  event6   TOUCH_MOTION              2  +10.525s	0 (0) 46.95/71.69 (150.33/129.17mm)
1787598411.914  event6   TOUCH_FRAME                  +10.525s	
1787598411.923  event6   TOUCH_MOTION              2  +10.534s	0 (0) 46.95/70.58 (150.33/127.17mm)
1787598411.924  event6   TOUCH_FRAME                  +10.534s	
1787598411.933  event6   TOUCH_MOTION              2  +10.543s	0 (0) 47.01/69.47 (150.50/125.17mm)
1787598411.933  event6   TOUCH_FRAME                  +10.543s	
1787598411.942  event6   TOUCH_MOTION              2  +10.552s	0 (0) 47.06/68.36 (150.67/123.17mm)
1787598411.942  event6   TOUCH_FRAME                  +10.552s	
1787598411.951  event6   TOUCH_MOTION              2  +10.561s	0 (0) 47.06/67.25 (150.67/121.17mm)
1787598411.951  event6   TOUCH_FRAME                  +10.561s	
1787598411.960  event6   TOUCH_MOTION              2  +10.571s	0 (0) 47.11/66.05 (150.83/119.00mm)
1787598411.961  event6   TOUCH_FRAME                  +10.571s	
1787598411.970  event6   TOUCH_MOTION              2  +10.580s	0 (0) 47.21/64.75 (151.17/116.67mm)
1787598411.970  event6   TOUCH_FRAME                  +10.580s	
1787598411.979  event6   TOUCH_MOTION              2  +10.589s	0 (0) 47.27/63.55 (151.33/114.50mm)
1787598411.979  event6   TOUCH_FRAME                  +10.589s	
1787598411.988  event6   TOUCH_MOTION              2  +10.598s	0 (0) 47.37/62.26 (151.67/112.17mm)
1787598411.988  event6   TOUCH_FRAME                  +10.598s	
1787598411.997  event6   TOUCH_MOTION              2  +10.607s	0 (0) 47.48/61.05 (152.00/110.00mm)
1787598411.997  event6   TOUCH_FRAME                  +10.607s	
1787598412.006  event6   TOUCH_MOTION              2  +10.616s	0 (0) 47.53/59.94 (152.17/108.00mm)
1787598412.006  event6   TOUCH_FRAME                  +10.616s	
1787598412.015  event6   TOUCH_MOTION              2  +10.625s	0 (0) 47.63/58.93 (152.50/106.17mm)
1787598412.015  event6   TOUCH_FRAME                  +10.625s	
1787598412.024  event6   TOUCH_MOTION              2  +10.634s	0 (0) 47.74/58.00 (152.83/104.50mm)
1787598412.024  event6   TOUCH_FRAME                  +10.634s	
1787598412.034  event6   TOUCH_MOTION              2  +10.644s	0 (0) 47.74/57.17 (152.83/103.00mm)
1787598412.034  event6   TOUCH_FRAME                  +10.644s	
1787598412.043  event6   TOUCH_MOTION              2  +10.653s	0 (0) 47.79/56.43 (153.00/101.67mm)
1787598412.043  event6   TOUCH_FRAME                  +10.653s	
1787598412.051  event6   TOUCH_MOTION              2  +10.662s	0 (0) 47.84/55.87 (153.17/100.67mm)
1787598412.051  event6   TOUCH_FRAME                  +10.662s	
1787598412.061  event6   TOUCH_MOTION              2  +10.671s	0 (0) 47.89/55.32 (153.33/99.67mm)
1787598412.061  event6   TOUCH_FRAME                  +10.671s	
1787598412.070  event6   TOUCH_MOTION              2  +10.680s	0 (0) 47.94/54.86 (153.50/98.83mm)
1787598412.070  event6   TOUCH_FRAME                  +10.680s	
1787598412.078  event6   TOUCH_MOTION              2  +10.689s	0 (0) 47.94/54.49 (153.50/98.17mm)
1787598412.079  event6   TOUCH_FRAME                  +10.689s	
1787598412.088  event6   TOUCH_MOTION              2  +10.698s	0 (0) 47.94/54.21 (153.50/97.67mm)
1787598412.088  event6   TOUCH_FRAME                  +10.698s	
1787598412.097  event6   TOUCH_MOTION              2  +10.708s	0 (0) 47.94/53.93 (153.50/97.17mm)
1787598412.098  event6   TOUCH_FRAME                  +10.708s	
1787598412.107  event6   TOUCH_MOTION              2  +10.717s	0 (0) 47.94/53.65 (153.50/96.67mm)
1787598412.107  event6   TOUCH_FRAME                  +10.717s	
1787598412.116  event6   TOUCH_MOTION              2  +10.726s	0 (0) 47.94/53.56 (153.50/96.50mm)
1787598412.116  event6   TOUCH_FRAME                  +10.726s	
1787598412.125  event6   TOUCH_MOTION              2  +10.735s	0 (0) 47.94/53.38 (153.50/96.17mm)
1787598412.125  event6   TOUCH_FRAME                  +10.735s	
1787598412.134  event6   TOUCH_MOTION              2  +10.744s	0 (0) 47.94/53.28 (153.50/96.00mm)
1787598412.134  event6   TOUCH_FRAME                  +10.744s	
1787598412.160  event6   TOUCH_MOTION              2  +10.771s	0 (0) 47.94/53.38 (153.50/96.17mm)
1787598412.160  event6   TOUCH_FRAME                  +10.771s	
1787598412.170  event6   TOUCH_MOTION              2  +10.781s	0 (0) 47.89/53.56 (153.33/96.50mm)
1787598412.170  event6   TOUCH_FRAME                  +10.781s	
1787598412.179  event6   TOUCH_MOTION              2  +10.790s	0 (0) 47.84/53.75 (153.17/96.83mm)
1787598412.179  event6   TOUCH_FRAME                  +10.790s	
1787598412.188  event6   TOUCH_MOTION              2  +10.799s	0 (0) 47.79/54.12 (153.00/97.50mm)
1787598412.188  event6   TOUCH_FRAME                  +10.799s	
1787598412.197  event6   TOUCH_MOTION              2  +10.808s	0 (0) 47.74/54.49 (152.83/98.17mm)
1787598412.197  event6   TOUCH_FRAME                  +10.808s	
1787598412.206  event6   TOUCH_MOTION              2  +10.817s	0 (0) 47.74/54.86 (152.83/98.83mm)
1787598412.206  event6   TOUCH_FRAME                  +10.817s	
1787598412.215  event6   TOUCH_MOTION              2  +10.826s	0 (0) 47.68/55.41 (152.67/99.83mm)
1787598412.216  event6   TOUCH_FRAME                  +10.826s	
1787598412.224  event6   TOUCH_MOTION              2  +10.835s	0 (0) 47.58/55.97 (152.33/100.83mm)
1787598412.224  event6   TOUCH_FRAME                  +10.835s	
1787598412.233  event6   TOUCH_MOTION              2  +10.844s	0 (0) 47.53/56.61 (152.17/102.00mm)
1787598412.233  event6   TOUCH_FRAME                  +10.844s	
1787598412.243  event6   TOUCH_MOTION              2  +10.854s	0 (0) 47.48/57.35 (152.00/103.33mm)
1787598412.243  event6   TOUCH_FRAME                  +10.854s	
1787598412.252  event6   TOUCH_MOTION              2  +10.863s	0 (0) 47.37/58.09 (151.67/104.67mm)
1787598412.252  event6   TOUCH_FRAME                  +10.863s	
1787598412.261  event6   TOUCH_MOTION              2  +10.872s	0 (0) 47.27/58.93 (151.33/106.17mm)
1787598412.261  event6   TOUCH_FRAME                  +10.872s	
1787598412.270  event6   TOUCH_MOTION              2  +10.881s	0 (0) 47.21/59.76 (151.17/107.67mm)
1787598412.270  event6   TOUCH_FRAME                  +10.881s	
1787598412.279  event6   TOUCH_MOTION              2  +10.890s	0 (0) 47.11/60.50 (150.83/109.00mm)
1787598412.279  event6   TOUCH_FRAME                  +10.890s	
1787598412.288  event6   TOUCH_MOTION              2  +10.899s	0 (0) 47.06/61.33 (150.67/110.50mm)
1787598412.288  event6   TOUCH_FRAME                  +10.899s	
1787598412.297  event6   TOUCH_MOTION              2  +10.908s	0 (0) 46.95/62.16 (150.33/112.00mm)
1787598412.297  event6   TOUCH_FRAME                  +10.908s	
1787598412.307  event6   TOUCH_MOTION              2  +10.918s	0 (0) 46.85/62.90 (150.00/113.33mm)
1787598412.308  event6   TOUCH_FRAME                  +10.918s	
1787598412.317  event6   TOUCH_MOTION              2  +10.927s	0 (0) 46.80/63.55 (149.83/114.50mm)
1787598412.317  event6   TOUCH_FRAME                  +10.927s	
1787598412.326  event6   TOUCH_MOTION              2  +10.936s	0 (0) 46.75/64.20 (149.67/115.67mm)
1787598412.326  event6   TOUCH_FRAME                  +10.936s	
1787598412.335  event6   TOUCH_MOTION              2  +10.945s	0 (0) 46.69/64.66 (149.50/116.50mm)
1787598412.335  event6   TOUCH_FRAME                  +10.945s	
1787598412.344  event6   TOUCH_MOTION              2  +10.954s	0 (0) 46.64/65.22 (149.33/117.50mm)
1787598412.344  event6   TOUCH_FRAME                  +10.954s	
1787598412.353  event6   TOUCH_MOTION              2  +10.963s	0 (0) 46.59/65.68 (149.17/118.33mm)
1787598412.353  event6   TOUCH_FRAME                  +10.963s	
1787598412.362  event6   TOUCH_MOTION              2  +10.972s	0 (0) 46.59/66.05 (149.17/119.00mm)
1787598412.362  event6   TOUCH_FRAME                  +10.972s	
1787598412.371  event6   TOUCH_MOTION              2  +10.981s	0 (0) 46.54/66.33 (149.00/119.50mm)
1787598412.371  event6   TOUCH_FRAME                  +10.981s	
1787598412.381  event6   TOUCH_MOTION              2  +10.991s	0 (0) 46.49/66.60 (148.83/120.00mm)
1787598412.381  event6   TOUCH_FRAME                  +10.991s	
1787598412.390  event6   TOUCH_MOTION              2  +11.000s	0 (0) 46.49/66.88 (148.83/120.50mm)
1787598412.390  event6   TOUCH_FRAME                  +11.000s	
1787598412.399  event6   TOUCH_MOTION              2  +11.009s	0 (0) 46.49/67.07 (148.83/120.83mm)
1787598412.399  event6   TOUCH_FRAME                  +11.009s	
1787598412.408  event6   TOUCH_MOTION              2  +11.018s	0 (0) 46.49/67.25 (148.83/121.17mm)
1787598412.408  event6   TOUCH_FRAME                  +11.018s	
1787598412.417  event6   TOUCH_MOTION              2  +11.027s	0 (0) 46.49/67.35 (148.83/121.33mm)
1787598412.417  event6   TOUCH_FRAME                  +11.027s	
1787598412.465  event6   TOUCH_UP                     +11.075s	0 (0)
1787598412.465  event6   TOUCH_FRAME                  +11.075s	
1787598413.196  event6   TOUCH_DOWN                   +11.806s	0 (0) 38.47/46.25 (123.17/83.33mm)
1787598413.196  event6   TOUCH_DOWN                   +11.806s	1 (1) 46.59/48.94 (149.17/88.17mm)
1787598413.196  event6   TOUCH_FRAME                  +11.806s	
1787598413.223  event6   TOUCH_DOWN                   +11.833s	2 (2) 32.07/57.08 (102.67/102.83mm)
1787598413.223  event6   TOUCH_FRAME                  +11.833s	
1787598413.259  event6   TOUCH_MOTION                 +11.870s	1 (1) 47.06/48.94 (150.67/88.17mm)
1787598413.259  event6   TOUCH_FRAME                  +11.870s	
1787598413.268  event6   TOUCH_MOTION              2  +11.879s	0 (0) 38.89/46.16 (124.50/83.17mm)
1787598413.268  event6   TOUCH_MOTION              3  +11.879s	1 (1) 47.27/49.03 (151.33/88.33mm)
1787598413.268  event6   TOUCH_FRAME                  +11.879s	
1787598413.277  event6   TOUCH_MOTION              2  +11.888s	0 (0) 39.15/46.16 (125.33/83.17mm)
1787598413.277  event6   TOUCH_MOTION              3  +11.888s	1 (1) 47.53/49.03 (152.17/88.33mm)
1787598413.277  event6   TOUCH_MOTION              4  +11.888s	2 (2) 32.33/57.54 (103.50/103.67mm)
1787598413.277  event6   TOUCH_FRAME                  +11.888s	
1787598413.287  event6   TOUCH_MOTION              2  +11.897s	0 (0) 39.41/46.16 (126.17/83.17mm)
1787598413.287  event6   TOUCH_MOTION              3  +11.897s	1 (1) 47.79/49.03 (153.00/88.33mm)
1787598413.287  event6   TOUCH_MOTION              4  +11.897s	2 (2) 32.38/57.63 (103.67/103.83mm)
1787598413.287  event6   TOUCH_FRAME                  +11.897s	
1787598413.296  event6   TOUCH_MOTION              2  +11.906s	0 (0) 39.67/46.16 (127.00/83.17mm)
1787598413.296  event6   TOUCH_MOTION              3  +11.906s	1 (1) 48.05/49.03 (153.83/88.33mm)
1787598413.296  event6   TOUCH_MOTION              4  +11.906s	2 (2) 32.54/57.63 (104.17/103.83mm)
1787598413.296  event6   TOUCH_FRAME                  +11.906s	
1787598413.305  event6   TOUCH_MOTION              2  +11.915s	0 (0) 39.93/46.07 (127.83/83.00mm)
1787598413.305  event6   TOUCH_MOTION              3  +11.915s	1 (1) 48.31/49.03 (154.67/88.33mm)
1787598413.305  event6   TOUCH_MOTION              4  +11.915s	2 (2) 32.64/57.63 (104.50/103.83mm)
1787598413.305  event6   TOUCH_FRAME                  +11.915s	
1787598413.314  event6   TOUCH_MOTION              2  +11.925s	0 (0) 40.14/45.98 (128.50/82.83mm)
1787598413.314  event6   TOUCH_MOTION              3  +11.925s	1 (1) 48.57/49.03 (155.50/88.33mm)
1787598413.314  event6   TOUCH_MOTION              4  +11.925s	2 (2) 32.80/57.63 (105.00/103.83mm)
1787598413.314  event6   TOUCH_FRAME                  +11.925s	
1787598413.323  event6   TOUCH_MOTION              2  +11.934s	0 (0) 40.40/45.88 (129.33/82.67mm)
1787598413.323  event6   TOUCH_MOTION              3  +11.934s	1 (1) 48.78/49.03 (156.17/88.33mm)
1787598413.323  event6   TOUCH_MOTION              4  +11.934s	2 (2) 33.00/57.63 (105.67/103.83mm)
1787598413.323  event6   TOUCH_FRAME                  +11.934s	
1787598413.332  event6   TOUCH_MOTION              2  +11.943s	0 (0) 40.66/45.79 (130.17/82.50mm)
1787598413.332  event6   TOUCH_MOTION              3  +11.943s	1 (1) 48.98/49.03 (156.83/88.33mm)
1787598413.332  event6   TOUCH_MOTION              4  +11.943s	2 (2) 33.21/57.63 (106.33/103.83mm)
1787598413.332  event6   TOUCH_FRAME                  +11.943s	
1787598413.341  event6   TOUCH_MOTION              2  +11.952s	0 (0) 40.92/45.79 (131.00/82.50mm)
1787598413.341  event6   TOUCH_MOTION              3  +11.952s	1 (1) 49.19/49.03 (157.50/88.33mm)
1787598413.341  event6   TOUCH_MOTION              4  +11.952s	2 (2) 33.42/57.63 (107.00/103.83mm)
1787598413.341  event6   TOUCH_FRAME                  +11.952s	
1787598413.350  event6   TOUCH_MOTION              2  +11.961s	0 (0) 41.23/45.70 (132.00/82.33mm)
1787598413.350  event6   TOUCH_MOTION              3  +11.961s	1 (1) 49.45/49.03 (158.33/88.33mm)
1787598413.350  event6   TOUCH_MOTION              4  +11.961s	2 (2) 33.68/57.63 (107.83/103.83mm)
1787598413.350  event6   TOUCH_FRAME                  +11.961s	
1787598413.359  event6   TOUCH_MOTION              2  +11.970s	0 (0) 41.54/45.61 (133.00/82.17mm)
1787598413.359  event6   TOUCH_MOTION              3  +11.970s	1 (1) 49.71/49.03 (159.17/88.33mm)
1787598413.359  event6   TOUCH_MOTION              4  +11.970s	2 (2) 33.94/57.63 (108.67/103.83mm)
1787598413.360  event6   TOUCH_FRAME                  +11.970s	
1787598413.368  event6   TOUCH_MOTION              2  +11.979s	0 (0) 41.91/45.51 (134.17/82.00mm)
1787598413.368  event6   TOUCH_MOTION              3  +11.979s	1 (1) 49.97/49.03 (160.00/88.33mm)
1787598413.368  event6   TOUCH_MOTION              4  +11.979s	2 (2) 34.25/57.63 (109.67/103.83mm)
1787598413.368  event6   TOUCH_FRAME                  +11.979s	
1787598413.378  event6   TOUCH_MOTION              2  +11.989s	0 (0) 42.27/45.42 (135.33/81.83mm)
1787598413.378  event6   TOUCH_MOTION              3  +11.989s	1 (1) 50.23/49.03 (160.83/88.33mm)
1787598413.378  event6   TOUCH_MOTION              4  +11.989s	2 (2) 34.57/57.63 (110.67/103.83mm)
1787598413.378  event6   TOUCH_FRAME                  +11.989s	
1787598413.388  event6   TOUCH_MOTION              2  +11.998s	0 (0) 42.63/45.33 (136.50/81.67mm)
1787598413.388  event6   TOUCH_MOTION              3  +11.998s	1 (1) 50.60/49.03 (162.00/88.33mm)
1787598413.388  event6   TOUCH_MOTION              4  +11.998s	2 (2) 34.83/57.54 (111.50/103.67mm)
1787598413.388  event6   TOUCH_FRAME                  +11.998s	
1787598413.396  event6   TOUCH_MOTION              2  +12.007s	0 (0) 43.05/45.33 (137.83/81.67mm)
1787598413.396  event6   TOUCH_MOTION              3  +12.007s	1 (1) 50.96/49.03 (163.17/88.33mm)
1787598413.397  event6   TOUCH_MOTION              4  +12.007s	2 (2) 35.19/57.45 (112.67/103.50mm)
1787598413.397  event6   TOUCH_FRAME                  +12.007s	
1787598413.406  event6   TOUCH_MOTION              2  +12.016s	0 (0) 43.47/45.24 (139.17/81.50mm)
1787598413.406  event6   TOUCH_MOTION              3  +12.016s	1 (1) 51.33/49.03 (164.33/88.33mm)
1787598413.406  event6   TOUCH_MOTION              4  +12.016s	2 (2) 35.55/57.45 (113.83/103.50mm)
1787598413.406  event6   TOUCH_FRAME                  +12.016s	
1787598413.414  event6   TOUCH_MOTION              2  +12.025s	0 (0) 43.88/45.14 (140.50/81.33mm)
1787598413.415  event6   TOUCH_MOTION              3  +12.025s	1 (1) 51.74/49.03 (165.67/88.33mm)
1787598413.415  event6   TOUCH_MOTION              4  +12.025s	2 (2) 35.92/57.35 (115.00/103.33mm)
1787598413.415  event6   TOUCH_FRAME                  +12.025s	
1787598413.424  event6   TOUCH_MOTION              2  +12.034s	0 (0) 44.35/45.05 (142.00/81.17mm)
1787598413.424  event6   TOUCH_MOTION              3  +12.034s	1 (1) 52.16/49.03 (167.00/88.33mm)
1787598413.424  event6   TOUCH_MOTION              4  +12.034s	2 (2) 36.34/57.26 (116.33/103.17mm)
1787598413.424  event6   TOUCH_FRAME                  +12.034s	
1787598413.433  event6   TOUCH_MOTION              2  +12.043s	0 (0) 44.82/44.96 (143.50/81.00mm)
1787598413.433  event6   TOUCH_MOTION              3  +12.043s	1 (1) 52.58/49.03 (168.33/88.33mm)
1787598413.433  event6   TOUCH_MOTION              4  +12.043s	2 (2) 36.75/57.08 (117.67/102.83mm)
1787598413.433  event6   TOUCH_FRAME                  +12.043s	
1787598413.442  event6   TOUCH_MOTION              2  +12.052s	0 (0) 45.29/44.87 (145.00/80.83mm)
1787598413.442  event6   TOUCH_MOTION              3  +12.052s	1 (1) 53.05/49.03 (169.83/88.33mm)
1787598413.442  event6   TOUCH_MOTION              4  +12.052s	2 (2) 37.12/56.98 (118.83/102.67mm)
1787598413.442  event6   TOUCH_FRAME                  +12.052s	
1787598413.452  event6   TOUCH_MOTION              2  +12.062s	0 (0) 45.76/44.77 (146.50/80.67mm)
1787598413.452  event6   TOUCH_MOTION              3  +12.062s	1 (1) 53.51/49.03 (171.33/88.33mm)
1787598413.452  event6   TOUCH_MOTION              4  +12.062s	2 (2) 37.53/56.89 (120.17/102.50mm)
1787598413.452  event6   TOUCH_FRAME                  +12.062s	
1787598413.461  event6   TOUCH_MOTION              2  +12.071s	0 (0) 46.23/44.68 (148.00/80.50mm)
1787598413.461  event6   TOUCH_MOTION              3  +12.071s	1 (1) 53.98/49.03 (172.83/88.33mm)
1787598413.461  event6   TOUCH_MOTION              4  +12.071s	2 (2) 37.95/56.80 (121.50/102.33mm)
1787598413.461  event6   TOUCH_FRAME                  +12.071s	
1787598413.470  event6   TOUCH_MOTION              2  +12.080s	0 (0) 46.75/44.59 (149.67/80.33mm)
1787598413.470  event6   TOUCH_MOTION              3  +12.080s	1 (1) 54.45/49.03 (174.33/88.33mm)
1787598413.470  event6   TOUCH_MOTION              4  +12.080s	2 (2) 38.37/56.71 (122.83/102.17mm)
1787598413.470  event6   TOUCH_FRAME                  +12.080s	
1787598413.479  event6   TOUCH_MOTION              2  +12.089s	0 (0) 47.27/44.59 (151.33/80.33mm)
1787598413.479  event6   TOUCH_MOTION              3  +12.089s	1 (1) 54.97/49.03 (176.00/88.33mm)
1787598413.479  event6   TOUCH_MOTION              4  +12.089s	2 (2) 38.83/56.52 (124.33/101.83mm)
1787598413.479  event6   TOUCH_FRAME                  +12.089s	
1787598413.488  event6   TOUCH_MOTION              2  +12.098s	0 (0) 47.74/44.50 (152.83/80.17mm)
1787598413.488  event6   TOUCH_MOTION              3  +12.098s	1 (1) 55.54/49.03 (177.83/88.33mm)
1787598413.488  event6   TOUCH_MOTION              4  +12.098s	2 (2) 39.30/56.34 (125.83/101.50mm)
1787598413.488  event6   TOUCH_FRAME                  +12.098s	
1787598413.497  event6   TOUCH_MOTION              2  +12.107s	0 (0) 48.31/44.40 (154.67/80.00mm)
1787598413.497  event6   TOUCH_MOTION              3  +12.107s	1 (1) 56.01/49.03 (179.33/88.33mm)
1787598413.497  event6   TOUCH_MOTION              4  +12.107s	2 (2) 39.77/56.24 (127.33/101.33mm)
1787598413.497  event6   TOUCH_FRAME                  +12.107s	
1787598413.505  event6   TOUCH_MOTION              2  +12.116s	0 (0) 48.83/44.31 (156.33/79.83mm)
1787598413.505  event6   TOUCH_MOTION              3  +12.116s	1 (1) 56.59/49.03 (181.17/88.33mm)
1787598413.505  event6   TOUCH_MOTION              4  +12.116s	2 (2) 40.24/56.06 (128.83/101.00mm)
1787598413.505  event6   TOUCH_FRAME                  +12.116s	
1787598413.514  event6   TOUCH_MOTION              2  +12.125s	0 (0) 49.30/44.22 (157.83/79.67mm)
1787598413.514  event6   TOUCH_MOTION              3  +12.125s	1 (1) 57.11/49.03 (182.83/88.33mm)
1787598413.514  event6   TOUCH_MOTION              4  +12.125s	2 (2) 40.71/55.97 (130.33/100.83mm)
1787598413.514  event6   TOUCH_FRAME                  +12.125s	
1787598413.524  event6   TOUCH_MOTION              2  +12.135s	0 (0) 49.82/44.22 (159.50/79.67mm)
1787598413.524  event6   TOUCH_MOTION              3  +12.135s	1 (1) 57.68/49.03 (184.67/88.33mm)
1787598413.524  event6   TOUCH_MOTION              4  +12.135s	2 (2) 41.23/55.78 (132.00/100.50mm)
1787598413.524  event6   TOUCH_FRAME                  +12.135s	
1787598413.533  event6   TOUCH_MOTION              2  +12.144s	0 (0) 50.34/44.13 (161.17/79.50mm)
1787598413.533  event6   TOUCH_MOTION              3  +12.144s	1 (1) 58.25/49.03 (186.50/88.33mm)
1787598413.533  event6   TOUCH_MOTION              4  +12.144s	2 (2) 41.70/55.60 (133.50/100.17mm)
1787598413.533  event6   TOUCH_FRAME                  +12.144s	
1787598413.542  event6   TOUCH_MOTION              2  +12.153s	0 (0) 50.86/44.03 (162.83/79.33mm)
1787598413.542  event6   TOUCH_MOTION              3  +12.153s	1 (1) 58.82/49.03 (188.33/88.33mm)
1787598413.543  event6   TOUCH_MOTION              4  +12.153s	2 (2) 42.17/55.50 (135.00/100.00mm)
1787598413.543  event6   TOUCH_FRAME                  +12.153s	
1787598413.551  event6   TOUCH_MOTION              2  +12.162s	0 (0) 51.38/43.94 (164.50/79.17mm)
1787598413.551  event6   TOUCH_MOTION              3  +12.162s	1 (1) 59.40/49.03 (190.17/88.33mm)
1787598413.551  event6   TOUCH_MOTION              4  +12.162s	2 (2) 42.69/55.32 (136.67/99.67mm)
1787598413.551  event6   TOUCH_FRAME                  +12.162s	
1787598413.560  event6   TOUCH_MOTION              2  +12.171s	0 (0) 51.95/43.85 (166.33/79.00mm)
1787598413.560  event6   TOUCH_MOTION              3  +12.171s	1 (1) 59.97/49.03 (192.00/88.33mm)
1787598413.560  event6   TOUCH_MOTION              4  +12.171s	2 (2) 43.21/55.23 (138.33/99.50mm)
1787598413.560  event6   TOUCH_FRAME                  +12.171s	
1787598413.569  event6   TOUCH_MOTION              2  +12.180s	0 (0) 52.47/43.85 (168.00/79.00mm)
1787598413.569  event6   TOUCH_MOTION              3  +12.180s	1 (1) 60.54/49.03 (193.83/88.33mm)
1787598413.569  event6   TOUCH_MOTION              4  +12.180s	2 (2) 43.73/55.04 (140.00/99.17mm)
1787598413.569  event6   TOUCH_FRAME                  +12.180s	
1787598413.578  event6   TOUCH_MOTION              2  +12.189s	0 (0) 53.05/43.76 (169.83/78.83mm)
1787598413.578  event6   TOUCH_MOTION              3  +12.189s	1 (1) 61.11/49.03 (195.67/88.33mm)
1787598413.578  event6   TOUCH_MOTION              4  +12.189s	2 (2) 44.20/54.95 (141.50/99.00mm)
1787598413.578  event6   TOUCH_FRAME                  +12.189s	
1787598413.588  event6   TOUCH_MOTION              2  +12.199s	0 (0) 53.62/43.66 (171.67/78.67mm)
1787598413.588  event6   TOUCH_MOTION              3  +12.199s	1 (1) 61.79/49.03 (197.83/88.33mm)
1787598413.588  event6   TOUCH_MOTION              4  +12.199s	2 (2) 44.77/54.86 (143.33/98.83mm)
1787598413.588  event6   TOUCH_FRAME                  +12.199s	
1787598413.597  event6   TOUCH_MOTION              2  +12.208s	0 (0) 54.19/43.57 (173.50/78.50mm)
1787598413.597  event6   TOUCH_MOTION              3  +12.208s	1 (1) 62.42/49.03 (199.83/88.33mm)
1787598413.597  event6   TOUCH_MOTION              4  +12.208s	2 (2) 45.29/54.67 (145.00/98.50mm)
1787598413.597  event6   TOUCH_FRAME                  +12.208s	
1787598413.607  event6   TOUCH_MOTION              2  +12.217s	0 (0) 54.82/43.48 (175.50/78.33mm)
1787598413.607  event6   TOUCH_MOTION              3  +12.217s	1 (1) 63.04/49.03 (201.83/88.33mm)
1787598413.607  event6   TOUCH_MOTION              4  +12.217s	2 (2) 45.86/54.49 (146.83/98.17mm)
1787598413.607  event6   TOUCH_FRAME                  +12.217s	
1787598413.615  event6   TOUCH_MOTION              2  +12.226s	0 (0) 55.39/43.48 (177.33/78.33mm)
1787598413.615  event6   TOUCH_MOTION              3  +12.226s	1 (1) 63.61/49.03 (203.67/88.33mm)
1787598413.615  event6   TOUCH_MOTION              4  +12.226s	2 (2) 46.38/54.39 (148.50/98.00mm)
1787598413.615  event6   TOUCH_FRAME                  +12.226s	
1787598413.624  event6   TOUCH_MOTION              2  +12.235s	0 (0) 55.96/43.39 (179.17/78.17mm)
1787598413.624  event6   TOUCH_MOTION              3  +12.235s	1 (1) 64.24/49.03 (205.67/88.33mm)
1787598413.624  event6   TOUCH_MOTION              4  +12.235s	2 (2) 46.95/54.12 (150.33/97.50mm)
1787598413.624  event6   TOUCH_FRAME                  +12.235s	
1787598413.633  event6   TOUCH_MOTION              2  +12.244s	0 (0) 56.53/43.29 (181.00/78.00mm)
1787598413.633  event6   TOUCH_MOTION              3  +12.244s	1 (1) 64.81/49.12 (207.50/88.50mm)
1787598413.633  event6   TOUCH_MOTION              4  +12.244s	2 (2) 47.53/54.02 (152.17/97.33mm)
1787598413.633  event6   TOUCH_FRAME                  +12.244s	
1787598413.643  event6   TOUCH_MOTION              2  +12.253s	0 (0) 57.11/43.20 (182.83/77.83mm)
1787598413.643  event6   TOUCH_MOTION              3  +12.253s	1 (1) 65.33/49.12 (209.17/88.50mm)
1787598413.643  event6   TOUCH_MOTION              4  +12.253s	2 (2) 48.10/53.75 (154.00/96.83mm)
1787598413.643  event6   TOUCH_FRAME                  +12.253s	
1787598413.652  event6   TOUCH_MOTION              2  +12.262s	0 (0) 57.68/43.11 (184.67/77.67mm)
1787598413.652  event6   TOUCH_MOTION              3  +12.262s	1 (1) 65.90/49.12 (211.00/88.50mm)
1787598413.652  event6   TOUCH_MOTION              4  +12.262s	2 (2) 48.62/53.65 (155.67/96.67mm)
1787598413.652  event6   TOUCH_FRAME                  +12.262s	
1787598413.662  event6   TOUCH_MOTION              2  +12.272s	0 (0) 58.20/43.11 (186.33/77.67mm)
1787598413.662  event6   TOUCH_MOTION              3  +12.272s	1 (1) 66.48/49.12 (212.83/88.50mm)
1787598413.662  event6   TOUCH_MOTION              4  +12.272s	2 (2) 49.19/53.47 (157.50/96.33mm)
1787598413.662  event6   TOUCH_FRAME                  +12.272s	
1787598413.671  event6   TOUCH_MOTION              2  +12.281s	0 (0) 58.77/43.02 (188.17/77.50mm)
1787598413.671  event6   TOUCH_MOTION              3  +12.281s	1 (1) 66.94/49.12 (214.33/88.50mm)
1787598413.671  event6   TOUCH_MOTION              4  +12.281s	2 (2) 49.71/53.28 (159.17/96.00mm)
1787598413.671  event6   TOUCH_FRAME                  +12.281s	
1787598413.680  event6   TOUCH_MOTION              2  +12.290s	0 (0) 59.34/42.92 (190.00/77.33mm)
1787598413.680  event6   TOUCH_MOTION              3  +12.290s	1 (1) 67.46/49.12 (216.00/88.50mm)
1787598413.680  event6   TOUCH_MOTION              4  +12.290s	2 (2) 50.23/53.19 (160.83/95.83mm)
1787598413.680  event6   TOUCH_FRAME                  +12.290s	
1787598413.689  event6   TOUCH_MOTION              2  +12.299s	0 (0) 59.86/42.83 (191.67/77.17mm)
1787598413.689  event6   TOUCH_MOTION              3  +12.299s	1 (1) 68.04/49.12 (217.83/88.50mm)
1787598413.689  event6   TOUCH_MOTION              4  +12.299s	2 (2) 50.75/53.01 (162.50/95.50mm)
1787598413.689  event6   TOUCH_FRAME                  +12.299s	
1787598413.698  event6   TOUCH_MOTION              2  +12.308s	0 (0) 60.44/42.74 (193.50/77.00mm)
1787598413.698  event6   TOUCH_MOTION              3  +12.308s	1 (1) 68.51/49.12 (219.33/88.50mm)
1787598413.698  event6   TOUCH_MOTION              4  +12.308s	2 (2) 51.28/52.91 (164.17/95.33mm)
1787598413.698  event6   TOUCH_FRAME                  +12.308s	
1787598413.707  event6   TOUCH_MOTION              2  +12.317s	0 (0) 60.96/42.74 (195.17/77.00mm)
1787598413.707  event6   TOUCH_MOTION              3  +12.317s	1 (1) 69.08/49.21 (221.17/88.67mm)
1787598413.707  event6   TOUCH_MOTION              4  +12.317s	2 (2) 51.85/52.64 (166.00/94.83mm)
1787598413.707  event6   TOUCH_FRAME                  +12.317s	
1787598413.716  event6   TOUCH_MOTION              2  +12.326s	0 (0) 61.53/42.65 (197.00/76.83mm)
1787598413.716  event6   TOUCH_MOTION              3  +12.326s	1 (1) 69.60/49.40 (222.83/89.00mm)
1787598413.716  event6   TOUCH_MOTION              4  +12.326s	2 (2) 52.42/52.45 (167.83/94.50mm)
1787598413.716  event6   TOUCH_FRAME                  +12.326s	
1787598413.726  event6   TOUCH_MOTION              2  +12.336s	0 (0) 62.10/42.55 (198.83/76.67mm)
1787598413.726  event6   TOUCH_MOTION              3  +12.336s	1 (1) 70.07/49.49 (224.33/89.17mm)
1787598413.726  event6   TOUCH_MOTION              4  +12.336s	2 (2) 52.94/52.17 (169.50/94.00mm)
1787598413.726  event6   TOUCH_FRAME                  +12.336s	
1787598413.735  event6   TOUCH_MOTION              2  +12.345s	0 (0) 62.68/42.46 (200.67/76.50mm)
1787598413.735  event6   TOUCH_MOTION              3  +12.345s	1 (1) 70.59/49.49 (226.00/89.17mm)
1787598413.735  event6   TOUCH_MOTION              4  +12.345s	2 (2) 53.51/51.90 (171.33/93.50mm)
1787598413.735  event6   TOUCH_FRAME                  +12.345s	
1787598413.744  event6   TOUCH_MOTION              2  +12.354s	0 (0) 63.25/42.37 (202.50/76.33mm)
1787598413.744  event6   TOUCH_MOTION              3  +12.354s	1 (1) 71.11/49.49 (227.67/89.17mm)
1787598413.744  event6   TOUCH_MOTION              4  +12.354s	2 (2) 53.98/51.62 (172.83/93.00mm)
1787598413.744  event6   TOUCH_FRAME                  +12.354s	
1787598413.753  event6   TOUCH_MOTION              2  +12.363s	0 (0) 63.77/42.37 (204.17/76.33mm)
1787598413.753  event6   TOUCH_MOTION              3  +12.363s	1 (1) 71.68/49.58 (229.50/89.33mm)
1787598413.753  event6   TOUCH_MOTION              4  +12.363s	2 (2) 54.55/51.34 (174.67/92.50mm)
1787598413.753  event6   TOUCH_FRAME                  +12.363s	
1787598413.762  event6   TOUCH_MOTION              2  +12.372s	0 (0) 64.39/42.28 (206.17/76.17mm)
1787598413.762  event6   TOUCH_MOTION              3  +12.372s	1 (1) 72.25/49.58 (231.33/89.33mm)
1787598413.762  event6   TOUCH_MOTION              4  +12.372s	2 (2) 55.08/51.06 (176.33/92.00mm)
1787598413.762  event6   TOUCH_FRAME                  +12.372s	
1787598413.771  event6   TOUCH_MOTION              2  +12.381s	0 (0) 64.91/42.09 (207.83/75.83mm)
1787598413.771  event6   TOUCH_MOTION              3  +12.381s	1 (1) 72.88/49.58 (233.33/89.33mm)
1787598413.771  event6   TOUCH_MOTION              4  +12.381s	2 (2) 55.60/50.69 (178.00/91.33mm)
1787598413.771  event6   TOUCH_FRAME                  +12.381s	
1787598413.780  event6   TOUCH_MOTION              2  +12.390s	0 (0) 65.43/42.00 (209.50/75.67mm)
1787598413.780  event6   TOUCH_MOTION              3  +12.390s	1 (1) 73.40/49.58 (235.00/89.33mm)
1787598413.780  event6   TOUCH_MOTION              4  +12.390s	2 (2) 56.12/50.42 (179.67/90.83mm)
1787598413.780  event6   TOUCH_FRAME                  +12.390s	
1787598413.789  event6   TOUCH_MOTION              2  +12.399s	0 (0) 66.01/41.91 (211.33/75.50mm)
1787598413.789  event6   TOUCH_MOTION              3  +12.399s	1 (1) 73.87/49.68 (236.50/89.50mm)
1787598413.789  event6   TOUCH_MOTION              4  +12.399s	2 (2) 56.64/50.14 (181.33/90.33mm)
1787598413.789  event6   TOUCH_FRAME                  +12.399s	
1787598413.799  event6   TOUCH_MOTION              2  +12.409s	0 (0) 66.48/41.72 (212.83/75.17mm)
1787598413.799  event6   TOUCH_MOTION              3  +12.409s	1 (1) 74.34/49.77 (238.00/89.67mm)
1787598413.799  event6   TOUCH_MOTION              4  +12.409s	2 (2) 57.11/49.86 (182.83/89.83mm)
1787598413.799  event6   TOUCH_FRAME                  +12.409s	
1787598413.808  event6   TOUCH_MOTION              2  +12.418s	0 (0) 67.05/41.63 (214.67/75.00mm)
1787598413.808  event6   TOUCH_MOTION              3  +12.418s	1 (1) 74.86/49.86 (239.67/89.83mm)
1787598413.808  event6   TOUCH_MOTION              4  +12.418s	2 (2) 57.57/49.49 (184.33/89.17mm)
1787598413.808  event6   TOUCH_FRAME                  +12.418s	
1787598413.816  event6   TOUCH_MOTION              2  +12.427s	0 (0) 67.57/41.44 (216.33/74.67mm)
1787598413.817  event6   TOUCH_MOTION              3  +12.427s	1 (1) 75.38/49.95 (241.33/90.00mm)
1787598413.817  event6   TOUCH_MOTION              4  +12.427s	2 (2) 58.09/49.21 (186.00/88.67mm)
1787598413.817  event6   TOUCH_FRAME                  +12.427s	
1787598413.826  event6   TOUCH_MOTION              2  +12.436s	0 (0) 68.14/41.26 (218.17/74.33mm)
1787598413.826  event6   TOUCH_MOTION              3  +12.436s	1 (1) 76.00/49.95 (243.33/90.00mm)
1787598413.826  event6   TOUCH_MOTION              4  +12.436s	2 (2) 58.62/48.84 (187.67/88.00mm)
1787598413.826  event6   TOUCH_FRAME                  +12.436s	
1787598413.835  event6   TOUCH_MOTION              2  +12.445s	0 (0) 68.71/41.17 (220.00/74.17mm)
1787598413.835  event6   TOUCH_MOTION              3  +12.445s	1 (1) 76.57/50.05 (245.17/90.17mm)
1787598413.835  event6   TOUCH_MOTION              4  +12.445s	2 (2) 59.08/48.47 (189.17/87.33mm)
1787598413.835  event6   TOUCH_FRAME                  +12.445s	
1787598413.844  event6   TOUCH_MOTION              2  +12.454s	0 (0) 69.23/40.98 (221.67/73.83mm)
1787598413.844  event6   TOUCH_MOTION              3  +12.454s	1 (1) 77.15/50.14 (247.00/90.33mm)
1787598413.844  event6   TOUCH_MOTION              4  +12.454s	2 (2) 59.60/48.20 (190.83/86.83mm)
1787598413.844  event6   TOUCH_FRAME                  +12.454s	
1787598413.853  event6   TOUCH_MOTION              2  +12.463s	0 (0) 69.76/40.80 (223.33/73.50mm)
1787598413.853  event6   TOUCH_MOTION              3  +12.463s	1 (1) 77.62/50.14 (248.50/90.33mm)
1787598413.853  event6   TOUCH_MOTION              4  +12.463s	2 (2) 60.12/47.92 (192.50/86.33mm)
1787598413.853  event6   TOUCH_FRAME                  +12.463s	
1787598413.863  event6   TOUCH_MOTION              2  +12.473s	0 (0) 70.28/40.80 (225.00/73.50mm)
1787598413.863  event6   TOUCH_MOTION              3  +12.473s	1 (1) 78.03/50.14 (249.83/90.33mm)
1787598413.863  event6   TOUCH_MOTION              4  +12.473s	2 (2) 60.65/47.64 (194.17/85.83mm)
1787598413.863  event6   TOUCH_FRAME                  +12.473s	
1787598413.872  event6   TOUCH_MOTION              2  +12.482s	0 (0) 70.80/40.70 (226.67/73.33mm)
1787598413.872  event6   TOUCH_MOTION              3  +12.482s	1 (1) 78.45/50.23 (251.17/90.50mm)
1787598413.872  event6   TOUCH_MOTION              4  +12.482s	2 (2) 61.11/47.27 (195.67/85.17mm)
1787598413.872  event6   TOUCH_FRAME                  +12.482s	
1787598413.881  event6   TOUCH_MOTION              2  +12.491s	0 (0) 71.32/40.61 (228.33/73.17mm)
1787598413.881  event6   TOUCH_MOTION              3  +12.491s	1 (1) 78.92/50.32 (252.67/90.67mm)
1787598413.881  event6   TOUCH_MOTION              4  +12.491s	2 (2) 61.63/47.09 (197.33/84.83mm)
1787598413.881  event6   TOUCH_FRAME                  +12.491s	
1787598413.890  event6   TOUCH_MOTION              2  +12.500s	0 (0) 71.84/40.52 (230.00/73.00mm)
1787598413.890  event6   TOUCH_MOTION              3  +12.500s	1 (1) 79.39/50.32 (254.17/90.67mm)
1787598413.890  event6   TOUCH_MOTION              4  +12.500s	2 (2) 62.16/46.90 (199.00/84.50mm)
1787598413.890  event6   TOUCH_FRAME                  +12.500s	
1787598413.899  event6   TOUCH_MOTION              2  +12.509s	0 (0) 72.31/40.43 (231.50/72.83mm)
1787598413.899  event6   TOUCH_MOTION              3  +12.509s	1 (1) 79.80/50.42 (255.50/90.83mm)
1787598413.899  event6   TOUCH_MOTION              4  +12.509s	2 (2) 62.62/46.62 (200.50/84.00mm)
1787598413.899  event6   TOUCH_FRAME                  +12.509s	
1787598413.908  event6   TOUCH_MOTION              2  +12.518s	0 (0) 72.77/40.43 (233.00/72.83mm)
1787598413.908  event6   TOUCH_MOTION              3  +12.518s	1 (1) 80.17/50.51 (256.67/91.00mm)
1787598413.908  event6   TOUCH_MOTION              4  +12.518s	2 (2) 63.04/46.53 (201.83/83.83mm)
1787598413.908  event6   TOUCH_FRAME                  +12.518s	
1787598413.916  event6   TOUCH_MOTION              2  +12.527s	0 (0) 73.14/40.43 (234.17/72.83mm)
1787598413.917  event6   TOUCH_MOTION              3  +12.527s	1 (1) 80.53/50.51 (257.83/91.00mm)
1787598413.917  event6   TOUCH_MOTION              4  +12.527s	2 (2) 63.40/46.35 (203.00/83.50mm)
1787598413.917  event6   TOUCH_FRAME                  +12.527s	
1787598413.925  event6   TOUCH_MOTION              2  +12.536s	0 (0) 73.50/40.43 (235.33/72.83mm)
1787598413.926  event6   TOUCH_MOTION              3  +12.536s	1 (1) 80.79/50.60 (258.67/91.17mm)
1787598413.926  event6   TOUCH_MOTION              4  +12.536s	2 (2) 63.77/46.16 (204.17/83.17mm)
1787598413.926  event6   TOUCH_FRAME                  +12.536s	
1787598413.936  event6   TOUCH_MOTION              2  +12.546s	0 (0) 73.82/40.43 (236.33/72.83mm)
1787598413.936  event6   TOUCH_MOTION              3  +12.546s	1 (1) 81.05/50.60 (259.50/91.17mm)
1787598413.936  event6   TOUCH_MOTION              4  +12.546s	2 (2) 64.08/46.07 (205.17/83.00mm)
1787598413.936  event6   TOUCH_FRAME                  +12.546s	
1787598413.945  event6   TOUCH_MOTION              2  +12.555s	0 (0) 74.02/40.43 (237.00/72.83mm)
1787598413.945  event6   TOUCH_MOTION              3  +12.555s	1 (1) 81.26/50.69 (260.17/91.33mm)
1787598413.945  event6   TOUCH_MOTION              4  +12.555s	2 (2) 64.39/45.88 (206.17/82.67mm)
1787598413.945  event6   TOUCH_FRAME                  +12.555s	
1787598413.954  event6   TOUCH_MOTION              2  +12.564s	0 (0) 74.28/40.43 (237.83/72.83mm)
1787598413.954  event6   TOUCH_MOTION              3  +12.564s	1 (1) 81.42/50.69 (260.67/91.33mm)
1787598413.954  event6   TOUCH_MOTION              4  +12.564s	2 (2) 64.60/45.79 (206.83/82.50mm)
1787598413.954  event6   TOUCH_FRAME                  +12.564s	
1787598413.963  event6   TOUCH_MOTION              2  +12.573s	0 (0) 74.49/40.43 (238.50/72.83mm)
1787598413.963  event6   TOUCH_MOTION              3  +12.573s	1 (1) 81.62/50.79 (261.33/91.50mm)
1787598413.963  event6   TOUCH_MOTION              4  +12.573s	2 (2) 64.81/45.79 (207.50/82.50mm)
1787598413.963  event6   TOUCH_FRAME                  +12.573s	
1787598413.971  event6   TOUCH_MOTION              2  +12.582s	0 (0) 74.65/40.43 (239.00/72.83mm)
1787598413.972  event6   TOUCH_MOTION              3  +12.582s	1 (1) 81.73/50.79 (261.67/91.50mm)
1787598413.972  event6   TOUCH_MOTION              4  +12.582s	2 (2) 64.97/45.70 (208.00/82.33mm)
1787598413.972  event6   TOUCH_FRAME                  +12.582s	
1787598413.980  event6   TOUCH_MOTION              2  +12.591s	0 (0) 74.75/40.43 (239.33/72.83mm)
1787598413.981  event6   TOUCH_MOTION              3  +12.591s	1 (1) 81.83/50.79 (262.00/91.50mm)
1787598413.981  event6   TOUCH_MOTION              4  +12.591s	2 (2) 65.12/45.61 (208.50/82.17mm)
1787598413.981  event6   TOUCH_FRAME                  +12.591s	
1787598413.990  event6   TOUCH_MOTION              2  +12.600s	0 (0) 74.91/40.43 (239.83/72.83mm)
1787598413.990  event6   TOUCH_MOTION              3  +12.600s	1 (1) 81.88/50.79 (262.17/91.50mm)
1787598413.990  event6   TOUCH_MOTION              4  +12.600s	2 (2) 65.23/45.51 (208.83/82.00mm)
1787598413.990  event6   TOUCH_FRAME                  +12.600s	
1787598414.000  event6   TOUCH_MOTION              2  +12.610s	0 (0) 74.96/40.43 (240.00/72.83mm)
1787598414.000  event6   TOUCH_MOTION              3  +12.610s	1 (1) 81.99/50.88 (262.50/91.67mm)
1787598414.000  event6   TOUCH_MOTION              4  +12.610s	2 (2) 65.33/45.51 (209.17/82.00mm)
1787598414.000  event6   TOUCH_FRAME                  +12.610s	
1787598414.009  event6   TOUCH_MOTION              2  +12.619s	0 (0) 75.07/40.43 (240.33/72.83mm)
1787598414.009  event6   TOUCH_MOTION              3  +12.619s	1 (1) 82.04/50.97 (262.67/91.83mm)
1787598414.009  event6   TOUCH_MOTION              4  +12.619s	2 (2) 65.38/45.51 (209.33/82.00mm)
1787598414.009  event6   TOUCH_FRAME                  +12.619s	
1787598414.018  event6   TOUCH_MOTION              2  +12.628s	0 (0) 75.17/40.43 (240.67/72.83mm)
1787598414.018  event6   TOUCH_MOTION              3  +12.628s	1 (1) 82.09/50.97 (262.83/91.83mm)
1787598414.018  event6   TOUCH_MOTION              4  +12.628s	2 (2) 65.49/45.51 (209.67/82.00mm)
1787598414.018  event6   TOUCH_FRAME                  +12.628s	
1787598414.027  event6   TOUCH_MOTION              2  +12.637s	2 (2) 65.54/45.51 (209.83/82.00mm)
1787598414.027  event6   TOUCH_FRAME                  +12.637s	
1787598414.036  event6   TOUCH_MOTION              2  +12.646s	0 (0) 75.22/40.43 (240.83/72.83mm)
1787598414.036  event6   TOUCH_MOTION              3  +12.646s	1 (1) 82.14/51.06 (263.00/92.00mm)
1787598414.036  event6   TOUCH_MOTION              4  +12.646s	2 (2) 65.59/45.51 (210.00/82.00mm)
1787598414.036  event6   TOUCH_FRAME                  +12.646s	
1787598414.045  event6   TOUCH_MOTION              2  +12.655s	0 (0) 75.22/40.52 (240.83/73.00mm)
1787598414.045  event6   TOUCH_FRAME                  +12.655s	
1787598414.054  event6   TOUCH_MOTION              2  +12.664s	0 (0) 75.22/40.61 (240.83/73.17mm)
1787598414.054  event6   TOUCH_MOTION              3  +12.664s	1 (1) 82.14/51.16 (263.00/92.17mm)
1787598414.054  event6   TOUCH_FRAME                  +12.664s	
1787598414.063  event6   TOUCH_MOTION              2  +12.673s	0 (0) 75.22/40.70 (240.83/73.33mm)
1787598414.063  event6   TOUCH_MOTION              3  +12.673s	1 (1) 82.14/51.25 (263.00/92.33mm)
1787598414.063  event6   TOUCH_MOTION              4  +12.673s	2 (2) 65.54/45.51 (209.83/82.00mm)
1787598414.063  event6   TOUCH_FRAME                  +12.673s	
1787598414.073  event6   TOUCH_MOTION              2  +12.683s	0 (0) 75.17/40.80 (240.67/73.50mm)
1787598414.073  event6   TOUCH_MOTION              3  +12.683s	1 (1) 82.09/51.34 (262.83/92.50mm)
1787598414.073  event6   TOUCH_MOTION              4  +12.683s	2 (2) 65.43/45.61 (209.50/82.17mm)
1787598414.073  event6   TOUCH_FRAME                  +12.683s	
1787598414.082  event6   TOUCH_MOTION              2  +12.692s	0 (0) 75.12/40.89 (240.50/73.67mm)
1787598414.082  event6   TOUCH_MOTION              3  +12.692s	1 (1) 82.04/51.43 (262.67/92.67mm)
1787598414.082  event6   TOUCH_MOTION              4  +12.692s	2 (2) 65.33/45.70 (209.17/82.33mm)
1787598414.082  event6   TOUCH_FRAME                  +12.692s	
1787598414.091  event6   TOUCH_MOTION              2  +12.701s	0 (0) 74.96/41.07 (240.00/74.00mm)
1787598414.091  event6   TOUCH_MOTION              3  +12.701s	1 (1) 81.88/51.62 (262.17/93.00mm)
1787598414.091  event6   TOUCH_MOTION              4  +12.701s	2 (2) 65.12/45.79 (208.50/82.50mm)
1787598414.091  event6   TOUCH_FRAME                  +12.701s	
1787598414.100  event6   TOUCH_MOTION              2  +12.710s	0 (0) 74.75/41.17 (239.33/74.17mm)
1787598414.100  event6   TOUCH_MOTION              3  +12.710s	1 (1) 81.68/51.80 (261.50/93.33mm)
1787598414.100  event6   TOUCH_MOTION              4  +12.710s	2 (2) 64.86/45.98 (207.67/82.83mm)
1787598414.100  event6   TOUCH_FRAME                  +12.710s	
1787598414.109  event6   TOUCH_MOTION              2  +12.719s	0 (0) 74.49/41.35 (238.50/74.50mm)
1787598414.109  event6   TOUCH_MOTION              3  +12.719s	1 (1) 81.47/51.90 (260.83/93.50mm)
1787598414.109  event6   TOUCH_MOTION              4  +12.719s	2 (2) 64.50/46.16 (206.50/83.17mm)
1787598414.109  event6   TOUCH_FRAME                  +12.719s	
1787598414.118  event6   TOUCH_MOTION              2  +12.728s	0 (0) 74.18/41.54 (237.50/74.83mm)
1787598414.118  event6   TOUCH_MOTION              3  +12.728s	1 (1) 81.21/52.08 (260.00/93.83mm)
1787598414.118  event6   TOUCH_MOTION              4  +12.728s	2 (2) 64.13/46.53 (205.33/83.83mm)
1787598414.118  event6   TOUCH_FRAME                  +12.728s	
1787598414.126  event6   TOUCH_MOTION              2  +12.737s	0 (0) 73.76/41.81 (236.17/75.33mm)
1787598414.127  event6   TOUCH_MOTION              3  +12.737s	1 (1) 80.84/52.17 (258.83/94.00mm)
1787598414.127  event6   TOUCH_MOTION              4  +12.737s	2 (2) 63.66/46.81 (203.83/84.33mm)
1787598414.127  event6   TOUCH_FRAME                  +12.737s	
1787598414.136  event6   TOUCH_MOTION              2  +12.747s	0 (0) 73.30/42.09 (234.67/75.83mm)
1787598414.136  event6   TOUCH_MOTION              3  +12.747s	1 (1) 80.43/52.45 (257.50/94.50mm)
1787598414.136  event6   TOUCH_MOTION              4  +12.747s	2 (2) 63.14/47.18 (202.17/85.00mm)
1787598414.136  event6   TOUCH_FRAME                  +12.747s	
1787598414.145  event6   TOUCH_MOTION              2  +12.756s	0 (0) 72.72/42.37 (232.83/76.33mm)
1787598414.145  event6   TOUCH_MOTION              3  +12.756s	1 (1) 79.96/52.64 (256.00/94.83mm)
1787598414.145  event6   TOUCH_MOTION              4  +12.756s	2 (2) 62.62/47.55 (200.50/85.67mm)
1787598414.145  event6   TOUCH_FRAME                  +12.756s	
1787598414.154  event6   TOUCH_MOTION              2  +12.765s	0 (0) 72.10/42.74 (230.83/77.00mm)
1787598414.154  event6   TOUCH_MOTION              3  +12.765s	1 (1) 79.39/52.91 (254.17/95.33mm)
1787598414.154  event6   TOUCH_MOTION              4  +12.765s	2 (2) 62.00/48.01 (198.50/86.50mm)
1787598414.154  event6   TOUCH_FRAME                  +12.765s	
1787598414.163  event6   TOUCH_MOTION              2  +12.774s	0 (0) 71.42/43.02 (228.67/77.50mm)
1787598414.163  event6   TOUCH_MOTION              3  +12.774s	1 (1) 78.81/53.10 (252.33/95.67mm)
1787598414.163  event6   TOUCH_MOTION              4  +12.774s	2 (2) 61.32/48.47 (196.33/87.33mm)
1787598414.163  event6   TOUCH_FRAME                  +12.774s	
1787598414.172  event6   TOUCH_MOTION              2  +12.783s	0 (0) 70.69/43.29 (226.33/78.00mm)
1787598414.172  event6   TOUCH_MOTION              3  +12.783s	1 (1) 78.19/53.28 (250.33/96.00mm)
1787598414.172  event6   TOUCH_MOTION              4  +12.783s	2 (2) 60.59/49.03 (194.00/88.33mm)
1787598414.172  event6   TOUCH_FRAME                  +12.783s	
1787598414.181  event6   TOUCH_MOTION              2  +12.792s	0 (0) 69.91/43.57 (223.83/78.50mm)
1787598414.181  event6   TOUCH_MOTION              3  +12.792s	1 (1) 77.51/53.38 (248.17/96.17mm)
1787598414.181  event6   TOUCH_MOTION              4  +12.792s	2 (2) 59.81/49.49 (191.50/89.17mm)
1787598414.181  event6   TOUCH_FRAME                  +12.792s	
1787598414.190  event6   TOUCH_MOTION              2  +12.801s	0 (0) 69.08/43.85 (221.17/79.00mm)
1787598414.190  event6   TOUCH_MOTION              3  +12.801s	1 (1) 76.78/53.65 (245.83/96.67mm)
1787598414.190  event6   TOUCH_MOTION              4  +12.801s	2 (2) 59.03/50.05 (189.00/90.17mm)
1787598414.190  event6   TOUCH_FRAME                  +12.801s	
1787598414.199  event6   TOUCH_MOTION              2  +12.810s	0 (0) 68.19/44.22 (218.33/79.67mm)
1787598414.199  event6   TOUCH_MOTION              3  +12.810s	1 (1) 76.05/53.84 (243.50/97.00mm)
1787598414.199  event6   TOUCH_MOTION              4  +12.810s	2 (2) 58.20/50.60 (186.33/91.17mm)
1787598414.199  event6   TOUCH_FRAME                  +12.810s	
1787598414.209  event6   TOUCH_MOTION              2  +12.820s	0 (0) 67.26/44.50 (215.33/80.17mm)
1787598414.209  event6   TOUCH_MOTION              3  +12.820s	1 (1) 75.22/54.12 (240.83/97.50mm)
1787598414.209  event6   TOUCH_MOTION              4  +12.820s	2 (2) 57.37/51.06 (183.67/92.00mm)
1787598414.209  event6   TOUCH_FRAME                  +12.820s	
1787598414.218  event6   TOUCH_MOTION              2  +12.829s	0 (0) 66.27/44.77 (212.17/80.67mm)
1787598414.218  event6   TOUCH_MOTION              3  +12.829s	1 (1) 74.39/54.30 (238.17/97.83mm)
1787598414.218  event6   TOUCH_MOTION              4  +12.829s	2 (2) 56.48/51.71 (180.83/93.17mm)
1787598414.218  event6   TOUCH_FRAME                  +12.829s	
1787598414.227  event6   TOUCH_MOTION              2  +12.838s	0 (0) 65.33/45.05 (209.17/81.17mm)
1787598414.227  event6   TOUCH_MOTION              3  +12.838s	1 (1) 73.50/54.49 (235.33/98.17mm)
1787598414.227  event6   TOUCH_MOTION              4  +12.838s	2 (2) 55.60/52.27 (178.00/94.17mm)
1787598414.227  event6   TOUCH_FRAME                  +12.838s	
1787598414.237  event6   TOUCH_MOTION              2  +12.847s	0 (0) 64.29/45.33 (205.83/81.67mm)
1787598414.237  event6   TOUCH_MOTION              3  +12.847s	1 (1) 72.57/54.67 (232.33/98.50mm)
1787598414.237  event6   TOUCH_MOTION              4  +12.847s	2 (2) 54.66/52.91 (175.00/95.33mm)
1787598414.237  event6   TOUCH_FRAME                  +12.847s	
1787598414.246  event6   TOUCH_MOTION              2  +12.856s	0 (0) 63.30/45.79 (202.67/82.50mm)
1787598414.246  event6   TOUCH_MOTION              3  +12.856s	1 (1) 71.63/54.86 (229.33/98.83mm)
1787598414.246  event6   TOUCH_MOTION              4  +12.856s	2 (2) 53.67/53.47 (171.83/96.33mm)
1787598414.246  event6   TOUCH_FRAME                  +12.856s	
1787598414.255  event6   TOUCH_MOTION              2  +12.865s	0 (0) 62.21/46.16 (199.17/83.17mm)
1787598414.255  event6   TOUCH_MOTION              3  +12.865s	1 (1) 70.69/55.13 (226.33/99.33mm)
1787598414.255  event6   TOUCH_MOTION              4  +12.865s	2 (2) 52.63/54.12 (168.50/97.50mm)
1787598414.255  event6   TOUCH_FRAME                  +12.865s	
1787598414.264  event6   TOUCH_MOTION              2  +12.874s	0 (0) 61.17/46.53 (195.83/83.83mm)
1787598414.264  event6   TOUCH_MOTION              3  +12.874s	1 (1) 69.81/55.23 (223.50/99.50mm)
1787598414.264  event6   TOUCH_MOTION              4  +12.874s	2 (2) 51.54/54.76 (165.00/98.67mm)
1787598414.264  event6   TOUCH_FRAME                  +12.874s	
1787598414.274  event6   TOUCH_MOTION              2  +12.884s	0 (0) 60.12/46.90 (192.50/84.50mm)
1787598414.274  event6   TOUCH_MOTION              3  +12.884s	1 (1) 68.87/55.41 (220.50/99.83mm)
1787598414.274  event6   TOUCH_MOTION              4  +12.884s	2 (2) 50.39/55.50 (161.33/100.00mm)
1787598414.274  event6   TOUCH_FRAME                  +12.884s	
1787598414.283  event6   TOUCH_MOTION              2  +12.893s	0 (0) 59.03/47.36 (189.00/85.33mm)
1787598414.283  event6   TOUCH_MOTION              3  +12.893s	1 (1) 67.88/55.60 (217.33/100.17mm)
1787598414.283  event6   TOUCH_MOTION              4  +12.893s	2 (2) 49.14/56.34 (157.33/101.50mm)
1787598414.283  event6   TOUCH_FRAME                  +12.893s	
1787598414.292  event6   TOUCH_MOTION              2  +12.902s	0 (0) 57.89/47.92 (185.33/86.33mm)
1787598414.292  event6   TOUCH_MOTION              3  +12.902s	1 (1) 66.89/55.78 (214.17/100.50mm)
1787598414.292  event6   TOUCH_MOTION              4  +12.902s	2 (2) 47.84/57.08 (153.17/102.83mm)
1787598414.292  event6   TOUCH_FRAME                  +12.902s	
1787598414.301  event6   TOUCH_MOTION              2  +12.911s	0 (0) 56.64/48.38 (181.33/87.17mm)
1787598414.301  event6   TOUCH_MOTION              3  +12.911s	1 (1) 65.90/55.97 (211.00/100.83mm)
1787598414.301  event6   TOUCH_MOTION              4  +12.911s	2 (2) 46.49/58.00 (148.83/104.50mm)
1787598414.301  event6   TOUCH_FRAME                  +12.911s	
1787598414.310  event6   TOUCH_MOTION              2  +12.920s	0 (0) 55.39/49.03 (177.33/88.33mm)
1787598414.310  event6   TOUCH_MOTION              3  +12.920s	1 (1) 64.86/56.24 (207.67/101.33mm)
1787598414.310  event6   TOUCH_MOTION              4  +12.920s	2 (2) 45.03/59.02 (144.17/106.33mm)
1787598414.310  event6   TOUCH_FRAME                  +12.920s	
1787598414.319  event6   TOUCH_MOTION              2  +12.929s	0 (0) 54.09/49.58 (173.17/89.33mm)
1787598414.319  event6   TOUCH_MOTION              3  +12.929s	1 (1) 63.77/56.43 (204.17/101.67mm)
1787598414.319  event6   TOUCH_MOTION              4  +12.929s	2 (2) 43.62/60.13 (139.67/108.33mm)
1787598414.319  event6   TOUCH_FRAME                  +12.929s	
1787598414.328  event6   TOUCH_MOTION              2  +12.938s	0 (0) 52.68/50.32 (168.67/90.67mm)
1787598414.328  event6   TOUCH_MOTION              3  +12.938s	1 (1) 62.68/56.71 (200.67/102.17mm)
1787598414.328  event6   TOUCH_MOTION              4  +12.938s	2 (2) 42.11/61.24 (134.83/110.33mm)
1787598414.328  event6   TOUCH_FRAME                  +12.938s	
1787598414.337  event6   TOUCH_MOTION              2  +12.947s	0 (0) 51.28/50.97 (164.17/91.83mm)
1787598414.337  event6   TOUCH_MOTION              3  +12.947s	1 (1) 61.53/57.08 (197.00/102.83mm)
1787598414.337  event6   TOUCH_MOTION              4  +12.947s	2 (2) 40.60/62.44 (130.00/112.50mm)
1787598414.337  event6   TOUCH_FRAME                  +12.947s	
1787598414.347  event6   TOUCH_MOTION              2  +12.957s	0 (0) 49.77/51.62 (159.33/93.00mm)
1787598414.347  event6   TOUCH_MOTION              3  +12.957s	1 (1) 60.39/57.35 (193.33/103.33mm)
1787598414.347  event6   TOUCH_MOTION              4  +12.957s	2 (2) 39.25/63.55 (125.67/114.50mm)
1787598414.347  event6   TOUCH_FRAME                  +12.957s	
1787598414.356  event6   TOUCH_MOTION              2  +12.966s	0 (0) 48.26/52.27 (154.50/94.17mm)
1787598414.356  event6   TOUCH_MOTION              3  +12.966s	1 (1) 59.24/57.63 (189.67/103.83mm)
1787598414.356  event6   TOUCH_MOTION              4  +12.966s	2 (2) 38.00/64.57 (121.67/116.33mm)
1787598414.356  event6   TOUCH_FRAME                  +12.966s	
1787598414.365  event6   TOUCH_MOTION              2  +12.975s	0 (0) 46.80/53.01 (149.83/95.50mm)
1787598414.365  event6   TOUCH_MOTION              3  +12.975s	1 (1) 58.20/57.82 (186.33/104.17mm)
1787598414.365  event6   TOUCH_MOTION              4  +12.975s	2 (2) 36.80/65.59 (117.83/118.17mm)
1787598414.365  event6   TOUCH_FRAME                  +12.975s	
1787598414.374  event6   TOUCH_MOTION              2  +12.984s	0 (0) 45.45/53.75 (145.50/96.83mm)
1787598414.374  event6   TOUCH_MOTION              3  +12.984s	1 (1) 57.26/58.09 (183.33/104.67mm)
1787598414.374  event6   TOUCH_MOTION              4  +12.984s	2 (2) 35.66/66.60 (114.17/120.00mm)
1787598414.374  event6   TOUCH_FRAME                  +12.984s	
1787598414.383  event6   TOUCH_MOTION              2  +12.993s	0 (0) 44.14/54.49 (141.33/98.17mm)
1787598414.383  event6   TOUCH_MOTION              3  +12.993s	1 (1) 56.43/58.28 (180.67/105.00mm)
1787598414.383  event6   TOUCH_MOTION              4  +12.993s	2 (2) 34.62/67.62 (110.83/121.83mm)
1787598414.383  event6   TOUCH_FRAME                  +12.993s	
1787598414.392  event6   TOUCH_MOTION              2  +13.002s	0 (0) 43.05/55.04 (137.83/99.17mm)
1787598414.392  event6   TOUCH_MOTION              3  +13.002s	1 (1) 55.70/58.46 (178.33/105.33mm)
1787598414.392  event6   TOUCH_MOTION              4  +13.002s	2 (2) 33.68/68.46 (107.83/123.33mm)
1787598414.392  event6   TOUCH_FRAME                  +13.002s	
1787598414.401  event6   TOUCH_MOTION              2  +13.011s	0 (0) 42.01/55.60 (134.50/100.17mm)
1787598414.401  event6   TOUCH_MOTION              3  +13.011s	1 (1) 55.08/58.65 (176.33/105.67mm)
1787598414.401  event6   TOUCH_MOTION              4  +13.011s	2 (2) 32.80/69.10 (105.00/124.50mm)
1787598414.401  event6   TOUCH_FRAME                  +13.011s	
1787598414.411  event6   TOUCH_MOTION              2  +13.021s	0 (0) 41.23/55.97 (132.00/100.83mm)
1787598414.411  event6   TOUCH_MOTION              3  +13.021s	1 (1) 54.50/58.65 (174.50/105.67mm)
1787598414.411  event6   TOUCH_MOTION              4  +13.021s	2 (2) 32.12/69.57 (102.83/125.33mm)
1787598414.411  event6   TOUCH_FRAME                  +13.021s	
1787598414.420  event6   TOUCH_MOTION              2  +13.030s	0 (0) 40.60/56.15 (130.00/101.17mm)
1787598414.420  event6   TOUCH_MOTION              3  +13.030s	1 (1) 54.03/58.74 (173.00/105.83mm)
1787598414.420  event6   TOUCH_MOTION              4  +13.030s	2 (2) 31.65/69.84 (101.33/125.83mm)
1787598414.420  event6   TOUCH_FRAME                  +13.030s	
1787598414.429  event6   TOUCH_MOTION              2  +13.039s	0 (0) 40.14/56.24 (128.50/101.33mm)
1787598414.429  event6   TOUCH_MOTION              3  +13.039s	1 (1) 53.62/58.83 (171.67/106.00mm)
1787598414.429  event6   TOUCH_MOTION              4  +13.039s	2 (2) 31.34/69.94 (100.33/126.00mm)
1787598414.429  event6   TOUCH_FRAME                  +13.039s	
1787598414.438  event6   TOUCH_MOTION              2  +13.048s	0 (0) 39.82/56.34 (127.50/101.50mm)
1787598414.438  event6   TOUCH_MOTION              3  +13.048s	1 (1) 53.20/58.93 (170.33/106.17mm)
1787598414.438  event6   TOUCH_MOTION              4  +13.048s	2 (2) 31.18/70.03 (99.83/126.17mm)
1787598414.438  event6   TOUCH_FRAME                  +13.048s	
1787598414.447  event6   TOUCH_MOTION              2  +13.057s	0 (0) 39.51/56.34 (126.50/101.50mm)
1787598414.447  event6   TOUCH_MOTION              3  +13.057s	1 (1) 52.79/59.02 (169.00/106.33mm)
1787598414.447  event6   TOUCH_MOTION              4  +13.057s	2 (2) 31.03/70.12 (99.33/126.33mm)
1787598414.447  event6   TOUCH_FRAME                  +13.057s	
1787598414.456  event6   TOUCH_MOTION              2  +13.066s	0 (0) 39.25/56.43 (125.67/101.67mm)
1787598414.456  event6   TOUCH_MOTION              3  +13.066s	1 (1) 52.26/59.02 (167.33/106.33mm)
1787598414.456  event6   TOUCH_MOTION              4  +13.066s	2 (2) 30.92/70.12 (99.00/126.33mm)
1787598414.456  event6   TOUCH_FRAME                  +13.066s	
1787598414.465  event6   TOUCH_MOTION              2  +13.075s	0 (0) 38.99/56.52 (124.83/101.83mm)
1787598414.465  event6   TOUCH_MOTION              3  +13.075s	1 (1) 51.59/59.11 (165.17/106.50mm)
1787598414.465  event6   TOUCH_MOTION              4  +13.075s	2 (2) 30.77/70.12 (98.50/126.33mm)
1787598414.465  event6   TOUCH_FRAME                  +13.075s	
1787598414.474  event6   TOUCH_MOTION              2  +13.084s	0 (0) 38.68/56.61 (123.83/102.00mm)
1787598414.474  event6   TOUCH_MOTION              3  +13.084s	1 (1) 50.65/59.30 (162.17/106.83mm)
1787598414.474  event6   TOUCH_MOTION              4  +13.084s	2 (2) 30.66/70.12 (98.17/126.33mm)
1787598414.474  event6   TOUCH_FRAME                  +13.084s	
1787598414.483  event6   TOUCH_MOTION              2  +13.093s	0 (0) 38.37/56.71 (122.83/102.17mm)
1787598414.483  event6   TOUCH_MOTION              3  +13.093s	2 (2) 30.50/70.21 (97.67/126.50mm)
1787598414.483  event6   TOUCH_FRAME                  +13.093s	
1787598414.492  event6   TOUCH_MOTION              2  +13.102s	0 (0) 37.95/56.71 (121.50/102.17mm)
1787598414.492  event6   TOUCH_MOTION              3  +13.102s	2 (2) 30.30/70.31 (97.00/126.67mm)
1787598414.492  event6   TOUCH_FRAME                  +13.102s	
1787598414.502  event6   TOUCH_MOTION              2  +13.112s	0 (0) 37.53/56.89 (120.17/102.50mm)
1787598414.502  event6   TOUCH_MOTION              3  +13.112s	2 (2) 29.98/70.40 (96.00/126.83mm)
1787598414.502  event6   TOUCH_FRAME                  +13.112s	
1787598414.510  event6   TOUCH_MOTION              2  +13.121s	0 (0) 37.01/57.08 (118.50/102.83mm)
1787598414.510  event6   TOUCH_MOTION              3  +13.121s	2 (2) 29.62/70.68 (94.83/127.33mm)
1787598414.510  event6   TOUCH_FRAME                  +13.121s	
1787598414.519  event6   TOUCH_MOTION              2  +13.130s	0 (0) 36.49/57.26 (116.83/103.17mm)
1787598414.519  event6   TOUCH_UP                     +13.130s	1 (1)
1787598414.519  event6   TOUCH_MOTION                 +13.130s	2 (2) 29.15/70.95 (93.33/127.83mm)
1787598414.519  event6   TOUCH_FRAME                  +13.130s	
1787598414.528  event6   TOUCH_MOTION              2  +13.139s	0 (0) 33.26/58.65 (106.50/105.67mm)
1787598414.528  event6   TOUCH_MOTION              3  +13.139s	2 (2) 26.60/72.90 (85.17/131.33mm)
1787598414.528  event6   TOUCH_FRAME                  +13.139s	
1787598414.538  event6   TOUCH_MOTION              2  +13.149s	0 (0) 32.95/58.65 (105.50/105.67mm)
1787598414.538  event6   TOUCH_MOTION              3  +13.149s	2 (2) 26.24/73.17 (84.00/131.83mm)
1787598414.538  event6   TOUCH_FRAME                  +13.149s	
1787598414.546  event6   TOUCH_MOTION              2  +13.157s	0 (0) 32.74/58.74 (104.83/105.83mm)
1787598414.546  event6   TOUCH_MOTION              3  +13.157s	2 (2) 25.87/73.36 (82.83/132.17mm)
1787598414.546  event6   TOUCH_FRAME                  +13.157s	
1787598414.556  event6   TOUCH_MOTION              2  +13.167s	0 (0) 32.48/58.83 (104.00/106.00mm)
1787598414.556  event6   TOUCH_MOTION              3  +13.167s	2 (2) 25.51/73.64 (81.67/132.67mm)
1787598414.556  event6   TOUCH_FRAME                  +13.167s	
1787598414.565  event6   TOUCH_MOTION              2  +13.176s	0 (0) 32.17/58.93 (103.00/106.17mm)
1787598414.565  event6   TOUCH_MOTION              3  +13.176s	2 (2) 25.14/73.82 (80.50/133.00mm)
1787598414.565  event6   TOUCH_FRAME                  +13.176s	
1787598414.574  event6   TOUCH_MOTION              2  +13.185s	0 (0) 31.86/59.02 (102.00/106.33mm)
1787598414.574  event6   TOUCH_DOWN                   +13.185s	1 (1) 37.90/63.92 (121.33/115.17mm)
1787598414.574  event6   TOUCH_MOTION                 +13.185s	2 (2) 24.78/74.01 (79.33/133.33mm)
1787598414.574  event6   TOUCH_FRAME                  +13.185s	
1787598414.583  event6   TOUCH_MOTION              2  +13.194s	0 (0) 31.44/59.11 (100.67/106.50mm)
1787598414.584  event6   TOUCH_MOTION              3  +13.194s	2 (2) 24.47/74.10 (78.33/133.50mm)
1787598414.584  event6   TOUCH_FRAME                  +13.194s	
1787598414.592  event6   TOUCH_MOTION              2  +13.203s	0 (0) 31.03/59.30 (99.33/106.83mm)
1787598414.593  event6   TOUCH_MOTION              3  +13.203s	2 (2) 24.10/74.28 (77.17/133.83mm)
1787598414.593  event6   TOUCH_FRAME                  +13.203s	
1787598414.601  event6   TOUCH_MOTION              2  +13.212s	0 (0) 30.56/59.39 (97.83/107.00mm)
1787598414.601  event6   TOUCH_MOTION              3  +13.212s	2 (2) 23.79/74.47 (76.17/134.17mm)
1787598414.601  event6   TOUCH_FRAME                  +13.212s	
1787598414.610  event6   TOUCH_MOTION              2  +13.221s	0 (0) 30.09/59.57 (96.33/107.33mm)
1787598414.610  event6   TOUCH_MOTION              3  +13.221s	2 (2) 23.43/74.56 (75.00/134.33mm)
1787598414.610  event6   TOUCH_FRAME                  +13.221s	
1787598414.620  event6   TOUCH_MOTION              2  +13.231s	0 (0) 29.67/59.76 (95.00/107.67mm)
1787598414.620  event6   TOUCH_MOTION              3  +13.231s	2 (2) 23.06/74.84 (73.83/134.83mm)
1787598414.620  event6   TOUCH_FRAME                  +13.231s	
1787598414.629  event6   TOUCH_MOTION              2  +13.240s	0 (0) 29.20/60.04 (93.50/108.17mm)
1787598414.629  event6   TOUCH_MOTION              3  +13.240s	1 (1) 37.48/63.74 (120.00/114.83mm)
1787598414.629  event6   TOUCH_MOTION              4  +13.240s	2 (2) 22.70/74.93 (72.67/135.00mm)
1787598414.629  event6   TOUCH_FRAME                  +13.240s	
1787598414.639  event6   TOUCH_MOTION              2  +13.249s	0 (0) 28.74/60.13 (92.00/108.33mm)
1787598414.639  event6   TOUCH_MOTION              3  +13.249s	1 (1) 37.22/63.64 (119.17/114.67mm)
1787598414.639  event6   TOUCH_MOTION              4  +13.249s	2 (2) 22.33/75.12 (71.50/135.33mm)
1787598414.639  event6   TOUCH_FRAME                  +13.249s	
1787598414.647  event6   TOUCH_MOTION              2  +13.258s	0 (0) 28.27/60.31 (90.50/108.67mm)
1787598414.647  event6   TOUCH_MOTION              3  +13.258s	1 (1) 36.80/63.64 (117.83/114.67mm)
1787598414.647  event6   TOUCH_MOTION              4  +13.258s	2 (2) 22.02/75.30 (70.50/135.67mm)
1787598414.647  event6   TOUCH_FRAME                  +13.258s	
1787598414.656  event6   TOUCH_MOTION              2  +13.267s	0 (0) 27.80/60.50 (89.00/109.00mm)
1787598414.656  event6   TOUCH_MOTION              3  +13.267s	2 (2) 21.66/75.39 (69.33/135.83mm)
1787598414.656  event6   TOUCH_FRAME                  +13.267s	
1787598414.666  event6   TOUCH_MOTION              2  +13.277s	0 (0) 27.28/60.59 (87.33/109.17mm)
1787598414.666  event6   TOUCH_MOTION              3  +13.277s	2 (2) 21.34/75.58 (68.33/136.17mm)
1787598414.666  event6   TOUCH_FRAME                  +13.277s	
1787598414.677  event6   TOUCH_MOTION              2  +13.287s	0 (0) 26.76/60.87 (85.67/109.67mm)
1787598414.677  event6   TOUCH_MOTION              3  +13.287s	2 (2) 20.93/75.76 (67.00/136.50mm)
1787598414.677  event6   TOUCH_FRAME                  +13.287s	
1787598414.687  event6   TOUCH_MOTION              2  +13.297s	0 (0) 26.18/61.24 (83.83/110.33mm)
1787598414.687  event6   TOUCH_MOTION              3  +13.297s	2 (2) 20.46/76.04 (65.50/137.00mm)
1787598414.687  event6   TOUCH_FRAME                  +13.297s	
1787598414.697  event6   TOUCH_MOTION              2  +13.307s	0 (0) 25.56/61.61 (81.83/111.00mm)
1787598414.697  event6   TOUCH_UP                     +13.307s	1 (1)
1787598414.697  event6   TOUCH_MOTION                 +13.307s	2 (2) 19.94/76.41 (63.83/137.67mm)
1787598414.697  event6   TOUCH_FRAME                  +13.307s	
1787598414.707  event6   TOUCH_MOTION              2  +13.317s	0 (0) 24.88/61.98 (79.67/111.67mm)
1787598414.707  event6   TOUCH_MOTION              3  +13.317s	2 (2) 19.36/76.87 (62.00/138.50mm)
1787598414.707  event6   TOUCH_FRAME                  +13.317s	
1787598414.716  event6   TOUCH_MOTION              2  +13.326s	0 (0) 24.21/62.44 (77.50/112.50mm)
1787598414.716  event6   TOUCH_MOTION              3  +13.326s	2 (2) 18.74/77.34 (60.00/139.33mm)
1787598414.716  event6   TOUCH_FRAME                  +13.326s	
1787598414.725  event6   TOUCH_MOTION              2  +13.335s	0 (0) 23.58/62.90 (75.50/113.33mm)
1787598414.725  event6   TOUCH_MOTION              3  +13.335s	2 (2) 18.17/77.80 (58.17/140.17mm)
1787598414.725  event6   TOUCH_FRAME                  +13.335s	
1787598414.734  event6   TOUCH_MOTION              2  +13.344s	0 (0) 22.96/63.27 (73.50/114.00mm)
1787598414.734  event6   TOUCH_MOTION              3  +13.344s	2 (2) 17.60/78.26 (56.33/141.00mm)
1787598414.734  event6   TOUCH_FRAME                  +13.344s	
1787598414.743  event6   TOUCH_MOTION              2  +13.353s	0 (0) 22.44/63.64 (71.83/114.67mm)
1787598414.743  event6   TOUCH_DOWN                   +13.353s	1 (1) 27.02/67.99 (86.50/122.50mm)
1787598414.743  event6   TOUCH_MOTION                 +13.353s	2 (2) 17.13/78.63 (54.83/141.67mm)
1787598414.743  event6   TOUCH_FRAME                  +13.353s	
1787598414.752  event6   TOUCH_MOTION              2  +13.362s	0 (0) 21.92/63.92 (70.17/115.17mm)
1787598414.752  event6   TOUCH_MOTION              3  +13.362s	1 (1) 26.97/67.99 (86.33/122.50mm)
1787598414.752  event6   TOUCH_MOTION              4  +13.362s	2 (2) 16.66/79.09 (53.33/142.50mm)
1787598414.752  event6   TOUCH_FRAME                  +13.362s	
1787598414.761  event6   TOUCH_MOTION              2  +13.371s	0 (0) 21.50/64.20 (68.83/115.67mm)
1787598414.761  event6   TOUCH_MOTION              3  +13.371s	1 (1) 26.86/67.99 (86.00/122.50mm)
1787598414.761  event6   TOUCH_MOTION              4  +13.371s	2 (2) 16.24/79.46 (52.00/143.17mm)
1787598414.761  event6   TOUCH_FRAME                  +13.371s	
1787598414.770  event6   TOUCH_MOTION              2  +13.380s	0 (0) 21.08/64.38 (67.50/116.00mm)
1787598414.770  event6   TOUCH_MOTION              3  +13.380s	1 (1) 26.81/67.99 (85.83/122.50mm)
1787598414.770  event6   TOUCH_MOTION              4  +13.380s	2 (2) 15.83/79.74 (50.67/143.67mm)
1787598414.770  event6   TOUCH_FRAME                  +13.380s	
1787598414.780  event6   TOUCH_MOTION              2  +13.390s	0 (0) 20.72/64.57 (66.33/116.33mm)
1787598414.780  event6   TOUCH_MOTION              3  +13.390s	1 (1) 26.76/67.99 (85.67/122.50mm)
1787598414.780  event6   TOUCH_MOTION              4  +13.390s	2 (2) 15.51/79.93 (49.67/144.00mm)
1787598414.780  event6   TOUCH_FRAME                  +13.390s	
1787598414.789  event6   TOUCH_MOTION              2  +13.399s	0 (0) 20.41/64.66 (65.33/116.50mm)
1787598414.789  event6   TOUCH_MOTION              3  +13.399s	2 (2) 15.20/80.20 (48.67/144.50mm)
1787598414.789  event6   TOUCH_FRAME                  +13.399s	
1787598414.798  event6   TOUCH_MOTION              2  +13.408s	0 (0) 20.15/64.85 (64.50/116.83mm)
1787598414.798  event6   TOUCH_MOTION              3  +13.408s	2 (2) 14.94/80.30 (47.83/144.67mm)
1787598414.798  event6   TOUCH_FRAME                  +13.408s	
1787598414.807  event6   TOUCH_MOTION              2  +13.417s	0 (0) 19.94/64.94 (63.83/117.00mm)
1787598414.807  event6   TOUCH_MOTION              3  +13.417s	2 (2) 14.73/80.48 (47.17/145.00mm)
1787598414.807  event6   TOUCH_FRAME                  +13.417s	
1787598414.815  event6   TOUCH_MOTION              2  +13.426s	0 (0) 19.73/65.03 (63.17/117.17mm)
1787598414.815  event6   TOUCH_MOTION              3  +13.426s	2 (2) 14.58/80.57 (46.67/145.17mm)
1787598414.815  event6   TOUCH_FRAME                  +13.426s	
1787598414.825  event6   TOUCH_MOTION              2  +13.435s	0 (0) 19.57/65.03 (62.67/117.17mm)
1787598414.825  event6   TOUCH_MOTION              3  +13.435s	2 (2) 14.47/80.76 (46.33/145.50mm)
1787598414.825  event6   TOUCH_FRAME                  +13.435s	
1787598414.834  event6   TOUCH_MOTION              2  +13.444s	0 (0) 19.42/65.12 (62.17/117.33mm)
1787598414.834  event6   TOUCH_MOTION              3  +13.444s	2 (2) 14.32/80.85 (45.83/145.67mm)
1787598414.834  event6   TOUCH_FRAME                  +13.444s	
1787598414.842  event6   TOUCH_MOTION              2  +13.453s	0 (0) 19.31/65.22 (61.83/117.50mm)
1787598414.842  event6   TOUCH_MOTION              3  +13.453s	2 (2) 14.26/80.94 (45.67/145.83mm)
1787598414.842  event6   TOUCH_FRAME                  +13.453s	
1787598414.852  event6   TOUCH_MOTION              2  +13.463s	0 (0) 19.21/65.22 (61.50/117.50mm)
1787598414.852  event6   TOUCH_MOTION              3  +13.463s	2 (2) 14.16/80.94 (45.33/145.83mm)
1787598414.852  event6   TOUCH_FRAME                  +13.463s	
1787598414.861  event6   TOUCH_MOTION              2  +13.472s	0 (0) 19.16/65.22 (61.33/117.50mm)
1787598414.861  event6   TOUCH_MOTION              3  +13.472s	2 (2) 14.11/81.04 (45.17/146.00mm)
1787598414.861  event6   TOUCH_FRAME                  +13.472s	
1787598414.870  event6   TOUCH_MOTION              2  +13.481s	2 (2) 14.06/81.13 (45.00/146.17mm)
1787598414.870  event6   TOUCH_FRAME                  +13.481s	
1787598414.879  event6   TOUCH_MOTION              2  +13.490s	0 (0) 19.10/65.22 (61.17/117.50mm)
1787598414.879  event6   TOUCH_MOTION              3  +13.490s	2 (2) 14.06/81.22 (45.00/146.33mm)
1787598414.879  event6   TOUCH_FRAME                  +13.490s	
1787598414.888  event6   TOUCH_MOTION              2  +13.499s	2 (2) 14.06/81.31 (45.00/146.50mm)
1787598414.888  event6   TOUCH_FRAME                  +13.499s	
1787598414.926  event6   TOUCH_MOTION              2  +13.536s	2 (2) 14.06/81.41 (45.00/146.67mm)
1787598414.926  event6   TOUCH_FRAME                  +13.536s	
1787598414.952  event6   TOUCH_MOTION              2  +13.563s	1 (1) 26.76/67.90 (85.67/122.33mm)
1787598414.953  event6   TOUCH_MOTION              3  +13.563s	2 (2) 14.11/81.41 (45.17/146.67mm)
1787598414.953  event6   TOUCH_FRAME                  +13.563s	
1787598414.961  event6   TOUCH_MOTION              2  +13.572s	2 (2) 14.16/81.41 (45.33/146.67mm)
1787598414.961  event6   TOUCH_FRAME                  +13.572s	
1787598414.970  event6   TOUCH_MOTION              2  +13.581s	2 (2) 14.21/81.41 (45.50/146.67mm)
1787598414.970  event6   TOUCH_FRAME                  +13.581s	
1787598414.979  event6   TOUCH_MOTION              2  +13.590s	2 (2) 14.26/81.41 (45.67/146.67mm)
1787598414.979  event6   TOUCH_FRAME                  +13.590s	
1787598414.989  event6   TOUCH_MOTION              2  +13.600s	1 (1) 26.81/67.90 (85.83/122.33mm)
1787598414.989  event6   TOUCH_FRAME                  +13.600s	
1787598414.998  event6   TOUCH_MOTION              2  +13.609s	0 (0) 19.16/65.22 (61.33/117.50mm)
1787598414.998  event6   TOUCH_MOTION              3  +13.609s	1 (1) 26.86/67.81 (86.00/122.17mm)
1787598414.998  event6   TOUCH_MOTION              4  +13.609s	2 (2) 14.37/81.41 (46.00/146.67mm)
1787598414.998  event6   TOUCH_FRAME                  +13.609s	
1787598415.007  event6   TOUCH_MOTION              2  +13.618s	0 (0) 19.21/65.22 (61.50/117.50mm)
1787598415.007  event6   TOUCH_MOTION              3  +13.618s	1 (1) 26.97/67.72 (86.33/122.00mm)
1787598415.007  event6   TOUCH_MOTION              4  +13.618s	2 (2) 14.47/81.41 (46.33/146.67mm)
1787598415.007  event6   TOUCH_FRAME                  +13.618s	
1787598415.016  event6   TOUCH_MOTION              2  +13.627s	0 (0) 19.36/65.12 (62.00/117.33mm)
1787598415.016  event6   TOUCH_MOTION              3  +13.627s	1 (1) 27.17/67.72 (87.00/122.00mm)
1787598415.016  event6   TOUCH_MOTION              4  +13.627s	2 (2) 14.58/81.41 (46.67/146.67mm)
1787598415.017  event6   TOUCH_FRAME                  +13.627s	
1787598415.026  event6   TOUCH_MOTION              2  +13.636s	0 (0) 19.52/65.03 (62.50/117.17mm)
1787598415.026  event6   TOUCH_MOTION              3  +13.636s	1 (1) 27.33/67.53 (87.50/121.67mm)
1787598415.026  event6   TOUCH_MOTION              4  +13.636s	2 (2) 14.68/81.41 (47.00/146.67mm)
1787598415.026  event6   TOUCH_FRAME                  +13.636s	
1787598415.035  event6   TOUCH_MOTION              2  +13.645s	0 (0) 19.73/64.94 (63.17/117.00mm)
1787598415.035  event6   TOUCH_MOTION              3  +13.645s	1 (1) 27.59/67.35 (88.33/121.33mm)
1787598415.035  event6   TOUCH_MOTION              4  +13.645s	2 (2) 14.89/81.31 (47.67/146.50mm)
1787598415.035  event6   TOUCH_FRAME                  +13.645s	
1787598415.043  event6   TOUCH_MOTION              2  +13.654s	0 (0) 19.99/64.66 (64.00/116.50mm)
1787598415.043  event6   TOUCH_MOTION              3  +13.654s	1 (1) 27.85/67.25 (89.17/121.17mm)
1787598415.044  event6   TOUCH_MOTION              4  +13.654s	2 (2) 15.10/81.22 (48.33/146.33mm)
1787598415.044  event6   TOUCH_FRAME                  +13.654s	
1787598415.054  event6   TOUCH_MOTION              2  +13.664s	0 (0) 20.30/64.48 (65.00/116.17mm)
1787598415.054  event6   TOUCH_MOTION              3  +13.664s	1 (1) 28.21/66.98 (90.33/120.67mm)
1787598415.054  event6   TOUCH_MOTION              4  +13.664s	2 (2) 15.36/80.94 (49.17/145.83mm)
1787598415.054  event6   TOUCH_FRAME                  +13.664s	
1787598415.063  event6   TOUCH_MOTION              2  +13.673s	0 (0) 20.61/64.20 (66.00/115.67mm)
1787598415.063  event6   TOUCH_MOTION              3  +13.673s	1 (1) 28.53/66.79 (91.33/120.33mm)
1787598415.063  event6   TOUCH_MOTION              4  +13.673s	2 (2) 15.62/80.67 (50.00/145.33mm)
1787598415.063  event6   TOUCH_FRAME                  +13.673s	
1787598415.072  event6   TOUCH_MOTION              2  +13.682s	0 (0) 20.93/63.92 (67.00/115.17mm)
1787598415.072  event6   TOUCH_MOTION              3  +13.682s	1 (1) 28.94/66.60 (92.67/120.00mm)
1787598415.072  event6   TOUCH_MOTION              4  +13.682s	2 (2) 15.98/80.30 (51.17/144.67mm)
1787598415.072  event6   TOUCH_FRAME                  +13.682s	
1787598415.081  event6   TOUCH_MOTION              2  +13.691s	0 (0) 21.40/63.55 (68.50/114.50mm)
1787598415.081  event6   TOUCH_MOTION              3  +13.691s	1 (1) 29.36/66.23 (94.00/119.33mm)
1787598415.081  event6   TOUCH_MOTION              4  +13.691s	2 (2) 16.29/79.93 (52.17/144.00mm)
1787598415.081  event6   TOUCH_FRAME                  +13.691s	
1787598415.090  event6   TOUCH_MOTION              2  +13.700s	0 (0) 21.81/63.18 (69.83/113.83mm)
1787598415.090  event6   TOUCH_MOTION              3  +13.700s	1 (1) 29.83/65.96 (95.50/118.83mm)
1787598415.090  event6   TOUCH_MOTION              4  +13.700s	2 (2) 16.71/79.46 (53.50/143.17mm)
1787598415.090  event6   TOUCH_FRAME                  +13.700s	
1787598415.099  event6   TOUCH_MOTION              2  +13.709s	0 (0) 22.28/62.81 (71.33/113.17mm)
1787598415.099  event6   TOUCH_MOTION              3  +13.709s	1 (1) 30.30/65.68 (97.00/118.33mm)
1787598415.099  event6   TOUCH_MOTION              4  +13.709s	2 (2) 17.13/79.09 (54.83/142.50mm)
1787598415.099  event6   TOUCH_FRAME                  +13.709s	
1787598415.108  event6   TOUCH_MOTION              2  +13.718s	0 (0) 22.80/62.35 (73.00/112.33mm)
1787598415.108  event6   TOUCH_MOTION              3  +13.718s	1 (1) 30.77/65.31 (98.50/117.67mm)
1787598415.108  event6   TOUCH_MOTION              4  +13.718s	2 (2) 17.54/78.54 (56.17/141.50mm)
1787598415.108  event6   TOUCH_FRAME                  +13.718s	
1787598415.117  event6   TOUCH_MOTION              2  +13.727s	0 (0) 23.37/61.89 (74.83/111.50mm)
1787598415.117  event6   TOUCH_MOTION              3  +13.727s	1 (1) 31.34/64.94 (100.33/117.00mm)
1787598415.117  event6   TOUCH_MOTION              4  +13.727s	2 (2) 18.01/77.89 (57.67/140.33mm)
1787598415.117  event6   TOUCH_FRAME                  +13.727s	
1787598415.127  event6   TOUCH_MOTION              2  +13.737s	0 (0) 23.95/61.33 (76.67/110.50mm)
1787598415.127  event6   TOUCH_MOTION              3  +13.737s	1 (1) 31.86/64.57 (102.00/116.33mm)
1787598415.127  event6   TOUCH_MOTION              4  +13.737s	2 (2) 18.48/77.34 (59.17/139.33mm)
1787598415.127  event6   TOUCH_FRAME                  +13.737s	
1787598415.136  event6   TOUCH_MOTION              2  +13.746s	0 (0) 24.52/60.87 (78.50/109.67mm)
1787598415.136  event6   TOUCH_MOTION              3  +13.746s	1 (1) 32.48/64.11 (104.00/115.50mm)
1787598415.136  event6   TOUCH_MOTION              4  +13.746s	2 (2) 19.05/76.69 (61.00/138.17mm)
1787598415.136  event6   TOUCH_FRAME                  +13.746s	
1787598415.145  event6   TOUCH_MOTION              2  +13.755s	0 (0) 25.20/60.31 (80.67/108.67mm)
1787598415.145  event6   TOUCH_MOTION              3  +13.755s	1 (1) 33.11/63.64 (106.00/114.67mm)
1787598415.145  event6   TOUCH_MOTION              4  +13.755s	2 (2) 19.63/75.95 (62.83/136.83mm)
1787598415.145  event6   TOUCH_FRAME                  +13.755s	
1787598415.154  event6   TOUCH_MOTION              2  +13.764s	0 (0) 25.87/59.76 (82.83/107.67mm)
1787598415.154  event6   TOUCH_MOTION              3  +13.764s	1 (1) 33.78/63.18 (108.17/113.83mm)
1787598415.154  event6   TOUCH_MOTION              4  +13.764s	2 (2) 20.25/75.21 (64.83/135.50mm)
1787598415.154  event6   TOUCH_FRAME                  +13.764s	
1787598415.163  event6   TOUCH_MOTION              2  +13.773s	0 (0) 26.55/59.11 (85.00/106.50mm)
1787598415.163  event6   TOUCH_MOTION              3  +13.773s	1 (1) 34.46/62.81 (110.33/113.17mm)
1787598415.163  event6   TOUCH_MOTION              4  +13.773s	2 (2) 20.87/74.47 (66.83/134.17mm)
1787598415.163  event6   TOUCH_FRAME                  +13.773s	
1787598415.172  event6   TOUCH_MOTION              2  +13.782s	0 (0) 27.28/58.46 (87.33/105.33mm)
1787598415.172  event6   TOUCH_MOTION              3  +13.782s	1 (1) 35.19/62.26 (112.67/112.17mm)
1787598415.172  event6   TOUCH_MOTION              4  +13.782s	2 (2) 21.50/73.64 (68.83/132.67mm)
1787598415.172  event6   TOUCH_FRAME                  +13.782s	
1787598415.181  event6   TOUCH_MOTION              2  +13.791s	0 (0) 28.06/57.82 (89.83/104.17mm)
1787598415.181  event6   TOUCH_MOTION              3  +13.791s	1 (1) 35.92/61.70 (115.00/111.17mm)
1787598415.181  event6   TOUCH_MOTION              4  +13.791s	2 (2) 22.18/72.80 (71.00/131.17mm)
1787598415.181  event6   TOUCH_FRAME                  +13.791s	
1787598415.191  event6   TOUCH_MOTION              2  +13.801s	0 (0) 28.84/57.08 (92.33/102.83mm)
1787598415.191  event6   TOUCH_MOTION              3  +13.801s	1 (1) 36.70/61.24 (117.50/110.33mm)
1787598415.191  event6   TOUCH_MOTION              4  +13.801s	2 (2) 22.90/71.97 (73.33/129.67mm)
1787598415.191  event6   TOUCH_FRAME                  +13.801s	
1787598415.200  event6   TOUCH_MOTION              2  +13.810s	0 (0) 29.67/56.43 (95.00/101.67mm)
1787598415.200  event6   TOUCH_MOTION              3  +13.810s	1 (1) 37.48/60.68 (120.00/109.33mm)
1787598415.200  event6   TOUCH_MOTION              4  +13.810s	2 (2) 23.63/71.14 (75.67/128.17mm)
1787598415.200  event6   TOUCH_FRAME                  +13.810s	
1787598415.209  event6   TOUCH_MOTION              2  +13.819s	0 (0) 30.50/55.78 (97.67/100.50mm)
1787598415.209  event6   TOUCH_MOTION              3  +13.819s	1 (1) 38.31/60.22 (122.67/108.50mm)
1787598415.209  event6   TOUCH_MOTION              4  +13.819s	2 (2) 24.36/70.31 (78.00/126.67mm)
1787598415.209  event6   TOUCH_FRAME                  +13.819s	
1787598415.218  event6   TOUCH_MOTION              2  +13.828s	0 (0) 31.34/55.13 (100.33/99.33mm)
1787598415.218  event6   TOUCH_MOTION              3  +13.828s	1 (1) 39.09/59.76 (125.17/107.67mm)
1787598415.218  event6   TOUCH_MOTION              4  +13.828s	2 (2) 25.14/69.57 (80.50/125.33mm)
1787598415.218  event6   TOUCH_FRAME                  +13.828s	
1787598415.227  event6   TOUCH_MOTION              2  +13.837s	0 (0) 32.17/54.49 (103.00/98.17mm)
1787598415.227  event6   TOUCH_MOTION              3  +13.837s	1 (1) 39.93/59.30 (127.83/106.83mm)
1787598415.227  event6   TOUCH_MOTION              4  +13.837s	2 (2) 25.87/68.73 (82.83/123.83mm)
1787598415.227  event6   TOUCH_FRAME                  +13.837s	
1787598415.236  event6   TOUCH_MOTION              2  +13.846s	0 (0) 33.00/53.75 (105.67/96.83mm)
1787598415.236  event6   TOUCH_MOTION              3  +13.846s	1 (1) 40.81/58.83 (130.67/106.00mm)
1787598415.236  event6   TOUCH_MOTION              4  +13.846s	2 (2) 26.65/67.99 (85.33/122.50mm)
1787598415.236  event6   TOUCH_FRAME                  +13.846s	
1787598415.245  event6   TOUCH_MOTION              2  +13.855s	0 (0) 33.89/53.10 (108.50/95.67mm)
1787598415.245  event6   TOUCH_MOTION              3  +13.855s	1 (1) 41.70/58.28 (133.50/105.00mm)
1787598415.245  event6   TOUCH_MOTION              4  +13.855s	2 (2) 27.43/67.16 (87.83/121.00mm)
1787598415.245  event6   TOUCH_FRAME                  +13.855s	
1787598415.254  event6   TOUCH_MOTION              2  +13.864s	0 (0) 34.77/52.45 (111.33/94.50mm)
1787598415.254  event6   TOUCH_MOTION              3  +13.864s	1 (1) 42.58/57.82 (136.33/104.17mm)
1787598415.254  event6   TOUCH_MOTION              4  +13.864s	2 (2) 28.27/66.33 (90.50/119.50mm)
1787598415.254  event6   TOUCH_FRAME                  +13.864s	
1787598415.264  event6   TOUCH_MOTION              2  +13.874s	0 (0) 35.71/51.80 (114.33/93.33mm)
1787598415.264  event6   TOUCH_MOTION              3  +13.874s	1 (1) 43.47/57.26 (139.17/103.17mm)
1787598415.264  event6   TOUCH_MOTION              4  +13.874s	2 (2) 29.10/65.49 (93.17/118.00mm)
1787598415.264  event6   TOUCH_FRAME                  +13.874s	
1787598415.273  event6   TOUCH_MOTION              2  +13.883s	0 (0) 36.65/51.16 (117.33/92.17mm)
1787598415.273  event6   TOUCH_MOTION              3  +13.883s	1 (1) 44.46/56.71 (142.33/102.17mm)
1787598415.273  event6   TOUCH_MOTION              4  +13.883s	2 (2) 29.98/64.66 (96.00/116.50mm)
1787598415.273  event6   TOUCH_FRAME                  +13.883s	
1787598415.282  event6   TOUCH_MOTION              2  +13.892s	0 (0) 37.64/50.51 (120.50/91.00mm)
1787598415.282  event6   TOUCH_MOTION              3  +13.892s	1 (1) 45.50/56.24 (145.67/101.33mm)
1787598415.282  event6   TOUCH_MOTION              4  +13.892s	2 (2) 30.92/63.74 (99.00/114.83mm)
1787598415.282  event6   TOUCH_FRAME                  +13.892s	
1787598415.291  event6   TOUCH_MOTION              2  +13.901s	0 (0) 38.68/49.86 (123.83/89.83mm)
1787598415.291  event6   TOUCH_MOTION              3  +13.901s	1 (1) 46.49/55.69 (148.83/100.33mm)
1787598415.291  event6   TOUCH_MOTION              4  +13.901s	2 (2) 31.86/62.81 (102.00/113.17mm)
1787598415.291  event6   TOUCH_FRAME                  +13.901s	
1787598415.300  event6   TOUCH_MOTION              2  +13.910s	0 (0) 39.82/49.12 (127.50/88.50mm)
1787598415.300  event6   TOUCH_MOTION              3  +13.910s	1 (1) 47.48/55.23 (152.00/99.50mm)
1787598415.300  event6   TOUCH_MOTION              4  +13.910s	2 (2) 32.95/61.70 (105.50/111.17mm)
1787598415.300  event6   TOUCH_FRAME                  +13.910s	
1787598415.309  event6   TOUCH_MOTION              2  +13.919s	0 (0) 41.02/48.38 (131.33/87.17mm)
1787598415.309  event6   TOUCH_MOTION              3  +13.919s	1 (1) 48.41/54.76 (155.00/98.67mm)
1787598415.309  event6   TOUCH_MOTION              4  +13.919s	2 (2) 34.10/60.68 (109.17/109.33mm)
1787598415.309  event6   TOUCH_FRAME                  +13.919s	
1787598415.318  event6   TOUCH_MOTION              2  +13.928s	0 (0) 42.27/47.64 (135.33/85.83mm)
1787598415.318  event6   TOUCH_MOTION              3  +13.928s	1 (1) 49.40/54.30 (158.17/97.83mm)
1787598415.318  event6   TOUCH_MOTION              4  +13.928s	2 (2) 35.24/59.67 (112.83/107.50mm)
1787598415.318  event6   TOUCH_FRAME                  +13.928s	
1787598415.327  event6   TOUCH_MOTION              2  +13.937s	0 (0) 43.57/46.90 (139.50/84.50mm)
1787598415.327  event6   TOUCH_MOTION              3  +13.937s	1 (1) 50.39/53.93 (161.33/97.17mm)
1787598415.327  event6   TOUCH_MOTION              4  +13.937s	2 (2) 36.49/58.65 (116.83/105.67mm)
1787598415.327  event6   TOUCH_FRAME                  +13.937s	
1787598415.337  event6   TOUCH_MOTION              2  +13.947s	0 (0) 44.87/46.16 (143.67/83.17mm)
1787598415.337  event6   TOUCH_MOTION              3  +13.947s	1 (1) 51.33/53.56 (164.33/96.50mm)
1787598415.337  event6   TOUCH_MOTION              4  +13.947s	2 (2) 37.74/57.54 (120.83/103.67mm)
1787598415.337  event6   TOUCH_FRAME                  +13.947s	
1787598415.346  event6   TOUCH_MOTION              2  +13.956s	0 (0) 46.17/45.42 (147.83/81.83mm)
1787598415.346  event6   TOUCH_MOTION              3  +13.956s	1 (1) 52.26/53.28 (167.33/96.00mm)
1787598415.346  event6   TOUCH_MOTION              4  +13.956s	2 (2) 39.04/56.61 (125.00/102.00mm)
1787598415.346  event6   TOUCH_FRAME                  +13.956s	
1787598415.355  event6   TOUCH_MOTION              2  +13.965s	0 (0) 47.53/44.77 (152.17/80.67mm)
1787598415.355  event6   TOUCH_MOTION              3  +13.965s	1 (1) 53.20/52.91 (170.33/95.33mm)
1787598415.355  event6   TOUCH_MOTION              4  +13.965s	2 (2) 40.29/55.78 (129.00/100.50mm)
1787598415.355  event6   TOUCH_FRAME                  +13.965s	
1787598415.364  event6   TOUCH_MOTION              2  +13.974s	0 (0) 48.83/44.22 (156.33/79.67mm)
1787598415.364  event6   TOUCH_MOTION              3  +13.974s	1 (1) 54.09/52.64 (173.17/94.83mm)
1787598415.364  event6   TOUCH_MOTION              4  +13.974s	2 (2) 41.44/55.13 (132.67/99.33mm)
1787598415.364  event6   TOUCH_FRAME                  +13.974s	
1787598415.373  event6   TOUCH_MOTION              2  +13.983s	0 (0) 50.03/43.66 (160.17/78.67mm)
1787598415.373  event6   TOUCH_MOTION              3  +13.983s	1 (1) 54.97/52.45 (176.00/94.50mm)
1787598415.373  event6   TOUCH_MOTION              4  +13.983s	2 (2) 42.43/54.58 (135.83/98.33mm)
1787598415.373  event6   TOUCH_FRAME                  +13.983s	
1787598415.382  event6   TOUCH_MOTION              2  +13.992s	0 (0) 51.12/43.29 (163.67/78.00mm)
1787598415.382  event6   TOUCH_MOTION              3  +13.992s	1 (1) 55.86/52.17 (178.83/94.00mm)
1787598415.382  event6   TOUCH_MOTION              4  +13.992s	2 (2) 43.26/54.21 (138.50/97.67mm)
1787598415.382  event6   TOUCH_FRAME                  +13.992s	
1787598415.391  event6   TOUCH_MOTION              2  +14.001s	0 (0) 52.06/43.02 (166.67/77.50mm)
1787598415.391  event6   TOUCH_MOTION              3  +14.001s	1 (1) 56.74/51.99 (181.67/93.67mm)
1787598415.391  event6   TOUCH_MOTION              4  +14.001s	2 (2) 43.94/54.02 (140.67/97.33mm)
1787598415.391  event6   TOUCH_FRAME                  +14.001s	
1787598415.401  event6   TOUCH_MOTION              2  +14.011s	0 (0) 52.84/42.83 (169.17/77.17mm)
1787598415.401  event6   TOUCH_MOTION              3  +14.011s	1 (1) 57.63/51.80 (184.50/93.33mm)
1787598415.401  event6   TOUCH_MOTION              4  +14.011s	2 (2) 44.56/53.84 (142.67/97.00mm)
1787598415.401  event6   TOUCH_FRAME                  +14.011s	
1787598415.410  event6   TOUCH_MOTION              2  +14.020s	0 (0) 53.51/42.74 (171.33/77.00mm)
1787598415.410  event6   TOUCH_MOTION              3  +14.020s	1 (1) 58.51/51.71 (187.33/93.17mm)
1787598415.410  event6   TOUCH_MOTION              4  +14.020s	2 (2) 45.08/53.65 (144.33/96.67mm)
1787598415.410  event6   TOUCH_FRAME                  +14.020s	
1787598415.419  event6   TOUCH_MOTION              2  +14.029s	0 (0) 54.09/42.74 (173.17/77.00mm)
1787598415.419  event6   TOUCH_MOTION              3  +14.029s	1 (1) 59.34/51.62 (190.00/93.00mm)
1787598415.419  event6   TOUCH_MOTION              4  +14.029s	2 (2) 45.60/53.47 (146.00/96.33mm)
1787598415.419  event6   TOUCH_FRAME                  +14.029s	
1787598415.428  event6   TOUCH_MOTION              2  +14.038s	0 (0) 54.61/42.65 (174.83/76.83mm)
1787598415.428  event6   TOUCH_MOTION              3  +14.038s	1 (1) 60.12/51.53 (192.50/92.83mm)
1787598415.428  event6   TOUCH_MOTION              4  +14.038s	2 (2) 46.07/53.28 (147.50/96.00mm)
1787598415.428  event6   TOUCH_FRAME                  +14.038s	
1787598415.437  event6   TOUCH_MOTION              2  +14.047s	0 (0) 55.08/42.55 (176.33/76.67mm)
1787598415.437  event6   TOUCH_MOTION              3  +14.047s	1 (1) 60.85/51.53 (194.83/92.83mm)
1787598415.437  event6   TOUCH_MOTION              4  +14.047s	2 (2) 46.49/53.19 (148.83/95.83mm)
1787598415.437  event6   TOUCH_FRAME                  +14.047s	
1787598415.446  event6   TOUCH_MOTION              2  +14.056s	0 (0) 55.49/42.55 (177.67/76.67mm)
1787598415.446  event6   TOUCH_MOTION              3  +14.056s	1 (1) 61.48/51.53 (196.83/92.83mm)
1787598415.446  event6   TOUCH_MOTION              4  +14.056s	2 (2) 46.90/53.01 (150.17/95.50mm)
1787598415.446  event6   TOUCH_FRAME                  +14.056s	
1787598415.455  event6   TOUCH_MOTION              2  +14.065s	0 (0) 55.86/42.55 (178.83/76.67mm)
1787598415.455  event6   TOUCH_MOTION              3  +14.065s	1 (1) 62.05/51.53 (198.67/92.83mm)
1787598415.455  event6   TOUCH_MOTION              4  +14.065s	2 (2) 47.32/52.91 (151.50/95.33mm)
1787598415.455  event6   TOUCH_FRAME                  +14.065s	
1787598415.464  event6   TOUCH_MOTION              2  +14.074s	0 (0) 56.22/42.55 (180.00/76.67mm)
1787598415.464  event6   TOUCH_MOTION              3  +14.074s	1 (1) 62.57/51.53 (200.33/92.83mm)
1787598415.464  event6   TOUCH_MOTION              4  +14.074s	2 (2) 47.74/52.91 (152.83/95.33mm)
1787598415.464  event6   TOUCH_FRAME                  +14.074s	
1787598415.474  event6   TOUCH_MOTION              2  +14.084s	0 (0) 56.48/42.55 (180.83/76.67mm)
1787598415.474  event6   TOUCH_MOTION              3  +14.084s	1 (1) 63.04/51.53 (201.83/92.83mm)
1787598415.474  event6   TOUCH_MOTION              4  +14.084s	2 (2) 48.05/52.82 (153.83/95.17mm)
1787598415.474  event6   TOUCH_FRAME                  +14.084s	
1787598415.482  event6   TOUCH_MOTION              2  +14.093s	0 (0) 56.74/42.55 (181.67/76.67mm)
1787598415.483  event6   TOUCH_MOTION              3  +14.093s	1 (1) 63.46/51.53 (203.17/92.83mm)
1787598415.483  event6   TOUCH_MOTION              4  +14.093s	2 (2) 48.41/52.82 (155.00/95.17mm)
1787598415.483  event6   TOUCH_FRAME                  +14.093s	
1787598415.492  event6   TOUCH_MOTION              2  +14.102s	0 (0) 57.00/42.55 (182.50/76.67mm)
1787598415.492  event6   TOUCH_MOTION              3  +14.102s	1 (1) 63.82/51.53 (204.33/92.83mm)
1787598415.492  event6   TOUCH_MOTION              4  +14.102s	2 (2) 48.78/52.82 (156.17/95.17mm)
1787598415.492  event6   TOUCH_FRAME                  +14.102s	
1787598415.500  event6   TOUCH_MOTION              2  +14.111s	0 (0) 57.26/42.55 (183.33/76.67mm)
1787598415.500  event6   TOUCH_MOTION              3  +14.111s	1 (1) 64.24/51.53 (205.67/92.83mm)
1787598415.500  event6   TOUCH_FRAME                  +14.111s	
1787598415.536  event6   TOUCH_UP                     +14.147s	2 (2)
1787598415.536  event6   TOUCH_FRAME                  +14.147s	
1787598415.555  event6   TOUCH_UP                     +14.166s	0 (0)
1787598415.555  event6   TOUCH_UP                     +14.166s	1 (1)
1787598415.555  event6   TOUCH_FRAME                  +14.166s	
1787598416.023  event6   TOUCH_DOWN                   +14.633s	0 (0) 43.36/50.69 (138.83/91.33mm)
1787598416.023  event6   TOUCH_FRAME                  +14.633s	
1787598416.059  event6   TOUCH_MOTION                 +14.669s	0 (0) 43.73/50.42 (140.00/90.83mm)
1787598416.059  event6   TOUCH_FRAME                  +14.669s	
1787598416.068  event6   TOUCH_MOTION              2  +14.678s	0 (0) 43.94/50.23 (140.67/90.50mm)
1787598416.068  event6   TOUCH_FRAME                  +14.678s	
1787598416.076  event6   TOUCH_MOTION              2  +14.687s	0 (0) 44.20/49.95 (141.50/90.00mm)
1787598416.077  event6   TOUCH_FRAME                  +14.687s	
1787598416.086  event6   TOUCH_MOTION              2  +14.696s	0 (0) 44.56/49.49 (142.67/89.17mm)
1787598416.086  event6   TOUCH_FRAME                  +14.696s	
1787598416.096  event6   TOUCH_MOTION              2  +14.706s	0 (0) 44.87/49.03 (143.67/88.33mm)
1787598416.096  event6   TOUCH_FRAME                  +14.706s	
1787598416.105  event6   TOUCH_MOTION              2  +14.715s	0 (0) 45.29/48.47 (145.00/87.33mm)
1787598416.105  event6   TOUCH_FRAME                  +14.715s	
1787598416.114  event6   TOUCH_MOTION              2  +14.724s	0 (0) 45.71/47.92 (146.33/86.33mm)
1787598416.114  event6   TOUCH_FRAME                  +14.724s	
1787598416.122  event6   TOUCH_MOTION              2  +14.733s	0 (0) 46.17/47.27 (147.83/85.17mm)
1787598416.123  event6   TOUCH_FRAME                  +14.733s	
1787598416.131  event6   TOUCH_MOTION              2  +14.742s	0 (0) 46.59/46.62 (149.17/84.00mm)
1787598416.131  event6   TOUCH_FRAME                  +14.742s	
1787598416.140  event6   TOUCH_MOTION              2  +14.751s	0 (0) 47.06/45.98 (150.67/82.83mm)
1787598416.141  event6   TOUCH_FRAME                  +14.751s	
1787598416.149  event6   TOUCH_MOTION              2  +14.760s	0 (0) 47.53/45.33 (152.17/81.67mm)
1787598416.149  event6   TOUCH_FRAME                  +14.760s	
1787598416.159  event6   TOUCH_MOTION              2  +14.770s	0 (0) 47.94/44.59 (153.50/80.33mm)
1787598416.160  event6   TOUCH_FRAME                  +14.770s	
1787598416.168  event6   TOUCH_MOTION              2  +14.779s	0 (0) 48.41/43.85 (155.00/79.00mm)
1787598416.168  event6   TOUCH_FRAME                  +14.779s	
1787598416.177  event6   TOUCH_MOTION              2  +14.788s	0 (0) 48.83/43.20 (156.33/77.83mm)
1787598416.177  event6   TOUCH_FRAME                  +14.788s	
1787598416.186  event6   TOUCH_MOTION              2  +14.797s	0 (0) 49.19/42.55 (157.50/76.67mm)
1787598416.186  event6   TOUCH_FRAME                  +14.797s	
1787598416.195  event6   TOUCH_MOTION              2  +14.806s	0 (0) 49.56/41.81 (158.67/75.33mm)
1787598416.195  event6   TOUCH_FRAME                  +14.806s	
1787598416.204  event6   TOUCH_MOTION              2  +14.815s	0 (0) 49.97/41.07 (160.00/74.00mm)
1787598416.204  event6   TOUCH_FRAME                  +14.815s	
1787598416.213  event6   TOUCH_MOTION              2  +14.824s	0 (0) 50.39/40.24 (161.33/72.50mm)
1787598416.214  event6   TOUCH_FRAME                  +14.824s	
1787598416.223  event6   TOUCH_MOTION              2  +14.833s	0 (0) 50.75/39.41 (162.50/71.00mm)
1787598416.223  event6   TOUCH_FRAME                  +14.833s	
1787598416.233  event6   TOUCH_MOTION              2  +14.843s	0 (0) 51.12/38.58 (163.67/69.50mm)
1787598416.233  event6   TOUCH_FRAME                  +14.843s	
1787598416.242  event6   TOUCH_MOTION              2  +14.852s	0 (0) 51.54/37.84 (165.00/68.17mm)
1787598416.242  event6   TOUCH_FRAME                  +14.852s	
1787598416.250  event6   TOUCH_MOTION              2  +14.861s	0 (0) 51.90/37.00 (166.17/66.67mm)
1787598416.250  event6   TOUCH_FRAME                  +14.861s	
1787598416.259  event6   TOUCH_MOTION              2  +14.870s	0 (0) 52.21/36.08 (167.17/65.00mm)
1787598416.259  event6   TOUCH_FRAME                  +14.870s	
1787598416.269  event6   TOUCH_MOTION              2  +14.879s	0 (0) 52.58/35.25 (168.33/63.50mm)
1787598416.269  event6   TOUCH_FRAME                  +14.879s	
1787598416.277  event6   TOUCH_MOTION              2  +14.888s	0 (0) 52.89/34.41 (169.33/62.00mm)
1787598416.277  event6   TOUCH_FRAME                  +14.888s	
1787598416.287  event6   TOUCH_MOTION              2  +14.897s	0 (0) 53.20/33.67 (170.33/60.67mm)
1787598416.287  event6   TOUCH_FRAME                  +14.897s	
1787598416.296  event6   TOUCH_MOTION              2  +14.907s	0 (0) 53.46/32.84 (171.17/59.17mm)
1787598416.297  event6   TOUCH_FRAME                  +14.907s	
1787598416.305  event6   TOUCH_MOTION              2  +14.916s	0 (0) 53.72/32.10 (172.00/57.83mm)
1787598416.306  event6   TOUCH_FRAME                  +14.916s	
1787598416.315  event6   TOUCH_MOTION              2  +14.925s	0 (0) 53.93/31.45 (172.67/56.67mm)
1787598416.315  event6   TOUCH_FRAME                  +14.925s	
1787598416.324  event6   TOUCH_MOTION              2  +14.934s	0 (0) 54.14/30.80 (173.33/55.50mm)
1787598416.324  event6   TOUCH_FRAME                  +14.934s	
1787598416.333  event6   TOUCH_MOTION              2  +14.943s	0 (0) 54.35/30.16 (174.00/54.33mm)
1787598416.333  event6   TOUCH_FRAME                  +14.943s	
1787598416.342  event6   TOUCH_MOTION              2  +14.952s	0 (0) 54.50/29.51 (174.50/53.17mm)
1787598416.342  event6   TOUCH_FRAME                  +14.952s	
1787598416.351  event6   TOUCH_MOTION              2  +14.961s	0 (0) 54.66/28.86 (175.00/52.00mm)
1787598416.351  event6   TOUCH_FRAME                  +14.961s	
1787598416.360  event6   TOUCH_MOTION              2  +14.970s	0 (0) 54.87/28.31 (175.67/51.00mm)
1787598416.360  event6   TOUCH_FRAME                  +14.970s	
1787598416.369  event6   TOUCH_MOTION              2  +14.980s	0 (0) 55.02/27.66 (176.17/49.83mm)
1787598416.370  event6   TOUCH_FRAME                  +14.980s	
1787598416.378  event6   TOUCH_MOTION              2  +14.989s	0 (0) 55.13/27.20 (176.50/49.00mm)
1787598416.378  event6   TOUCH_FRAME                  +14.989s	
1787598416.388  event6   TOUCH_MOTION              2  +14.998s	0 (0) 55.28/26.73 (177.00/48.17mm)
1787598416.388  event6   TOUCH_FRAME                  +14.998s	
1787598416.396  event6   TOUCH_MOTION              2  +15.007s	0 (0) 55.34/26.36 (177.17/47.50mm)
1787598416.396  event6   TOUCH_FRAME                  +15.007s	
1787598416.406  event6   TOUCH_MOTION              2  +15.016s	0 (0) 55.44/26.09 (177.50/47.00mm)
1787598416.406  event6   TOUCH_FRAME                  +15.016s	
1787598416.415  event6   TOUCH_MOTION              2  +15.025s	0 (0) 55.54/25.81 (177.83/46.50mm)
1787598416.415  event6   TOUCH_FRAME                  +15.025s	
1787598416.424  event6   TOUCH_MOTION              2  +15.034s	0 (0) 55.60/25.62 (178.00/46.17mm)
1787598416.424  event6   TOUCH_FRAME                  +15.034s	
1787598416.434  event6   TOUCH_MOTION              2  +15.044s	0 (0) 55.70/25.53 (178.33/46.00mm)
1787598416.434  event6   TOUCH_FRAME                  +15.044s	
1787598416.443  event6   TOUCH_MOTION              2  +15.053s	0 (0) 55.75/25.53 (178.50/46.00mm)
1787598416.443  event6   TOUCH_FRAME                  +15.053s	
1787598416.452  event6   TOUCH_MOTION              2  +15.062s	0 (0) 55.86/25.53 (178.83/46.00mm)
1787598416.452  event6   TOUCH_FRAME                  +15.062s	
1787598416.460  event6   TOUCH_MOTION              2  +15.071s	0 (0) 55.91/25.62 (179.00/46.17mm)
1787598416.460  event6   TOUCH_FRAME                  +15.071s	
1787598416.470  event6   TOUCH_MOTION              2  +15.080s	0 (0) 55.96/25.81 (179.17/46.50mm)
1787598416.470  event6   TOUCH_FRAME                  +15.080s	
1787598416.478  event6   TOUCH_MOTION              2  +15.089s	0 (0) 55.96/26.09 (179.17/47.00mm)
1787598416.479  event6   TOUCH_FRAME                  +15.089s	
1787598416.487  event6   TOUCH_MOTION              2  +15.098s	0 (0) 56.01/26.55 (179.33/47.83mm)
1787598416.488  event6   TOUCH_FRAME                  +15.098s	
1787598416.496  event6   TOUCH_MOTION              2  +15.107s	0 (0) 56.06/27.10 (179.50/48.83mm)
1787598416.496  event6   TOUCH_FRAME                  +15.107s	
1787598416.506  event6   TOUCH_MOTION              2  +15.117s	0 (0) 56.06/27.75 (179.50/50.00mm)
1787598416.506  event6   TOUCH_FRAME                  +15.117s	
1787598416.516  event6   TOUCH_MOTION              2  +15.126s	0 (0) 56.06/28.49 (179.50/51.33mm)
1787598416.516  event6   TOUCH_FRAME                  +15.126s	
1787598416.524  event6   TOUCH_MOTION              2  +15.135s	0 (0) 56.06/29.32 (179.50/52.83mm)
1787598416.524  event6   TOUCH_FRAME                  +15.135s	
1787598416.533  event6   TOUCH_MOTION              2  +15.144s	0 (0) 56.06/30.25 (179.50/54.50mm)
1787598416.533  event6   TOUCH_FRAME                  +15.144s	
1787598416.542  event6   TOUCH_MOTION              2  +15.153s	0 (0) 56.06/31.27 (179.50/56.33mm)
1787598416.542  event6   TOUCH_FRAME                  +15.153s	
1787598416.551  event6   TOUCH_MOTION              2  +15.162s	0 (0) 56.01/32.38 (179.33/58.33mm)
1787598416.551  event6   TOUCH_FRAME                  +15.162s	
1787598416.560  event6   TOUCH_MOTION              2  +15.171s	0 (0) 55.96/33.58 (179.17/60.50mm)
1787598416.560  event6   TOUCH_FRAME                  +15.171s	
1787598416.570  event6   TOUCH_MOTION              2  +15.181s	0 (0) 55.96/34.78 (179.17/62.67mm)
1787598416.570  event6   TOUCH_FRAME                  +15.181s	
1787598416.579  event6   TOUCH_MOTION              2  +15.190s	0 (0) 55.91/35.99 (179.00/64.83mm)
1787598416.579  event6   TOUCH_FRAME                  +15.190s	
1787598416.588  event6   TOUCH_MOTION              2  +15.199s	0 (0) 55.86/37.37 (178.83/67.33mm)
1787598416.588  event6   TOUCH_FRAME                  +15.199s	
1787598416.597  event6   TOUCH_MOTION              2  +15.208s	0 (0) 55.80/38.76 (178.67/69.83mm)
1787598416.597  event6   TOUCH_FRAME                  +15.208s	
1787598416.606  event6   TOUCH_MOTION              2  +15.217s	0 (0) 55.75/40.24 (178.50/72.50mm)
1787598416.606  event6   TOUCH_FRAME                  +15.217s	
1787598416.615  event6   TOUCH_MOTION              2  +15.226s	0 (0) 55.75/41.81 (178.50/75.33mm)
1787598416.615  event6   TOUCH_FRAME                  +15.226s	
1787598416.624  event6   TOUCH_MOTION              2  +15.235s	0 (0) 55.65/43.39 (178.17/78.17mm)
1787598416.624  event6   TOUCH_FRAME                  +15.235s	
1787598416.634  event6   TOUCH_MOTION              2  +15.244s	0 (0) 55.60/44.96 (178.00/81.00mm)
1787598416.634  event6   TOUCH_FRAME                  +15.244s	
1787598416.643  event6   TOUCH_MOTION              2  +15.254s	0 (0) 55.54/46.53 (177.83/83.83mm)
1787598416.643  event6   TOUCH_FRAME                  +15.254s	
1787598416.652  event6   TOUCH_MOTION              2  +15.263s	0 (0) 55.49/48.29 (177.67/87.00mm)
1787598416.653  event6   TOUCH_FRAME                  +15.263s	
1787598416.662  event6   TOUCH_MOTION              2  +15.272s	0 (0) 55.44/49.95 (177.50/90.00mm)
1787598416.662  event6   TOUCH_FRAME                  +15.272s	
1787598416.671  event6   TOUCH_MOTION              2  +15.281s	0 (0) 55.39/51.53 (177.33/92.83mm)
1787598416.671  event6   TOUCH_FRAME                  +15.281s	
1787598416.680  event6   TOUCH_MOTION              2  +15.290s	0 (0) 55.34/53.19 (177.17/95.83mm)
1787598416.680  event6   TOUCH_FRAME                  +15.290s	
1787598416.689  event6   TOUCH_MOTION              2  +15.299s	0 (0) 55.34/54.76 (177.17/98.67mm)
1787598416.689  event6   TOUCH_FRAME                  +15.299s	
1787598416.698  event6   TOUCH_MOTION              2  +15.308s	0 (0) 55.34/56.34 (177.17/101.50mm)
1787598416.698  event6   TOUCH_FRAME                  +15.308s	
1787598416.707  event6   TOUCH_MOTION              2  +15.317s	0 (0) 55.34/57.82 (177.17/104.17mm)
1787598416.707  event6   TOUCH_FRAME                  +15.317s	
1787598416.717  event6   TOUCH_MOTION              2  +15.327s	0 (0) 55.39/59.20 (177.33/106.67mm)
1787598416.717  event6   TOUCH_FRAME                  +15.327s	
1787598416.726  event6   TOUCH_MOTION              2  +15.336s	0 (0) 55.49/60.50 (177.67/109.00mm)
1787598416.726  event6   TOUCH_FRAME                  +15.336s	
1787598416.735  event6   TOUCH_MOTION              2  +15.345s	0 (0) 55.60/61.89 (178.00/111.50mm)
1787598416.735  event6   TOUCH_FRAME                  +15.345s	
1787598416.744  event6   TOUCH_MOTION              2  +15.354s	0 (0) 55.75/63.18 (178.50/113.83mm)
1787598416.744  event6   TOUCH_FRAME                  +15.354s	
1787598416.753  event6   TOUCH_MOTION              2  +15.363s	0 (0) 55.86/64.29 (178.83/115.83mm)
1787598416.753  event6   TOUCH_FRAME                  +15.363s	
1787598416.762  event6   TOUCH_MOTION              2  +15.372s	0 (0) 56.01/65.49 (179.33/118.00mm)
1787598416.762  event6   TOUCH_FRAME                  +15.372s	
1787598416.771  event6   TOUCH_MOTION              2  +15.381s	0 (0) 56.22/66.60 (180.00/120.00mm)
1787598416.771  event6   TOUCH_FRAME                  +15.381s	
1787598416.780  event6   TOUCH_MOTION              2  +15.391s	0 (0) 56.43/67.72 (180.67/122.00mm)
1787598416.781  event6   TOUCH_FRAME                  +15.391s	
1787598416.790  event6   TOUCH_MOTION              2  +15.400s	0 (0) 56.64/68.64 (181.33/123.67mm)
1787598416.790  event6   TOUCH_FRAME                  +15.400s	
1787598416.799  event6   TOUCH_MOTION              2  +15.409s	0 (0) 56.85/69.57 (182.00/125.33mm)
1787598416.799  event6   TOUCH_FRAME                  +15.409s	
1787598416.808  event6   TOUCH_MOTION              2  +15.418s	0 (0) 57.16/70.31 (183.00/126.67mm)
1787598416.808  event6   TOUCH_FRAME                  +15.418s	
1787598416.817  event6   TOUCH_MOTION              2  +15.427s	0 (0) 57.47/71.14 (184.00/128.17mm)
1787598416.817  event6   TOUCH_FRAME                  +15.427s	
1787598416.826  event6   TOUCH_MOTION              2  +15.436s	0 (0) 57.78/71.69 (185.00/129.17mm)
1787598416.826  event6   TOUCH_FRAME                  +15.436s	
1787598416.835  event6   TOUCH_MOTION              2  +15.445s	0 (0) 58.04/72.25 (185.83/130.17mm)
1787598416.835  event6   TOUCH_FRAME                  +15.445s	
1787598416.844  event6   TOUCH_MOTION              2  +15.454s	0 (0) 58.41/72.62 (187.00/130.83mm)
1787598416.844  event6   TOUCH_FRAME                  +15.454s	
1787598416.854  event6   TOUCH_MOTION              2  +15.464s	0 (0) 58.72/72.99 (188.00/131.50mm)
1787598416.854  event6   TOUCH_FRAME                  +15.464s	
1787598416.863  event6   TOUCH_MOTION              2  +15.473s	0 (0) 59.08/73.17 (189.17/131.83mm)
1787598416.863  event6   TOUCH_FRAME                  +15.473s	
1787598416.872  event6   TOUCH_MOTION              2  +15.482s	0 (0) 59.55/73.27 (190.67/132.00mm)
1787598416.872  event6   TOUCH_FRAME                  +15.482s	
1787598416.881  event6   TOUCH_MOTION              2  +15.491s	0 (0) 59.97/73.27 (192.00/132.00mm)
1787598416.881  event6   TOUCH_FRAME                  +15.491s	
1787598416.890  event6   TOUCH_MOTION              2  +15.500s	0 (0) 60.44/73.08 (193.50/131.67mm)
1787598416.890  event6   TOUCH_FRAME                  +15.500s	
1787598416.899  event6   TOUCH_MOTION              2  +15.509s	0 (0) 60.91/72.90 (195.00/131.33mm)
1787598416.899  event6   TOUCH_FRAME                  +15.509s	
1787598416.908  event6   TOUCH_MOTION              2  +15.518s	0 (0) 61.43/72.53 (196.67/130.67mm)
1787598416.908  event6   TOUCH_FRAME                  +15.518s	
1787598416.918  event6   TOUCH_MOTION              2  +15.528s	0 (0) 61.95/71.97 (198.33/129.67mm)
1787598416.918  event6   TOUCH_FRAME                  +15.528s	
1787598416.927  event6   TOUCH_MOTION              2  +15.537s	0 (0) 62.47/71.42 (200.00/128.67mm)
1787598416.927  event6   TOUCH_FRAME                  +15.537s	
1787598416.936  event6   TOUCH_MOTION              2  +15.546s	0 (0) 62.94/70.77 (201.50/127.50mm)
1787598416.936  event6   TOUCH_FRAME                  +15.546s	
1787598416.945  event6   TOUCH_MOTION              2  +15.555s	0 (0) 63.46/69.94 (203.17/126.00mm)
1787598416.945  event6   TOUCH_FRAME                  +15.555s	
1787598416.954  event6   TOUCH_MOTION              2  +15.564s	0 (0) 63.98/69.20 (204.83/124.67mm)
1787598416.954  event6   TOUCH_FRAME                  +15.564s	
1787598416.963  event6   TOUCH_MOTION              2  +15.573s	0 (0) 64.45/68.36 (206.33/123.17mm)
1787598416.963  event6   TOUCH_FRAME                  +15.573s	
1787598416.972  event6   TOUCH_MOTION              2  +15.582s	0 (0) 64.91/67.35 (207.83/121.33mm)
1787598416.972  event6   TOUCH_FRAME                  +15.582s	
1787598416.980  event6   TOUCH_MOTION              2  +15.591s	0 (0) 65.38/66.33 (209.33/119.50mm)
1787598416.981  event6   TOUCH_FRAME                  +15.591s	
1787598416.991  event6   TOUCH_MOTION              2  +15.601s	0 (0) 65.85/65.22 (210.83/117.50mm)
1787598416.991  event6   TOUCH_FRAME                  +15.601s	
1787598417.000  event6   TOUCH_MOTION              2  +15.610s	0 (0) 66.32/64.11 (212.33/115.50mm)
1787598417.000  event6   TOUCH_FRAME                  +15.610s	
1787598417.009  event6   TOUCH_MOTION              2  +15.619s	0 (0) 66.74/63.00 (213.67/113.50mm)
1787598417.009  event6   TOUCH_FRAME                  +15.619s	
1787598417.018  event6   TOUCH_MOTION              2  +15.628s	0 (0) 67.15/61.89 (215.00/111.50mm)
1787598417.018  event6   TOUCH_FRAME                  +15.628s	
1787598417.027  event6   TOUCH_MOTION              2  +15.637s	0 (0) 67.46/60.78 (216.00/109.50mm)
1787598417.027  event6   TOUCH_FRAME                  +15.637s	
1787598417.036  event6   TOUCH_MOTION              2  +15.646s	0 (0) 67.78/59.67 (217.00/107.50mm)
1787598417.036  event6   TOUCH_FRAME                  +15.646s	
1787598417.045  event6   TOUCH_MOTION              2  +15.655s	0 (0) 68.04/58.56 (217.83/105.50mm)
1787598417.045  event6   TOUCH_FRAME                  +15.655s	
1787598417.055  event6   TOUCH_MOTION              2  +15.665s	0 (0) 68.25/57.35 (218.50/103.33mm)
1787598417.055  event6   TOUCH_FRAME                  +15.665s	
1787598417.064  event6   TOUCH_MOTION              2  +15.674s	0 (0) 68.40/56.24 (219.00/101.33mm)
1787598417.064  event6   TOUCH_FRAME                  +15.674s	
1787598417.073  event6   TOUCH_MOTION              2  +15.683s	0 (0) 68.51/55.13 (219.33/99.33mm)
1787598417.073  event6   TOUCH_FRAME                  +15.683s	
1787598417.082  event6   TOUCH_MOTION              2  +15.692s	0 (0) 68.56/54.02 (219.50/97.33mm)
1787598417.082  event6   TOUCH_FRAME                  +15.692s	
1787598417.091  event6   TOUCH_MOTION              2  +15.701s	0 (0) 68.61/52.91 (219.67/95.33mm)
1787598417.091  event6   TOUCH_FRAME                  +15.701s	
1787598417.100  event6   TOUCH_MOTION              2  +15.710s	0 (0) 68.61/51.90 (219.67/93.50mm)
1787598417.100  event6   TOUCH_FRAME                  +15.710s	
1787598417.109  event6   TOUCH_MOTION              2  +15.719s	0 (0) 68.51/50.97 (219.33/91.83mm)
1787598417.109  event6   TOUCH_FRAME                  +15.719s	
1787598417.118  event6   TOUCH_MOTION              2  +15.728s	0 (0) 68.40/49.95 (219.00/90.00mm)
1787598417.118  event6   TOUCH_FRAME                  +15.728s	
1787598417.128  event6   TOUCH_MOTION              2  +15.738s	0 (0) 68.19/49.12 (218.33/88.50mm)
1787598417.128  event6   TOUCH_FRAME                  +15.738s	
1787598417.137  event6   TOUCH_MOTION              2  +15.747s	0 (0) 67.93/48.29 (217.50/87.00mm)
1787598417.137  event6   TOUCH_FRAME                  +15.747s	
1787598417.146  event6   TOUCH_MOTION              2  +15.756s	0 (0) 67.57/47.55 (216.33/85.67mm)
1787598417.146  event6   TOUCH_FRAME                  +15.756s	
1787598417.155  event6   TOUCH_MOTION              2  +15.765s	0 (0) 67.26/46.90 (215.33/84.50mm)
1787598417.155  event6   TOUCH_FRAME                  +15.765s	
1787598417.164  event6   TOUCH_MOTION              2  +15.774s	0 (0) 66.84/46.25 (214.00/83.33mm)
1787598417.164  event6   TOUCH_FRAME                  +15.774s	
1787598417.173  event6   TOUCH_MOTION              2  +15.783s	0 (0) 66.37/45.79 (212.50/82.50mm)
1787598417.173  event6   TOUCH_FRAME                  +15.783s	
1787598417.182  event6   TOUCH_MOTION              2  +15.792s	0 (0) 65.90/45.33 (211.00/81.67mm)
1787598417.182  event6   TOUCH_FRAME                  +15.792s	
1787598417.192  event6   TOUCH_MOTION              2  +15.802s	0 (0) 65.38/45.05 (209.33/81.17mm)
1787598417.192  event6   TOUCH_FRAME                  +15.802s	
1787598417.201  event6   TOUCH_MOTION              2  +15.811s	0 (0) 64.91/44.87 (207.83/80.83mm)
1787598417.201  event6   TOUCH_FRAME                  +15.811s	
1787598417.210  event6   TOUCH_MOTION              2  +15.820s	0 (0) 64.39/44.77 (206.17/80.67mm)
1787598417.210  event6   TOUCH_FRAME                  +15.820s	
1787598417.219  event6   TOUCH_MOTION              2  +15.829s	0 (0) 63.82/44.77 (204.33/80.67mm)
1787598417.219  event6   TOUCH_FRAME                  +15.829s	
1787598417.228  event6   TOUCH_MOTION              2  +15.838s	0 (0) 63.30/44.87 (202.67/80.83mm)
1787598417.228  event6   TOUCH_FRAME                  +15.838s	
1787598417.237  event6   TOUCH_MOTION              2  +15.847s	0 (0) 62.78/44.96 (201.00/81.00mm)
1787598417.237  event6   TOUCH_FRAME                  +15.847s	
1787598417.246  event6   TOUCH_MOTION              2  +15.856s	0 (0) 62.26/45.24 (199.33/81.50mm)
1787598417.246  event6   TOUCH_FRAME                  +15.856s	
1787598417.255  event6   TOUCH_MOTION              2  +15.865s	0 (0) 61.79/45.51 (197.83/82.00mm)
1787598417.255  event6   TOUCH_FRAME                  +15.865s	
1787598417.265  event6   TOUCH_MOTION              2  +15.875s	0 (0) 61.32/45.88 (196.33/82.67mm)
1787598417.265  event6   TOUCH_FRAME                  +15.875s	
1787598417.274  event6   TOUCH_MOTION              2  +15.884s	0 (0) 60.91/46.25 (195.00/83.33mm)
1787598417.274  event6   TOUCH_FRAME                  +15.884s	
1787598417.283  event6   TOUCH_MOTION              2  +15.893s	0 (0) 60.44/46.72 (193.50/84.17mm)
1787598417.283  event6   TOUCH_FRAME                  +15.893s	
1787598417.292  event6   TOUCH_MOTION              2  +15.902s	0 (0) 60.07/47.09 (192.33/84.83mm)
1787598417.292  event6   TOUCH_FRAME                  +15.902s	
1787598417.340  event6   TOUCH_UP                     +15.950s	0 (0)
1787598417.340  event6   TOUCH_FRAME                  +15.950s	
1787598417.548  event6   TOUCH_DOWN                   +16.159s	0 (0) 68.19/79.09 (218.33/142.50mm)
1787598417.548  event6   TOUCH_FRAME                  +16.159s	
1787598417.584  event6   TOUCH_MOTION                 +16.195s	0 (0) 68.09/78.26 (218.00/141.00mm)
1787598417.584  event6   TOUCH_FRAME                  +16.195s	
1787598417.593  event6   TOUCH_MOTION              2  +16.204s	0 (0) 68.09/78.08 (218.00/140.67mm)
1787598417.593  event6   TOUCH_FRAME                  +16.204s	
1787598417.602  event6   TOUCH_MOTION              2  +16.213s	0 (0) 68.09/77.89 (218.00/140.33mm)
1787598417.602  event6   TOUCH_FRAME                  +16.213s	
1787598417.611  event6   TOUCH_MOTION              2  +16.222s	0 (0) 68.09/77.61 (218.00/139.83mm)
1787598417.612  event6   TOUCH_DOWN                   +16.222s	1 (1) 77.15/31.82 (247.00/57.33mm)
1787598417.612  event6   TOUCH_FRAME                  +16.222s	
1787598417.620  event6   TOUCH_MOTION                 +16.231s	0 (0) 68.09/77.43 (218.00/139.50mm)
1787598417.620  event6   TOUCH_FRAME                  +16.231s	
1787598417.630  event6   TOUCH_MOTION              2  +16.241s	0 (0) 68.09/77.15 (218.00/139.00mm)
1787598417.630  event6   TOUCH_MOTION              3  +16.241s	1 (1) 76.99/32.65 (246.50/58.83mm)
1787598417.631  event6   TOUCH_FRAME                  +16.241s	
1787598417.640  event6   TOUCH_MOTION              2  +16.250s	0 (0) 68.09/76.97 (218.00/138.67mm)
1787598417.640  event6   TOUCH_MOTION              3  +16.250s	1 (1) 76.89/33.02 (246.17/59.50mm)
1787598417.640  event6   TOUCH_FRAME                  +16.250s	
1787598417.649  event6   TOUCH_MOTION              2  +16.259s	0 (0) 68.14/76.69 (218.17/138.17mm)
1787598417.649  event6   TOUCH_MOTION              3  +16.259s	1 (1) 76.73/33.40 (245.67/60.17mm)
1787598417.649  event6   TOUCH_FRAME                  +16.259s	
1787598417.657  event6   TOUCH_MOTION              2  +16.268s	0 (0) 68.19/76.41 (218.33/137.67mm)
1787598417.658  event6   TOUCH_MOTION              3  +16.268s	1 (1) 76.52/33.86 (245.00/61.00mm)
1787598417.658  event6   TOUCH_FRAME                  +16.268s	
1787598417.667  event6   TOUCH_MOTION              2  +16.277s	0 (0) 68.25/76.04 (218.50/137.00mm)
1787598417.667  event6   TOUCH_MOTION              3  +16.277s	1 (1) 76.31/34.41 (244.33/62.00mm)
1787598417.667  event6   TOUCH_FRAME                  +16.277s	
1787598417.676  event6   TOUCH_MOTION              2  +16.286s	0 (0) 68.25/75.67 (218.50/136.33mm)
1787598417.676  event6   TOUCH_MOTION              3  +16.286s	1 (1) 76.11/34.88 (243.67/62.83mm)
1787598417.676  event6   TOUCH_FRAME                  +16.286s	
1787598417.685  event6   TOUCH_MOTION              2  +16.295s	0 (0) 68.25/75.39 (218.50/135.83mm)
1787598417.685  event6   TOUCH_MOTION              3  +16.295s	1 (1) 75.95/35.34 (243.17/63.67mm)
1787598417.685  event6   TOUCH_FRAME                  +16.295s	
1787598417.694  event6   TOUCH_MOTION              2  +16.305s	0 (0) 68.25/75.12 (218.50/135.33mm)
1787598417.694  event6   TOUCH_MOTION              3  +16.305s	1 (1) 75.79/35.71 (242.67/64.33mm)
1787598417.694  event6   TOUCH_FRAME                  +16.305s	
1787598417.704  event6   TOUCH_MOTION              2  +16.314s	0 (0) 68.25/74.84 (218.50/134.83mm)
1787598417.704  event6   TOUCH_MOTION              3  +16.314s	1 (1) 75.59/36.08 (242.00/65.00mm)
1787598417.704  event6   TOUCH_FRAME                  +16.314s	
1787598417.713  event6   TOUCH_MOTION              2  +16.323s	0 (0) 68.25/74.56 (218.50/134.33mm)
1787598417.713  event6   TOUCH_MOTION              3  +16.323s	1 (1) 75.43/36.36 (241.50/65.50mm)
1787598417.713  event6   TOUCH_FRAME                  +16.323s	
1787598417.722  event6   TOUCH_MOTION              2  +16.332s	0 (0) 68.25/74.38 (218.50/134.00mm)
1787598417.722  event6   TOUCH_MOTION              3  +16.332s	1 (1) 75.27/36.63 (241.00/66.00mm)
1787598417.722  event6   TOUCH_FRAME                  +16.332s	
1787598417.731  event6   TOUCH_MOTION              2  +16.341s	0 (0) 68.25/74.10 (218.50/133.50mm)
1787598417.731  event6   TOUCH_MOTION              3  +16.341s	1 (1) 75.12/37.00 (240.50/66.67mm)
1787598417.731  event6   TOUCH_FRAME                  +16.341s	
1787598417.739  event6   TOUCH_MOTION              2  +16.350s	0 (0) 68.25/73.82 (218.50/133.00mm)
1787598417.740  event6   TOUCH_MOTION              3  +16.350s	1 (1) 74.96/37.37 (240.00/67.33mm)
1787598417.740  event6   TOUCH_FRAME                  +16.350s	
1787598417.749  event6   TOUCH_MOTION              2  +16.359s	0 (0) 68.25/73.64 (218.50/132.67mm)
1787598417.749  event6   TOUCH_MOTION              3  +16.359s	1 (1) 74.80/37.65 (239.50/67.83mm)
1787598417.749  event6   TOUCH_FRAME                  +16.359s	
1787598417.758  event6   TOUCH_MOTION              2  +16.369s	0 (0) 68.25/73.45 (218.50/132.33mm)
1787598417.758  event6   TOUCH_MOTION              3  +16.369s	1 (1) 74.70/37.84 (239.17/68.17mm)
1787598417.759  event6   TOUCH_FRAME                  +16.369s	
1787598417.769  event6   TOUCH_MOTION              2  +16.379s	0 (0) 68.25/73.36 (218.50/132.17mm)
1787598417.769  event6   TOUCH_MOTION              3  +16.379s	1 (1) 74.65/38.02 (239.00/68.50mm)
1787598417.769  event6   TOUCH_FRAME                  +16.379s	
1787598417.778  event6   TOUCH_MOTION              2  +16.389s	0 (0) 68.25/73.17 (218.50/131.83mm)
1787598417.778  event6   TOUCH_MOTION              3  +16.389s	1 (1) 74.49/38.21 (238.50/68.83mm)
1787598417.779  event6   TOUCH_FRAME                  +16.389s	
1787598417.789  event6   TOUCH_MOTION              2  +16.399s	0 (0) 68.25/72.99 (218.50/131.50mm)
1787598417.789  event6   TOUCH_MOTION              3  +16.399s	1 (1) 74.34/38.58 (238.00/69.50mm)
1787598417.789  event6   TOUCH_FRAME                  +16.399s	
1787598417.799  event6   TOUCH_MOTION              2  +16.409s	0 (0) 68.25/72.90 (218.50/131.33mm)
1787598417.799  event6   TOUCH_MOTION              3  +16.409s	1 (1) 74.23/38.85 (237.67/70.00mm)
1787598417.799  event6   TOUCH_FRAME                  +16.409s	
1787598417.809  event6   TOUCH_MOTION              2  +16.419s	0 (0) 68.25/72.71 (218.50/131.00mm)
1787598417.809  event6   TOUCH_MOTION              3  +16.419s	1 (1) 74.02/39.22 (237.00/70.67mm)
1787598417.809  event6   TOUCH_FRAME                  +16.419s	
1787598417.819  event6   TOUCH_MOTION              2  +16.429s	0 (0) 68.25/72.53 (218.50/130.67mm)
1787598417.819  event6   TOUCH_MOTION              3  +16.429s	1 (1) 73.87/39.59 (236.50/71.33mm)
1787598417.819  event6   TOUCH_FRAME                  +16.429s	
1787598417.829  event6   TOUCH_MOTION              2  +16.439s	0 (0) 68.25/72.25 (218.50/130.17mm)
1787598417.829  event6   TOUCH_MOTION              3  +16.439s	1 (1) 73.71/39.96 (236.00/72.00mm)
1787598417.829  event6   TOUCH_FRAME                  +16.439s	
1787598417.838  event6   TOUCH_MOTION              2  +16.448s	0 (0) 68.25/71.97 (218.50/129.67mm)
1787598417.838  event6   TOUCH_MOTION              3  +16.448s	1 (1) 73.56/40.43 (235.50/72.83mm)
1787598417.838  event6   TOUCH_FRAME                  +16.448s	
1787598417.848  event6   TOUCH_MOTION              2  +16.458s	0 (0) 68.25/71.79 (218.50/129.33mm)
1787598417.848  event6   TOUCH_MOTION              3  +16.458s	1 (1) 73.40/40.80 (235.00/73.50mm)
1787598417.848  event6   TOUCH_FRAME                  +16.458s	
1787598417.858  event6   TOUCH_MOTION              2  +16.468s	0 (0) 68.25/71.51 (218.50/128.83mm)
1787598417.858  event6   TOUCH_MOTION              3  +16.468s	1 (1) 73.19/41.17 (234.33/74.17mm)
1787598417.858  event6   TOUCH_FRAME                  +16.468s	
1787598417.868  event6   TOUCH_MOTION              2  +16.478s	0 (0) 68.30/71.14 (218.67/128.17mm)
1787598417.868  event6   TOUCH_MOTION              3  +16.478s	1 (1) 73.03/41.44 (233.83/74.67mm)
1787598417.868  event6   TOUCH_FRAME                  +16.478s	
1787598417.878  event6   TOUCH_MOTION              2  +16.488s	0 (0) 68.35/70.77 (218.83/127.50mm)
1787598417.878  event6   TOUCH_MOTION              3  +16.488s	1 (1) 72.93/41.72 (233.50/75.17mm)
1787598417.878  event6   TOUCH_FRAME                  +16.488s	
1787598417.888  event6   TOUCH_MOTION              2  +16.498s	0 (0) 68.40/70.40 (219.00/126.83mm)
1787598417.888  event6   TOUCH_MOTION              3  +16.498s	1 (1) 72.77/42.00 (233.00/75.67mm)
1787598417.888  event6   TOUCH_FRAME                  +16.498s	
1787598417.898  event6   TOUCH_MOTION              2  +16.508s	0 (0) 68.45/70.03 (219.17/126.17mm)
1787598417.898  event6   TOUCH_MOTION              3  +16.508s	1 (1) 72.67/42.37 (232.67/76.33mm)
1787598417.898  event6   TOUCH_FRAME                  +16.508s	
1787598417.907  event6   TOUCH_MOTION              2  +16.517s	0 (0) 68.45/69.66 (219.17/125.50mm)
1787598417.907  event6   TOUCH_MOTION              3  +16.517s	1 (1) 72.51/42.65 (232.17/76.83mm)
1787598417.907  event6   TOUCH_FRAME                  +16.517s	
1787598417.917  event6   TOUCH_MOTION              2  +16.527s	0 (0) 68.51/69.29 (219.33/124.83mm)
1787598417.917  event6   TOUCH_MOTION              3  +16.527s	1 (1) 72.41/42.92 (231.83/77.33mm)
1787598417.917  event6   TOUCH_FRAME                  +16.527s	
1787598417.926  event6   TOUCH_MOTION              2  +16.537s	0 (0) 68.56/69.01 (219.50/124.33mm)
1787598417.927  event6   TOUCH_MOTION              3  +16.537s	1 (1) 72.25/43.20 (231.33/77.83mm)
1787598417.927  event6   TOUCH_FRAME                  +16.537s	
1787598417.937  event6   TOUCH_MOTION              2  +16.547s	0 (0) 68.61/68.64 (219.67/123.67mm)
1787598417.937  event6   TOUCH_MOTION              3  +16.547s	1 (1) 72.15/43.48 (231.00/78.33mm)
1787598417.937  event6   TOUCH_FRAME                  +16.547s	
1787598417.946  event6   TOUCH_MOTION              2  +16.557s	0 (0) 68.66/68.27 (219.83/123.00mm)
1787598417.947  event6   TOUCH_MOTION              3  +16.557s	1 (1) 72.05/43.85 (230.67/79.00mm)
1787598417.947  event6   TOUCH_FRAME                  +16.557s	
1787598417.957  event6   TOUCH_MOTION              2  +16.567s	0 (0) 68.71/67.99 (220.00/122.50mm)
1787598417.957  event6   TOUCH_MOTION              3  +16.567s	1 (1) 71.84/44.22 (230.00/79.67mm)
1787598417.957  event6   TOUCH_FRAME                  +16.567s	
1787598417.966  event6   TOUCH_MOTION              2  +16.577s	0 (0) 68.71/67.72 (220.00/122.00mm)
1787598417.967  event6   TOUCH_MOTION              3  +16.577s	1 (1) 71.73/44.59 (229.67/80.33mm)
1787598417.967  event6   TOUCH_FRAME                  +16.577s	
1787598417.976  event6   TOUCH_MOTION              2  +16.587s	0 (0) 68.77/67.35 (220.17/121.33mm)
1787598417.976  event6   TOUCH_MOTION              3  +16.587s	1 (1) 71.58/44.96 (229.17/81.00mm)
1787598417.976  event6   TOUCH_FRAME                  +16.587s	
1787598417.986  event6   TOUCH_MOTION              2  +16.596s	0 (0) 68.82/67.07 (220.33/120.83mm)
1787598417.986  event6   TOUCH_MOTION              3  +16.596s	1 (1) 71.47/45.33 (228.83/81.67mm)
1787598417.986  event6   TOUCH_FRAME                  +16.596s	
1787598417.995  event6   TOUCH_MOTION              2  +16.606s	0 (0) 68.87/66.79 (220.50/120.33mm)
1787598417.996  event6   TOUCH_MOTION              3  +16.606s	1 (1) 71.37/45.79 (228.50/82.50mm)
1787598417.996  event6   TOUCH_FRAME                  +16.606s	
1787598418.006  event6   TOUCH_MOTION              2  +16.616s	0 (0) 68.92/66.51 (220.67/119.83mm)
1787598418.006  event6   TOUCH_MOTION              3  +16.616s	1 (1) 71.21/46.16 (228.00/83.17mm)
1787598418.006  event6   TOUCH_FRAME                  +16.616s	
1787598418.015  event6   TOUCH_MOTION              2  +16.626s	0 (0) 68.97/66.14 (220.83/119.17mm)
1787598418.016  event6   TOUCH_MOTION              3  +16.626s	1 (1) 71.11/46.53 (227.67/83.83mm)
1787598418.016  event6   TOUCH_FRAME                  +16.626s	
1787598418.026  event6   TOUCH_MOTION              2  +16.636s	0 (0) 69.08/65.77 (221.17/118.50mm)
1787598418.026  event6   TOUCH_MOTION              3  +16.636s	1 (1) 70.95/46.90 (227.17/84.50mm)
1787598418.026  event6   TOUCH_FRAME                  +16.636s	
1787598418.035  event6   TOUCH_MOTION              2  +16.646s	0 (0) 69.13/65.40 (221.33/117.83mm)
1787598418.035  event6   TOUCH_MOTION              3  +16.646s	1 (1) 70.85/47.27 (226.83/85.17mm)
1787598418.035  event6   TOUCH_FRAME                  +16.646s	
1787598418.046  event6   TOUCH_MOTION              2  +16.656s	0 (0) 69.23/65.03 (221.67/117.17mm)
1787598418.046  event6   TOUCH_MOTION              3  +16.656s	1 (1) 70.69/47.83 (226.33/86.17mm)
1787598418.046  event6   TOUCH_FRAME                  +16.656s	
1787598418.055  event6   TOUCH_MOTION              2  +16.666s	0 (0) 69.34/64.66 (222.00/116.50mm)
1787598418.056  event6   TOUCH_MOTION              3  +16.666s	1 (1) 70.59/48.38 (226.00/87.17mm)
1787598418.056  event6   TOUCH_FRAME                  +16.666s	
1787598418.065  event6   TOUCH_MOTION              2  +16.675s	0 (0) 69.34/64.29 (222.00/115.83mm)
1787598418.065  event6   TOUCH_MOTION              3  +16.675s	1 (1) 70.48/48.75 (225.67/87.83mm)
1787598418.065  event6   TOUCH_FRAME                  +16.675s	
1787598418.075  event6   TOUCH_MOTION              2  +16.685s	0 (0) 69.39/64.01 (222.17/115.33mm)
1787598418.075  event6   TOUCH_MOTION              3  +16.685s	1 (1) 70.43/49.12 (225.50/88.50mm)
1787598418.075  event6   TOUCH_FRAME                  +16.685s	
1787598418.085  event6   TOUCH_MOTION              2  +16.695s	0 (0) 69.44/63.74 (222.33/114.83mm)
1787598418.085  event6   TOUCH_MOTION              3  +16.695s	1 (1) 70.33/49.49 (225.17/89.17mm)
1787598418.085  event6   TOUCH_FRAME                  +16.695s	
1787598418.095  event6   TOUCH_MOTION              2  +16.705s	0 (0) 69.44/63.46 (222.33/114.33mm)
1787598418.095  event6   TOUCH_MOTION              3  +16.705s	1 (1) 70.28/49.77 (225.00/89.67mm)
1787598418.095  event6   TOUCH_FRAME                  +16.705s	
1787598418.105  event6   TOUCH_MOTION              2  +16.715s	0 (0) 69.44/63.18 (222.33/113.83mm)
1787598418.105  event6   TOUCH_MOTION              3  +16.715s	1 (1) 70.17/49.95 (224.67/90.00mm)
1787598418.105  event6   TOUCH_FRAME                  +16.715s	
1787598418.114  event6   TOUCH_MOTION              2  +16.725s	0 (0) 69.44/63.00 (222.33/113.50mm)
1787598418.114  event6   TOUCH_MOTION              3  +16.725s	1 (1) 70.07/50.23 (224.33/90.50mm)
1787598418.115  event6   TOUCH_FRAME                  +16.725s	
1787598418.124  event6   TOUCH_MOTION              2  +16.735s	0 (0) 69.44/62.81 (222.33/113.17mm)
1787598418.124  event6   TOUCH_MOTION              3  +16.735s	1 (1) 70.02/50.32 (224.17/90.67mm)
1787598418.124  event6   TOUCH_FRAME                  +16.735s	
1787598418.135  event6   TOUCH_MOTION              2  +16.745s	0 (0) 69.44/62.72 (222.33/113.00mm)
1787598418.135  event6   TOUCH_MOTION              3  +16.745s	1 (1) 69.91/50.51 (223.83/91.00mm)
1787598418.135  event6   TOUCH_FRAME                  +16.745s	
1787598418.143  event6   TOUCH_MOTION              2  +16.754s	0 (0) 69.44/62.53 (222.33/112.67mm)
1787598418.143  event6   TOUCH_MOTION              3  +16.754s	1 (1) 69.81/50.69 (223.50/91.33mm)
1787598418.143  event6   TOUCH_FRAME                  +16.754s	
1787598418.154  event6   TOUCH_MOTION              2  +16.764s	0 (0) 69.44/62.44 (222.33/112.50mm)
1787598418.154  event6   TOUCH_MOTION              3  +16.764s	1 (1) 69.76/50.69 (223.33/91.33mm)
1787598418.154  event6   TOUCH_FRAME                  +16.764s	
1787598418.164  event6   TOUCH_MOTION              2  +16.774s	0 (0) 69.44/62.26 (222.33/112.17mm)
1787598418.164  event6   TOUCH_MOTION              3  +16.774s	1 (1) 69.70/50.79 (223.17/91.50mm)
1787598418.164  event6   TOUCH_FRAME                  +16.774s	
1787598418.174  event6   TOUCH_MOTION              2  +16.784s	0 (0) 69.44/62.16 (222.33/112.00mm)
1787598418.174  event6   TOUCH_MOTION              3  +16.784s	1 (1) 69.65/50.88 (223.00/91.67mm)
1787598418.174  event6   TOUCH_FRAME                  +16.784s	
1787598418.183  event6   TOUCH_MOTION              2  +16.794s	0 (0) 69.44/62.07 (222.33/111.83mm)
1787598418.184  event6   TOUCH_MOTION              3  +16.794s	1 (1) 69.60/50.97 (222.83/91.83mm)
1787598418.184  event6   TOUCH_FRAME                  +16.794s	
1787598418.194  event6   TOUCH_MOTION              2  +16.804s	0 (0) 69.44/61.98 (222.33/111.67mm)
1787598418.194  event6   TOUCH_MOTION              3  +16.804s	1 (1) 69.60/51.06 (222.83/92.00mm)
1787598418.194  event6   TOUCH_FRAME                  +16.804s	
1787598418.204  event6   TOUCH_MOTION              2  +16.814s	1 (1) 69.55/51.06 (222.67/92.00mm)
1787598418.204  event6   TOUCH_FRAME                  +16.814s	
1787598418.214  event6   TOUCH_MOTION              2  +16.824s	0 (0) 69.44/61.89 (222.33/111.50mm)
1787598418.214  event6   TOUCH_MOTION              3  +16.824s	1 (1) 69.50/51.16 (222.50/92.17mm)
1787598418.214  event6   TOUCH_FRAME                  +16.824s	
1787598418.223  event6   TOUCH_MOTION              2  +16.833s	1 (1) 69.44/51.25 (222.33/92.33mm)
1787598418.223  event6   TOUCH_FRAME                  +16.833s	
1787598418.232  event6   TOUCH_MOTION              2  +16.843s	1 (1) 69.44/51.34 (222.33/92.50mm)
1787598418.232  event6   TOUCH_FRAME                  +16.843s	
1787598418.242  event6   TOUCH_MOTION              2  +16.853s	0 (0) 69.44/61.79 (222.33/111.33mm)
1787598418.243  event6   TOUCH_MOTION              3  +16.853s	1 (1) 69.44/51.43 (222.33/92.67mm)
1787598418.243  event6   TOUCH_FRAME                  +16.853s	
1787598418.252  event6   TOUCH_MOTION              2  +16.863s	0 (0) 69.44/61.70 (222.33/111.17mm)
1787598418.253  event6   TOUCH_FRAME                  +16.863s	
1787598418.282  event6   TOUCH_MOTION              2  +16.893s	1 (1) 69.44/51.53 (222.33/92.83mm)
1787598418.282  event6   TOUCH_FRAME                  +16.893s	
1787598418.293  event6   TOUCH_MOTION              2  +16.903s	1 (1) 69.39/51.62 (222.17/93.00mm)
1787598418.293  event6   TOUCH_FRAME                  +16.903s	
1787598418.302  event6   TOUCH_MOTION              2  +16.912s	0 (0) 69.39/61.61 (222.17/111.00mm)
1787598418.302  event6   TOUCH_FRAME                  +16.912s	
1787598418.343  event6   TOUCH_UP                     +16.954s	1 (1)
1787598418.344  event6   TOUCH_FRAME                  +16.954s	
1787598418.363  event6   TOUCH_UP                     +16.974s	0 (0)
1787598418.364  event6   TOUCH_FRAME                  +16.974s	
1787598418.827  event6   TOUCH_DOWN                   +17.437s	0 (0) 51.33/61.61 (164.33/111.00mm)
1787598418.827  event6   TOUCH_FRAME                  +17.437s	
1787598418.856  event6   TOUCH_MOTION                 +17.466s	0 (0) 51.12/61.98 (163.67/111.67mm)
1787598418.856  event6   TOUCH_FRAME                  +17.466s	
1787598418.866  event6   TOUCH_MOTION              2  +17.476s	0 (0) 51.07/62.35 (163.50/112.33mm)
1787598418.866  event6   TOUCH_FRAME                  +17.476s	
1787598418.876  event6   TOUCH_MOTION              2  +17.486s	0 (0) 50.91/62.63 (163.00/112.83mm)
1787598418.876  event6   TOUCH_FRAME                  +17.486s	
1787598418.886  event6   TOUCH_MOTION              2  +17.496s	0 (0) 50.81/63.09 (162.67/113.67mm)
1787598418.886  event6   TOUCH_FRAME                  +17.496s	
1787598418.896  event6   TOUCH_MOTION              2  +17.506s	0 (0) 50.65/63.55 (162.17/114.50mm)
1787598418.896  event6   TOUCH_FRAME                  +17.506s	
1787598418.905  event6   TOUCH_MOTION              2  +17.515s	0 (0) 50.55/64.01 (161.83/115.33mm)
1787598418.905  event6   TOUCH_FRAME                  +17.515s	
1787598418.916  event6   TOUCH_MOTION              2  +17.526s	0 (0) 50.39/64.48 (161.33/116.17mm)
1787598418.916  event6   TOUCH_FRAME                  +17.526s	
1787598418.925  event6   TOUCH_MOTION              2  +17.535s	0 (0) 50.34/64.85 (161.17/116.83mm)
1787598418.925  event6   TOUCH_FRAME                  +17.535s	
1787598418.936  event6   TOUCH_MOTION              2  +17.546s	0 (0) 50.23/65.22 (160.83/117.50mm)
1787598418.936  event6   TOUCH_FRAME                  +17.546s	
1787598418.945  event6   TOUCH_MOTION              2  +17.555s	0 (0) 50.18/65.59 (160.67/118.17mm)
1787598418.945  event6   TOUCH_FRAME                  +17.555s	
1787598418.955  event6   TOUCH_MOTION              2  +17.565s	0 (0) 50.08/65.86 (160.33/118.67mm)
1787598418.955  event6   TOUCH_FRAME                  +17.565s	
1787598418.965  event6   TOUCH_MOTION              2  +17.575s	0 (0) 49.97/66.14 (160.00/119.17mm)
1787598418.965  event6   TOUCH_FRAME                  +17.575s	
1787598418.975  event6   TOUCH_MOTION              2  +17.585s	0 (0) 49.92/66.51 (159.83/119.83mm)
1787598418.975  event6   TOUCH_DOWN                   +17.585s	1 (1) 52.42/45.51 (167.83/82.00mm)
1787598418.975  event6   TOUCH_FRAME                  +17.585s	
1787598418.985  event6   TOUCH_MOTION                 +17.595s	0 (0) 49.87/66.70 (159.67/120.17mm)
1787598418.985  event6   TOUCH_MOTION              2  +17.595s	1 (1) 52.52/44.96 (168.17/81.00mm)
1787598418.985  event6   TOUCH_FRAME                  +17.595s	
1787598418.995  event6   TOUCH_MOTION              2  +17.605s	0 (0) 49.82/66.98 (159.50/120.67mm)
1787598418.995  event6   TOUCH_MOTION              3  +17.605s	1 (1) 52.63/44.50 (168.50/80.17mm)
1787598418.995  event6   TOUCH_FRAME                  +17.605s	
1787598419.004  event6   TOUCH_MOTION              2  +17.614s	0 (0) 49.77/67.16 (159.33/121.00mm)
1787598419.004  event6   TOUCH_MOTION              3  +17.614s	1 (1) 52.79/43.94 (169.00/79.17mm)
1787598419.004  event6   TOUCH_FRAME                  +17.614s	
1787598419.014  event6   TOUCH_MOTION              2  +17.624s	0 (0) 49.71/67.35 (159.17/121.33mm)
1787598419.014  event6   TOUCH_MOTION              3  +17.624s	1 (1) 52.89/43.39 (169.33/78.17mm)
1787598419.014  event6   TOUCH_FRAME                  +17.624s	
1787598419.024  event6   TOUCH_MOTION              2  +17.634s	0 (0) 49.71/67.62 (159.17/121.83mm)
1787598419.024  event6   TOUCH_MOTION              3  +17.634s	1 (1) 53.05/42.74 (169.83/77.00mm)
1787598419.024  event6   TOUCH_FRAME                  +17.634s	
1787598419.034  event6   TOUCH_MOTION              2  +17.644s	0 (0) 49.61/67.81 (158.83/122.17mm)
1787598419.034  event6   TOUCH_MOTION              3  +17.644s	1 (1) 53.20/42.18 (170.33/76.00mm)
1787598419.034  event6   TOUCH_FRAME                  +17.644s	
1787598419.044  event6   TOUCH_MOTION              2  +17.654s	0 (0) 49.51/68.09 (158.50/122.67mm)
1787598419.044  event6   TOUCH_MOTION              3  +17.654s	1 (1) 53.36/41.54 (170.83/74.83mm)
1787598419.044  event6   TOUCH_FRAME                  +17.654s	
1787598419.054  event6   TOUCH_MOTION              2  +17.664s	0 (0) 49.51/68.36 (158.50/123.17mm)
1787598419.054  event6   TOUCH_MOTION              3  +17.664s	1 (1) 53.51/40.80 (171.33/73.50mm)
1787598419.054  event6   TOUCH_FRAME                  +17.664s	
1787598419.064  event6   TOUCH_MOTION              2  +17.674s	0 (0) 49.45/68.64 (158.33/123.67mm)
1787598419.064  event6   TOUCH_MOTION              3  +17.674s	1 (1) 53.72/40.24 (172.00/72.50mm)
1787598419.064  event6   TOUCH_FRAME                  +17.674s	
1787598419.074  event6   TOUCH_MOTION              2  +17.684s	0 (0) 49.40/69.01 (158.17/124.33mm)
1787598419.074  event6   TOUCH_MOTION              3  +17.684s	1 (1) 53.83/39.69 (172.33/71.50mm)
1787598419.074  event6   TOUCH_FRAME                  +17.684s	
1787598419.083  event6   TOUCH_MOTION              2  +17.693s	0 (0) 49.35/69.29 (158.00/124.83mm)
1787598419.083  event6   TOUCH_MOTION              3  +17.693s	1 (1) 53.98/39.13 (172.83/70.50mm)
1787598419.083  event6   TOUCH_FRAME                  +17.693s	
1787598419.093  event6   TOUCH_MOTION              2  +17.703s	0 (0) 49.30/69.57 (157.83/125.33mm)
1787598419.093  event6   TOUCH_MOTION              3  +17.703s	1 (1) 54.09/38.67 (173.17/69.67mm)
1787598419.093  event6   TOUCH_FRAME                  +17.703s	
1787598419.103  event6   TOUCH_MOTION              2  +17.713s	0 (0) 49.30/69.94 (157.83/126.00mm)
1787598419.103  event6   TOUCH_MOTION              3  +17.713s	1 (1) 54.19/38.30 (173.50/69.00mm)
1787598419.103  event6   TOUCH_FRAME                  +17.713s	
1787598419.113  event6   TOUCH_MOTION              2  +17.723s	0 (0) 49.25/70.31 (157.67/126.67mm)
1787598419.113  event6   TOUCH_MOTION              3  +17.723s	1 (1) 54.24/37.93 (173.67/68.33mm)
1787598419.113  event6   TOUCH_FRAME                  +17.723s	
1787598419.123  event6   TOUCH_MOTION              2  +17.733s	0 (0) 49.19/70.77 (157.50/127.50mm)
1787598419.123  event6   TOUCH_MOTION              3  +17.733s	1 (1) 54.35/37.56 (174.00/67.67mm)
1787598419.123  event6   TOUCH_FRAME                  +17.733s	
1787598419.133  event6   TOUCH_MOTION              2  +17.743s	0 (0) 49.09/71.14 (157.17/128.17mm)
1787598419.133  event6   TOUCH_MOTION              3  +17.743s	1 (1) 54.45/37.19 (174.33/67.00mm)
1787598419.133  event6   TOUCH_FRAME                  +17.743s	
1787598419.143  event6   TOUCH_MOTION              2  +17.753s	0 (0) 48.98/71.88 (156.83/129.50mm)
1787598419.143  event6   TOUCH_MOTION              3  +17.753s	1 (1) 54.66/36.45 (175.00/65.67mm)
1787598419.143  event6   TOUCH_FRAME                  +17.753s	
1787598419.153  event6   TOUCH_MOTION              2  +17.763s	0 (0) 48.83/72.62 (156.33/130.83mm)
1787598419.153  event6   TOUCH_MOTION              3  +17.763s	1 (1) 54.87/35.80 (175.67/64.50mm)
1787598419.153  event6   TOUCH_FRAME                  +17.763s	
1787598419.162  event6   TOUCH_MOTION              2  +17.772s	0 (0) 48.72/73.36 (156.00/132.17mm)
1787598419.162  event6   TOUCH_MOTION              3  +17.772s	1 (1) 55.02/35.15 (176.17/63.33mm)
1787598419.162  event6   TOUCH_FRAME                  +17.772s	
1787598419.172  event6   TOUCH_MOTION              2  +17.782s	0 (0) 48.57/74.10 (155.50/133.50mm)
1787598419.172  event6   TOUCH_MOTION              3  +17.782s	1 (1) 55.18/34.60 (176.67/62.33mm)
1787598419.172  event6   TOUCH_FRAME                  +17.782s	
1787598419.181  event6   TOUCH_MOTION              2  +17.792s	0 (0) 48.41/74.75 (155.00/134.67mm)
1787598419.182  event6   TOUCH_MOTION              3  +17.792s	1 (1) 55.34/34.04 (177.17/61.33mm)
1787598419.182  event6   TOUCH_FRAME                  +17.792s	
1787598419.192  event6   TOUCH_MOTION              2  +17.802s	0 (0) 48.20/75.39 (154.33/135.83mm)
1787598419.192  event6   TOUCH_MOTION              3  +17.802s	1 (1) 55.49/33.58 (177.67/60.50mm)
1787598419.192  event6   TOUCH_FRAME                  +17.802s	
1787598419.202  event6   TOUCH_MOTION              2  +17.812s	0 (0) 48.05/76.04 (153.83/137.00mm)
1787598419.202  event6   TOUCH_MOTION              3  +17.812s	1 (1) 55.60/33.12 (178.00/59.67mm)
1787598419.202  event6   TOUCH_FRAME                  +17.812s	
1787598419.211  event6   TOUCH_MOTION              2  +17.822s	0 (0) 47.94/76.69 (153.50/138.17mm)
1787598419.212  event6   TOUCH_MOTION              3  +17.822s	1 (1) 55.70/32.65 (178.33/58.83mm)
1787598419.212  event6   TOUCH_FRAME                  +17.822s	
1787598419.222  event6   TOUCH_MOTION              2  +17.832s	0 (0) 47.79/77.15 (153.00/139.00mm)
1787598419.222  event6   TOUCH_MOTION              3  +17.832s	1 (1) 55.75/32.38 (178.50/58.33mm)
1787598419.222  event6   TOUCH_FRAME                  +17.832s	
1787598419.230  event6   TOUCH_MOTION              2  +17.841s	0 (0) 47.68/77.61 (152.67/139.83mm)
1787598419.231  event6   TOUCH_MOTION              3  +17.841s	1 (1) 55.75/32.10 (178.50/57.83mm)
1787598419.231  event6   TOUCH_FRAME                  +17.841s	
1787598419.240  event6   TOUCH_MOTION              2  +17.850s	0 (0) 47.53/78.08 (152.17/140.67mm)
1787598419.240  event6   TOUCH_MOTION              3  +17.850s	1 (1) 55.80/31.73 (178.67/57.17mm)
1787598419.240  event6   TOUCH_FRAME                  +17.850s	
1787598419.249  event6   TOUCH_MOTION              2  +17.859s	0 (0) 47.42/78.54 (151.83/141.50mm)
1787598419.249  event6   TOUCH_MOTION              3  +17.859s	1 (1) 55.86/31.54 (178.83/56.83mm)
1787598419.249  event6   TOUCH_FRAME                  +17.859s	
1787598419.258  event6   TOUCH_MOTION              2  +17.868s	0 (0) 47.27/79.00 (151.33/142.33mm)
1787598419.258  event6   TOUCH_MOTION              3  +17.868s	1 (1) 55.86/31.36 (178.83/56.50mm)
1787598419.258  event6   TOUCH_FRAME                  +17.868s	
1787598419.267  event6   TOUCH_MOTION              2  +17.877s	0 (0) 47.16/79.37 (151.00/143.00mm)
1787598419.267  event6   TOUCH_MOTION              3  +17.877s	1 (1) 55.86/31.08 (178.83/56.00mm)
1787598419.267  event6   TOUCH_FRAME                  +17.877s	
1787598419.276  event6   TOUCH_MOTION              2  +17.886s	0 (0) 47.06/79.74 (150.67/143.67mm)
1787598419.276  event6   TOUCH_MOTION              3  +17.886s	1 (1) 55.91/30.90 (179.00/55.67mm)
1787598419.276  event6   TOUCH_FRAME                  +17.886s	
1787598419.285  event6   TOUCH_MOTION              2  +17.895s	0 (0) 46.90/80.20 (150.17/144.50mm)
1787598419.285  event6   TOUCH_MOTION              3  +17.895s	1 (1) 55.96/30.62 (179.17/55.17mm)
1787598419.285  event6   TOUCH_FRAME                  +17.895s	
1787598419.295  event6   TOUCH_MOTION              2  +17.905s	0 (0) 46.80/80.57 (149.83/145.17mm)
1787598419.295  event6   TOUCH_MOTION              3  +17.905s	1 (1) 55.96/30.43 (179.17/54.83mm)
1787598419.295  event6   TOUCH_FRAME                  +17.905s	
1787598419.304  event6   TOUCH_MOTION              2  +17.914s	0 (0) 46.64/81.04 (149.33/146.00mm)
1787598419.304  event6   TOUCH_MOTION              3  +17.914s	1 (1) 56.01/30.16 (179.33/54.33mm)
1787598419.304  event6   TOUCH_FRAME                  +17.914s	
1787598419.313  event6   TOUCH_MOTION              2  +17.923s	0 (0) 46.54/81.50 (149.00/146.83mm)
1787598419.313  event6   TOUCH_MOTION              3  +17.923s	1 (1) 56.12/29.88 (179.67/53.83mm)
1787598419.313  event6   TOUCH_FRAME                  +17.923s	
1787598419.322  event6   TOUCH_MOTION              2  +17.932s	0 (0) 46.38/81.87 (148.50/147.50mm)
1787598419.322  event6   TOUCH_MOTION              3  +17.932s	1 (1) 56.22/29.69 (180.00/53.50mm)
1787598419.322  event6   TOUCH_FRAME                  +17.932s	
1787598419.331  event6   TOUCH_MOTION              2  +17.941s	0 (0) 46.33/82.15 (148.33/148.00mm)
1787598419.331  event6   TOUCH_MOTION              3  +17.941s	1 (1) 56.27/29.51 (180.17/53.17mm)
1787598419.331  event6   TOUCH_FRAME                  +17.941s	
1787598419.340  event6   TOUCH_MOTION              2  +17.950s	0 (0) 46.28/82.42 (148.17/148.50mm)
1787598419.340  event6   TOUCH_MOTION              3  +17.950s	1 (1) 56.32/29.32 (180.33/52.83mm)
1787598419.340  event6   TOUCH_FRAME                  +17.950s	
1787598419.348  event6   TOUCH_MOTION              2  +17.959s	0 (0) 46.23/82.52 (148.00/148.67mm)
1787598419.349  event6   TOUCH_MOTION              3  +17.959s	1 (1) 56.38/29.14 (180.50/52.50mm)
1787598419.349  event6   TOUCH_FRAME                  +17.959s	
1787598419.358  event6   TOUCH_MOTION              2  +17.968s	0 (0) 46.17/82.70 (147.83/149.00mm)
1787598419.358  event6   TOUCH_MOTION              3  +17.968s	1 (1) 56.43/29.14 (180.67/52.50mm)
1787598419.358  event6   TOUCH_FRAME                  +17.968s	
1787598419.368  event6   TOUCH_MOTION              2  +17.978s	0 (0) 46.12/82.79 (147.67/149.17mm)
1787598419.368  event6   TOUCH_MOTION              3  +17.978s	1 (1) 56.43/29.05 (180.67/52.33mm)
1787598419.368  event6   TOUCH_FRAME                  +17.978s	
1787598419.377  event6   TOUCH_MOTION              2  +17.987s	0 (0) 46.07/82.79 (147.50/149.17mm)
1787598419.377  event6   TOUCH_MOTION              3  +17.987s	1 (1) 56.43/28.95 (180.67/52.17mm)
1787598419.377  event6   TOUCH_FRAME                  +17.987s	
1787598419.386  event6   TOUCH_MOTION              2  +17.996s	0 (0) 46.02/82.89 (147.33/149.33mm)
1787598419.386  event6   TOUCH_MOTION              3  +17.996s	1 (1) 56.43/28.86 (180.67/52.00mm)
1787598419.386  event6   TOUCH_FRAME                  +17.996s	
1787598419.394  event6   TOUCH_MOTION              2  +18.005s	0 (0) 45.97/82.98 (147.17/149.50mm)
1787598419.395  event6   TOUCH_FRAME                  +18.005s	
1787598419.404  event6   TOUCH_MOTION              2  +18.014s	0 (0) 45.97/83.07 (147.17/149.67mm)
1787598419.404  event6   TOUCH_FRAME                  +18.014s	
1787598419.413  event6   TOUCH_MOTION              2  +18.023s	0 (0) 45.97/83.16 (147.17/149.83mm)
1787598419.413  event6   TOUCH_FRAME                  +18.023s	
1787598419.468  event6   TOUCH_MOTION              2  +18.078s	0 (0) 46.02/83.07 (147.33/149.67mm)
1787598419.468  event6   TOUCH_MOTION              3  +18.078s	1 (1) 56.43/28.95 (180.67/52.17mm)
1787598419.468  event6   TOUCH_FRAME                  +18.078s	
1787598419.477  event6   TOUCH_MOTION              2  +18.087s	0 (0) 46.07/82.98 (147.50/149.50mm)
1787598419.477  event6   TOUCH_MOTION              3  +18.087s	1 (1) 56.43/29.14 (180.67/52.50mm)
1787598419.477  event6   TOUCH_FRAME                  +18.087s	
1787598419.486  event6   TOUCH_MOTION              2  +18.096s	0 (0) 46.12/82.79 (147.67/149.17mm)
1787598419.486  event6   TOUCH_MOTION              3  +18.096s	1 (1) 56.43/29.23 (180.67/52.67mm)
1787598419.486  event6   TOUCH_FRAME                  +18.096s	
1787598419.495  event6   TOUCH_MOTION              2  +18.105s	0 (0) 46.17/82.42 (147.83/148.50mm)
1787598419.495  event6   TOUCH_MOTION              3  +18.105s	1 (1) 56.38/29.51 (180.50/53.17mm)
1787598419.495  event6   TOUCH_FRAME                  +18.105s	
1787598419.504  event6   TOUCH_MOTION              2  +18.115s	0 (0) 46.33/82.05 (148.33/147.83mm)
1787598419.504  event6   TOUCH_MOTION              3  +18.115s	1 (1) 56.27/29.88 (180.17/53.83mm)
1787598419.504  event6   TOUCH_FRAME                  +18.115s	
1787598419.513  event6   TOUCH_MOTION              2  +18.124s	0 (0) 46.43/81.59 (148.67/147.00mm)
1787598419.513  event6   TOUCH_MOTION              3  +18.124s	1 (1) 56.17/30.34 (179.83/54.67mm)
1787598419.513  event6   TOUCH_FRAME                  +18.124s	
1787598419.522  event6   TOUCH_MOTION              2  +18.133s	0 (0) 46.59/81.13 (149.17/146.17mm)
1787598419.522  event6   TOUCH_MOTION              3  +18.133s	1 (1) 56.01/30.90 (179.33/55.67mm)
1787598419.522  event6   TOUCH_FRAME                  +18.133s	
1787598419.531  event6   TOUCH_MOTION              2  +18.142s	0 (0) 46.75/80.67 (149.67/145.33mm)
1787598419.531  event6   TOUCH_MOTION              3  +18.142s	1 (1) 55.86/31.36 (178.83/56.50mm)
1787598419.531  event6   TOUCH_FRAME                  +18.142s	
1787598419.540  event6   TOUCH_MOTION              2  +18.151s	0 (0) 46.90/80.20 (150.17/144.50mm)
1787598419.540  event6   TOUCH_MOTION              3  +18.151s	1 (1) 55.75/32.01 (178.50/57.67mm)
1787598419.540  event6   TOUCH_FRAME                  +18.151s	
1787598419.549  event6   TOUCH_MOTION              2  +18.160s	0 (0) 47.06/79.83 (150.67/143.83mm)
1787598419.549  event6   TOUCH_MOTION              3  +18.160s	1 (1) 55.60/32.56 (178.00/58.67mm)
1787598419.549  event6   TOUCH_FRAME                  +18.160s	
1787598419.558  event6   TOUCH_MOTION              2  +18.169s	0 (0) 47.16/79.46 (151.00/143.17mm)
1787598419.558  event6   TOUCH_MOTION              3  +18.169s	1 (1) 55.44/33.12 (177.50/59.67mm)
1787598419.559  event6   TOUCH_FRAME                  +18.169s	
1787598419.568  event6   TOUCH_MOTION              2  +18.179s	0 (0) 47.27/79.00 (151.33/142.33mm)
1787598419.568  event6   TOUCH_MOTION              3  +18.179s	1 (1) 55.28/33.67 (177.00/60.67mm)
1787598419.568  event6   TOUCH_FRAME                  +18.179s	
1787598419.577  event6   TOUCH_MOTION              2  +18.188s	0 (0) 47.42/78.63 (151.83/141.67mm)
1787598419.577  event6   TOUCH_MOTION              3  +18.188s	1 (1) 55.08/34.23 (176.33/61.67mm)
1787598419.577  event6   TOUCH_FRAME                  +18.188s	
1787598419.586  event6   TOUCH_MOTION              2  +18.197s	0 (0) 47.53/78.17 (152.17/140.83mm)
1787598419.586  event6   TOUCH_MOTION              3  +18.197s	1 (1) 54.92/34.78 (175.83/62.67mm)
1787598419.586  event6   TOUCH_FRAME                  +18.197s	
1787598419.595  event6   TOUCH_MOTION              2  +18.206s	0 (0) 47.68/77.80 (152.67/140.17mm)
1787598419.595  event6   TOUCH_MOTION              3  +18.206s	1 (1) 54.76/35.34 (175.33/63.67mm)
1787598419.595  event6   TOUCH_FRAME                  +18.206s	
1787598419.605  event6   TOUCH_MOTION              2  +18.215s	0 (0) 47.79/77.43 (153.00/139.50mm)
1787598419.605  event6   TOUCH_MOTION              3  +18.215s	1 (1) 54.66/35.89 (175.00/64.67mm)
1787598419.605  event6   TOUCH_FRAME                  +18.215s	
1787598419.614  event6   TOUCH_MOTION              2  +18.225s	0 (0) 47.84/77.24 (153.17/139.17mm)
1787598419.614  event6   TOUCH_MOTION              3  +18.225s	1 (1) 54.55/36.26 (174.67/65.33mm)
1787598419.614  event6   TOUCH_FRAME                  +18.225s	
1787598419.624  event6   TOUCH_MOTION              2  +18.235s	0 (0) 47.89/77.15 (153.33/139.00mm)
1787598419.624  event6   TOUCH_MOTION              3  +18.235s	1 (1) 54.45/36.63 (174.33/66.00mm)
1787598419.624  event6   TOUCH_FRAME                  +18.235s	
1787598419.634  event6   TOUCH_MOTION              2  +18.245s	0 (0) 47.94/76.87 (153.50/138.50mm)
1787598419.634  event6   TOUCH_MOTION              3  +18.245s	1 (1) 54.40/37.00 (174.17/66.67mm)
1787598419.634  event6   TOUCH_FRAME                  +18.245s	
1787598419.644  event6   TOUCH_MOTION              2  +18.255s	0 (0) 48.05/76.60 (153.83/138.00mm)
1787598419.644  event6   TOUCH_MOTION              3  +18.255s	1 (1) 54.24/37.47 (173.67/67.50mm)
1787598419.644  event6   TOUCH_FRAME                  +18.255s	
1787598419.655  event6   TOUCH_MOTION              2  +18.265s	0 (0) 48.10/76.32 (154.00/137.50mm)
1787598419.655  event6   TOUCH_MOTION              3  +18.265s	1 (1) 54.14/37.84 (173.33/68.17mm)
1787598419.655  event6   TOUCH_FRAME                  +18.265s	
1787598419.663  event6   TOUCH_MOTION              2  +18.274s	0 (0) 48.15/76.04 (154.17/137.00mm)
1787598419.664  event6   TOUCH_MOTION              3  +18.274s	1 (1) 53.98/38.30 (172.83/69.00mm)
1787598419.664  event6   TOUCH_FRAME                  +18.274s	
1787598419.674  event6   TOUCH_MOTION              2  +18.284s	0 (0) 48.26/75.67 (154.50/136.33mm)
1787598419.674  event6   TOUCH_MOTION              3  +18.284s	1 (1) 53.88/38.85 (172.50/70.00mm)
1787598419.674  event6   TOUCH_FRAME                  +18.284s	
1787598419.683  event6   TOUCH_MOTION              2  +18.294s	0 (0) 48.36/75.39 (154.83/135.83mm)
1787598419.683  event6   TOUCH_MOTION              3  +18.294s	1 (1) 53.72/39.32 (172.00/70.83mm)
1787598419.683  event6   TOUCH_FRAME                  +18.294s	
1787598419.693  event6   TOUCH_MOTION              2  +18.304s	0 (0) 48.41/75.12 (155.00/135.33mm)
1787598419.693  event6   TOUCH_MOTION              3  +18.304s	1 (1) 53.62/39.87 (171.67/71.83mm)
1787598419.693  event6   TOUCH_FRAME                  +18.304s	
1787598419.703  event6   TOUCH_MOTION              2  +18.314s	0 (0) 48.52/74.84 (155.33/134.83mm)
1787598419.703  event6   TOUCH_MOTION              3  +18.314s	1 (1) 53.51/40.43 (171.33/72.83mm)
1787598419.703  event6   TOUCH_FRAME                  +18.314s	
1787598419.713  event6   TOUCH_MOTION              2  +18.324s	0 (0) 48.62/74.47 (155.67/134.17mm)
1787598419.714  event6   TOUCH_MOTION              3  +18.324s	1 (1) 53.36/40.89 (170.83/73.67mm)
1787598419.714  event6   TOUCH_FRAME                  +18.324s	
1787598419.723  event6   TOUCH_MOTION              2  +18.334s	0 (0) 48.72/74.10 (156.00/133.50mm)
1787598419.723  event6   TOUCH_MOTION              3  +18.334s	1 (1) 53.25/41.44 (170.50/74.67mm)
1787598419.723  event6   TOUCH_FRAME                  +18.334s	
1787598419.734  event6   TOUCH_MOTION              2  +18.344s	0 (0) 48.83/73.73 (156.33/132.83mm)
1787598419.734  event6   TOUCH_MOTION              3  +18.344s	1 (1) 53.15/42.00 (170.17/75.67mm)
1787598419.734  event6   TOUCH_FRAME                  +18.344s	
1787598419.742  event6   TOUCH_MOTION              2  +18.353s	0 (0) 48.88/73.36 (156.50/132.17mm)
1787598419.742  event6   TOUCH_MOTION              3  +18.353s	1 (1) 53.05/42.37 (169.83/76.33mm)
1787598419.742  event6   TOUCH_FRAME                  +18.353s	
1787598419.752  event6   TOUCH_MOTION              2  +18.363s	0 (0) 48.98/72.99 (156.83/131.50mm)
1787598419.752  event6   TOUCH_MOTION              3  +18.363s	1 (1) 52.94/42.83 (169.50/77.17mm)
1787598419.752  event6   TOUCH_FRAME                  +18.363s	
1787598419.762  event6   TOUCH_MOTION              2  +18.373s	0 (0) 49.04/72.62 (157.00/130.83mm)
1787598419.762  event6   TOUCH_MOTION              3  +18.373s	1 (1) 52.84/43.20 (169.17/77.83mm)
1787598419.762  event6   TOUCH_FRAME                  +18.373s	
1787598419.772  event6   TOUCH_MOTION              2  +18.383s	0 (0) 49.14/72.25 (157.33/130.17mm)
1787598419.772  event6   TOUCH_MOTION              3  +18.383s	1 (1) 52.79/43.57 (169.00/78.50mm)
1787598419.773  event6   TOUCH_FRAME                  +18.383s	
1787598419.782  event6   TOUCH_MOTION              2  +18.393s	0 (0) 49.25/71.88 (157.67/129.50mm)
1787598419.782  event6   TOUCH_MOTION              3  +18.393s	1 (1) 52.68/43.85 (168.67/79.00mm)
1787598419.782  event6   TOUCH_FRAME                  +18.393s	
1787598419.792  event6   TOUCH_MOTION              2  +18.403s	0 (0) 49.30/71.51 (157.83/128.83mm)
1787598419.792  event6   TOUCH_MOTION              3  +18.403s	1 (1) 52.63/44.22 (168.50/79.67mm)
1787598419.792  event6   TOUCH_FRAME                  +18.403s	
1787598419.802  event6   TOUCH_MOTION              2  +18.413s	0 (0) 49.40/71.14 (158.17/128.17mm)
1787598419.803  event6   TOUCH_MOTION              3  +18.413s	1 (1) 52.52/44.50 (168.17/80.17mm)
1787598419.803  event6   TOUCH_FRAME                  +18.413s	
1787598419.812  event6   TOUCH_MOTION              2  +18.423s	0 (0) 49.51/70.68 (158.50/127.33mm)
1787598419.812  event6   TOUCH_MOTION              3  +18.423s	1 (1) 52.42/44.87 (167.83/80.83mm)
1787598419.812  event6   TOUCH_FRAME                  +18.423s	
1787598419.821  event6   TOUCH_MOTION              2  +18.432s	0 (0) 49.56/70.31 (158.67/126.67mm)
1787598419.821  event6   TOUCH_MOTION              3  +18.432s	1 (1) 52.37/45.24 (167.67/81.50mm)
1787598419.821  event6   TOUCH_FRAME                  +18.432s	
1787598419.831  event6   TOUCH_MOTION              2  +18.442s	0 (0) 49.66/69.94 (159.00/126.00mm)
1787598419.831  event6   TOUCH_MOTION              3  +18.442s	1 (1) 52.26/45.61 (167.33/82.17mm)
1787598419.831  event6   TOUCH_FRAME                  +18.442s	
1787598419.841  event6   TOUCH_MOTION              2  +18.452s	0 (0) 49.71/69.57 (159.17/125.33mm)
1787598419.841  event6   TOUCH_MOTION              3  +18.452s	1 (1) 52.16/45.98 (167.00/82.83mm)
1787598419.841  event6   TOUCH_FRAME                  +18.452s	
1787598419.851  event6   TOUCH_MOTION              2  +18.462s	0 (0) 49.82/69.20 (159.50/124.67mm)
1787598419.851  event6   TOUCH_MOTION              3  +18.462s	1 (1) 52.11/46.35 (166.83/83.50mm)
1787598419.851  event6   TOUCH_FRAME                  +18.462s	
1787598419.861  event6   TOUCH_MOTION              2  +18.472s	0 (0) 49.92/68.83 (159.83/124.00mm)
1787598419.861  event6   TOUCH_MOTION              3  +18.472s	1 (1) 52.00/46.72 (166.50/84.17mm)
1787598419.861  event6   TOUCH_FRAME                  +18.472s	
1787598419.871  event6   TOUCH_MOTION              2  +18.482s	0 (0) 49.97/68.46 (160.00/123.33mm)
1787598419.872  event6   TOUCH_MOTION              3  +18.482s	1 (1) 51.95/47.09 (166.33/84.83mm)
1787598419.872  event6   TOUCH_FRAME                  +18.482s	
1787598419.882  event6   TOUCH_MOTION              2  +18.492s	0 (0) 50.03/68.09 (160.17/122.67mm)
1787598419.882  event6   TOUCH_MOTION              3  +18.492s	1 (1) 51.85/47.36 (166.00/85.33mm)
1787598419.882  event6   TOUCH_FRAME                  +18.492s	
1787598419.891  event6   TOUCH_MOTION              2  +18.502s	0 (0) 50.13/67.81 (160.50/122.17mm)
1787598419.892  event6   TOUCH_MOTION              3  +18.502s	1 (1) 51.74/47.64 (165.67/85.83mm)
1787598419.892  event6   TOUCH_FRAME                  +18.502s	
1787598419.901  event6   TOUCH_MOTION              2  +18.511s	0 (0) 50.18/67.53 (160.67/121.67mm)
1787598419.901  event6   TOUCH_MOTION              3  +18.511s	1 (1) 51.69/48.01 (165.50/86.50mm)
1787598419.901  event6   TOUCH_FRAME                  +18.511s	
1787598419.910  event6   TOUCH_MOTION              2  +18.521s	0 (0) 50.29/67.16 (161.00/121.00mm)
1787598419.910  event6   TOUCH_MOTION              3  +18.521s	1 (1) 51.59/48.29 (165.17/87.00mm)
1787598419.910  event6   TOUCH_FRAME                  +18.521s	
1787598419.921  event6   TOUCH_MOTION              2  +18.531s	0 (0) 50.39/66.79 (161.33/120.33mm)
1787598419.921  event6   TOUCH_MOTION              3  +18.531s	1 (1) 51.54/48.66 (165.00/87.67mm)
1787598419.921  event6   TOUCH_FRAME                  +18.531s	
1787598419.930  event6   TOUCH_MOTION              2  +18.541s	0 (0) 50.44/66.33 (161.50/119.50mm)
1787598419.930  event6   TOUCH_MOTION              3  +18.541s	1 (1) 51.43/49.12 (164.67/88.50mm)
1787598419.931  event6   TOUCH_FRAME                  +18.541s	
1787598419.940  event6   TOUCH_MOTION              2  +18.551s	0 (0) 50.55/65.86 (161.83/118.67mm)
1787598419.940  event6   TOUCH_MOTION              3  +18.551s	1 (1) 51.33/49.58 (164.33/89.33mm)
1787598419.941  event6   TOUCH_FRAME                  +18.551s	
1787598419.951  event6   TOUCH_MOTION              2  +18.561s	0 (0) 50.60/65.49 (162.00/118.00mm)
1787598419.951  event6   TOUCH_MOTION              3  +18.561s	1 (1) 51.28/50.05 (164.17/90.17mm)
1787598419.951  event6   TOUCH_FRAME                  +18.561s	
1787598419.960  event6   TOUCH_MOTION              2  +18.571s	0 (0) 50.60/65.12 (162.00/117.33mm)
1787598419.961  event6   TOUCH_MOTION              3  +18.571s	1 (1) 51.28/50.42 (164.17/90.83mm)
1787598419.961  event6   TOUCH_FRAME                  +18.571s	
1787598419.971  event6   TOUCH_MOTION              2  +18.581s	0 (0) 50.65/64.85 (162.17/116.83mm)
1787598419.971  event6   TOUCH_MOTION              3  +18.581s	1 (1) 51.22/50.69 (164.00/91.33mm)
1787598419.971  event6   TOUCH_FRAME                  +18.581s	
1787598419.980  event6   TOUCH_MOTION              2  +18.590s	0 (0) 50.65/64.57 (162.17/116.33mm)
1787598419.980  event6   TOUCH_MOTION              3  +18.590s	1 (1) 51.17/51.06 (163.83/92.00mm)
1787598419.980  event6   TOUCH_FRAME                  +18.590s	
1787598419.990  event6   TOUCH_MOTION              2  +18.600s	0 (0) 50.65/64.29 (162.17/115.83mm)
1787598419.990  event6   TOUCH_MOTION              3  +18.600s	1 (1) 51.12/51.25 (163.67/92.33mm)
1787598419.990  event6   TOUCH_FRAME                  +18.600s	
1787598419.999  event6   TOUCH_MOTION              2  +18.610s	0 (0) 50.65/64.11 (162.17/115.50mm)
1787598419.999  event6   TOUCH_MOTION              3  +18.610s	1 (1) 51.07/51.43 (163.50/92.67mm)
1787598419.999  event6   TOUCH_FRAME                  +18.610s	
1787598420.009  event6   TOUCH_MOTION              2  +18.620s	0 (0) 50.65/63.92 (162.17/115.17mm)
1787598420.009  event6   TOUCH_MOTION              3  +18.620s	1 (1) 51.07/51.62 (163.50/93.00mm)
1787598420.009  event6   TOUCH_FRAME                  +18.620s	
1787598420.019  event6   TOUCH_MOTION              2  +18.630s	0 (0) 50.65/63.64 (162.17/114.67mm)
1787598420.019  event6   TOUCH_MOTION              3  +18.630s	1 (1) 51.02/51.80 (163.33/93.33mm)
1787598420.019  event6   TOUCH_FRAME                  +18.630s	
1787598420.030  event6   TOUCH_MOTION              2  +18.640s	0 (0) 50.65/63.55 (162.17/114.50mm)
1787598420.030  event6   TOUCH_MOTION              3  +18.640s	1 (1) 50.96/51.90 (163.17/93.50mm)
1787598420.030  event6   TOUCH_FRAME                  +18.640s	
1787598420.040  event6   TOUCH_MOTION              2  +18.650s	0 (0) 50.65/63.37 (162.17/114.17mm)
1787598420.040  event6   TOUCH_MOTION              3  +18.650s	1 (1) 50.96/51.99 (163.17/93.67mm)
1787598420.040  event6   TOUCH_FRAME                  +18.650s	
1787598420.049  event6   TOUCH_MOTION              2  +18.660s	0 (0) 50.65/63.18 (162.17/113.83mm)
1787598420.050  event6   TOUCH_MOTION              3  +18.660s	1 (1) 50.96/52.08 (163.17/93.83mm)
1787598420.050  event6   TOUCH_FRAME                  +18.660s	
1787598420.059  event6   TOUCH_MOTION              2  +18.669s	1 (1) 50.91/52.17 (163.00/94.00mm)
1787598420.059  event6   TOUCH_FRAME                  +18.669s	
1787598420.069  event6   TOUCH_MOTION              2  +18.679s	0 (0) 50.65/63.09 (162.17/113.67mm)
1787598420.069  event6   TOUCH_FRAME                  +18.679s	
1787598420.079  event6   TOUCH_MOTION              2  +18.689s	0 (0) 50.65/63.00 (162.17/113.50mm)
1787598420.079  event6   TOUCH_MOTION              3  +18.689s	1 (1) 50.91/52.27 (163.00/94.17mm)
1787598420.079  event6   TOUCH_FRAME                  +18.689s	
1787598420.089  event6   TOUCH_MOTION              2  +18.699s	0 (0) 50.65/62.90 (162.17/113.33mm)
1787598420.089  event6   TOUCH_MOTION              3  +18.699s	1 (1) 50.91/52.36 (163.00/94.33mm)
1787598420.089  event6   TOUCH_FRAME                  +18.699s	
1787598420.098  event6   TOUCH_MOTION              2  +18.709s	1 (1) 50.91/52.45 (163.00/94.50mm)
1787598420.099  event6   TOUCH_FRAME                  +18.709s	
1787598420.107  event6   TOUCH_MOTION              2  +18.718s	1 (1) 50.86/52.64 (162.83/94.83mm)
1787598420.107  event6   TOUCH_FRAME                  +18.718s	
1787598420.141  event6   TOUCH_UP                     +18.751s	0 (0)
1787598420.141  event6   TOUCH_FRAME                  +18.751s	
1787598420.160  event6   TOUCH_UP                     +18.771s	1 (1)
1787598420.161  event6   TOUCH_FRAME                  +18.771s	
1787598421.346  event6   TOUCH_DOWN                   +19.956s	0 (0) 48.72/32.19 (156.00/58.00mm)
1787598421.346  event6   TOUCH_DOWN                   +19.956s	1 (1) 56.32/37.84 (180.33/68.17mm)
1787598421.346  event6   TOUCH_FRAME                  +19.956s	
1787598421.364  event6   TOUCH_MOTION                 +19.974s	0 (0) 48.62/32.84 (155.67/59.17mm)
1787598421.364  event6   TOUCH_FRAME                  +19.974s	
1787598421.373  event6   TOUCH_MOTION              2  +19.983s	0 (0) 48.62/33.21 (155.67/59.83mm)
1787598421.373  event6   TOUCH_MOTION              3  +19.983s	1 (1) 56.43/38.67 (180.67/69.67mm)
1787598421.373  event6   TOUCH_DOWN                   +19.983s	2 (2) 41.85/42.55 (134.00/76.67mm)
1787598421.373  event6   TOUCH_FRAME                  +19.983s	
1787598421.382  event6   TOUCH_MOTION                 +19.992s	0 (0) 48.62/33.49 (155.67/60.33mm)
1787598421.382  event6   TOUCH_MOTION              2  +19.992s	1 (1) 56.43/38.95 (180.67/70.17mm)
1787598421.382  event6   TOUCH_MOTION              3  +19.992s	2 (2) 41.85/42.83 (134.00/77.17mm)
1787598421.382  event6   TOUCH_FRAME                  +19.992s	
1787598421.392  event6   TOUCH_MOTION              2  +20.002s	0 (0) 48.62/33.77 (155.67/60.83mm)
1787598421.392  event6   TOUCH_MOTION              3  +20.002s	1 (1) 56.48/39.32 (180.83/70.83mm)
1787598421.392  event6   TOUCH_MOTION              4  +20.002s	2 (2) 41.85/43.20 (134.00/77.83mm)
1787598421.392  event6   TOUCH_FRAME                  +20.002s	
1787598421.401  event6   TOUCH_MOTION              2  +20.011s	0 (0) 48.62/34.23 (155.67/61.67mm)
1787598421.401  event6   TOUCH_MOTION              3  +20.011s	1 (1) 56.53/39.78 (181.00/71.67mm)
1787598421.401  event6   TOUCH_MOTION              4  +20.011s	2 (2) 41.85/43.57 (134.00/78.50mm)
1787598421.401  event6   TOUCH_FRAME                  +20.011s	
1787598421.409  event6   TOUCH_MOTION              2  +20.020s	0 (0) 48.62/34.69 (155.67/62.50mm)
1787598421.409  event6   TOUCH_MOTION              3  +20.020s	1 (1) 56.59/40.24 (181.17/72.50mm)
1787598421.409  event6   TOUCH_MOTION              4  +20.020s	2 (2) 41.85/44.03 (134.00/79.33mm)
1787598421.410  event6   TOUCH_FRAME                  +20.020s	
1787598421.418  event6   TOUCH_MOTION              2  +20.029s	0 (0) 48.62/35.15 (155.67/63.33mm)
1787598421.419  event6   TOUCH_MOTION              3  +20.029s	1 (1) 56.64/40.80 (181.33/73.50mm)
1787598421.419  event6   TOUCH_MOTION              4  +20.029s	2 (2) 41.85/44.50 (134.00/80.17mm)
1787598421.419  event6   TOUCH_FRAME                  +20.029s	
1787598421.428  event6   TOUCH_MOTION              2  +20.038s	0 (0) 48.62/35.52 (155.67/64.00mm)
1787598421.428  event6   TOUCH_MOTION              3  +20.038s	1 (1) 56.64/41.26 (181.33/74.33mm)
1787598421.428  event6   TOUCH_MOTION              4  +20.038s	2 (2) 41.85/44.96 (134.00/81.00mm)
1787598421.428  event6   TOUCH_FRAME                  +20.038s	
1787598421.437  event6   TOUCH_MOTION              2  +20.047s	0 (0) 48.62/36.08 (155.67/65.00mm)
1787598421.437  event6   TOUCH_MOTION              3  +20.047s	1 (1) 56.69/41.81 (181.50/75.33mm)
1787598421.437  event6   TOUCH_MOTION              4  +20.047s	2 (2) 41.85/45.33 (134.00/81.67mm)
1787598421.437  event6   TOUCH_FRAME                  +20.047s	
1787598421.446  event6   TOUCH_MOTION              2  +20.056s	0 (0) 48.62/36.63 (155.67/66.00mm)
1787598421.446  event6   TOUCH_MOTION              3  +20.056s	1 (1) 56.74/42.37 (181.67/76.33mm)
1787598421.446  event6   TOUCH_MOTION              4  +20.056s	2 (2) 41.80/45.88 (133.83/82.67mm)
1787598421.446  event6   TOUCH_FRAME                  +20.056s	
1787598421.455  event6   TOUCH_MOTION              2  +20.065s	0 (0) 48.62/37.00 (155.67/66.67mm)
1787598421.455  event6   TOUCH_MOTION              3  +20.065s	1 (1) 56.79/42.92 (181.83/77.33mm)
1787598421.455  event6   TOUCH_MOTION              4  +20.065s	2 (2) 41.75/46.44 (133.67/83.67mm)
1787598421.455  event6   TOUCH_FRAME                  +20.065s	
1787598421.465  event6   TOUCH_MOTION              2  +20.075s	0 (0) 48.62/37.47 (155.67/67.50mm)
1787598421.465  event6   TOUCH_MOTION              3  +20.075s	1 (1) 56.85/43.48 (182.00/78.33mm)
1787598421.465  event6   TOUCH_MOTION              4  +20.075s	2 (2) 41.75/46.90 (133.67/84.50mm)
1787598421.465  event6   TOUCH_FRAME                  +20.075s	
1787598421.474  event6   TOUCH_MOTION              2  +20.084s	0 (0) 48.62/37.93 (155.67/68.33mm)
1787598421.474  event6   TOUCH_MOTION              3  +20.084s	1 (1) 56.85/43.94 (182.00/79.17mm)
1787598421.474  event6   TOUCH_MOTION              4  +20.084s	2 (2) 41.70/47.27 (133.50/85.17mm)
1787598421.474  event6   TOUCH_FRAME                  +20.084s	
1787598421.482  event6   TOUCH_MOTION              2  +20.093s	0 (0) 48.62/38.48 (155.67/69.33mm)
1787598421.483  event6   TOUCH_MOTION              3  +20.093s	1 (1) 56.90/44.50 (182.17/80.17mm)
1787598421.483  event6   TOUCH_MOTION              4  +20.093s	2 (2) 41.70/47.83 (133.50/86.17mm)
1787598421.483  event6   TOUCH_FRAME                  +20.093s	
1787598421.492  event6   TOUCH_MOTION              2  +20.102s	0 (0) 48.62/38.95 (155.67/70.17mm)
1787598421.492  event6   TOUCH_MOTION              3  +20.102s	1 (1) 56.95/44.96 (182.33/81.00mm)
1787598421.492  event6   TOUCH_MOTION              4  +20.102s	2 (2) 41.64/48.38 (133.33/87.17mm)
1787598421.492  event6   TOUCH_FRAME                  +20.102s	
1787598421.500  event6   TOUCH_MOTION              2  +20.111s	0 (0) 48.62/39.41 (155.67/71.00mm)
1787598421.500  event6   TOUCH_MOTION              3  +20.111s	1 (1) 57.00/45.61 (182.50/82.17mm)
1787598421.500  event6   TOUCH_MOTION              4  +20.111s	2 (2) 41.59/48.84 (133.17/88.00mm)
1787598421.500  event6   TOUCH_FRAME                  +20.111s	
1787598421.509  event6   TOUCH_MOTION              2  +20.120s	0 (0) 48.62/39.87 (155.67/71.83mm)
1787598421.509  event6   TOUCH_MOTION              3  +20.120s	1 (1) 57.00/46.16 (182.50/83.17mm)
1787598421.509  event6   TOUCH_MOTION              4  +20.120s	2 (2) 41.54/49.40 (133.00/89.00mm)
1787598421.509  event6   TOUCH_FRAME                  +20.120s	
1787598421.518  event6   TOUCH_MOTION              2  +20.129s	0 (0) 48.62/40.43 (155.67/72.83mm)
1787598421.518  event6   TOUCH_MOTION              3  +20.129s	1 (1) 57.00/46.53 (182.50/83.83mm)
1787598421.519  event6   TOUCH_MOTION              4  +20.129s	2 (2) 41.49/49.95 (132.83/90.00mm)
1787598421.519  event6   TOUCH_FRAME                  +20.129s	
1787598421.528  event6   TOUCH_MOTION              2  +20.139s	0 (0) 48.62/40.89 (155.67/73.67mm)
1787598421.528  event6   TOUCH_MOTION              3  +20.139s	1 (1) 57.00/47.09 (182.50/84.83mm)
1787598421.528  event6   TOUCH_MOTION              4  +20.139s	2 (2) 41.49/50.42 (132.83/90.83mm)
1787598421.528  event6   TOUCH_FRAME                  +20.139s	
1787598421.538  event6   TOUCH_MOTION              2  +20.148s	0 (0) 48.62/41.44 (155.67/74.67mm)
1787598421.538  event6   TOUCH_MOTION              3  +20.148s	1 (1) 57.00/47.64 (182.50/85.83mm)
1787598421.538  event6   TOUCH_MOTION              4  +20.148s	2 (2) 41.44/50.97 (132.67/91.83mm)
1787598421.538  event6   TOUCH_FRAME                  +20.148s	
1787598421.547  event6   TOUCH_MOTION              2  +20.157s	0 (0) 48.62/42.00 (155.67/75.67mm)
1787598421.547  event6   TOUCH_MOTION              3  +20.157s	1 (1) 57.00/48.10 (182.50/86.67mm)
1787598421.547  event6   TOUCH_MOTION              4  +20.157s	2 (2) 41.38/51.43 (132.50/92.67mm)
1787598421.547  event6   TOUCH_FRAME                  +20.157s	
1787598421.556  event6   TOUCH_MOTION              2  +20.166s	0 (0) 48.62/42.46 (155.67/76.50mm)
1787598421.556  event6   TOUCH_MOTION              3  +20.166s	1 (1) 57.00/48.66 (182.50/87.67mm)
1787598421.556  event6   TOUCH_MOTION              4  +20.166s	2 (2) 41.33/52.08 (132.33/93.83mm)
1787598421.556  event6   TOUCH_FRAME                  +20.166s	
1787598421.565  event6   TOUCH_MOTION              2  +20.175s	0 (0) 48.62/43.02 (155.67/77.50mm)
1787598421.565  event6   TOUCH_MOTION              3  +20.175s	1 (1) 57.00/49.21 (182.50/88.67mm)
1787598421.565  event6   TOUCH_MOTION              4  +20.175s	2 (2) 41.28/52.64 (132.17/94.83mm)
1787598421.565  event6   TOUCH_FRAME                  +20.175s	
1787598421.574  event6   TOUCH_MOTION              2  +20.184s	0 (0) 48.62/43.48 (155.67/78.33mm)
1787598421.574  event6   TOUCH_MOTION              3  +20.184s	1 (1) 57.00/49.86 (182.50/89.83mm)
1787598421.574  event6   TOUCH_MOTION              4  +20.184s	2 (2) 41.23/53.28 (132.00/96.00mm)
1787598421.574  event6   TOUCH_FRAME                  +20.184s	
1787598421.582  event6   TOUCH_MOTION              2  +20.193s	0 (0) 48.62/44.03 (155.67/79.33mm)
1787598421.582  event6   TOUCH_MOTION              3  +20.193s	1 (1) 57.00/50.42 (182.50/90.83mm)
1787598421.582  event6   TOUCH_MOTION              4  +20.193s	2 (2) 41.23/53.84 (132.00/97.00mm)
1787598421.582  event6   TOUCH_FRAME                  +20.193s	
1787598421.591  event6   TOUCH_MOTION              2  +20.202s	0 (0) 48.62/44.59 (155.67/80.33mm)
1787598421.592  event6   TOUCH_MOTION              3  +20.202s	1 (1) 57.00/51.06 (182.50/92.00mm)
1787598421.592  event6   TOUCH_MOTION              4  +20.202s	2 (2) 41.18/54.49 (131.83/98.17mm)
1787598421.592  event6   TOUCH_FRAME                  +20.202s	
1787598421.601  event6   TOUCH_MOTION              2  +20.212s	0 (0) 48.62/45.24 (155.67/81.50mm)
1787598421.602  event6   TOUCH_MOTION              3  +20.212s	1 (1) 57.00/51.80 (182.50/93.33mm)
1787598421.602  event6   TOUCH_MOTION              4  +20.212s	2 (2) 41.12/55.04 (131.67/99.17mm)
1787598421.602  event6   TOUCH_FRAME                  +20.212s	
1787598421.611  event6   TOUCH_MOTION              2  +20.221s	0 (0) 48.62/45.79 (155.67/82.50mm)
1787598421.611  event6   TOUCH_MOTION              3  +20.221s	1 (1) 57.00/52.45 (182.50/94.50mm)
1787598421.611  event6   TOUCH_MOTION              4  +20.221s	2 (2) 41.07/55.69 (131.50/100.33mm)
1787598421.611  event6   TOUCH_FRAME                  +20.221s	
1787598421.619  event6   TOUCH_MOTION              2  +20.230s	0 (0) 48.62/46.53 (155.67/83.83mm)
1787598421.619  event6   TOUCH_MOTION              3  +20.230s	1 (1) 57.00/53.19 (182.50/95.83mm)
1787598421.619  event6   TOUCH_MOTION              4  +20.230s	2 (2) 41.02/56.34 (131.33/101.50mm)
1787598421.620  event6   TOUCH_FRAME                  +20.230s	
1787598421.628  event6   TOUCH_MOTION              2  +20.239s	0 (0) 48.62/47.18 (155.67/85.00mm)
1787598421.629  event6   TOUCH_MOTION              3  +20.239s	1 (1) 57.00/53.93 (182.50/97.17mm)
1787598421.629  event6   TOUCH_MOTION              4  +20.239s	2 (2) 41.02/57.08 (131.33/102.83mm)
1787598421.629  event6   TOUCH_FRAME                  +20.239s	
1787598421.638  event6   TOUCH_MOTION              2  +20.248s	0 (0) 48.62/47.73 (155.67/86.00mm)
1787598421.638  event6   TOUCH_MOTION              3  +20.248s	1 (1) 57.00/54.67 (182.50/98.50mm)
1787598421.638  event6   TOUCH_MOTION              4  +20.248s	2 (2) 40.97/57.82 (131.17/104.17mm)
1787598421.638  event6   TOUCH_FRAME                  +20.248s	
1787598421.647  event6   TOUCH_MOTION              2  +20.257s	0 (0) 48.62/48.38 (155.67/87.17mm)
1787598421.647  event6   TOUCH_MOTION              3  +20.257s	1 (1) 57.00/55.41 (182.50/99.83mm)
1787598421.647  event6   TOUCH_MOTION              4  +20.257s	2 (2) 40.92/58.56 (131.00/105.50mm)
1787598421.647  event6   TOUCH_FRAME                  +20.257s	
1787598421.656  event6   TOUCH_MOTION              2  +20.266s	0 (0) 48.62/49.03 (155.67/88.33mm)
1787598421.656  event6   TOUCH_MOTION              3  +20.266s	1 (1) 57.00/56.15 (182.50/101.17mm)
1787598421.656  event6   TOUCH_MOTION              4  +20.266s	2 (2) 40.86/59.20 (130.83/106.67mm)
1787598421.656  event6   TOUCH_FRAME                  +20.266s	
1787598421.666  event6   TOUCH_MOTION              2  +20.276s	0 (0) 48.62/49.68 (155.67/89.50mm)
1787598421.666  event6   TOUCH_MOTION              3  +20.276s	1 (1) 57.05/56.89 (182.67/102.50mm)
1787598421.666  event6   TOUCH_MOTION              4  +20.276s	2 (2) 40.81/59.85 (130.67/107.83mm)
1787598421.666  event6   TOUCH_FRAME                  +20.276s	
1787598421.675  event6   TOUCH_MOTION              2  +20.285s	0 (0) 48.57/50.32 (155.50/90.67mm)
1787598421.675  event6   TOUCH_MOTION              3  +20.285s	1 (1) 57.05/57.54 (182.67/103.67mm)
1787598421.675  event6   TOUCH_MOTION              4  +20.285s	2 (2) 40.81/60.59 (130.67/109.17mm)
1787598421.675  event6   TOUCH_FRAME                  +20.285s	
1787598421.684  event6   TOUCH_MOTION              2  +20.294s	0 (0) 48.57/50.88 (155.50/91.67mm)
1787598421.684  event6   TOUCH_MOTION              3  +20.294s	1 (1) 57.05/58.28 (182.67/105.00mm)
1787598421.684  event6   TOUCH_MOTION              4  +20.294s	2 (2) 40.76/61.24 (130.50/110.33mm)
1787598421.684  event6   TOUCH_FRAME                  +20.294s	
1787598421.693  event6   TOUCH_MOTION              2  +20.303s	0 (0) 48.57/51.53 (155.50/92.83mm)
1787598421.693  event6   TOUCH_MOTION              3  +20.303s	1 (1) 57.05/58.93 (182.67/106.17mm)
1787598421.693  event6   TOUCH_MOTION              4  +20.303s	2 (2) 40.71/61.98 (130.33/111.67mm)
1787598421.693  event6   TOUCH_FRAME                  +20.303s	
1787598421.702  event6   TOUCH_MOTION              2  +20.312s	0 (0) 48.52/52.17 (155.33/94.00mm)
1787598421.702  event6   TOUCH_MOTION              3  +20.312s	1 (1) 57.05/59.57 (182.67/107.33mm)
1787598421.702  event6   TOUCH_MOTION              4  +20.312s	2 (2) 40.66/62.63 (130.17/112.83mm)
1787598421.702  event6   TOUCH_FRAME                  +20.312s	
1787598421.711  event6   TOUCH_MOTION              2  +20.321s	0 (0) 48.46/52.73 (155.17/95.00mm)
1787598421.711  event6   TOUCH_MOTION              3  +20.321s	1 (1) 57.05/60.13 (182.67/108.33mm)
1787598421.711  event6   TOUCH_MOTION              4  +20.321s	2 (2) 40.60/63.27 (130.00/114.00mm)
1787598421.711  event6   TOUCH_FRAME                  +20.321s	
1787598421.720  event6   TOUCH_MOTION              2  +20.330s	0 (0) 48.46/53.28 (155.17/96.00mm)
1787598421.720  event6   TOUCH_MOTION              3  +20.330s	1 (1) 57.05/60.68 (182.67/109.33mm)
1787598421.720  event6   TOUCH_MOTION              4  +20.330s	2 (2) 40.60/63.92 (130.00/115.17mm)
1787598421.720  event6   TOUCH_FRAME                  +20.330s	
1787598421.729  event6   TOUCH_MOTION              2  +20.339s	0 (0) 48.46/53.93 (155.17/97.17mm)
1787598421.729  event6   TOUCH_MOTION              3  +20.339s	1 (1) 57.05/61.24 (182.67/110.33mm)
1787598421.729  event6   TOUCH_MOTION              4  +20.339s	2 (2) 40.60/64.48 (130.00/116.17mm)
1787598421.729  event6   TOUCH_FRAME                  +20.339s	
1787598421.739  event6   TOUCH_MOTION              2  +20.349s	0 (0) 48.41/54.49 (155.00/98.17mm)
1787598421.739  event6   TOUCH_MOTION              3  +20.349s	1 (1) 57.05/61.89 (182.67/111.50mm)
1787598421.739  event6   TOUCH_MOTION              4  +20.349s	2 (2) 40.60/65.03 (130.00/117.17mm)
1787598421.739  event6   TOUCH_FRAME                  +20.349s	
1787598421.748  event6   TOUCH_MOTION              2  +20.358s	0 (0) 48.41/55.04 (155.00/99.17mm)
1787598421.748  event6   TOUCH_MOTION              3  +20.358s	1 (1) 57.05/62.44 (182.67/112.50mm)
1787598421.748  event6   TOUCH_MOTION              4  +20.358s	2 (2) 40.60/65.68 (130.00/118.33mm)
1787598421.748  event6   TOUCH_FRAME                  +20.358s	
1787598421.757  event6   TOUCH_MOTION              2  +20.367s	0 (0) 48.41/55.60 (155.00/100.17mm)
1787598421.757  event6   TOUCH_MOTION              3  +20.367s	1 (1) 57.05/63.00 (182.67/113.50mm)
1787598421.757  event6   TOUCH_MOTION              4  +20.367s	2 (2) 40.55/66.14 (129.83/119.17mm)
1787598421.757  event6   TOUCH_FRAME                  +20.367s	
1787598421.766  event6   TOUCH_MOTION              2  +20.376s	0 (0) 48.41/55.97 (155.00/100.83mm)
1787598421.766  event6   TOUCH_MOTION              3  +20.376s	1 (1) 57.05/63.46 (182.67/114.33mm)
1787598421.766  event6   TOUCH_MOTION              4  +20.376s	2 (2) 40.55/66.70 (129.83/120.17mm)
1787598421.766  event6   TOUCH_FRAME                  +20.376s	
1787598421.775  event6   TOUCH_MOTION              2  +20.385s	0 (0) 48.41/56.43 (155.00/101.67mm)
1787598421.775  event6   TOUCH_MOTION              3  +20.385s	1 (1) 57.05/63.92 (182.67/115.17mm)
1787598421.775  event6   TOUCH_MOTION              4  +20.385s	2 (2) 40.55/67.16 (129.83/121.00mm)
1787598421.775  event6   TOUCH_FRAME                  +20.385s	
1787598421.784  event6   TOUCH_MOTION              2  +20.394s	0 (0) 48.41/56.80 (155.00/102.33mm)
1787598421.784  event6   TOUCH_MOTION              3  +20.394s	1 (1) 57.05/64.29 (182.67/115.83mm)
1787598421.784  event6   TOUCH_MOTION              4  +20.394s	2 (2) 40.55/67.62 (129.83/121.83mm)
1787598421.784  event6   TOUCH_FRAME                  +20.394s	
1787598421.793  event6   TOUCH_MOTION              2  +20.403s	0 (0) 48.41/57.17 (155.00/103.00mm)
1787598421.793  event6   TOUCH_MOTION              3  +20.403s	1 (1) 57.05/64.75 (182.67/116.67mm)
1787598421.793  event6   TOUCH_MOTION              4  +20.403s	2 (2) 40.55/67.99 (129.83/122.50mm)
1787598421.793  event6   TOUCH_FRAME                  +20.403s	
1787598421.803  event6   TOUCH_MOTION              2  +20.413s	0 (0) 48.41/57.54 (155.00/103.67mm)
1787598421.803  event6   TOUCH_MOTION              3  +20.413s	1 (1) 57.05/65.12 (182.67/117.33mm)
1787598421.803  event6   TOUCH_MOTION              4  +20.413s	2 (2) 40.55/68.36 (129.83/123.17mm)
1787598421.803  event6   TOUCH_FRAME                  +20.413s	
1787598421.812  event6   TOUCH_MOTION              2  +20.422s	0 (0) 48.41/57.91 (155.00/104.33mm)
1787598421.812  event6   TOUCH_MOTION              3  +20.422s	1 (1) 57.05/65.49 (182.67/118.00mm)
1787598421.812  event6   TOUCH_MOTION              4  +20.422s	2 (2) 40.55/68.73 (129.83/123.83mm)
1787598421.812  event6   TOUCH_FRAME                  +20.422s	
1787598421.821  event6   TOUCH_MOTION              2  +20.431s	0 (0) 48.41/58.28 (155.00/105.00mm)
1787598421.821  event6   TOUCH_MOTION              3  +20.431s	1 (1) 57.05/65.77 (182.67/118.50mm)
1787598421.821  event6   TOUCH_MOTION              4  +20.431s	2 (2) 40.55/69.01 (129.83/124.33mm)
1787598421.821  event6   TOUCH_FRAME                  +20.431s	
1787598421.830  event6   TOUCH_MOTION              2  +20.440s	0 (0) 48.41/58.56 (155.00/105.50mm)
1787598421.830  event6   TOUCH_MOTION              3  +20.440s	1 (1) 57.05/66.14 (182.67/119.17mm)
1787598421.830  event6   TOUCH_MOTION              4  +20.440s	2 (2) 40.55/69.29 (129.83/124.83mm)
1787598421.830  event6   TOUCH_FRAME                  +20.440s	
1787598421.839  event6   TOUCH_MOTION              2  +20.449s	0 (0) 48.41/58.74 (155.00/105.83mm)
1787598421.839  event6   TOUCH_MOTION              3  +20.449s	1 (1) 57.05/66.33 (182.67/119.50mm)
1787598421.839  event6   TOUCH_MOTION              4  +20.449s	2 (2) 40.55/69.57 (129.83/125.33mm)
1787598421.839  event6   TOUCH_FRAME                  +20.449s	
1787598421.848  event6   TOUCH_MOTION              2  +20.458s	0 (0) 48.41/59.02 (155.00/106.33mm)
1787598421.848  event6   TOUCH_MOTION              3  +20.458s	1 (1) 57.05/66.60 (182.67/120.00mm)
1787598421.848  event6   TOUCH_MOTION              4  +20.458s	2 (2) 40.55/69.75 (129.83/125.67mm)
1787598421.848  event6   TOUCH_FRAME                  +20.458s	
1787598421.856  event6   TOUCH_MOTION              2  +20.467s	0 (0) 48.41/59.20 (155.00/106.67mm)
1787598421.856  event6   TOUCH_MOTION              3  +20.467s	1 (1) 57.05/66.70 (182.67/120.17mm)
1787598421.856  event6   TOUCH_MOTION              4  +20.467s	2 (2) 40.55/69.94 (129.83/126.00mm)
1787598421.856  event6   TOUCH_FRAME                  +20.467s	
1787598421.866  event6   TOUCH_MOTION              2  +20.476s	0 (0) 48.41/59.39 (155.00/107.00mm)
1787598421.866  event6   TOUCH_MOTION              3  +20.476s	1 (1) 57.05/66.88 (182.67/120.50mm)
1787598421.866  event6   TOUCH_MOTION              4  +20.476s	2 (2) 40.55/70.03 (129.83/126.17mm)
1787598421.866  event6   TOUCH_FRAME                  +20.476s	
1787598421.876  event6   TOUCH_MOTION              2  +20.486s	0 (0) 48.41/59.48 (155.00/107.17mm)
1787598421.876  event6   TOUCH_MOTION              3  +20.486s	1 (1) 57.05/66.98 (182.67/120.67mm)
1787598421.876  event6   TOUCH_MOTION              4  +20.486s	2 (2) 40.55/70.21 (129.83/126.50mm)
1787598421.876  event6   TOUCH_FRAME                  +20.486s	
1787598421.885  event6   TOUCH_MOTION              2  +20.495s	0 (0) 48.41/59.67 (155.00/107.50mm)
1787598421.885  event6   TOUCH_MOTION              3  +20.495s	1 (1) 57.05/67.07 (182.67/120.83mm)
1787598421.885  event6   TOUCH_MOTION              4  +20.495s	2 (2) 40.55/70.31 (129.83/126.67mm)
1787598421.885  event6   TOUCH_FRAME                  +20.495s	
1787598421.894  event6   TOUCH_MOTION              2  +20.504s	0 (0) 48.41/59.76 (155.00/107.67mm)
1787598421.894  event6   TOUCH_MOTION              3  +20.504s	1 (1) 57.05/67.16 (182.67/121.00mm)
1787598421.894  event6   TOUCH_MOTION              4  +20.504s	2 (2) 40.55/70.40 (129.83/126.83mm)
1787598421.894  event6   TOUCH_FRAME                  +20.504s	
1787598421.903  event6   TOUCH_MOTION              2  +20.513s	1 (1) 57.05/67.25 (182.67/121.17mm)
1787598421.903  event6   TOUCH_MOTION              3  +20.513s	2 (2) 40.55/70.49 (129.83/127.00mm)
1787598421.903  event6   TOUCH_FRAME                  +20.513s	
1787598421.912  event6   TOUCH_MOTION              2  +20.522s	0 (0) 48.41/59.85 (155.00/107.83mm)
1787598421.912  event6   TOUCH_MOTION              3  +20.522s	1 (1) 57.05/67.35 (182.67/121.33mm)
1787598421.912  event6   TOUCH_MOTION              4  +20.522s	2 (2) 40.55/70.58 (129.83/127.17mm)
1787598421.912  event6   TOUCH_FRAME                  +20.522s	
1787598421.920  event6   TOUCH_MOTION              2  +20.531s	0 (0) 48.41/59.94 (155.00/108.00mm)
1787598421.921  event6   TOUCH_MOTION              3  +20.531s	2 (2) 40.55/70.68 (129.83/127.33mm)
1787598421.921  event6   TOUCH_FRAME                  +20.531s	
1787598421.929  event6   TOUCH_MOTION              2  +20.540s	0 (0) 48.41/60.04 (155.00/108.17mm)
1787598421.930  event6   TOUCH_MOTION              3  +20.540s	2 (2) 40.55/70.77 (129.83/127.50mm)
1787598421.930  event6   TOUCH_FRAME                  +20.540s	
1787598421.939  event6   TOUCH_MOTION              2  +20.550s	0 (0) 48.41/60.13 (155.00/108.33mm)
1787598421.939  event6   TOUCH_FRAME                  +20.550s	
1787598422.040  event6   TOUCH_MOTION              2  +20.650s	1 (1) 57.11/67.44 (182.83/121.50mm)
1787598422.040  event6   TOUCH_FRAME                  +20.650s	
1787598422.085  event6   TOUCH_UP                     +20.695s	1 (1)
1787598422.085  event6   TOUCH_FRAME                  +20.695s	
1787598422.093  event6   TOUCH_UP                     +20.704s	2 (2)
1787598422.093  event6   TOUCH_FRAME                  +20.704s	
1787598422.106  event6   TOUCH_UP                     +20.716s	0 (0)
1787598422.106  event6   TOUCH_FRAME                  +20.716s	
1787598422.561  event6   TOUCH_DOWN                   +21.171s	0 (0) 45.81/69.75 (146.67/125.67mm)
1787598422.561  event6   TOUCH_FRAME                  +21.171s	
1787598422.579  event6   TOUCH_DOWN                   +21.190s	1 (1) 39.35/75.95 (126.00/136.83mm)
1787598422.579  event6   TOUCH_DOWN                   +21.190s	2 (2) 54.40/79.46 (174.17/143.17mm)
1787598422.579  event6   TOUCH_FRAME                  +21.190s	
1787598422.662  event6   TOUCH_MOTION                 +21.272s	0 (0) 45.97/69.20 (147.17/124.67mm)
1787598422.662  event6   TOUCH_MOTION              2  +21.272s	2 (2) 54.55/78.63 (174.67/141.67mm)
1787598422.662  event6   TOUCH_FRAME                  +21.272s	
1787598422.670  event6   TOUCH_MOTION              2  +21.281s	0 (0) 46.02/68.92 (147.33/124.17mm)
1787598422.670  event6   TOUCH_MOTION              3  +21.281s	2 (2) 54.66/78.08 (175.00/140.67mm)
1787598422.671  event6   TOUCH_FRAME                  +21.281s	
1787598422.680  event6   TOUCH_MOTION              2  +21.290s	0 (0) 46.07/68.73 (147.50/123.83mm)
1787598422.680  event6   TOUCH_MOTION              3  +21.290s	2 (2) 54.71/77.61 (175.17/139.83mm)
1787598422.680  event6   TOUCH_FRAME                  +21.290s	
1787598422.688  event6   TOUCH_MOTION              2  +21.299s	0 (0) 46.12/68.46 (147.67/123.33mm)
1787598422.688  event6   TOUCH_MOTION              3  +21.299s	1 (1) 39.30/75.21 (125.83/135.50mm)
1787598422.689  event6   TOUCH_MOTION              4  +21.299s	2 (2) 54.76/77.24 (175.33/139.17mm)
1787598422.689  event6   TOUCH_FRAME                  +21.299s	
1787598422.699  event6   TOUCH_MOTION              2  +21.309s	0 (0) 46.17/68.09 (147.83/122.67mm)
1787598422.699  event6   TOUCH_MOTION              3  +21.309s	1 (1) 39.30/74.93 (125.83/135.00mm)
1787598422.699  event6   TOUCH_MOTION              4  +21.309s	2 (2) 54.82/76.97 (175.50/138.67mm)
1787598422.699  event6   TOUCH_FRAME                  +21.309s	
1787598422.707  event6   TOUCH_MOTION              2  +21.318s	0 (0) 46.17/67.81 (147.83/122.17mm)
1787598422.707  event6   TOUCH_MOTION              3  +21.318s	1 (1) 39.30/74.56 (125.83/134.33mm)
1787598422.707  event6   TOUCH_MOTION              4  +21.318s	2 (2) 54.87/76.69 (175.67/138.17mm)
1787598422.707  event6   TOUCH_FRAME                  +21.318s	
1787598422.716  event6   TOUCH_MOTION              2  +21.327s	0 (0) 46.23/67.53 (148.00/121.67mm)
1787598422.717  event6   TOUCH_MOTION              3  +21.327s	1 (1) 39.30/74.19 (125.83/133.67mm)
1787598422.717  event6   TOUCH_MOTION              4  +21.327s	2 (2) 54.87/76.41 (175.67/137.67mm)
1787598422.717  event6   TOUCH_FRAME                  +21.327s	
1787598422.725  event6   TOUCH_MOTION              2  +21.336s	0 (0) 46.28/67.16 (148.17/121.00mm)
1787598422.725  event6   TOUCH_MOTION              3  +21.336s	1 (1) 39.30/73.73 (125.83/132.83mm)
1787598422.725  event6   TOUCH_MOTION              4  +21.336s	2 (2) 54.92/76.13 (175.83/137.17mm)
1787598422.725  event6   TOUCH_FRAME                  +21.336s	
1787598422.735  event6   TOUCH_MOTION              2  +21.345s	0 (0) 46.33/66.79 (148.33/120.33mm)
1787598422.735  event6   TOUCH_MOTION              3  +21.345s	1 (1) 39.30/73.36 (125.83/132.17mm)
1787598422.735  event6   TOUCH_MOTION              4  +21.345s	2 (2) 54.92/75.95 (175.83/136.83mm)
1787598422.735  event6   TOUCH_FRAME                  +21.345s	
1787598422.744  event6   TOUCH_MOTION              2  +21.354s	0 (0) 46.38/66.42 (148.50/119.67mm)
1787598422.744  event6   TOUCH_MOTION              3  +21.354s	1 (1) 39.35/72.99 (126.00/131.50mm)
1787598422.744  event6   TOUCH_MOTION              4  +21.354s	2 (2) 54.92/75.76 (175.83/136.50mm)
1787598422.744  event6   TOUCH_FRAME                  +21.354s	
1787598422.752  event6   TOUCH_MOTION              2  +21.363s	0 (0) 46.43/65.96 (148.67/118.83mm)
1787598422.752  event6   TOUCH_MOTION              3  +21.363s	1 (1) 39.41/72.53 (126.17/130.67mm)
1787598422.753  event6   TOUCH_MOTION              4  +21.363s	2 (2) 54.92/75.67 (175.83/136.33mm)
1787598422.753  event6   TOUCH_FRAME                  +21.363s	
1787598422.761  event6   TOUCH_MOTION              2  +21.372s	0 (0) 46.54/65.40 (149.00/117.83mm)
1787598422.762  event6   TOUCH_MOTION              3  +21.372s	1 (1) 39.46/72.06 (126.33/129.83mm)
1787598422.762  event6   TOUCH_MOTION              4  +21.372s	2 (2) 54.97/75.49 (176.00/136.00mm)
1787598422.762  event6   TOUCH_FRAME                  +21.372s	
1787598422.771  event6   TOUCH_MOTION              2  +21.382s	0 (0) 46.59/64.94 (149.17/117.00mm)
1787598422.772  event6   TOUCH_MOTION              3  +21.382s	1 (1) 39.46/71.51 (126.33/128.83mm)
1787598422.772  event6   TOUCH_MOTION              4  +21.382s	2 (2) 55.02/75.30 (176.17/135.67mm)
1787598422.772  event6   TOUCH_FRAME                  +21.382s	
1787598422.781  event6   TOUCH_MOTION              2  +21.391s	0 (0) 46.69/64.29 (149.50/115.83mm)
1787598422.781  event6   TOUCH_MOTION              3  +21.391s	1 (1) 39.51/71.05 (126.50/128.00mm)
1787598422.781  event6   TOUCH_MOTION              4  +21.391s	2 (2) 55.08/74.93 (176.33/135.00mm)
1787598422.781  event6   TOUCH_FRAME                  +21.391s	
1787598422.790  event6   TOUCH_MOTION              2  +21.400s	0 (0) 46.80/63.74 (149.83/114.83mm)
1787598422.790  event6   TOUCH_MOTION              3  +21.400s	1 (1) 39.56/70.49 (126.67/127.00mm)
1787598422.790  event6   TOUCH_MOTION              4  +21.400s	2 (2) 55.13/74.65 (176.50/134.50mm)
1787598422.790  event6   TOUCH_FRAME                  +21.400s	
1787598422.799  event6   TOUCH_MOTION              2  +21.409s	0 (0) 46.85/63.18 (150.00/113.83mm)
1787598422.799  event6   TOUCH_MOTION              3  +21.409s	1 (1) 39.56/69.94 (126.67/126.00mm)
1787598422.799  event6   TOUCH_MOTION              4  +21.409s	2 (2) 55.23/74.28 (176.83/133.83mm)
1787598422.799  event6   TOUCH_FRAME                  +21.409s	
1787598422.808  event6   TOUCH_MOTION              2  +21.418s	0 (0) 47.01/62.53 (150.50/112.67mm)
1787598422.808  event6   TOUCH_MOTION              3  +21.418s	1 (1) 39.56/69.47 (126.67/125.17mm)
1787598422.808  event6   TOUCH_MOTION              4  +21.418s	2 (2) 55.28/73.91 (177.00/133.17mm)
1787598422.808  event6   TOUCH_FRAME                  +21.418s	
1787598422.817  event6   TOUCH_MOTION              2  +21.427s	0 (0) 47.11/61.98 (150.83/111.67mm)
1787598422.817  event6   TOUCH_MOTION              3  +21.427s	1 (1) 39.56/68.92 (126.67/124.17mm)
1787598422.817  event6   TOUCH_MOTION              4  +21.427s	2 (2) 55.39/73.45 (177.33/132.33mm)
1787598422.817  event6   TOUCH_FRAME                  +21.427s	
1787598422.826  event6   TOUCH_MOTION              2  +21.436s	0 (0) 47.27/61.33 (151.33/110.50mm)
1787598422.826  event6   TOUCH_MOTION              3  +21.436s	1 (1) 39.56/68.46 (126.67/123.33mm)
1787598422.826  event6   TOUCH_MOTION              4  +21.436s	2 (2) 55.49/72.99 (177.67/131.50mm)
1787598422.826  event6   TOUCH_FRAME                  +21.436s	
1787598422.835  event6   TOUCH_MOTION              2  +21.445s	0 (0) 47.37/60.78 (151.67/109.50mm)
1787598422.835  event6   TOUCH_MOTION              3  +21.445s	1 (1) 39.56/67.81 (126.67/122.17mm)
1787598422.835  event6   TOUCH_MOTION              4  +21.445s	2 (2) 55.60/72.62 (178.00/130.83mm)
1787598422.835  event6   TOUCH_FRAME                  +21.445s	
1787598422.845  event6   TOUCH_MOTION              2  +21.455s	0 (0) 47.48/60.13 (152.00/108.33mm)
1787598422.845  event6   TOUCH_MOTION              3  +21.455s	1 (1) 39.61/67.25 (126.83/121.17mm)
1787598422.845  event6   TOUCH_MOTION              4  +21.455s	2 (2) 55.75/72.16 (178.50/130.00mm)
1787598422.845  event6   TOUCH_FRAME                  +21.455s	
1787598422.854  event6   TOUCH_MOTION              2  +21.464s	0 (0) 47.63/59.57 (152.50/107.33mm)
1787598422.854  event6   TOUCH_MOTION              3  +21.464s	1 (1) 39.67/66.60 (127.00/120.00mm)
1787598422.854  event6   TOUCH_MOTION              4  +21.464s	2 (2) 55.86/71.60 (178.83/129.00mm)
1787598422.854  event6   TOUCH_FRAME                  +21.464s	
1787598422.863  event6   TOUCH_MOTION              2  +21.473s	0 (0) 47.74/59.02 (152.83/106.33mm)
1787598422.863  event6   TOUCH_MOTION              3  +21.473s	1 (1) 39.72/65.96 (127.17/118.83mm)
1787598422.863  event6   TOUCH_MOTION              4  +21.473s	2 (2) 55.96/71.14 (179.17/128.17mm)
1787598422.863  event6   TOUCH_FRAME                  +21.473s	
1787598422.872  event6   TOUCH_MOTION              2  +21.482s	0 (0) 47.89/58.37 (153.33/105.17mm)
1787598422.872  event6   TOUCH_MOTION              3  +21.482s	1 (1) 39.82/65.31 (127.50/117.67mm)
1787598422.872  event6   TOUCH_MOTION              4  +21.482s	2 (2) 56.01/70.58 (179.33/127.17mm)
1787598422.872  event6   TOUCH_FRAME                  +21.482s	
1787598422.881  event6   TOUCH_MOTION              2  +21.491s	0 (0) 48.00/57.82 (153.67/104.17mm)
1787598422.881  event6   TOUCH_MOTION              3  +21.491s	1 (1) 39.93/64.66 (127.83/116.50mm)
1787598422.881  event6   TOUCH_MOTION              4  +21.491s	2 (2) 56.17/70.03 (179.83/126.17mm)
1787598422.881  event6   TOUCH_FRAME                  +21.491s	
1787598422.890  event6   TOUCH_MOTION              2  +21.500s	0 (0) 48.10/57.17 (154.00/103.00mm)
1787598422.890  event6   TOUCH_MOTION              3  +21.500s	1 (1) 39.93/63.92 (127.83/115.17mm)
1787598422.890  event6   TOUCH_MOTION              4  +21.500s	2 (2) 56.27/69.47 (180.17/125.17mm)
1787598422.890  event6   TOUCH_FRAME                  +21.500s	
1787598422.899  event6   TOUCH_MOTION              2  +21.509s	0 (0) 48.20/56.61 (154.33/102.00mm)
1787598422.899  event6   TOUCH_MOTION              3  +21.509s	1 (1) 40.03/63.27 (128.17/114.00mm)
1787598422.899  event6   TOUCH_MOTION              4  +21.509s	2 (2) 56.43/68.83 (180.67/124.00mm)
1787598422.899  event6   TOUCH_FRAME                  +21.509s	
1787598422.909  event6   TOUCH_MOTION              2  +21.519s	0 (0) 48.36/55.97 (154.83/100.83mm)
1787598422.909  event6   TOUCH_MOTION              3  +21.519s	1 (1) 40.14/62.63 (128.50/112.83mm)
1787598422.909  event6   TOUCH_MOTION              4  +21.519s	2 (2) 56.53/68.27 (181.00/123.00mm)
1787598422.909  event6   TOUCH_FRAME                  +21.519s	
1787598422.918  event6   TOUCH_MOTION              2  +21.528s	0 (0) 48.46/55.23 (155.17/99.50mm)
1787598422.918  event6   TOUCH_MOTION              3  +21.528s	1 (1) 40.14/61.98 (128.50/111.67mm)
1787598422.918  event6   TOUCH_MOTION              4  +21.528s	2 (2) 56.64/67.62 (181.33/121.83mm)
1787598422.918  event6   TOUCH_FRAME                  +21.528s	
1787598422.927  event6   TOUCH_MOTION              2  +21.537s	0 (0) 48.57/54.58 (155.50/98.33mm)
1787598422.927  event6   TOUCH_MOTION              3  +21.537s	1 (1) 40.19/61.24 (128.67/110.33mm)
1787598422.927  event6   TOUCH_MOTION              4  +21.537s	2 (2) 56.79/66.98 (181.83/120.67mm)
1787598422.927  event6   TOUCH_FRAME                  +21.537s	
1787598422.936  event6   TOUCH_MOTION              2  +21.546s	0 (0) 48.67/53.93 (155.83/97.17mm)
1787598422.936  event6   TOUCH_MOTION              3  +21.546s	1 (1) 40.24/60.59 (128.83/109.17mm)
1787598422.936  event6   TOUCH_MOTION              4  +21.546s	2 (2) 56.90/66.33 (182.17/119.50mm)
1787598422.936  event6   TOUCH_FRAME                  +21.546s	
1787598422.945  event6   TOUCH_MOTION              2  +21.555s	0 (0) 48.83/53.28 (156.33/96.00mm)
1787598422.945  event6   TOUCH_MOTION              3  +21.555s	1 (1) 40.29/59.94 (129.00/108.00mm)
1787598422.945  event6   TOUCH_MOTION              4  +21.555s	2 (2) 57.05/65.77 (182.67/118.50mm)
1787598422.945  event6   TOUCH_FRAME                  +21.555s	
1787598422.954  event6   TOUCH_MOTION              2  +21.564s	0 (0) 48.93/52.54 (156.67/94.67mm)
1787598422.954  event6   TOUCH_MOTION              3  +21.564s	1 (1) 40.34/59.30 (129.17/106.83mm)
1787598422.954  event6   TOUCH_MOTION              4  +21.564s	2 (2) 57.16/65.12 (183.00/117.33mm)
1787598422.954  event6   TOUCH_FRAME                  +21.564s	
1787598422.963  event6   TOUCH_MOTION              2  +21.573s	0 (0) 49.04/51.80 (157.00/93.33mm)
1787598422.963  event6   TOUCH_MOTION              3  +21.573s	1 (1) 40.34/58.65 (129.17/105.67mm)
1787598422.963  event6   TOUCH_MOTION              4  +21.573s	2 (2) 57.31/64.48 (183.50/116.17mm)
1787598422.963  event6   TOUCH_FRAME                  +21.573s	
1787598422.972  event6   TOUCH_MOTION              2  +21.582s	0 (0) 49.19/51.06 (157.50/92.00mm)
1787598422.972  event6   TOUCH_MOTION              3  +21.582s	1 (1) 40.40/57.91 (129.33/104.33mm)
1787598422.972  event6   TOUCH_MOTION              4  +21.582s	2 (2) 57.42/63.92 (183.83/115.17mm)
1787598422.972  event6   TOUCH_FRAME                  +21.582s	
1787598422.982  event6   TOUCH_MOTION              2  +21.592s	0 (0) 49.35/50.32 (158.00/90.67mm)
1787598422.982  event6   TOUCH_MOTION              3  +21.592s	1 (1) 40.45/57.26 (129.50/103.17mm)
1787598422.982  event6   TOUCH_MOTION              4  +21.592s	2 (2) 57.52/63.18 (184.17/113.83mm)
1787598422.982  event6   TOUCH_FRAME                  +21.592s	
1787598422.991  event6   TOUCH_MOTION              2  +21.601s	0 (0) 49.51/49.49 (158.50/89.17mm)
1787598422.991  event6   TOUCH_MOTION              3  +21.601s	1 (1) 40.55/56.52 (129.83/101.83mm)
1787598422.991  event6   TOUCH_MOTION              4  +21.601s	2 (2) 57.68/62.53 (184.67/112.67mm)
1787598422.991  event6   TOUCH_FRAME                  +21.601s	
1787598423.000  event6   TOUCH_MOTION              2  +21.610s	0 (0) 49.71/48.75 (159.17/87.83mm)
1787598423.000  event6   TOUCH_MOTION              3  +21.610s	1 (1) 40.60/55.78 (130.00/100.50mm)
1787598423.000  event6   TOUCH_MOTION              4  +21.610s	2 (2) 57.78/61.89 (185.00/111.50mm)
1787598423.000  event6   TOUCH_FRAME                  +21.610s	
1787598423.009  event6   TOUCH_MOTION              2  +21.619s	0 (0) 49.82/48.01 (159.50/86.50mm)
1787598423.009  event6   TOUCH_MOTION              3  +21.619s	1 (1) 40.71/55.04 (130.33/99.17mm)
1787598423.009  event6   TOUCH_MOTION              4  +21.619s	2 (2) 57.94/61.15 (185.50/110.17mm)
1787598423.009  event6   TOUCH_FRAME                  +21.619s	
1787598423.018  event6   TOUCH_MOTION              2  +21.628s	0 (0) 49.97/47.27 (160.00/85.17mm)
1787598423.018  event6   TOUCH_MOTION              3  +21.628s	1 (1) 40.81/54.21 (130.67/97.67mm)
1787598423.018  event6   TOUCH_MOTION              4  +21.628s	2 (2) 58.04/60.41 (185.83/108.83mm)
1787598423.018  event6   TOUCH_FRAME                  +21.628s	
1787598423.027  event6   TOUCH_MOTION              2  +21.637s	0 (0) 50.08/46.53 (160.33/83.83mm)
1787598423.027  event6   TOUCH_MOTION              3  +21.637s	1 (1) 40.86/53.38 (130.83/96.17mm)
1787598423.027  event6   TOUCH_MOTION              4  +21.637s	2 (2) 58.20/59.76 (186.33/107.67mm)
1787598423.027  event6   TOUCH_FRAME                  +21.637s	
1787598423.036  event6   TOUCH_MOTION              2  +21.646s	0 (0) 50.18/45.79 (160.67/82.50mm)
1787598423.036  event6   TOUCH_MOTION              3  +21.646s	1 (1) 40.97/52.54 (131.17/94.67mm)
1787598423.036  event6   TOUCH_MOTION              4  +21.646s	2 (2) 58.30/59.02 (186.67/106.33mm)
1787598423.036  event6   TOUCH_FRAME                  +21.646s	
1787598423.046  event6   TOUCH_MOTION              2  +21.656s	0 (0) 50.34/45.05 (161.17/81.17mm)
1787598423.046  event6   TOUCH_MOTION              3  +21.656s	1 (1) 41.02/51.80 (131.33/93.33mm)
1787598423.046  event6   TOUCH_MOTION              4  +21.656s	2 (2) 58.41/58.28 (187.00/105.00mm)
1787598423.046  event6   TOUCH_FRAME                  +21.656s	
1787598423.055  event6   TOUCH_MOTION              2  +21.665s	0 (0) 50.44/44.31 (161.50/79.83mm)
1787598423.055  event6   TOUCH_MOTION              3  +21.665s	1 (1) 41.12/51.06 (131.67/92.00mm)
1787598423.055  event6   TOUCH_MOTION              4  +21.665s	2 (2) 58.56/57.54 (187.50/103.67mm)
1787598423.055  event6   TOUCH_FRAME                  +21.665s	
1787598423.064  event6   TOUCH_MOTION              2  +21.674s	0 (0) 50.60/43.57 (162.00/78.50mm)
1787598423.064  event6   TOUCH_MOTION              3  +21.674s	1 (1) 41.23/50.23 (132.00/90.50mm)
1787598423.064  event6   TOUCH_MOTION              4  +21.674s	2 (2) 58.67/56.89 (187.83/102.50mm)
1787598423.064  event6   TOUCH_FRAME                  +21.674s	
1787598423.073  event6   TOUCH_MOTION              2  +21.683s	0 (0) 50.70/42.83 (162.33/77.17mm)
1787598423.073  event6   TOUCH_MOTION              3  +21.683s	1 (1) 41.28/49.40 (132.17/89.00mm)
1787598423.073  event6   TOUCH_MOTION              4  +21.683s	2 (2) 58.77/56.15 (188.17/101.17mm)
1787598423.073  event6   TOUCH_FRAME                  +21.683s	
1787598423.082  event6   TOUCH_MOTION              2  +21.692s	0 (0) 50.86/42.09 (162.83/75.83mm)
1787598423.082  event6   TOUCH_MOTION              3  +21.692s	1 (1) 41.38/48.57 (132.50/87.50mm)
1787598423.082  event6   TOUCH_MOTION              4  +21.692s	2 (2) 58.88/55.50 (188.50/100.00mm)
1787598423.082  event6   TOUCH_FRAME                  +21.692s	
1787598423.091  event6   TOUCH_MOTION              2  +21.701s	0 (0) 50.96/41.35 (163.17/74.50mm)
1787598423.091  event6   TOUCH_MOTION              3  +21.701s	1 (1) 41.49/47.73 (132.83/86.00mm)
1787598423.091  event6   TOUCH_MOTION              4  +21.701s	2 (2) 58.98/54.86 (188.83/98.83mm)
1787598423.091  event6   TOUCH_FRAME                  +21.701s	
1787598423.100  event6   TOUCH_MOTION              2  +21.710s	0 (0) 51.07/40.61 (163.50/73.17mm)
1787598423.100  event6   TOUCH_MOTION              3  +21.710s	1 (1) 41.54/46.99 (133.00/84.67mm)
1787598423.100  event6   TOUCH_MOTION              4  +21.710s	2 (2) 59.08/54.12 (189.17/97.50mm)
1787598423.100  event6   TOUCH_FRAME                  +21.710s	
1787598423.109  event6   TOUCH_MOTION              2  +21.719s	0 (0) 51.22/39.96 (164.00/72.00mm)
1787598423.109  event6   TOUCH_MOTION              3  +21.719s	1 (1) 41.64/46.25 (133.33/83.33mm)
1787598423.109  event6   TOUCH_MOTION              4  +21.719s	2 (2) 59.14/53.28 (189.33/96.00mm)
1787598423.109  event6   TOUCH_FRAME                  +21.719s	
1787598423.119  event6   TOUCH_MOTION              2  +21.729s	0 (0) 51.33/39.22 (164.33/70.67mm)
1787598423.119  event6   TOUCH_MOTION              3  +21.729s	1 (1) 41.70/45.51 (133.50/82.00mm)
1787598423.119  event6   TOUCH_MOTION              4  +21.729s	2 (2) 59.24/52.64 (189.67/94.83mm)
1787598423.119  event6   TOUCH_FRAME                  +21.729s	
1787598423.128  event6   TOUCH_MOTION              2  +21.738s	0 (0) 51.48/38.58 (164.83/69.50mm)
1787598423.128  event6   TOUCH_MOTION              3  +21.738s	1 (1) 41.80/44.77 (133.83/80.67mm)
1787598423.128  event6   TOUCH_MOTION              4  +21.738s	2 (2) 59.34/51.99 (190.00/93.67mm)
1787598423.128  event6   TOUCH_FRAME                  +21.738s	
1787598423.137  event6   TOUCH_MOTION              2  +21.747s	0 (0) 51.54/37.84 (165.00/68.17mm)
1787598423.137  event6   TOUCH_MOTION              3  +21.747s	1 (1) 41.91/44.03 (134.17/79.33mm)
1787598423.137  event6   TOUCH_MOTION              4  +21.747s	2 (2) 59.34/51.34 (190.00/92.50mm)
1787598423.137  event6   TOUCH_FRAME                  +21.747s	
1787598423.146  event6   TOUCH_MOTION              2  +21.756s	0 (0) 51.64/37.19 (165.33/67.00mm)
1787598423.146  event6   TOUCH_MOTION              3  +21.756s	1 (1) 41.96/43.29 (134.33/78.00mm)
1787598423.146  event6   TOUCH_MOTION              4  +21.756s	2 (2) 59.40/50.69 (190.17/91.33mm)
1787598423.146  event6   TOUCH_FRAME                  +21.756s	
1787598423.155  event6   TOUCH_MOTION              2  +21.765s	0 (0) 51.74/36.54 (165.67/65.83mm)
1787598423.155  event6   TOUCH_MOTION              3  +21.765s	1 (1) 42.06/42.55 (134.67/76.67mm)
1787598423.155  event6   TOUCH_MOTION              4  +21.765s	2 (2) 59.45/49.95 (190.33/90.00mm)
1787598423.155  event6   TOUCH_FRAME                  +21.765s	
1787598423.164  event6   TOUCH_MOTION              2  +21.774s	0 (0) 51.80/35.89 (165.83/64.67mm)
1787598423.164  event6   TOUCH_MOTION              3  +21.774s	1 (1) 42.17/41.81 (135.00/75.33mm)
1787598423.164  event6   TOUCH_MOTION              4  +21.774s	2 (2) 59.50/49.40 (190.50/89.00mm)
1787598423.164  event6   TOUCH_FRAME                  +21.774s	
1787598423.173  event6   TOUCH_MOTION              2  +21.783s	0 (0) 51.90/35.15 (166.17/63.33mm)
1787598423.173  event6   TOUCH_MOTION              3  +21.783s	1 (1) 42.22/41.07 (135.17/74.00mm)
1787598423.173  event6   TOUCH_MOTION              4  +21.783s	2 (2) 59.55/48.75 (190.67/87.83mm)
1787598423.173  event6   TOUCH_FRAME                  +21.783s	
1787598423.183  event6   TOUCH_MOTION              2  +21.793s	0 (0) 51.95/34.51 (166.33/62.17mm)
1787598423.183  event6   TOUCH_MOTION              3  +21.793s	1 (1) 42.27/40.33 (135.33/72.67mm)
1787598423.183  event6   TOUCH_MOTION              4  +21.793s	2 (2) 59.55/48.01 (190.67/86.50mm)
1787598423.183  event6   TOUCH_FRAME                  +21.793s	
1787598423.192  event6   TOUCH_MOTION              2  +21.802s	0 (0) 52.06/33.86 (166.67/61.00mm)
1787598423.192  event6   TOUCH_MOTION              3  +21.802s	1 (1) 42.32/39.59 (135.50/71.33mm)
1787598423.192  event6   TOUCH_MOTION              4  +21.802s	2 (2) 59.60/47.36 (190.83/85.33mm)
1787598423.192  event6   TOUCH_FRAME                  +21.802s	
1787598423.201  event6   TOUCH_MOTION              2  +21.811s	0 (0) 52.16/33.21 (167.00/59.83mm)
1787598423.201  event6   TOUCH_MOTION              3  +21.811s	1 (1) 42.37/38.85 (135.67/70.00mm)
1787598423.201  event6   TOUCH_MOTION              4  +21.811s	2 (2) 59.66/46.81 (191.00/84.33mm)
1787598423.201  event6   TOUCH_FRAME                  +21.811s	
1787598423.210  event6   TOUCH_MOTION              2  +21.820s	0 (0) 52.16/32.47 (167.00/58.50mm)
1787598423.210  event6   TOUCH_MOTION              3  +21.820s	1 (1) 42.43/38.21 (135.83/68.83mm)
1787598423.210  event6   TOUCH_MOTION              4  +21.820s	2 (2) 59.71/46.16 (191.17/83.17mm)
1787598423.210  event6   TOUCH_FRAME                  +21.820s	
1787598423.219  event6   TOUCH_MOTION              2  +21.829s	0 (0) 52.21/31.82 (167.17/57.33mm)
1787598423.219  event6   TOUCH_MOTION              3  +21.829s	1 (1) 42.48/37.47 (136.00/67.50mm)
1787598423.219  event6   TOUCH_MOTION              4  +21.829s	2 (2) 59.76/45.42 (191.33/81.83mm)
1787598423.219  event6   TOUCH_FRAME                  +21.829s	
1787598423.228  event6   TOUCH_MOTION              2  +21.838s	0 (0) 52.32/31.27 (167.50/56.33mm)
1787598423.228  event6   TOUCH_MOTION              3  +21.838s	1 (1) 42.53/36.82 (136.17/66.33mm)
1787598423.228  event6   TOUCH_MOTION              4  +21.838s	2 (2) 59.76/44.87 (191.33/80.83mm)
1787598423.228  event6   TOUCH_FRAME                  +21.838s	
1787598423.237  event6   TOUCH_MOTION              2  +21.847s	0 (0) 52.37/30.62 (167.67/55.17mm)
1787598423.237  event6   TOUCH_MOTION              3  +21.847s	1 (1) 42.58/36.17 (136.33/65.17mm)
1787598423.237  event6   TOUCH_MOTION              4  +21.847s	2 (2) 59.81/44.22 (191.50/79.67mm)
1787598423.237  event6   TOUCH_FRAME                  +21.847s	
1787598423.246  event6   TOUCH_MOTION              2  +21.856s	0 (0) 52.42/30.06 (167.83/54.17mm)
1787598423.246  event6   TOUCH_MOTION              3  +21.856s	1 (1) 42.58/35.52 (136.33/64.00mm)
1787598423.246  event6   TOUCH_MOTION              4  +21.856s	2 (2) 59.86/43.66 (191.67/78.67mm)
1787598423.246  event6   TOUCH_FRAME                  +21.856s	
1787598423.256  event6   TOUCH_MOTION              2  +21.866s	0 (0) 52.42/29.51 (167.83/53.17mm)
1787598423.256  event6   TOUCH_MOTION              3  +21.866s	1 (1) 42.63/34.97 (136.50/63.00mm)
1787598423.256  event6   TOUCH_MOTION              4  +21.866s	2 (2) 59.92/43.11 (191.83/77.67mm)
1787598423.256  event6   TOUCH_FRAME                  +21.866s	
1787598423.265  event6   TOUCH_MOTION              2  +21.875s	0 (0) 52.47/28.95 (168.00/52.17mm)
1787598423.265  event6   TOUCH_MOTION              3  +21.875s	1 (1) 42.69/34.41 (136.67/62.00mm)
1787598423.265  event6   TOUCH_MOTION              4  +21.875s	2 (2) 59.97/42.55 (192.00/76.67mm)
1787598423.265  event6   TOUCH_FRAME                  +21.875s	
1787598423.274  event6   TOUCH_MOTION              2  +21.884s	0 (0) 52.52/28.31 (168.17/51.00mm)
1787598423.274  event6   TOUCH_MOTION              3  +21.884s	1 (1) 42.74/33.77 (136.83/60.83mm)
1787598423.274  event6   TOUCH_MOTION              4  +21.884s	2 (2) 59.97/42.00 (192.00/75.67mm)
1787598423.274  event6   TOUCH_FRAME                  +21.884s	
1787598423.283  event6   TOUCH_MOTION              2  +21.893s	0 (0) 52.58/27.84 (168.33/50.17mm)
1787598423.283  event6   TOUCH_MOTION              3  +21.893s	1 (1) 42.79/33.21 (137.00/59.83mm)
1787598423.283  event6   TOUCH_MOTION              4  +21.893s	2 (2) 60.02/41.54 (192.17/74.83mm)
1787598423.283  event6   TOUCH_FRAME                  +21.893s	
1787598423.292  event6   TOUCH_MOTION              2  +21.902s	0 (0) 52.63/27.29 (168.50/49.17mm)
1787598423.292  event6   TOUCH_MOTION              3  +21.902s	1 (1) 42.79/32.56 (137.00/58.67mm)
1787598423.292  event6   TOUCH_MOTION              4  +21.902s	2 (2) 60.07/40.98 (192.33/73.83mm)
1787598423.292  event6   TOUCH_FRAME                  +21.902s	
1787598423.301  event6   TOUCH_MOTION              2  +21.911s	0 (0) 52.63/26.83 (168.50/48.33mm)
1787598423.301  event6   TOUCH_MOTION              3  +21.911s	1 (1) 42.84/32.10 (137.17/57.83mm)
1787598423.301  event6   TOUCH_MOTION              4  +21.911s	2 (2) 60.12/40.43 (192.50/72.83mm)
1787598423.301  event6   TOUCH_FRAME                  +21.911s	
1787598423.310  event6   TOUCH_MOTION              2  +21.920s	0 (0) 52.68/26.36 (168.67/47.50mm)
1787598423.310  event6   TOUCH_MOTION              3  +21.920s	1 (1) 42.89/31.54 (137.33/56.83mm)
1787598423.310  event6   TOUCH_MOTION              4  +21.920s	2 (2) 60.18/39.96 (192.67/72.00mm)
1787598423.310  event6   TOUCH_FRAME                  +21.920s	
1787598423.320  event6   TOUCH_MOTION              2  +21.930s	0 (0) 52.73/25.90 (168.83/46.67mm)
1787598423.320  event6   TOUCH_MOTION              3  +21.930s	1 (1) 42.89/30.99 (137.33/55.83mm)
1787598423.320  event6   TOUCH_MOTION              4  +21.930s	2 (2) 60.23/39.50 (192.83/71.17mm)
1787598423.320  event6   TOUCH_FRAME                  +21.930s	
1787598423.329  event6   TOUCH_MOTION              2  +21.939s	0 (0) 52.79/25.53 (169.00/46.00mm)
1787598423.329  event6   TOUCH_MOTION              3  +21.939s	1 (1) 42.89/30.62 (137.33/55.17mm)
1787598423.329  event6   TOUCH_MOTION              4  +21.939s	2 (2) 60.23/39.13 (192.83/70.50mm)
1787598423.329  event6   TOUCH_FRAME                  +21.939s	
1787598423.338  event6   TOUCH_MOTION              2  +21.948s	0 (0) 52.79/25.16 (169.00/45.33mm)
1787598423.338  event6   TOUCH_MOTION              3  +21.948s	1 (1) 42.89/30.25 (137.33/54.50mm)
1787598423.338  event6   TOUCH_MOTION              4  +21.948s	2 (2) 60.23/38.76 (192.83/69.83mm)
1787598423.338  event6   TOUCH_FRAME                  +21.948s	
1787598423.347  event6   TOUCH_MOTION              2  +21.957s	0 (0) 52.79/24.88 (169.00/44.83mm)
1787598423.347  event6   TOUCH_MOTION              3  +21.957s	1 (1) 42.89/29.88 (137.33/53.83mm)
1787598423.347  event6   TOUCH_MOTION              4  +21.957s	2 (2) 60.23/38.48 (192.83/69.33mm)
1787598423.347  event6   TOUCH_FRAME                  +21.957s	
1787598423.356  event6   TOUCH_MOTION              2  +21.966s	0 (0) 52.79/24.51 (169.00/44.17mm)
1787598423.356  event6   TOUCH_MOTION              3  +21.966s	1 (1) 42.89/29.51 (137.33/53.17mm)
1787598423.356  event6   TOUCH_MOTION              4  +21.966s	2 (2) 60.23/38.21 (192.83/68.83mm)
1787598423.356  event6   TOUCH_FRAME                  +21.966s	
1787598423.365  event6   TOUCH_MOTION              2  +21.975s	0 (0) 52.79/24.24 (169.00/43.67mm)
1787598423.365  event6   TOUCH_MOTION              3  +21.975s	1 (1) 42.89/29.23 (137.33/52.67mm)
1787598423.365  event6   TOUCH_MOTION              4  +21.975s	2 (2) 60.23/37.93 (192.83/68.33mm)
1787598423.365  event6   TOUCH_FRAME                  +21.975s	
1787598423.374  event6   TOUCH_MOTION              2  +21.984s	0 (0) 52.79/24.05 (169.00/43.33mm)
1787598423.374  event6   TOUCH_MOTION              3  +21.984s	1 (1) 42.89/29.05 (137.33/52.33mm)
1787598423.374  event6   TOUCH_MOTION              4  +21.984s	2 (2) 60.23/37.84 (192.83/68.17mm)
1787598423.374  event6   TOUCH_FRAME                  +21.984s	
1787598423.383  event6   TOUCH_MOTION              2  +21.993s	0 (0) 52.79/23.87 (169.00/43.00mm)
1787598423.383  event6   TOUCH_MOTION              3  +21.993s	1 (1) 42.89/28.86 (137.33/52.00mm)
1787598423.383  event6   TOUCH_MOTION              4  +21.993s	2 (2) 60.23/37.65 (192.83/67.83mm)
1787598423.383  event6   TOUCH_FRAME                  +21.993s	
1787598423.393  event6   TOUCH_MOTION              2  +22.003s	0 (0) 52.79/23.77 (169.00/42.83mm)
1787598423.393  event6   TOUCH_MOTION              3  +22.003s	1 (1) 42.89/28.68 (137.33/51.67mm)
1787598423.393  event6   TOUCH_MOTION              4  +22.003s	2 (2) 60.23/37.47 (192.83/67.50mm)
1787598423.393  event6   TOUCH_FRAME                  +22.003s	
1787598423.402  event6   TOUCH_MOTION              2  +22.012s	0 (0) 52.79/23.59 (169.00/42.50mm)
1787598423.402  event6   TOUCH_MOTION              3  +22.012s	1 (1) 42.89/28.58 (137.33/51.50mm)
1787598423.402  event6   TOUCH_MOTION              4  +22.012s	2 (2) 60.23/37.37 (192.83/67.33mm)
1787598423.402  event6   TOUCH_FRAME                  +22.012s	
1787598423.411  event6   TOUCH_MOTION              2  +22.021s	0 (0) 52.79/23.40 (169.00/42.17mm)
1787598423.411  event6   TOUCH_MOTION              3  +22.021s	1 (1) 42.89/28.40 (137.33/51.17mm)
1787598423.411  event6   TOUCH_MOTION              4  +22.021s	2 (2) 60.23/37.28 (192.83/67.17mm)
1787598423.411  event6   TOUCH_FRAME                  +22.021s	
1787598423.420  event6   TOUCH_MOTION              2  +22.030s	1 (1) 42.89/28.31 (137.33/51.00mm)
1787598423.420  event6   TOUCH_MOTION              3  +22.030s	2 (2) 60.23/37.19 (192.83/67.00mm)
1787598423.420  event6   TOUCH_FRAME                  +22.030s	
1787598423.429  event6   TOUCH_MOTION              2  +22.039s	0 (0) 52.79/23.31 (169.00/42.00mm)
1787598423.429  event6   TOUCH_MOTION              3  +22.039s	2 (2) 60.23/37.10 (192.83/66.83mm)
1787598423.429  event6   TOUCH_FRAME                  +22.039s	
1787598423.438  event6   TOUCH_MOTION              2  +22.048s	0 (0) 52.79/23.22 (169.00/41.83mm)
1787598423.438  event6   TOUCH_MOTION              3  +22.048s	1 (1) 42.89/28.21 (137.33/50.83mm)
1787598423.438  event6   TOUCH_MOTION              4  +22.048s	2 (2) 60.23/37.00 (192.83/66.67mm)
1787598423.438  event6   TOUCH_FRAME                  +22.048s	
1787598423.447  event6   TOUCH_MOTION              2  +22.057s	0 (0) 52.79/23.13 (169.00/41.67mm)
1787598423.447  event6   TOUCH_MOTION              3  +22.057s	1 (1) 42.89/28.12 (137.33/50.67mm)
1787598423.447  event6   TOUCH_FRAME                  +22.057s	
1787598423.457  event6   TOUCH_MOTION              2  +22.067s	0 (0) 52.79/23.03 (169.00/41.50mm)
1787598423.457  event6   TOUCH_MOTION              3  +22.067s	1 (1) 42.89/28.03 (137.33/50.50mm)
1787598423.457  event6   TOUCH_FRAME                  +22.067s	
1787598423.612  event6   TOUCH_MOTION              2  +22.222s	1 (1) 42.95/28.03 (137.50/50.50mm)
1787598423.612  event6   TOUCH_FRAME                  +22.222s	
1787598423.621  event6   TOUCH_MOTION              2  +22.231s	1 (1) 43.00/28.03 (137.67/50.50mm)
1787598423.621  event6   TOUCH_FRAME                  +22.231s	
1787598423.666  event6   TOUCH_UP                     +22.276s	0 (0)
1787598423.666  event6   TOUCH_UP                     +22.276s	1 (1)
1787598423.666  event6   TOUCH_FRAME                  +22.276s	
1787598423.685  event6   TOUCH_UP                     +22.295s	2 (2)
1787598423.685  event6   TOUCH_FRAME                  +22.295s	
1787598424.619  event6   TOUCH_DOWN                   +23.229s	0 (0) 49.45/49.58 (158.33/89.33mm)
1787598424.619  event6   TOUCH_FRAME                  +23.229s	
1787598424.637  event6   TOUCH_MOTION                 +23.247s	0 (0) 48.98/49.58 (156.83/89.33mm)
1787598424.637  event6   TOUCH_FRAME                  +23.247s	
1787598424.646  event6   TOUCH_MOTION              2  +23.256s	0 (0) 48.67/49.58 (155.83/89.33mm)
1787598424.646  event6   TOUCH_FRAME                  +23.256s	
1787598424.655  event6   TOUCH_MOTION              2  +23.265s	0 (0) 48.41/49.58 (155.00/89.33mm)
1787598424.655  event6   TOUCH_FRAME                  +23.265s	
1787598424.664  event6   TOUCH_MOTION              2  +23.274s	0 (0) 48.05/49.58 (153.83/89.33mm)
1787598424.664  event6   TOUCH_FRAME                  +23.274s	
1787598424.674  event6   TOUCH_MOTION              2  +23.284s	0 (0) 47.68/49.68 (152.67/89.50mm)
1787598424.674  event6   TOUCH_FRAME                  +23.284s	
1787598424.683  event6   TOUCH_MOTION              2  +23.293s	0 (0) 47.27/49.77 (151.33/89.67mm)
1787598424.683  event6   TOUCH_FRAME                  +23.293s	
1787598424.692  event6   TOUCH_MOTION              2  +23.302s	0 (0) 46.80/49.95 (149.83/90.00mm)
1787598424.692  event6   TOUCH_FRAME                  +23.302s	
1787598424.701  event6   TOUCH_MOTION              2  +23.311s	0 (0) 46.28/50.05 (148.17/90.17mm)
1787598424.701  event6   TOUCH_FRAME                  +23.311s	
1787598424.710  event6   TOUCH_MOTION              2  +23.320s	0 (0) 45.71/50.32 (146.33/90.67mm)
1787598424.710  event6   TOUCH_FRAME                  +23.320s	
1787598424.719  event6   TOUCH_MOTION              2  +23.329s	0 (0) 45.18/50.42 (144.67/90.83mm)
1787598424.719  event6   TOUCH_FRAME                  +23.329s	
1787598424.728  event6   TOUCH_MOTION              2  +23.338s	0 (0) 44.61/50.69 (142.83/91.33mm)
1787598424.728  event6   TOUCH_FRAME                  +23.338s	
1787598424.738  event6   TOUCH_MOTION              2  +23.348s	0 (0) 44.09/50.88 (141.17/91.67mm)
1787598424.738  event6   TOUCH_FRAME                  +23.348s	
1787598424.747  event6   TOUCH_MOTION              2  +23.357s	0 (0) 43.52/51.06 (139.33/92.00mm)
1787598424.747  event6   TOUCH_FRAME                  +23.357s	
1787598424.756  event6   TOUCH_MOTION              2  +23.366s	0 (0) 43.00/51.25 (137.67/92.33mm)
1787598424.756  event6   TOUCH_FRAME                  +23.366s	
1787598424.765  event6   TOUCH_MOTION              2  +23.375s	0 (0) 42.37/51.43 (135.67/92.67mm)
1787598424.765  event6   TOUCH_FRAME                  +23.375s	
1787598424.774  event6   TOUCH_MOTION              2  +23.384s	0 (0) 41.80/51.71 (133.83/93.17mm)
1787598424.774  event6   TOUCH_FRAME                  +23.384s	
1787598424.783  event6   TOUCH_MOTION              2  +23.393s	0 (0) 41.23/51.99 (132.00/93.67mm)
1787598424.783  event6   TOUCH_FRAME                  +23.393s	
1787598424.792  event6   TOUCH_MOTION              2  +23.402s	0 (0) 40.60/52.27 (130.00/94.17mm)
1787598424.792  event6   TOUCH_FRAME                  +23.402s	
1787598424.801  event6   TOUCH_MOTION              2  +23.411s	0 (0) 39.93/52.64 (127.83/94.83mm)
1787598424.801  event6   TOUCH_FRAME                  +23.411s	
1787598424.811  event6   TOUCH_MOTION              2  +23.421s	0 (0) 39.30/53.01 (125.83/95.50mm)
1787598424.811  event6   TOUCH_FRAME                  +23.421s	
1787598424.820  event6   TOUCH_MOTION              2  +23.430s	0 (0) 38.68/53.47 (123.83/96.33mm)
1787598424.820  event6   TOUCH_FRAME                  +23.430s	
1787598424.829  event6   TOUCH_MOTION              2  +23.439s	0 (0) 38.05/53.93 (121.83/97.17mm)
1787598424.829  event6   TOUCH_FRAME                  +23.439s	
1787598424.838  event6   TOUCH_MOTION              2  +23.448s	0 (0) 37.43/54.49 (119.83/98.17mm)
1787598424.838  event6   TOUCH_FRAME                  +23.448s	
1787598424.847  event6   TOUCH_MOTION              2  +23.457s	0 (0) 36.80/55.04 (117.83/99.17mm)
1787598424.847  event6   TOUCH_FRAME                  +23.457s	
1787598424.856  event6   TOUCH_MOTION              2  +23.466s	0 (0) 36.18/55.60 (115.83/100.17mm)
1787598424.856  event6   TOUCH_FRAME                  +23.466s	
1787598424.865  event6   TOUCH_MOTION              2  +23.475s	0 (0) 35.61/56.24 (114.00/101.33mm)
1787598424.865  event6   TOUCH_FRAME                  +23.475s	
1787598424.875  event6   TOUCH_MOTION              2  +23.485s	0 (0) 35.03/56.80 (112.17/102.33mm)
1787598424.875  event6   TOUCH_FRAME                  +23.485s	
1787598424.884  event6   TOUCH_MOTION              2  +23.494s	0 (0) 34.57/57.45 (110.67/103.50mm)
1787598424.884  event6   TOUCH_FRAME                  +23.494s	
1787598424.893  event6   TOUCH_MOTION              2  +23.503s	0 (0) 34.10/57.91 (109.17/104.33mm)
1787598424.893  event6   TOUCH_FRAME                  +23.503s	
1787598424.902  event6   TOUCH_MOTION              2  +23.512s	0 (0) 33.73/58.37 (108.00/105.17mm)
1787598424.902  event6   TOUCH_FRAME                  +23.512s	
1787598424.911  event6   TOUCH_MOTION              2  +23.521s	0 (0) 33.42/58.83 (107.00/106.00mm)
1787598424.911  event6   TOUCH_FRAME                  +23.521s	
1787598424.920  event6   TOUCH_MOTION              2  +23.530s	0 (0) 33.11/59.20 (106.00/106.67mm)
1787598424.920  event6   TOUCH_FRAME                  +23.530s	
1787598424.929  event6   TOUCH_MOTION              2  +23.539s	0 (0) 32.85/59.48 (105.17/107.17mm)
1787598424.929  event6   TOUCH_FRAME                  +23.539s	
1787598424.938  event6   TOUCH_MOTION              2  +23.548s	0 (0) 32.64/59.76 (104.50/107.67mm)
1787598424.938  event6   TOUCH_FRAME                  +23.548s	
1787598424.948  event6   TOUCH_MOTION              2  +23.558s	0 (0) 32.48/60.04 (104.00/108.17mm)
1787598424.948  event6   TOUCH_FRAME                  +23.558s	
1787598424.957  event6   TOUCH_MOTION              2  +23.567s	0 (0) 32.33/60.22 (103.50/108.50mm)
1787598424.957  event6   TOUCH_FRAME                  +23.567s	
1787598424.966  event6   TOUCH_MOTION              2  +23.576s	0 (0) 32.22/60.41 (103.17/108.83mm)
1787598424.966  event6   TOUCH_FRAME                  +23.576s	
1787598424.975  event6   TOUCH_MOTION              2  +23.585s	0 (0) 32.12/60.50 (102.83/109.00mm)
1787598424.975  event6   TOUCH_FRAME                  +23.585s	
1787598424.984  event6   TOUCH_MOTION              2  +23.594s	0 (0) 32.12/60.59 (102.83/109.17mm)
1787598424.984  event6   TOUCH_FRAME                  +23.594s	
1787598424.993  event6   TOUCH_MOTION              2  +23.603s	0 (0) 32.12/60.68 (102.83/109.33mm)
1787598424.993  event6   TOUCH_FRAME                  +23.603s	
1787598425.002  event6   TOUCH_MOTION              2  +23.612s	0 (0) 32.17/60.68 (103.00/109.33mm)
1787598425.002  event6   TOUCH_FRAME                  +23.612s	
1787598425.011  event6   TOUCH_MOTION              2  +23.621s	0 (0) 32.27/60.68 (103.33/109.33mm)
1787598425.011  event6   TOUCH_FRAME                  +23.621s	
1787598425.021  event6   TOUCH_MOTION              2  +23.631s	0 (0) 32.43/60.68 (103.83/109.33mm)
1787598425.021  event6   TOUCH_FRAME                  +23.631s	
1787598425.030  event6   TOUCH_MOTION              2  +23.640s	0 (0) 32.64/60.59 (104.50/109.17mm)
1787598425.030  event6   TOUCH_FRAME                  +23.640s	
1787598425.039  event6   TOUCH_MOTION              2  +23.649s	0 (0) 32.95/60.50 (105.50/109.00mm)
1787598425.039  event6   TOUCH_FRAME                  +23.649s	
1787598425.048  event6   TOUCH_MOTION              2  +23.658s	0 (0) 33.26/60.31 (106.50/108.67mm)
1787598425.048  event6   TOUCH_FRAME                  +23.658s	
1787598425.057  event6   TOUCH_MOTION              2  +23.667s	0 (0) 33.68/60.13 (107.83/108.33mm)
1787598425.057  event6   TOUCH_FRAME                  +23.667s	
1787598425.066  event6   TOUCH_MOTION              2  +23.676s	0 (0) 34.10/59.76 (109.17/107.67mm)
1787598425.066  event6   TOUCH_FRAME                  +23.676s	
1787598425.075  event6   TOUCH_MOTION              2  +23.685s	0 (0) 34.57/59.48 (110.67/107.17mm)
1787598425.075  event6   TOUCH_FRAME                  +23.685s	
1787598425.085  event6   TOUCH_MOTION              2  +23.695s	0 (0) 35.03/59.11 (112.17/106.50mm)
1787598425.085  event6   TOUCH_FRAME                  +23.695s	
1787598425.094  event6   TOUCH_MOTION              2  +23.704s	0 (0) 35.66/58.74 (114.17/105.83mm)
1787598425.094  event6   TOUCH_FRAME                  +23.704s	
1787598425.103  event6   TOUCH_MOTION              2  +23.713s	0 (0) 36.23/58.37 (116.00/105.17mm)
1787598425.103  event6   TOUCH_FRAME                  +23.713s	
1787598425.112  event6   TOUCH_MOTION              2  +23.722s	0 (0) 36.86/58.00 (118.00/104.50mm)
1787598425.112  event6   TOUCH_FRAME                  +23.722s	
1787598425.121  event6   TOUCH_MOTION              2  +23.731s	0 (0) 37.53/57.63 (120.17/103.83mm)
1787598425.121  event6   TOUCH_FRAME                  +23.731s	
1787598425.130  event6   TOUCH_MOTION              2  +23.740s	0 (0) 38.26/57.17 (122.50/103.00mm)
1787598425.130  event6   TOUCH_FRAME                  +23.740s	
1787598425.139  event6   TOUCH_MOTION              2  +23.749s	0 (0) 38.99/56.71 (124.83/102.17mm)
1787598425.139  event6   TOUCH_FRAME                  +23.749s	
1787598425.149  event6   TOUCH_MOTION              2  +23.759s	0 (0) 39.72/56.34 (127.17/101.50mm)
1787598425.149  event6   TOUCH_FRAME                  +23.759s	
1787598425.158  event6   TOUCH_MOTION              2  +23.768s	0 (0) 40.50/55.97 (129.67/100.83mm)
1787598425.158  event6   TOUCH_FRAME                  +23.768s	
1787598425.167  event6   TOUCH_MOTION              2  +23.777s	0 (0) 41.23/55.60 (132.00/100.17mm)
1787598425.167  event6   TOUCH_FRAME                  +23.777s	
1787598425.176  event6   TOUCH_MOTION              2  +23.786s	0 (0) 42.01/55.23 (134.50/99.50mm)
1787598425.176  event6   TOUCH_FRAME                  +23.786s	
1787598425.185  event6   TOUCH_MOTION              2  +23.795s	0 (0) 42.79/54.86 (137.00/98.83mm)
1787598425.185  event6   TOUCH_FRAME                  +23.795s	
1787598425.194  event6   TOUCH_MOTION              2  +23.804s	0 (0) 43.62/54.49 (139.67/98.17mm)
1787598425.194  event6   TOUCH_FRAME                  +23.804s	
1787598425.203  event6   TOUCH_MOTION              2  +23.813s	0 (0) 44.46/54.12 (142.33/97.50mm)
1787598425.203  event6   TOUCH_FRAME                  +23.813s	
1787598425.212  event6   TOUCH_MOTION              2  +23.822s	0 (0) 45.29/53.65 (145.00/96.67mm)
1787598425.212  event6   TOUCH_FRAME                  +23.822s	
1787598425.222  event6   TOUCH_MOTION              2  +23.832s	0 (0) 46.17/53.28 (147.83/96.00mm)
1787598425.222  event6   TOUCH_FRAME                  +23.832s	
1787598425.231  event6   TOUCH_MOTION              2  +23.841s	0 (0) 47.06/53.01 (150.67/95.50mm)
1787598425.231  event6   TOUCH_FRAME                  +23.841s	
1787598425.240  event6   TOUCH_MOTION              2  +23.850s	0 (0) 47.94/52.73 (153.50/95.00mm)
1787598425.240  event6   TOUCH_FRAME                  +23.850s	
1787598425.249  event6   TOUCH_MOTION              2  +23.859s	0 (0) 48.83/52.45 (156.33/94.50mm)
1787598425.249  event6   TOUCH_FRAME                  +23.859s	
1787598425.258  event6   TOUCH_MOTION              2  +23.868s	0 (0) 49.71/52.17 (159.17/94.00mm)
1787598425.258  event6   TOUCH_FRAME                  +23.868s	
1787598425.267  event6   TOUCH_MOTION              2  +23.877s	0 (0) 50.60/51.90 (162.00/93.50mm)
1787598425.267  event6   TOUCH_FRAME                  +23.877s	
1787598425.276  event6   TOUCH_MOTION              2  +23.886s	0 (0) 51.43/51.62 (164.67/93.00mm)
1787598425.276  event6   TOUCH_FRAME                  +23.886s	
1787598425.286  event6   TOUCH_MOTION              2  +23.896s	0 (0) 52.26/51.43 (167.33/92.67mm)
1787598425.286  event6   TOUCH_FRAME                  +23.896s	
1787598425.295  event6   TOUCH_MOTION              2  +23.905s	0 (0) 53.10/51.16 (170.00/92.17mm)
1787598425.295  event6   TOUCH_FRAME                  +23.905s	
1787598425.304  event6   TOUCH_MOTION              2  +23.914s	0 (0) 53.83/51.06 (172.33/92.00mm)
1787598425.304  event6   TOUCH_FRAME                  +23.914s	
1787598425.313  event6   TOUCH_MOTION              2  +23.923s	0 (0) 54.55/50.88 (174.67/91.67mm)
1787598425.313  event6   TOUCH_FRAME                  +23.923s	
1787598425.322  event6   TOUCH_MOTION              2  +23.932s	0 (0) 55.23/50.69 (176.83/91.33mm)
1787598425.322  event6   TOUCH_FRAME                  +23.932s	
1787598425.331  event6   TOUCH_MOTION              2  +23.941s	0 (0) 55.80/50.69 (178.67/91.33mm)
1787598425.331  event6   TOUCH_FRAME                  +23.941s	
1787598425.340  event6   TOUCH_MOTION              2  +23.950s	0 (0) 56.38/50.69 (180.50/91.33mm)
1787598425.340  event6   TOUCH_FRAME                  +23.950s	
1787598425.349  event6   TOUCH_MOTION              2  +23.959s	0 (0) 56.85/50.69 (182.00/91.33mm)
1787598425.349  event6   TOUCH_FRAME                  +23.959s	
1787598425.359  event6   TOUCH_MOTION              2  +23.969s	0 (0) 57.31/50.69 (183.50/91.33mm)
1787598425.359  event6   TOUCH_FRAME                  +23.969s	
1787598425.368  event6   TOUCH_MOTION              2  +23.978s	0 (0) 57.68/50.69 (184.67/91.33mm)
1787598425.368  event6   TOUCH_FRAME                  +23.978s	
1787598425.377  event6   TOUCH_MOTION              2  +23.987s	0 (0) 57.99/50.79 (185.67/91.50mm)
1787598425.377  event6   TOUCH_FRAME                  +23.987s	
1787598425.386  event6   TOUCH_MOTION              2  +23.996s	0 (0) 58.30/50.97 (186.67/91.83mm)
1787598425.386  event6   TOUCH_FRAME                  +23.996s	
1787598425.395  event6   TOUCH_MOTION              2  +24.005s	0 (0) 58.51/51.16 (187.33/92.17mm)
1787598425.395  event6   TOUCH_FRAME                  +24.005s	
1787598425.404  event6   TOUCH_MOTION              2  +24.014s	0 (0) 58.67/51.43 (187.83/92.67mm)
1787598425.404  event6   TOUCH_FRAME                  +24.014s	
1787598425.413  event6   TOUCH_MOTION              2  +24.023s	0 (0) 58.77/51.80 (188.17/93.33mm)
1787598425.413  event6   TOUCH_FRAME                  +24.023s	
1787598425.423  event6   TOUCH_MOTION              2  +24.033s	0 (0) 58.82/52.17 (188.33/94.00mm)
1787598425.423  event6   TOUCH_FRAME                  +24.033s	
1787598425.432  event6   TOUCH_MOTION              2  +24.042s	0 (0) 58.82/52.54 (188.33/94.67mm)
1787598425.432  event6   TOUCH_FRAME                  +24.042s	
1787598425.441  event6   TOUCH_MOTION              2  +24.051s	0 (0) 58.77/53.10 (188.17/95.67mm)
1787598425.441  event6   TOUCH_FRAME                  +24.051s	
1787598425.450  event6   TOUCH_MOTION              2  +24.060s	0 (0) 58.67/53.65 (187.83/96.67mm)
1787598425.450  event6   TOUCH_FRAME                  +24.060s	
1787598425.459  event6   TOUCH_MOTION              2  +24.069s	0 (0) 58.51/54.21 (187.33/97.67mm)
1787598425.459  event6   TOUCH_FRAME                  +24.069s	
1787598425.468  event6   TOUCH_MOTION              2  +24.078s	0 (0) 58.25/54.86 (186.50/98.83mm)
1787598425.468  event6   TOUCH_FRAME                  +24.078s	
1787598425.477  event6   TOUCH_MOTION              2  +24.087s	0 (0) 57.99/55.60 (185.67/100.17mm)
1787598425.477  event6   TOUCH_FRAME                  +24.087s	
1787598425.486  event6   TOUCH_MOTION              2  +24.096s	0 (0) 57.57/56.34 (184.33/101.50mm)
1787598425.486  event6   TOUCH_FRAME                  +24.096s	
1787598425.496  event6   TOUCH_MOTION              2  +24.106s	0 (0) 57.21/57.08 (183.17/102.83mm)
1787598425.496  event6   TOUCH_FRAME                  +24.106s	
1787598425.505  event6   TOUCH_MOTION              2  +24.115s	0 (0) 56.74/57.82 (181.67/104.17mm)
1787598425.505  event6   TOUCH_FRAME                  +24.115s	
1787598425.514  event6   TOUCH_MOTION              2  +24.124s	0 (0) 56.27/58.65 (180.17/105.67mm)
1787598425.514  event6   TOUCH_FRAME                  +24.124s	
1787598425.522  event6   TOUCH_MOTION              2  +24.133s	0 (0) 55.75/59.57 (178.50/107.33mm)
1787598425.522  event6   TOUCH_FRAME                  +24.133s	
1787598425.531  event6   TOUCH_MOTION              2  +24.142s	0 (0) 55.28/60.50 (177.00/109.00mm)
1787598425.531  event6   TOUCH_FRAME                  +24.142s	
1787598425.540  event6   TOUCH_MOTION              2  +24.151s	0 (0) 54.66/61.42 (175.00/110.67mm)
1787598425.540  event6   TOUCH_FRAME                  +24.151s	
1787598425.549  event6   TOUCH_MOTION              2  +24.160s	0 (0) 54.09/62.44 (173.17/112.50mm)
1787598425.550  event6   TOUCH_FRAME                  +24.160s	
1787598425.558  event6   TOUCH_MOTION              2  +24.169s	0 (0) 53.51/63.37 (171.33/114.17mm)
1787598425.558  event6   TOUCH_FRAME                  +24.169s	
1787598425.568  event6   TOUCH_MOTION              2  +24.179s	0 (0) 52.89/64.29 (169.33/115.83mm)
1787598425.568  event6   TOUCH_FRAME                  +24.179s	
1787598425.577  event6   TOUCH_MOTION              2  +24.188s	0 (0) 52.32/65.22 (167.50/117.50mm)
1787598425.578  event6   TOUCH_FRAME                  +24.188s	
1787598425.586  event6   TOUCH_MOTION              2  +24.197s	0 (0) 51.74/66.14 (165.67/119.17mm)
1787598425.586  event6   TOUCH_FRAME                  +24.197s	
1787598425.595  event6   TOUCH_MOTION              2  +24.206s	0 (0) 51.28/66.98 (164.17/120.67mm)
1787598425.596  event6   TOUCH_FRAME                  +24.206s	
1787598425.605  event6   TOUCH_MOTION              2  +24.215s	0 (0) 50.81/67.72 (162.67/122.00mm)
1787598425.605  event6   TOUCH_FRAME                  +24.215s	
1787598425.614  event6   TOUCH_MOTION              2  +24.224s	0 (0) 50.34/68.46 (161.17/123.33mm)
1787598425.614  event6   TOUCH_FRAME                  +24.224s	
1787598425.623  event6   TOUCH_MOTION              2  +24.233s	0 (0) 49.92/69.20 (159.83/124.67mm)
1787598425.623  event6   TOUCH_FRAME                  +24.233s	
1787598425.632  event6   TOUCH_MOTION              2  +24.243s	0 (0) 49.51/69.94 (158.50/126.00mm)
1787598425.632  event6   TOUCH_FRAME                  +24.243s	
1787598425.641  event6   TOUCH_MOTION              2  +24.252s	0 (0) 49.19/70.77 (157.50/127.50mm)
1787598425.642  event6   TOUCH_FRAME                  +24.252s	
1787598425.651  event6   TOUCH_MOTION              2  +24.261s	0 (0) 48.83/71.51 (156.33/128.83mm)
1787598425.651  event6   TOUCH_FRAME                  +24.261s	
1787598425.660  event6   TOUCH_MOTION              2  +24.270s	0 (0) 48.57/72.16 (155.50/130.00mm)
1787598425.660  event6   TOUCH_FRAME                  +24.270s	
1787598425.669  event6   TOUCH_MOTION              2  +24.279s	0 (0) 48.31/72.80 (154.67/131.17mm)
1787598425.669  event6   TOUCH_FRAME                  +24.279s	
1787598425.678  event6   TOUCH_MOTION              2  +24.288s	0 (0) 48.15/73.36 (154.17/132.17mm)
1787598425.678  event6   TOUCH_FRAME                  +24.288s	
1787598425.687  event6   TOUCH_MOTION              2  +24.297s	0 (0) 48.00/73.91 (153.67/133.17mm)
1787598425.687  event6   TOUCH_FRAME                  +24.297s	
1787598425.696  event6   TOUCH_MOTION              2  +24.306s	0 (0) 47.94/74.47 (153.50/134.17mm)
1787598425.696  event6   TOUCH_FRAME                  +24.306s	
1787598425.706  event6   TOUCH_MOTION              2  +24.316s	0 (0) 47.89/74.93 (153.33/135.00mm)
1787598425.706  event6   TOUCH_FRAME                  +24.316s	
1787598425.715  event6   TOUCH_MOTION              2  +24.325s	0 (0) 47.89/75.30 (153.33/135.67mm)
1787598425.715  event6   TOUCH_FRAME                  +24.325s	
1787598425.724  event6   TOUCH_MOTION              2  +24.334s	0 (0) 47.89/75.58 (153.33/136.17mm)
1787598425.724  event6   TOUCH_FRAME                  +24.334s	
1787598425.733  event6   TOUCH_MOTION              2  +24.343s	0 (0) 47.94/75.86 (153.50/136.67mm)
1787598425.733  event6   TOUCH_FRAME                  +24.343s	
1787598425.742  event6   TOUCH_MOTION              2  +24.352s	0 (0) 48.05/76.04 (153.83/137.00mm)
1787598425.742  event6   TOUCH_FRAME                  +24.352s	
1787598425.751  event6   TOUCH_MOTION              2  +24.361s	0 (0) 48.20/76.23 (154.33/137.33mm)
1787598425.751  event6   TOUCH_FRAME                  +24.361s	
1787598425.760  event6   TOUCH_MOTION              2  +24.370s	0 (0) 48.41/76.32 (155.00/137.50mm)
1787598425.760  event6   TOUCH_FRAME                  +24.370s	
1787598425.770  event6   TOUCH_MOTION              2  +24.380s	0 (0) 48.67/76.32 (155.83/137.50mm)
1787598425.770  event6   TOUCH_FRAME                  +24.380s	
1787598425.779  event6   TOUCH_MOTION              2  +24.389s	0 (0) 48.98/76.32 (156.83/137.50mm)
1787598425.779  event6   TOUCH_FRAME                  +24.389s	
1787598425.788  event6   TOUCH_MOTION              2  +24.398s	0 (0) 49.30/76.32 (157.83/137.50mm)
1787598425.788  event6   TOUCH_FRAME                  +24.398s	
1787598425.797  event6   TOUCH_MOTION              2  +24.407s	0 (0) 49.66/76.23 (159.00/137.33mm)
1787598425.797  event6   TOUCH_FRAME                  +24.407s	
1787598425.806  event6   TOUCH_MOTION              2  +24.416s	0 (0) 50.03/76.04 (160.17/137.00mm)
1787598425.806  event6   TOUCH_FRAME                  +24.416s	
1787598425.815  event6   TOUCH_MOTION              2  +24.425s	0 (0) 50.39/75.86 (161.33/136.67mm)
1787598425.815  event6   TOUCH_FRAME                  +24.425s	
1787598425.824  event6   TOUCH_MOTION              2  +24.434s	0 (0) 50.86/75.58 (162.83/136.17mm)
1787598425.824  event6   TOUCH_FRAME                  +24.434s	
1787598425.833  event6   TOUCH_MOTION              2  +24.443s	0 (0) 51.28/75.21 (164.17/135.50mm)
1787598425.833  event6   TOUCH_FRAME                  +24.443s	
1787598425.842  event6   TOUCH_MOTION              2  +24.453s	0 (0) 51.64/74.75 (165.33/134.67mm)
1787598425.843  event6   TOUCH_FRAME                  +24.453s	
1787598425.852  event6   TOUCH_MOTION              2  +24.462s	0 (0) 52.00/74.19 (166.50/133.67mm)
1787598425.852  event6   TOUCH_FRAME                  +24.462s	
1787598425.861  event6   TOUCH_MOTION              2  +24.471s	0 (0) 52.42/73.73 (167.83/132.83mm)
1787598425.861  event6   TOUCH_FRAME                  +24.471s	
1787598425.870  event6   TOUCH_MOTION              2  +24.480s	0 (0) 52.73/73.08 (168.83/131.67mm)
1787598425.870  event6   TOUCH_FRAME                  +24.480s	
1787598425.879  event6   TOUCH_MOTION              2  +24.489s	0 (0) 53.10/72.53 (170.00/130.67mm)
1787598425.879  event6   TOUCH_FRAME                  +24.489s	
1787598425.888  event6   TOUCH_MOTION              2  +24.498s	0 (0) 53.36/71.88 (170.83/129.50mm)
1787598425.888  event6   TOUCH_FRAME                  +24.498s	
1787598425.897  event6   TOUCH_MOTION              2  +24.507s	0 (0) 53.62/71.23 (171.67/128.33mm)
1787598425.897  event6   TOUCH_FRAME                  +24.507s	
1787598425.907  event6   TOUCH_MOTION              2  +24.517s	0 (0) 53.88/70.49 (172.50/127.00mm)
1787598425.907  event6   TOUCH_FRAME                  +24.517s	
1787598425.916  event6   TOUCH_MOTION              2  +24.526s	0 (0) 54.14/69.75 (173.33/125.67mm)
1787598425.916  event6   TOUCH_FRAME                  +24.526s	
1787598425.925  event6   TOUCH_MOTION              2  +24.535s	0 (0) 54.35/69.01 (174.00/124.33mm)
1787598425.925  event6   TOUCH_FRAME                  +24.535s	
1787598425.934  event6   TOUCH_MOTION              2  +24.544s	0 (0) 54.55/68.27 (174.67/123.00mm)
1787598425.934  event6   TOUCH_FRAME                  +24.544s	
1787598425.943  event6   TOUCH_MOTION              2  +24.553s	0 (0) 54.71/67.44 (175.17/121.50mm)
1787598425.943  event6   TOUCH_FRAME                  +24.553s	
1787598425.952  event6   TOUCH_MOTION              2  +24.562s	0 (0) 54.87/66.60 (175.67/120.00mm)
1787598425.952  event6   TOUCH_FRAME                  +24.562s	
1787598425.961  event6   TOUCH_MOTION              2  +24.571s	0 (0) 54.97/65.68 (176.00/118.33mm)
1787598425.961  event6   TOUCH_FRAME                  +24.571s	
1787598425.970  event6   TOUCH_MOTION              2  +24.580s	0 (0) 55.08/64.75 (176.33/116.67mm)
1787598425.970  event6   TOUCH_FRAME                  +24.580s	
1787598425.980  event6   TOUCH_MOTION              2  +24.590s	0 (0) 55.08/63.92 (176.33/115.17mm)
1787598425.980  event6   TOUCH_FRAME                  +24.590s	
1787598425.989  event6   TOUCH_MOTION              2  +24.599s	0 (0) 55.08/63.09 (176.33/113.67mm)
1787598425.989  event6   TOUCH_FRAME                  +24.599s	
1787598425.998  event6   TOUCH_MOTION              2  +24.608s	0 (0) 55.08/62.26 (176.33/112.17mm)
1787598425.998  event6   TOUCH_FRAME                  +24.608s	
1787598426.007  event6   TOUCH_MOTION              2  +24.617s	0 (0) 55.08/61.42 (176.33/110.67mm)
1787598426.007  event6   TOUCH_FRAME                  +24.617s	
1787598426.016  event6   TOUCH_MOTION              2  +24.626s	0 (0) 54.92/60.68 (175.83/109.33mm)
1787598426.016  event6   TOUCH_FRAME                  +24.626s	
1787598426.025  event6   TOUCH_MOTION              2  +24.635s	0 (0) 54.76/59.94 (175.33/108.00mm)
1787598426.025  event6   TOUCH_FRAME                  +24.635s	
1787598426.034  event6   TOUCH_MOTION              2  +24.644s	0 (0) 54.50/59.30 (174.50/106.83mm)
1787598426.034  event6   TOUCH_FRAME                  +24.644s	
1787598426.044  event6   TOUCH_MOTION              2  +24.654s	0 (0) 54.19/58.65 (173.50/105.67mm)
1787598426.044  event6   TOUCH_FRAME                  +24.654s	
1787598426.053  event6   TOUCH_MOTION              2  +24.663s	0 (0) 53.88/58.00 (172.50/104.50mm)
1787598426.053  event6   TOUCH_FRAME                  +24.663s	
1787598426.062  event6   TOUCH_MOTION              2  +24.672s	0 (0) 53.51/57.45 (171.33/103.50mm)
1787598426.062  event6   TOUCH_FRAME                  +24.672s	
1787598426.071  event6   TOUCH_MOTION              2  +24.681s	0 (0) 53.10/56.98 (170.00/102.67mm)
1787598426.071  event6   TOUCH_FRAME                  +24.681s	
1787598426.080  event6   TOUCH_MOTION              2  +24.690s	0 (0) 52.63/56.52 (168.50/101.83mm)
1787598426.080  event6   TOUCH_FRAME                  +24.690s	
1787598426.089  event6   TOUCH_MOTION              2  +24.699s	0 (0) 52.16/56.15 (167.00/101.17mm)
1787598426.089  event6   TOUCH_FRAME                  +24.699s	
1787598426.098  event6   TOUCH_MOTION              2  +24.708s	0 (0) 51.74/55.78 (165.67/100.50mm)
1787598426.098  event6   TOUCH_FRAME                  +24.708s	
1787598426.107  event6   TOUCH_MOTION              2  +24.717s	0 (0) 51.28/55.50 (164.17/100.00mm)
1787598426.107  event6   TOUCH_FRAME                  +24.717s	
1787598426.117  event6   TOUCH_MOTION              2  +24.727s	0 (0) 50.70/55.23 (162.33/99.50mm)
1787598426.117  event6   TOUCH_FRAME                  +24.727s	
1787598426.126  event6   TOUCH_MOTION              2  +24.736s	0 (0) 50.18/55.23 (160.67/99.50mm)
1787598426.126  event6   TOUCH_FRAME                  +24.736s	
1787598426.135  event6   TOUCH_MOTION              2  +24.745s	0 (0) 49.51/55.23 (158.50/99.50mm)
1787598426.135  event6   TOUCH_FRAME                  +24.745s	
1787598426.146  event6   TOUCH_MOTION              2  +24.754s	0 (0) 48.88/55.23 (156.50/99.50mm)
1787598426.146  event6   TOUCH_FRAME                  +24.754s	
1787598426.153  event6   TOUCH_MOTION              2  +24.763s	0 (0) 48.26/55.23 (154.50/99.50mm)
1787598426.153  event6   TOUCH_FRAME                  +24.763s	
1787598426.162  event6   TOUCH_MOTION              2  +24.772s	0 (0) 47.58/55.50 (152.33/100.00mm)
1787598426.162  event6   TOUCH_FRAME                  +24.772s	
1787598426.171  event6   TOUCH_MOTION              2  +24.781s	0 (0) 46.95/55.78 (150.33/100.50mm)
1787598426.171  event6   TOUCH_FRAME                  +24.781s	
1787598426.181  event6   TOUCH_MOTION              2  +24.791s	0 (0) 46.33/56.15 (148.33/101.17mm)
1787598426.181  event6   TOUCH_FRAME                  +24.791s	
1787598426.190  event6   TOUCH_MOTION              2  +24.800s	0 (0) 45.71/56.61 (146.33/102.00mm)
1787598426.190  event6   TOUCH_FRAME                  +24.800s	
1787598426.199  event6   TOUCH_MOTION              2  +24.809s	0 (0) 45.08/57.08 (144.33/102.83mm)
1787598426.199  event6   TOUCH_FRAME                  +24.809s	
1787598426.208  event6   TOUCH_MOTION              2  +24.818s	0 (0) 44.56/57.63 (142.67/103.83mm)
1787598426.208  event6   TOUCH_FRAME                  +24.818s	
1787598426.217  event6   TOUCH_MOTION              2  +24.827s	0 (0) 44.04/58.28 (141.00/105.00mm)
1787598426.217  event6   TOUCH_FRAME                  +24.827s	
1787598426.226  event6   TOUCH_MOTION              2  +24.836s	0 (0) 43.57/58.83 (139.50/106.00mm)
1787598426.226  event6   TOUCH_FRAME                  +24.836s	
1787598426.235  event6   TOUCH_MOTION              2  +24.845s	0 (0) 43.15/59.39 (138.17/107.00mm)
1787598426.235  event6   TOUCH_FRAME                  +24.845s	
1787598426.244  event6   TOUCH_MOTION              2  +24.854s	0 (0) 42.79/60.13 (137.00/108.33mm)
1787598426.244  event6   TOUCH_FRAME                  +24.854s	
1787598426.254  event6   TOUCH_MOTION              2  +24.864s	0 (0) 42.43/60.87 (135.83/109.67mm)
1787598426.254  event6   TOUCH_FRAME                  +24.864s	
1787598426.263  event6   TOUCH_MOTION              2  +24.873s	0 (0) 42.17/61.61 (135.00/111.00mm)
1787598426.263  event6   TOUCH_FRAME                  +24.873s	
1787598426.272  event6   TOUCH_MOTION              2  +24.882s	0 (0) 41.91/62.35 (134.17/112.33mm)
1787598426.272  event6   TOUCH_FRAME                  +24.882s	
1787598426.281  event6   TOUCH_MOTION              2  +24.891s	0 (0) 41.75/63.09 (133.67/113.67mm)
1787598426.281  event6   TOUCH_FRAME                  +24.891s	
1787598426.290  event6   TOUCH_MOTION              2  +24.900s	0 (0) 41.64/63.83 (133.33/115.00mm)
1787598426.290  event6   TOUCH_FRAME                  +24.900s	
1787598426.299  event6   TOUCH_MOTION              2  +24.909s	0 (0) 41.59/64.57 (133.17/116.33mm)
1787598426.299  event6   TOUCH_FRAME                  +24.909s	
1787598426.308  event6   TOUCH_MOTION              2  +24.918s	0 (0) 41.59/65.22 (133.17/117.50mm)
1787598426.308  event6   TOUCH_FRAME                  +24.918s	
1787598426.318  event6   TOUCH_MOTION              2  +24.928s	0 (0) 41.59/65.86 (133.17/118.67mm)
1787598426.318  event6   TOUCH_FRAME                  +24.928s	
1787598426.327  event6   TOUCH_MOTION              2  +24.937s	0 (0) 41.64/66.51 (133.33/119.83mm)
1787598426.327  event6   TOUCH_FRAME                  +24.937s	
1787598426.336  event6   TOUCH_MOTION              2  +24.946s	0 (0) 41.70/67.07 (133.50/120.83mm)
1787598426.336  event6   TOUCH_FRAME                  +24.946s	
1787598426.345  event6   TOUCH_MOTION              2  +24.955s	0 (0) 41.85/67.62 (134.00/121.83mm)
1787598426.345  event6   TOUCH_FRAME                  +24.955s	
1787598426.354  event6   TOUCH_MOTION              2  +24.964s	0 (0) 42.01/68.09 (134.50/122.67mm)
1787598426.354  event6   TOUCH_FRAME                  +24.964s	
1787598426.363  event6   TOUCH_MOTION              2  +24.973s	0 (0) 42.22/68.55 (135.17/123.50mm)
1787598426.363  event6   TOUCH_FRAME                  +24.973s	
1787598426.372  event6   TOUCH_MOTION              2  +24.982s	0 (0) 42.48/68.92 (136.00/124.17mm)
1787598426.372  event6   TOUCH_FRAME                  +24.982s	
1787598426.381  event6   TOUCH_MOTION              2  +24.991s	0 (0) 42.79/69.29 (137.00/124.83mm)
1787598426.381  event6   TOUCH_FRAME                  +24.991s	
1787598426.391  event6   TOUCH_MOTION              2  +25.001s	0 (0) 43.05/69.57 (137.83/125.33mm)
1787598426.391  event6   TOUCH_FRAME                  +25.001s	
1787598426.400  event6   TOUCH_MOTION              2  +25.010s	0 (0) 43.41/69.84 (139.00/125.83mm)
1787598426.400  event6   TOUCH_FRAME                  +25.010s	
1787598426.409  event6   TOUCH_MOTION              2  +25.019s	0 (0) 43.78/69.94 (140.17/126.00mm)
1787598426.409  event6   TOUCH_FRAME                  +25.019s	
1787598426.418  event6   TOUCH_MOTION              2  +25.028s	0 (0) 44.14/70.03 (141.33/126.17mm)
1787598426.418  event6   TOUCH_FRAME                  +25.028s	
1787598426.427  event6   TOUCH_MOTION              2  +25.037s	0 (0) 44.61/70.03 (142.83/126.17mm)
1787598426.427  event6   TOUCH_FRAME                  +25.037s	
1787598426.436  event6   TOUCH_MOTION              2  +25.046s	0 (0) 45.03/70.03 (144.17/126.17mm)
1787598426.436  event6   TOUCH_FRAME                  +25.046s	
1787598426.445  event6   TOUCH_MOTION              2  +25.055s	0 (0) 45.50/69.94 (145.67/126.00mm)
1787598426.445  event6   TOUCH_FRAME                  +25.055s	
1787598426.454  event6   TOUCH_MOTION              2  +25.064s	0 (0) 45.91/69.94 (147.00/126.00mm)
1787598426.454  event6   TOUCH_FRAME                  +25.064s	
1787598426.464  event6   TOUCH_MOTION              2  +25.074s	0 (0) 46.38/69.75 (148.50/125.67mm)
1787598426.464  event6   TOUCH_FRAME                  +25.074s	
1787598426.473  event6   TOUCH_MOTION              2  +25.083s	0 (0) 46.90/69.57 (150.17/125.33mm)
1787598426.473  event6   TOUCH_FRAME                  +25.083s	
1787598426.482  event6   TOUCH_MOTION              2  +25.092s	0 (0) 47.37/69.20 (151.67/124.67mm)
1787598426.482  event6   TOUCH_FRAME                  +25.092s	
1787598426.491  event6   TOUCH_MOTION              2  +25.101s	0 (0) 47.89/68.83 (153.33/124.00mm)
1787598426.491  event6   TOUCH_FRAME                  +25.101s	
1787598426.500  event6   TOUCH_MOTION              2  +25.110s	0 (0) 48.41/68.46 (155.00/123.33mm)
1787598426.500  event6   TOUCH_FRAME                  +25.110s	
1787598426.509  event6   TOUCH_MOTION              2  +25.119s	0 (0) 48.83/68.09 (156.33/122.67mm)
1787598426.509  event6   TOUCH_FRAME                  +25.119s	
1787598426.517  event6   TOUCH_MOTION              2  +25.128s	0 (0) 49.35/67.72 (158.00/122.00mm)
1787598426.517  event6   TOUCH_FRAME                  +25.128s	
1787598426.527  event6   TOUCH_MOTION              2  +25.138s	0 (0) 49.82/67.16 (159.50/121.00mm)
1787598426.527  event6   TOUCH_FRAME                  +25.138s	
1787598426.536  event6   TOUCH_MOTION              2  +25.147s	0 (0) 50.29/66.60 (161.00/120.00mm)
1787598426.536  event6   TOUCH_FRAME                  +25.147s	
1787598426.545  event6   TOUCH_MOTION              2  +25.156s	0 (0) 50.75/66.14 (162.50/119.17mm)
1787598426.545  event6   TOUCH_FRAME                  +25.156s	
1787598426.554  event6   TOUCH_MOTION              2  +25.165s	0 (0) 51.22/65.59 (164.00/118.17mm)
1787598426.554  event6   TOUCH_FRAME                  +25.165s	
1787598426.563  event6   TOUCH_MOTION              2  +25.174s	0 (0) 51.64/65.03 (165.33/117.17mm)
1787598426.563  event6   TOUCH_FRAME                  +25.174s	
1787598426.572  event6   TOUCH_MOTION              2  +25.183s	0 (0) 52.00/64.57 (166.50/116.33mm)
1787598426.572  event6   TOUCH_FRAME                  +25.183s	
1787598426.582  event6   TOUCH_MOTION              2  +25.192s	0 (0) 52.42/63.92 (167.83/115.17mm)
1787598426.582  event6   TOUCH_FRAME                  +25.192s	
1787598426.590  event6   TOUCH_MOTION              2  +25.201s	0 (0) 52.79/63.27 (169.00/114.00mm)
1787598426.590  event6   TOUCH_FRAME                  +25.201s	
1787598426.601  event6   TOUCH_MOTION              2  +25.211s	0 (0) 53.10/62.63 (170.00/112.83mm)
1787598426.601  event6   TOUCH_FRAME                  +25.211s	
1787598426.610  event6   TOUCH_MOTION              2  +25.220s	0 (0) 53.41/61.98 (171.00/111.67mm)
1787598426.610  event6   TOUCH_FRAME                  +25.220s	
1787598426.619  event6   TOUCH_MOTION              2  +25.229s	0 (0) 53.67/61.42 (171.83/110.67mm)
1787598426.619  event6   TOUCH_FRAME                  +25.229s	
1787598426.627  event6   TOUCH_MOTION              2  +25.238s	0 (0) 53.93/60.87 (172.67/109.67mm)
1787598426.627  event6   TOUCH_FRAME                  +25.238s	
1787598426.637  event6   TOUCH_MOTION              2  +25.247s	0 (0) 54.14/60.22 (173.33/108.50mm)
1787598426.637  event6   TOUCH_FRAME                  +25.247s	
1787598426.646  event6   TOUCH_MOTION              2  +25.256s	0 (0) 54.29/59.67 (173.83/107.50mm)
1787598426.646  event6   TOUCH_FRAME                  +25.256s	
1787598426.655  event6   TOUCH_MOTION              2  +25.265s	0 (0) 54.40/59.02 (174.17/106.33mm)
1787598426.655  event6   TOUCH_FRAME                  +25.265s	
1787598426.665  event6   TOUCH_MOTION              2  +25.275s	0 (0) 54.50/58.56 (174.50/105.50mm)
1787598426.665  event6   TOUCH_FRAME                  +25.275s	
1787598426.674  event6   TOUCH_MOTION              2  +25.284s	0 (0) 54.55/58.00 (174.67/104.50mm)
1787598426.674  event6   TOUCH_FRAME                  +25.284s	
1787598426.683  event6   TOUCH_MOTION              2  +25.293s	0 (0) 54.55/57.45 (174.67/103.50mm)
1787598426.683  event6   TOUCH_FRAME                  +25.293s	
1787598426.692  event6   TOUCH_MOTION              2  +25.302s	0 (0) 54.55/57.08 (174.67/102.83mm)
1787598426.692  event6   TOUCH_FRAME                  +25.302s	
1787598426.701  event6   TOUCH_MOTION              2  +25.311s	0 (0) 54.50/56.61 (174.50/102.00mm)
1787598426.701  event6   TOUCH_FRAME                  +25.311s	
1787598426.710  event6   TOUCH_MOTION              2  +25.320s	0 (0) 54.40/56.24 (174.17/101.33mm)
1787598426.710  event6   TOUCH_FRAME                  +25.320s	
1787598426.719  event6   TOUCH_MOTION              2  +25.329s	0 (0) 54.35/55.87 (174.00/100.67mm)
1787598426.719  event6   TOUCH_FRAME                  +25.329s	
1787598426.728  event6   TOUCH_MOTION              2  +25.338s	0 (0) 54.19/55.50 (173.50/100.00mm)
1787598426.728  event6   TOUCH_FRAME                  +25.338s	
1787598426.738  event6   TOUCH_MOTION              2  +25.348s	0 (0) 54.03/55.13 (173.00/99.33mm)
1787598426.738  event6   TOUCH_FRAME                  +25.348s	
1787598426.747  event6   TOUCH_MOTION              2  +25.357s	0 (0) 53.83/54.76 (172.33/98.67mm)
1787598426.747  event6   TOUCH_FRAME                  +25.357s	
1787598426.756  event6   TOUCH_MOTION              2  +25.366s	0 (0) 53.62/54.39 (171.67/98.00mm)
1787598426.756  event6   TOUCH_FRAME                  +25.366s	
1787598426.765  event6   TOUCH_MOTION              2  +25.375s	0 (0) 53.36/54.12 (170.83/97.50mm)
1787598426.765  event6   TOUCH_FRAME                  +25.375s	
1787598426.774  event6   TOUCH_MOTION              2  +25.384s	0 (0) 53.10/53.75 (170.00/96.83mm)
1787598426.774  event6   TOUCH_FRAME                  +25.384s	
1787598426.783  event6   TOUCH_MOTION              2  +25.393s	0 (0) 52.73/53.47 (168.83/96.33mm)
1787598426.783  event6   TOUCH_FRAME                  +25.393s	
1787598426.792  event6   TOUCH_MOTION              2  +25.402s	0 (0) 52.32/53.19 (167.50/95.83mm)
1787598426.792  event6   TOUCH_FRAME                  +25.402s	
1787598426.802  event6   TOUCH_MOTION              2  +25.412s	0 (0) 51.90/52.91 (166.17/95.33mm)
1787598426.802  event6   TOUCH_FRAME                  +25.412s	
1787598426.811  event6   TOUCH_MOTION              2  +25.421s	0 (0) 51.43/52.73 (164.67/95.00mm)
1787598426.811  event6   TOUCH_FRAME                  +25.421s	
1787598426.820  event6   TOUCH_MOTION              2  +25.430s	0 (0) 50.91/52.54 (163.00/94.67mm)
1787598426.820  event6   TOUCH_FRAME                  +25.430s	
1787598426.829  event6   TOUCH_MOTION              2  +25.439s	0 (0) 50.39/52.45 (161.33/94.50mm)
1787598426.829  event6   TOUCH_FRAME                  +25.439s	
1787598426.838  event6   TOUCH_MOTION              2  +25.448s	0 (0) 49.92/52.27 (159.83/94.17mm)
1787598426.838  event6   TOUCH_FRAME                  +25.448s	
1787598426.847  event6   TOUCH_MOTION              2  +25.457s	0 (0) 49.35/52.17 (158.00/94.00mm)
1787598426.847  event6   TOUCH_FRAME                  +25.457s	
1787598426.856  event6   TOUCH_MOTION              2  +25.466s	0 (0) 48.83/52.17 (156.33/94.00mm)
1787598426.856  event6   TOUCH_FRAME                  +25.466s	
1787598426.865  event6   TOUCH_MOTION              2  +25.475s	0 (0) 48.20/52.17 (154.33/94.00mm)
1787598426.865  event6   TOUCH_FRAME                  +25.475s	
1787598426.875  event6   TOUCH_MOTION              2  +25.485s	0 (0) 47.63/52.17 (152.50/94.00mm)
1787598426.875  event6   TOUCH_FRAME                  +25.485s	
1787598426.884  event6   TOUCH_MOTION              2  +25.494s	0 (0) 47.06/52.17 (150.67/94.00mm)
1787598426.884  event6   TOUCH_FRAME                  +25.494s	
1787598426.893  event6   TOUCH_MOTION              2  +25.503s	0 (0) 46.38/52.17 (148.50/94.00mm)
1787598426.893  event6   TOUCH_FRAME                  +25.503s	
1787598426.902  event6   TOUCH_MOTION              2  +25.512s	0 (0) 45.76/52.17 (146.50/94.00mm)
1787598426.902  event6   TOUCH_FRAME                  +25.512s	
1787598426.911  event6   TOUCH_MOTION              2  +25.521s	0 (0) 45.18/52.27 (144.67/94.17mm)
1787598426.911  event6   TOUCH_FRAME                  +25.521s	
1787598426.920  event6   TOUCH_MOTION              2  +25.530s	0 (0) 44.56/52.45 (142.67/94.50mm)
1787598426.920  event6   TOUCH_FRAME                  +25.530s	
1787598426.929  event6   TOUCH_MOTION              2  +25.539s	0 (0) 43.94/52.64 (140.67/94.83mm)
1787598426.929  event6   TOUCH_FRAME                  +25.539s	
1787598426.939  event6   TOUCH_MOTION              2  +25.549s	0 (0) 43.26/52.91 (138.50/95.33mm)
1787598426.939  event6   TOUCH_FRAME                  +25.549s	
1787598426.948  event6   TOUCH_MOTION              2  +25.558s	0 (0) 42.69/53.19 (136.67/95.83mm)
1787598426.948  event6   TOUCH_FRAME                  +25.558s	
1787598426.957  event6   TOUCH_MOTION              2  +25.567s	0 (0) 42.11/53.56 (134.83/96.50mm)
1787598426.957  event6   TOUCH_FRAME                  +25.567s	
1787598426.966  event6   TOUCH_MOTION              2  +25.576s	0 (0) 41.49/53.93 (132.83/97.17mm)
1787598426.966  event6   TOUCH_FRAME                  +25.576s	
1787598426.975  event6   TOUCH_MOTION              2  +25.585s	0 (0) 40.97/54.30 (131.17/97.83mm)
1787598426.975  event6   TOUCH_FRAME                  +25.585s	
1787598426.984  event6   TOUCH_MOTION              2  +25.594s	0 (0) 40.40/54.86 (129.33/98.83mm)
1787598426.984  event6   TOUCH_FRAME                  +25.594s	
1787598426.993  event6   TOUCH_MOTION              2  +25.603s	0 (0) 39.93/55.32 (127.83/99.67mm)
1787598426.993  event6   TOUCH_FRAME                  +25.603s	
1787598427.002  event6   TOUCH_MOTION              2  +25.612s	0 (0) 39.46/55.87 (126.33/100.67mm)
1787598427.002  event6   TOUCH_FRAME                  +25.612s	
1787598427.012  event6   TOUCH_MOTION              2  +25.622s	0 (0) 38.99/56.43 (124.83/101.67mm)
1787598427.012  event6   TOUCH_FRAME                  +25.622s	
1787598427.021  event6   TOUCH_MOTION              2  +25.631s	0 (0) 38.57/57.08 (123.50/102.83mm)
1787598427.021  event6   TOUCH_FRAME                  +25.631s	
1787598427.030  event6   TOUCH_MOTION              2  +25.640s	0 (0) 38.16/57.63 (122.17/103.83mm)
1787598427.030  event6   TOUCH_FRAME                  +25.640s	
1787598427.039  event6   TOUCH_MOTION              2  +25.649s	0 (0) 37.79/58.28 (121.00/105.00mm)
1787598427.039  event6   TOUCH_FRAME                  +25.649s	
1787598427.048  event6   TOUCH_MOTION              2  +25.658s	0 (0) 37.48/59.02 (120.00/106.33mm)
1787598427.048  event6   TOUCH_FRAME                  +25.658s	
1787598427.057  event6   TOUCH_MOTION              2  +25.667s	0 (0) 37.17/59.76 (119.00/107.67mm)
1787598427.057  event6   TOUCH_FRAME                  +25.667s	
1787598427.066  event6   TOUCH_MOTION              2  +25.676s	0 (0) 36.86/60.59 (118.00/109.17mm)
1787598427.066  event6   TOUCH_FRAME                  +25.676s	
1787598427.076  event6   TOUCH_MOTION              2  +25.686s	0 (0) 36.60/61.42 (117.17/110.67mm)
1787598427.076  event6   TOUCH_FRAME                  +25.686s	
1787598427.085  event6   TOUCH_MOTION              2  +25.695s	0 (0) 36.34/62.35 (116.33/112.33mm)
1787598427.085  event6   TOUCH_FRAME                  +25.695s	
1787598427.094  event6   TOUCH_MOTION              2  +25.704s	0 (0) 36.13/63.27 (115.67/114.00mm)
1787598427.094  event6   TOUCH_FRAME                  +25.704s	
1787598427.103  event6   TOUCH_MOTION              2  +25.713s	0 (0) 35.92/64.29 (115.00/115.83mm)
1787598427.103  event6   TOUCH_FRAME                  +25.713s	
1787598427.112  event6   TOUCH_MOTION              2  +25.722s	0 (0) 35.66/65.40 (114.17/117.83mm)
1787598427.112  event6   TOUCH_FRAME                  +25.722s	
1787598427.121  event6   TOUCH_MOTION              2  +25.731s	0 (0) 35.50/66.42 (113.67/119.67mm)
1787598427.121  event6   TOUCH_FRAME                  +25.731s	
1787598427.130  event6   TOUCH_MOTION              2  +25.740s	0 (0) 35.45/67.35 (113.50/121.33mm)
1787598427.130  event6   TOUCH_FRAME                  +25.740s	
1787598427.139  event6   TOUCH_MOTION              2  +25.749s	0 (0) 35.35/68.36 (113.17/123.17mm)
1787598427.139  event6   TOUCH_FRAME                  +25.749s	
1787598427.149  event6   TOUCH_MOTION              2  +25.759s	0 (0) 35.35/69.20 (113.17/124.67mm)
1787598427.149  event6   TOUCH_FRAME                  +25.759s	
1787598427.158  event6   TOUCH_MOTION              2  +25.768s	0 (0) 35.35/70.12 (113.17/126.33mm)
1787598427.158  event6   TOUCH_FRAME                  +25.768s	
1787598427.167  event6   TOUCH_MOTION              2  +25.777s	0 (0) 35.35/71.05 (113.17/128.00mm)
1787598427.167  event6   TOUCH_FRAME                  +25.777s	
1787598427.176  event6   TOUCH_MOTION              2  +25.786s	0 (0) 35.40/71.88 (113.33/129.50mm)
1787598427.176  event6   TOUCH_FRAME                  +25.786s	
1787598427.185  event6   TOUCH_MOTION              2  +25.795s	0 (0) 35.45/72.71 (113.50/131.00mm)
1787598427.185  event6   TOUCH_FRAME                  +25.795s	
1787598427.194  event6   TOUCH_MOTION              2  +25.804s	0 (0) 35.61/73.54 (114.00/132.50mm)
1787598427.194  event6   TOUCH_FRAME                  +25.804s	
1787598427.203  event6   TOUCH_MOTION              2  +25.813s	0 (0) 35.76/74.38 (114.50/134.00mm)
1787598427.203  event6   TOUCH_FRAME                  +25.813s	
1787598427.213  event6   TOUCH_MOTION              2  +25.823s	0 (0) 35.97/75.21 (115.17/135.50mm)
1787598427.213  event6   TOUCH_FRAME                  +25.823s	
1787598427.222  event6   TOUCH_MOTION              2  +25.832s	0 (0) 36.18/76.04 (115.83/137.00mm)
1787598427.222  event6   TOUCH_FRAME                  +25.832s	
1787598427.231  event6   TOUCH_MOTION              2  +25.841s	0 (0) 36.44/76.78 (116.67/138.33mm)
1787598427.231  event6   TOUCH_FRAME                  +25.841s	
1787598427.240  event6   TOUCH_MOTION              2  +25.850s	0 (0) 36.70/77.61 (117.50/139.83mm)
1787598427.240  event6   TOUCH_FRAME                  +25.850s	
1787598427.249  event6   TOUCH_MOTION              2  +25.859s	0 (0) 37.01/78.35 (118.50/141.17mm)
1787598427.249  event6   TOUCH_FRAME                  +25.859s	
1787598427.258  event6   TOUCH_MOTION              2  +25.868s	0 (0) 37.27/79.09 (119.33/142.50mm)
1787598427.258  event6   TOUCH_FRAME                  +25.868s	
1787598427.267  event6   TOUCH_MOTION              2  +25.877s	0 (0) 37.58/79.83 (120.33/143.83mm)
1787598427.267  event6   TOUCH_FRAME                  +25.877s	
1787598427.276  event6   TOUCH_MOTION              2  +25.886s	0 (0) 37.90/80.57 (121.33/145.17mm)
1787598427.276  event6   TOUCH_FRAME                  +25.886s	
1787598427.286  event6   TOUCH_MOTION              2  +25.896s	0 (0) 38.21/81.31 (122.33/146.50mm)
1787598427.286  event6   TOUCH_FRAME                  +25.896s	
1787598427.295  event6   TOUCH_MOTION              2  +25.905s	0 (0) 38.57/81.96 (123.50/147.67mm)
1787598427.295  event6   TOUCH_FRAME                  +25.905s	
1787598427.304  event6   TOUCH_MOTION              2  +25.914s	0 (0) 38.89/82.70 (124.50/149.00mm)
1787598427.304  event6   TOUCH_FRAME                  +25.914s	
1787598427.313  event6   TOUCH_MOTION              2  +25.923s	0 (0) 39.25/83.44 (125.67/150.33mm)
1787598427.313  event6   TOUCH_FRAME                  +25.923s	
1787598427.322  event6   TOUCH_MOTION              2  +25.932s	0 (0) 39.56/84.37 (126.67/152.00mm)
1787598427.322  event6   TOUCH_FRAME                  +25.932s	
1787598427.370  event6   TOUCH_UP                     +25.980s	0 (0)
1787598427.370  event6   TOUCH_FRAME                  +25.980s	
1787598427.789  event6   TOUCH_DOWN                   +26.399s	0 (0) 51.12/51.80 (163.67/93.33mm)
1787598427.789  event6   TOUCH_FRAME                  +26.399s	
1787598427.844  event6   TOUCH_MOTION                 +26.454s	0 (0) 50.86/52.36 (162.83/94.33mm)
1787598427.844  event6   TOUCH_FRAME                  +26.454s	
1787598427.853  event6   TOUCH_MOTION              2  +26.463s	0 (0) 50.75/52.82 (162.50/95.17mm)
1787598427.853  event6   TOUCH_FRAME                  +26.463s	
1787598427.862  event6   TOUCH_MOTION              2  +26.472s	0 (0) 50.60/53.28 (162.00/96.00mm)
1787598427.862  event6   TOUCH_FRAME                  +26.472s	
1787598427.871  event6   TOUCH_MOTION              2  +26.481s	0 (0) 50.39/54.02 (161.33/97.33mm)
1787598427.871  event6   TOUCH_FRAME                  +26.481s	
1787598427.880  event6   TOUCH_MOTION              2  +26.490s	0 (0) 50.18/54.76 (160.67/98.67mm)
1787598427.880  event6   TOUCH_FRAME                  +26.490s	
1787598427.889  event6   TOUCH_MOTION              2  +26.499s	0 (0) 49.97/55.60 (160.00/100.17mm)
1787598427.889  event6   TOUCH_FRAME                  +26.499s	
1787598427.898  event6   TOUCH_MOTION              2  +26.508s	0 (0) 49.71/56.43 (159.17/101.67mm)
1787598427.898  event6   TOUCH_FRAME                  +26.508s	
1787598427.908  event6   TOUCH_MOTION              2  +26.518s	0 (0) 49.51/57.45 (158.50/103.50mm)
1787598427.908  event6   TOUCH_FRAME                  +26.518s	
1787598427.917  event6   TOUCH_MOTION              2  +26.527s	0 (0) 49.30/58.46 (157.83/105.33mm)
1787598427.917  event6   TOUCH_FRAME                  +26.527s	
1787598427.926  event6   TOUCH_MOTION              2  +26.536s	0 (0) 49.09/59.57 (157.17/107.33mm)
1787598427.926  event6   TOUCH_FRAME                  +26.536s	
1787598427.935  event6   TOUCH_MOTION              2  +26.545s	0 (0) 48.88/60.59 (156.50/109.17mm)
1787598427.935  event6   TOUCH_FRAME                  +26.545s	
1787598427.944  event6   TOUCH_MOTION              2  +26.554s	0 (0) 48.72/61.61 (156.00/111.00mm)
1787598427.944  event6   TOUCH_FRAME                  +26.554s	
1787598427.953  event6   TOUCH_MOTION              2  +26.563s	0 (0) 48.57/62.72 (155.50/113.00mm)
1787598427.953  event6   TOUCH_FRAME                  +26.563s	
1787598427.962  event6   TOUCH_MOTION              2  +26.572s	0 (0) 48.41/63.74 (155.00/114.83mm)
1787598427.962  event6   TOUCH_FRAME                  +26.572s	
1787598427.972  event6   TOUCH_MOTION              2  +26.582s	0 (0) 48.31/64.75 (154.67/116.67mm)
1787598427.972  event6   TOUCH_FRAME                  +26.582s	
1787598427.981  event6   TOUCH_MOTION              2  +26.591s	0 (0) 48.15/65.77 (154.17/118.50mm)
1787598427.981  event6   TOUCH_FRAME                  +26.591s	
1787598427.990  event6   TOUCH_MOTION              2  +26.600s	0 (0) 48.05/66.79 (153.83/120.33mm)
1787598427.990  event6   TOUCH_FRAME                  +26.600s	
1787598427.999  event6   TOUCH_MOTION              2  +26.609s	0 (0) 47.94/67.72 (153.50/122.00mm)
1787598427.999  event6   TOUCH_FRAME                  +26.609s	
1787598428.008  event6   TOUCH_MOTION              2  +26.618s	0 (0) 47.79/68.83 (153.00/124.00mm)
1787598428.008  event6   TOUCH_FRAME                  +26.618s	
1787598428.017  event6   TOUCH_MOTION              2  +26.627s	0 (0) 47.74/69.84 (152.83/125.83mm)
1787598428.017  event6   TOUCH_FRAME                  +26.627s	
1787598428.026  event6   TOUCH_MOTION              2  +26.636s	0 (0) 47.63/70.86 (152.50/127.67mm)
1787598428.026  event6   TOUCH_FRAME                  +26.636s	
1787598428.035  event6   TOUCH_MOTION              2  +26.645s	0 (0) 47.53/71.79 (152.17/129.33mm)
1787598428.035  event6   TOUCH_FRAME                  +26.645s	
1787598428.045  event6   TOUCH_MOTION              2  +26.655s	0 (0) 47.48/72.62 (152.00/130.83mm)
1787598428.045  event6   TOUCH_FRAME                  +26.655s	
1787598428.054  event6   TOUCH_MOTION              2  +26.664s	0 (0) 47.48/73.36 (152.00/132.17mm)
1787598428.054  event6   TOUCH_FRAME                  +26.664s	
1787598428.063  event6   TOUCH_MOTION              2  +26.673s	0 (0) 47.48/74.01 (152.00/133.33mm)
1787598428.063  event6   TOUCH_FRAME                  +26.673s	
1787598428.072  event6   TOUCH_MOTION              2  +26.682s	0 (0) 47.48/74.56 (152.00/134.33mm)
1787598428.072  event6   TOUCH_FRAME                  +26.682s	
1787598428.081  event6   TOUCH_MOTION              2  +26.691s	0 (0) 47.48/75.12 (152.00/135.33mm)
1787598428.081  event6   TOUCH_FRAME                  +26.691s	
1787598428.090  event6   TOUCH_MOTION              2  +26.700s	0 (0) 47.48/75.49 (152.00/136.00mm)
1787598428.090  event6   TOUCH_FRAME                  +26.700s	
1787598428.099  event6   TOUCH_MOTION              2  +26.709s	0 (0) 47.48/75.86 (152.00/136.67mm)
1787598428.099  event6   TOUCH_FRAME                  +26.709s	
1787598428.109  event6   TOUCH_MOTION              2  +26.719s	0 (0) 47.53/76.13 (152.17/137.17mm)
1787598428.109  event6   TOUCH_FRAME                  +26.719s	
1787598428.118  event6   TOUCH_MOTION              2  +26.728s	0 (0) 47.63/76.41 (152.50/137.67mm)
1787598428.118  event6   TOUCH_FRAME                  +26.728s	
1787598428.127  event6   TOUCH_MOTION              2  +26.737s	0 (0) 47.74/76.41 (152.83/137.67mm)
1787598428.127  event6   TOUCH_FRAME                  +26.737s	
1787598428.136  event6   TOUCH_MOTION              2  +26.746s	0 (0) 47.84/76.41 (153.17/137.67mm)
1787598428.136  event6   TOUCH_FRAME                  +26.746s	
1787598428.145  event6   TOUCH_MOTION              2  +26.755s	0 (0) 48.00/76.41 (153.67/137.67mm)
1787598428.145  event6   TOUCH_FRAME                  +26.755s	
1787598428.154  event6   TOUCH_MOTION              2  +26.764s	0 (0) 48.20/76.13 (154.33/137.17mm)
1787598428.154  event6   TOUCH_FRAME                  +26.764s	
1787598428.163  event6   TOUCH_MOTION              2  +26.773s	0 (0) 48.46/75.76 (155.17/136.50mm)
1787598428.163  event6   TOUCH_FRAME                  +26.773s	
1787598428.172  event6   TOUCH_MOTION              2  +26.782s	0 (0) 48.78/75.39 (156.17/135.83mm)
1787598428.172  event6   TOUCH_FRAME                  +26.782s	
1787598428.182  event6   TOUCH_MOTION              2  +26.792s	0 (0) 49.09/74.93 (157.17/135.00mm)
1787598428.182  event6   TOUCH_FRAME                  +26.792s	
1787598428.191  event6   TOUCH_MOTION              2  +26.801s	0 (0) 49.45/74.38 (158.33/134.00mm)
1787598428.191  event6   TOUCH_FRAME                  +26.801s	
1787598428.200  event6   TOUCH_MOTION              2  +26.810s	0 (0) 49.77/73.82 (159.33/133.00mm)
1787598428.200  event6   TOUCH_FRAME                  +26.810s	
1787598428.209  event6   TOUCH_MOTION              2  +26.819s	0 (0) 50.18/73.36 (160.67/132.17mm)
1787598428.209  event6   TOUCH_FRAME                  +26.819s	
1787598428.218  event6   TOUCH_MOTION              2  +26.828s	0 (0) 50.55/72.80 (161.83/131.17mm)
1787598428.218  event6   TOUCH_FRAME                  +26.828s	
1787598428.227  event6   TOUCH_MOTION              2  +26.837s	0 (0) 50.86/72.25 (162.83/130.17mm)
1787598428.227  event6   TOUCH_FRAME                  +26.837s	
1787598428.236  event6   TOUCH_MOTION              2  +26.846s	0 (0) 51.28/71.60 (164.17/129.00mm)
1787598428.236  event6   TOUCH_FRAME                  +26.846s	
1787598428.246  event6   TOUCH_MOTION              2  +26.856s	0 (0) 51.64/70.95 (165.33/127.83mm)
1787598428.246  event6   TOUCH_FRAME                  +26.856s	
1787598428.255  event6   TOUCH_MOTION              2  +26.865s	0 (0) 52.00/70.21 (166.50/126.50mm)
1787598428.255  event6   TOUCH_FRAME                  +26.865s	
1787598428.264  event6   TOUCH_MOTION              2  +26.874s	0 (0) 52.42/69.47 (167.83/125.17mm)
1787598428.264  event6   TOUCH_FRAME                  +26.874s	
1787598428.273  event6   TOUCH_MOTION              2  +26.883s	0 (0) 52.79/68.73 (169.00/123.83mm)
1787598428.273  event6   TOUCH_FRAME                  +26.883s	
1787598428.282  event6   TOUCH_MOTION              2  +26.892s	0 (0) 53.10/67.99 (170.00/122.50mm)
1787598428.282  event6   TOUCH_FRAME                  +26.892s	
1787598428.291  event6   TOUCH_MOTION              2  +26.901s	0 (0) 53.46/67.35 (171.17/121.33mm)
1787598428.291  event6   TOUCH_FRAME                  +26.901s	
1787598428.300  event6   TOUCH_MOTION              2  +26.910s	0 (0) 53.72/66.60 (172.00/120.00mm)
1787598428.300  event6   TOUCH_FRAME                  +26.910s	
1787598428.309  event6   TOUCH_MOTION              2  +26.919s	0 (0) 54.03/65.86 (173.00/118.67mm)
1787598428.309  event6   TOUCH_FRAME                  +26.919s	
1787598428.319  event6   TOUCH_MOTION              2  +26.929s	0 (0) 54.29/65.22 (173.83/117.50mm)
1787598428.319  event6   TOUCH_FRAME                  +26.929s	
1787598428.328  event6   TOUCH_MOTION              2  +26.938s	0 (0) 54.50/64.48 (174.50/116.17mm)
1787598428.328  event6   TOUCH_FRAME                  +26.938s	
1787598428.337  event6   TOUCH_MOTION              2  +26.947s	0 (0) 54.71/63.74 (175.17/114.83mm)
1787598428.337  event6   TOUCH_FRAME                  +26.947s	
1787598428.346  event6   TOUCH_MOTION              2  +26.956s	0 (0) 54.87/63.09 (175.67/113.67mm)
1787598428.346  event6   TOUCH_FRAME                  +26.956s	
1787598428.355  event6   TOUCH_MOTION              2  +26.965s	0 (0) 55.08/62.44 (176.33/112.50mm)
1787598428.355  event6   TOUCH_FRAME                  +26.965s	
1787598428.364  event6   TOUCH_MOTION              2  +26.974s	0 (0) 55.18/61.70 (176.67/111.17mm)
1787598428.364  event6   TOUCH_FRAME                  +26.974s	
1787598428.373  event6   TOUCH_MOTION              2  +26.983s	0 (0) 55.28/61.05 (177.00/110.00mm)
1787598428.373  event6   TOUCH_FRAME                  +26.983s	
1787598428.382  event6   TOUCH_MOTION              2  +26.992s	0 (0) 55.39/60.41 (177.33/108.83mm)
1787598428.382  event6   TOUCH_FRAME                  +26.992s	
1787598428.392  event6   TOUCH_MOTION              2  +27.002s	0 (0) 55.49/59.76 (177.67/107.67mm)
1787598428.392  event6   TOUCH_FRAME                  +27.002s	
1787598428.401  event6   TOUCH_MOTION              2  +27.011s	0 (0) 55.54/59.02 (177.83/106.33mm)
1787598428.401  event6   TOUCH_FRAME                  +27.011s	
1787598428.410  event6   TOUCH_MOTION              2  +27.020s	0 (0) 55.54/58.46 (177.83/105.33mm)
1787598428.410  event6   TOUCH_FRAME                  +27.020s	
1787598428.419  event6   TOUCH_MOTION              2  +27.029s	0 (0) 55.54/57.82 (177.83/104.17mm)
1787598428.419  event6   TOUCH_FRAME                  +27.029s	
1787598428.428  event6   TOUCH_MOTION              2  +27.038s	0 (0) 55.54/57.26 (177.83/103.17mm)
1787598428.428  event6   TOUCH_FRAME                  +27.038s	
1787598428.437  event6   TOUCH_MOTION              2  +27.047s	0 (0) 55.54/56.71 (177.83/102.17mm)
1787598428.437  event6   TOUCH_FRAME                  +27.047s	
1787598428.446  event6   TOUCH_MOTION              2  +27.056s	0 (0) 55.54/56.24 (177.83/101.33mm)
1787598428.446  event6   TOUCH_FRAME                  +27.056s	
1787598428.456  event6   TOUCH_MOTION              2  +27.066s	0 (0) 55.49/55.60 (177.67/100.17mm)
1787598428.456  event6   TOUCH_FRAME                  +27.066s	
1787598428.465  event6   TOUCH_MOTION              2  +27.075s	0 (0) 55.44/55.04 (177.50/99.17mm)
1787598428.465  event6   TOUCH_FRAME                  +27.075s	
1787598428.474  event6   TOUCH_MOTION              2  +27.084s	0 (0) 55.39/54.39 (177.33/98.00mm)
1787598428.474  event6   TOUCH_FRAME                  +27.084s	
1787598428.483  event6   TOUCH_MOTION              2  +27.093s	0 (0) 55.34/53.65 (177.17/96.67mm)
1787598428.483  event6   TOUCH_FRAME                  +27.093s	
1787598428.492  event6   TOUCH_MOTION              2  +27.102s	0 (0) 55.28/52.91 (177.00/95.33mm)
1787598428.492  event6   TOUCH_FRAME                  +27.102s	
1787598428.501  event6   TOUCH_MOTION              2  +27.111s	0 (0) 55.28/52.17 (177.00/94.00mm)
1787598428.501  event6   TOUCH_FRAME                  +27.111s	
1787598428.549  event6   TOUCH_UP                     +27.159s	0 (0)
1787598428.549  event6   TOUCH_FRAME                  +27.159s	
1787598428.987  event6   TOUCH_DOWN                   +27.597s	0 (0) 53.36/51.80 (170.83/93.33mm)
1787598428.987  event6   TOUCH_FRAME                  +27.597s	
1787598429.044  event6   TOUCH_MOTION                 +27.654s	0 (0) 53.25/52.45 (170.50/94.50mm)
1787598429.044  event6   TOUCH_FRAME                  +27.654s	
1787598429.053  event6   TOUCH_MOTION              2  +27.663s	0 (0) 53.20/52.54 (170.33/94.67mm)
1787598429.053  event6   TOUCH_FRAME                  +27.663s	
1787598429.063  event6   TOUCH_MOTION              2  +27.673s	0 (0) 53.15/52.73 (170.17/95.00mm)
1787598429.063  event6   TOUCH_FRAME                  +27.673s	
1787598429.074  event6   TOUCH_MOTION              2  +27.684s	0 (0) 53.10/52.91 (170.00/95.33mm)
1787598429.074  event6   TOUCH_FRAME                  +27.684s	
1787598429.084  event6   TOUCH_MOTION              2  +27.694s	0 (0) 53.10/53.19 (170.00/95.83mm)
1787598429.084  event6   TOUCH_FRAME                  +27.694s	
1787598429.093  event6   TOUCH_MOTION              2  +27.703s	0 (0) 53.05/53.38 (169.83/96.17mm)
1787598429.093  event6   TOUCH_FRAME                  +27.703s	
1787598429.103  event6   TOUCH_MOTION              2  +27.713s	0 (0) 52.99/53.65 (169.67/96.67mm)
1787598429.103  event6   TOUCH_FRAME                  +27.713s	
1787598429.113  event6   TOUCH_MOTION              2  +27.723s	0 (0) 52.94/53.84 (169.50/97.00mm)
1787598429.113  event6   TOUCH_FRAME                  +27.723s	
1787598429.123  event6   TOUCH_MOTION              2  +27.733s	0 (0) 52.89/54.12 (169.33/97.50mm)
1787598429.123  event6   TOUCH_DOWN                   +27.733s	1 (1) 55.54/39.32 (177.83/70.83mm)
1787598429.123  event6   TOUCH_FRAME                  +27.733s	
1787598429.132  event6   TOUCH_MOTION                 +27.742s	0 (0) 52.84/54.30 (169.17/97.83mm)
1787598429.132  event6   TOUCH_MOTION              2  +27.742s	1 (1) 55.54/39.04 (177.83/70.33mm)
1787598429.132  event6   TOUCH_FRAME                  +27.742s	
1787598429.142  event6   TOUCH_MOTION              2  +27.752s	0 (0) 52.84/54.58 (169.17/98.33mm)
1787598429.142  event6   TOUCH_MOTION              3  +27.752s	1 (1) 55.60/38.85 (178.00/70.00mm)
1787598429.142  event6   TOUCH_FRAME                  +27.752s	
1787598429.152  event6   TOUCH_MOTION              2  +27.762s	0 (0) 52.79/54.86 (169.00/98.83mm)
1787598429.152  event6   TOUCH_MOTION              3  +27.762s	1 (1) 55.70/38.58 (178.33/69.50mm)
1787598429.152  event6   TOUCH_FRAME                  +27.762s	
1787598429.162  event6   TOUCH_MOTION              2  +27.772s	0 (0) 52.73/55.04 (168.83/99.17mm)
1787598429.162  event6   TOUCH_MOTION              3  +27.772s	1 (1) 55.75/38.21 (178.50/68.83mm)
1787598429.162  event6   TOUCH_FRAME                  +27.772s	
1787598429.172  event6   TOUCH_MOTION              2  +27.782s	0 (0) 52.68/55.32 (168.67/99.67mm)
1787598429.172  event6   TOUCH_MOTION              3  +27.782s	1 (1) 55.96/37.65 (179.17/67.83mm)
1787598429.172  event6   TOUCH_FRAME                  +27.782s	
1787598429.182  event6   TOUCH_MOTION              2  +27.792s	0 (0) 52.63/55.60 (168.50/100.17mm)
1787598429.182  event6   TOUCH_MOTION              3  +27.792s	1 (1) 56.12/37.10 (179.67/66.83mm)
1787598429.182  event6   TOUCH_FRAME                  +27.792s	
1787598429.192  event6   TOUCH_MOTION              2  +27.802s	0 (0) 52.58/55.97 (168.33/100.83mm)
1787598429.192  event6   TOUCH_MOTION              3  +27.802s	1 (1) 56.27/36.54 (180.17/65.83mm)
1787598429.192  event6   TOUCH_FRAME                  +27.802s	
1787598429.202  event6   TOUCH_MOTION              2  +27.812s	0 (0) 52.42/56.34 (167.83/101.50mm)
1787598429.202  event6   TOUCH_MOTION              3  +27.812s	1 (1) 56.43/35.89 (180.67/64.67mm)
1787598429.202  event6   TOUCH_FRAME                  +27.812s	
1787598429.211  event6   TOUCH_MOTION              2  +27.821s	0 (0) 52.32/56.71 (167.50/102.17mm)
1787598429.211  event6   TOUCH_MOTION              3  +27.821s	1 (1) 56.64/35.34 (181.33/63.67mm)
1787598429.211  event6   TOUCH_FRAME                  +27.821s	
1787598429.221  event6   TOUCH_MOTION              2  +27.831s	0 (0) 52.16/57.17 (167.00/103.00mm)
1787598429.221  event6   TOUCH_MOTION              3  +27.831s	1 (1) 56.79/34.78 (181.83/62.67mm)
1787598429.221  event6   TOUCH_FRAME                  +27.831s	
1787598429.231  event6   TOUCH_MOTION              2  +27.841s	0 (0) 51.90/58.00 (166.17/104.50mm)
1787598429.231  event6   TOUCH_MOTION              3  +27.841s	1 (1) 57.05/33.67 (182.67/60.67mm)
1787598429.231  event6   TOUCH_FRAME                  +27.841s	
1787598429.241  event6   TOUCH_MOTION              2  +27.851s	0 (0) 51.64/58.74 (165.33/105.83mm)
1787598429.241  event6   TOUCH_MOTION              3  +27.851s	1 (1) 57.26/32.84 (183.33/59.17mm)
1787598429.241  event6   TOUCH_FRAME                  +27.851s	
1787598429.251  event6   TOUCH_MOTION              2  +27.861s	0 (0) 51.43/59.39 (164.67/107.00mm)
1787598429.251  event6   TOUCH_MOTION              3  +27.861s	1 (1) 57.37/32.19 (183.67/58.00mm)
1787598429.251  event6   TOUCH_FRAME                  +27.861s	
1787598429.261  event6   TOUCH_MOTION              2  +27.871s	0 (0) 51.28/60.04 (164.17/108.17mm)
1787598429.261  event6   TOUCH_MOTION              3  +27.871s	1 (1) 57.52/31.73 (184.17/57.17mm)
1787598429.261  event6   TOUCH_FRAME                  +27.871s	
1787598429.271  event6   TOUCH_MOTION              2  +27.881s	0 (0) 51.07/60.59 (163.50/109.17mm)
1787598429.271  event6   TOUCH_MOTION              3  +27.881s	1 (1) 57.57/31.45 (184.33/56.67mm)
1787598429.271  event6   TOUCH_FRAME                  +27.881s	
1787598429.281  event6   TOUCH_MOTION              2  +27.891s	0 (0) 50.91/61.24 (163.00/110.33mm)
1787598429.281  event6   TOUCH_MOTION              3  +27.891s	1 (1) 57.63/31.17 (184.50/56.17mm)
1787598429.281  event6   TOUCH_FRAME                  +27.891s	
1787598429.290  event6   TOUCH_MOTION              2  +27.900s	0 (0) 50.75/61.79 (162.50/111.33mm)
1787598429.290  event6   TOUCH_MOTION              3  +27.900s	1 (1) 57.68/30.99 (184.67/55.83mm)
1787598429.290  event6   TOUCH_FRAME                  +27.900s	
1787598429.300  event6   TOUCH_MOTION              2  +27.910s	0 (0) 50.60/62.44 (162.00/112.50mm)
1787598429.300  event6   TOUCH_MOTION              3  +27.910s	1 (1) 57.73/30.80 (184.83/55.50mm)
1787598429.300  event6   TOUCH_FRAME                  +27.910s	
1787598429.310  event6   TOUCH_MOTION              2  +27.920s	0 (0) 50.49/63.00 (161.67/113.50mm)
1787598429.310  event6   TOUCH_MOTION              3  +27.920s	1 (1) 57.78/30.62 (185.00/55.17mm)
1787598429.310  event6   TOUCH_FRAME                  +27.920s	
1787598429.320  event6   TOUCH_MOTION              2  +27.930s	0 (0) 50.34/63.55 (161.17/114.50mm)
1787598429.320  event6   TOUCH_MOTION              3  +27.930s	1 (1) 57.78/30.34 (185.00/54.67mm)
1787598429.320  event6   TOUCH_FRAME                  +27.930s	
1787598429.330  event6   TOUCH_MOTION              2  +27.940s	0 (0) 50.18/64.01 (160.67/115.33mm)
1787598429.330  event6   TOUCH_MOTION              3  +27.940s	1 (1) 57.83/30.16 (185.17/54.33mm)
1787598429.330  event6   TOUCH_FRAME                  +27.940s	
1787598429.340  event6   TOUCH_MOTION              2  +27.950s	0 (0) 50.03/64.66 (160.17/116.50mm)
1787598429.340  event6   TOUCH_MOTION              3  +27.950s	1 (1) 57.89/29.88 (185.33/53.83mm)
1787598429.340  event6   TOUCH_FRAME                  +27.950s	
1787598429.350  event6   TOUCH_MOTION              2  +27.960s	0 (0) 49.87/65.12 (159.67/117.33mm)
1787598429.350  event6   TOUCH_MOTION              3  +27.960s	1 (1) 57.94/29.69 (185.50/53.50mm)
1787598429.350  event6   TOUCH_FRAME                  +27.960s	
1787598429.360  event6   TOUCH_MOTION              2  +27.970s	0 (0) 49.71/65.77 (159.17/118.50mm)
1787598429.360  event6   TOUCH_MOTION              3  +27.970s	1 (1) 57.99/29.51 (185.67/53.17mm)
1787598429.360  event6   TOUCH_FRAME                  +27.970s	
1787598429.369  event6   TOUCH_MOTION              2  +27.979s	0 (0) 49.51/66.51 (158.50/119.83mm)
1787598429.369  event6   TOUCH_MOTION              3  +27.979s	1 (1) 57.99/29.23 (185.67/52.67mm)
1787598429.369  event6   TOUCH_FRAME                  +27.979s	
1787598429.379  event6   TOUCH_MOTION              2  +27.989s	0 (0) 49.35/67.16 (158.00/121.00mm)
1787598429.379  event6   TOUCH_MOTION              3  +27.989s	1 (1) 57.99/29.14 (185.67/52.50mm)
1787598429.379  event6   TOUCH_FRAME                  +27.989s	
1787598429.389  event6   TOUCH_MOTION              2  +27.999s	0 (0) 49.25/67.72 (157.67/122.00mm)
1787598429.389  event6   TOUCH_MOTION              3  +27.999s	1 (1) 57.99/28.95 (185.67/52.17mm)
1787598429.389  event6   TOUCH_FRAME                  +27.999s	
1787598429.399  event6   TOUCH_MOTION              2  +28.009s	0 (0) 49.04/68.36 (157.00/123.17mm)
1787598429.399  event6   TOUCH_MOTION              3  +28.009s	1 (1) 57.99/28.86 (185.67/52.00mm)
1787598429.399  event6   TOUCH_FRAME                  +28.009s	
1787598429.409  event6   TOUCH_MOTION              2  +28.019s	0 (0) 48.93/68.92 (156.67/124.17mm)
1787598429.409  event6   TOUCH_MOTION              3  +28.019s	1 (1) 57.99/28.68 (185.67/51.67mm)
1787598429.409  event6   TOUCH_FRAME                  +28.019s	
1787598429.419  event6   TOUCH_MOTION              2  +28.029s	0 (0) 48.83/69.47 (156.33/125.17mm)
1787598429.419  event6   TOUCH_FRAME                  +28.029s	
1787598429.428  event6   TOUCH_MOTION              2  +28.038s	0 (0) 48.67/69.94 (155.83/126.00mm)
1787598429.428  event6   TOUCH_MOTION              3  +28.038s	1 (1) 57.99/28.58 (185.67/51.50mm)
1787598429.428  event6   TOUCH_FRAME                  +28.038s	
1787598429.437  event6   TOUCH_MOTION              2  +28.047s	0 (0) 48.57/70.49 (155.50/127.00mm)
1787598429.437  event6   TOUCH_MOTION              3  +28.047s	1 (1) 57.99/28.49 (185.67/51.33mm)
1787598429.437  event6   TOUCH_FRAME                  +28.047s	
1787598429.446  event6   TOUCH_MOTION              2  +28.056s	0 (0) 48.41/70.95 (155.00/127.83mm)
1787598429.446  event6   TOUCH_MOTION              3  +28.056s	1 (1) 57.99/28.40 (185.67/51.17mm)
1787598429.446  event6   TOUCH_FRAME                  +28.056s	
1787598429.455  event6   TOUCH_MOTION              2  +28.065s	0 (0) 48.31/71.51 (154.67/128.83mm)
1787598429.455  event6   TOUCH_MOTION              3  +28.065s	1 (1) 57.99/28.31 (185.67/51.00mm)
1787598429.455  event6   TOUCH_FRAME                  +28.065s	
1787598429.464  event6   TOUCH_MOTION              2  +28.074s	0 (0) 48.15/71.88 (154.17/129.50mm)
1787598429.464  event6   TOUCH_FRAME                  +28.074s	
1787598429.473  event6   TOUCH_MOTION              2  +28.083s	0 (0) 48.00/72.34 (153.67/130.33mm)
1787598429.473  event6   TOUCH_MOTION              3  +28.083s	1 (1) 57.99/28.21 (185.67/50.83mm)
1787598429.473  event6   TOUCH_FRAME                  +28.083s	
1787598429.483  event6   TOUCH_MOTION              2  +28.093s	0 (0) 47.89/72.71 (153.33/131.00mm)
1787598429.483  event6   TOUCH_MOTION              3  +28.093s	1 (1) 57.99/28.03 (185.67/50.50mm)
1787598429.483  event6   TOUCH_FRAME                  +28.093s	
1787598429.492  event6   TOUCH_MOTION              2  +28.102s	0 (0) 47.74/73.17 (152.83/131.83mm)
1787598429.492  event6   TOUCH_MOTION              3  +28.102s	1 (1) 57.99/27.94 (185.67/50.33mm)
1787598429.492  event6   TOUCH_FRAME                  +28.102s	
1787598429.501  event6   TOUCH_MOTION              2  +28.111s	0 (0) 47.68/73.54 (152.67/132.50mm)
1787598429.501  event6   TOUCH_MOTION              3  +28.111s	1 (1) 57.99/27.75 (185.67/50.00mm)
1787598429.501  event6   TOUCH_FRAME                  +28.111s	
1787598429.510  event6   TOUCH_MOTION              2  +28.120s	0 (0) 47.53/74.01 (152.17/133.33mm)
1787598429.510  event6   TOUCH_MOTION              3  +28.120s	1 (1) 57.99/27.57 (185.67/49.67mm)
1787598429.510  event6   TOUCH_FRAME                  +28.120s	
1787598429.518  event6   TOUCH_MOTION              2  +28.129s	0 (0) 47.37/74.38 (151.67/134.00mm)
1787598429.519  event6   TOUCH_MOTION              3  +28.129s	1 (1) 57.99/27.29 (185.67/49.17mm)
1787598429.519  event6   TOUCH_FRAME                  +28.129s	
1787598429.528  event6   TOUCH_MOTION              2  +28.138s	0 (0) 47.27/74.75 (151.33/134.67mm)
1787598429.528  event6   TOUCH_MOTION              3  +28.138s	1 (1) 57.99/27.10 (185.67/48.83mm)
1787598429.528  event6   TOUCH_FRAME                  +28.138s	
1787598429.537  event6   TOUCH_MOTION              2  +28.147s	0 (0) 47.11/75.12 (150.83/135.33mm)
1787598429.537  event6   TOUCH_MOTION              3  +28.147s	1 (1) 58.04/26.83 (185.83/48.33mm)
1787598429.537  event6   TOUCH_FRAME                  +28.147s	
1787598429.547  event6   TOUCH_MOTION              2  +28.157s	0 (0) 47.01/75.39 (150.50/135.83mm)
1787598429.547  event6   TOUCH_MOTION              3  +28.157s	1 (1) 58.09/26.55 (186.00/47.83mm)
1787598429.547  event6   TOUCH_FRAME                  +28.157s	
1787598429.556  event6   TOUCH_MOTION              2  +28.166s	0 (0) 46.85/75.76 (150.00/136.50mm)
1787598429.556  event6   TOUCH_MOTION              3  +28.166s	1 (1) 58.15/26.36 (186.17/47.50mm)
1787598429.556  event6   TOUCH_FRAME                  +28.166s	
1787598429.565  event6   TOUCH_MOTION              2  +28.175s	0 (0) 46.75/76.13 (149.67/137.17mm)
1787598429.565  event6   TOUCH_MOTION              3  +28.175s	1 (1) 58.15/26.09 (186.17/47.00mm)
1787598429.565  event6   TOUCH_FRAME                  +28.175s	
1787598429.573  event6   TOUCH_MOTION              2  +28.184s	0 (0) 46.59/76.50 (149.17/137.83mm)
1787598429.574  event6   TOUCH_MOTION              3  +28.184s	1 (1) 58.15/25.99 (186.17/46.83mm)
1787598429.574  event6   TOUCH_FRAME                  +28.184s	
1787598429.583  event6   TOUCH_MOTION              2  +28.193s	0 (0) 46.54/76.87 (149.00/138.50mm)
1787598429.583  event6   TOUCH_MOTION              3  +28.193s	1 (1) 58.15/25.90 (186.17/46.67mm)
1787598429.583  event6   TOUCH_FRAME                  +28.193s	
1787598429.592  event6   TOUCH_MOTION              2  +28.202s	0 (0) 46.38/77.24 (148.50/139.17mm)
1787598429.592  event6   TOUCH_MOTION              3  +28.202s	1 (1) 58.15/25.72 (186.17/46.33mm)
1787598429.592  event6   TOUCH_FRAME                  +28.202s	
1787598429.600  event6   TOUCH_MOTION              2  +28.211s	0 (0) 46.23/77.61 (148.00/139.83mm)
1787598429.600  event6   TOUCH_FRAME                  +28.211s	
1787598429.610  event6   TOUCH_MOTION              2  +28.220s	0 (0) 46.17/77.98 (147.83/140.50mm)
1787598429.610  event6   TOUCH_MOTION              3  +28.220s	1 (1) 58.15/25.62 (186.17/46.17mm)
1787598429.610  event6   TOUCH_FRAME                  +28.220s	
1787598429.620  event6   TOUCH_MOTION              2  +28.230s	0 (0) 46.12/78.26 (147.67/141.00mm)
1787598429.620  event6   TOUCH_MOTION              3  +28.230s	1 (1) 58.15/25.53 (186.17/46.00mm)
1787598429.620  event6   TOUCH_FRAME                  +28.230s	
1787598429.629  event6   TOUCH_MOTION              2  +28.239s	0 (0) 46.07/78.63 (147.50/141.67mm)
1787598429.629  event6   TOUCH_MOTION              3  +28.239s	1 (1) 58.15/25.35 (186.17/45.67mm)
1787598429.629  event6   TOUCH_FRAME                  +28.239s	
1787598429.638  event6   TOUCH_MOTION              2  +28.248s	0 (0) 45.91/78.91 (147.00/142.17mm)
1787598429.638  event6   TOUCH_MOTION              3  +28.248s	1 (1) 58.20/25.25 (186.33/45.50mm)
1787598429.638  event6   TOUCH_FRAME                  +28.248s	
1787598429.647  event6   TOUCH_MOTION              2  +28.257s	0 (0) 45.81/79.19 (146.67/142.67mm)
1787598429.647  event6   TOUCH_MOTION              3  +28.257s	1 (1) 58.20/25.07 (186.33/45.17mm)
1787598429.647  event6   TOUCH_FRAME                  +28.257s	
1787598429.656  event6   TOUCH_MOTION              2  +28.266s	0 (0) 45.71/79.46 (146.33/143.17mm)
1787598429.656  event6   TOUCH_MOTION              3  +28.266s	1 (1) 58.20/24.98 (186.33/45.00mm)
1787598429.656  event6   TOUCH_FRAME                  +28.266s	
1787598429.665  event6   TOUCH_MOTION              2  +28.275s	0 (0) 45.60/79.83 (146.00/143.83mm)
1787598429.665  event6   TOUCH_MOTION              3  +28.275s	1 (1) 58.20/24.88 (186.33/44.83mm)
1787598429.665  event6   TOUCH_FRAME                  +28.275s	
1787598429.674  event6   TOUCH_MOTION              2  +28.284s	0 (0) 45.50/80.11 (145.67/144.33mm)
1787598429.674  event6   TOUCH_MOTION              3  +28.284s	1 (1) 58.20/24.70 (186.33/44.50mm)
1787598429.674  event6   TOUCH_FRAME                  +28.284s	
1787598429.684  event6   TOUCH_MOTION              2  +28.294s	0 (0) 45.45/80.57 (145.50/145.17mm)
1787598429.684  event6   TOUCH_MOTION              3  +28.294s	1 (1) 58.20/24.51 (186.33/44.17mm)
1787598429.684  event6   TOUCH_FRAME                  +28.294s	
1787598429.693  event6   TOUCH_MOTION              2  +28.303s	0 (0) 45.34/80.94 (145.17/145.83mm)
1787598429.693  event6   TOUCH_MOTION              3  +28.303s	1 (1) 58.25/24.42 (186.50/44.00mm)
1787598429.693  event6   TOUCH_FRAME                  +28.303s	
1787598429.702  event6   TOUCH_MOTION              2  +28.312s	0 (0) 45.29/81.31 (145.00/146.50mm)
1787598429.702  event6   TOUCH_MOTION              3  +28.312s	1 (1) 58.30/24.33 (186.67/43.83mm)
1787598429.702  event6   TOUCH_FRAME                  +28.312s	
1787598429.711  event6   TOUCH_MOTION              2  +28.321s	0 (0) 45.18/81.59 (144.67/147.00mm)
1787598429.711  event6   TOUCH_MOTION              3  +28.321s	1 (1) 58.30/24.14 (186.67/43.50mm)
1787598429.711  event6   TOUCH_FRAME                  +28.321s	
1787598429.720  event6   TOUCH_MOTION              2  +28.330s	0 (0) 45.08/81.87 (144.33/147.50mm)
1787598429.720  event6   TOUCH_FRAME                  +28.330s	
1787598429.729  event6   TOUCH_MOTION              2  +28.339s	0 (0) 44.92/82.15 (143.83/148.00mm)
1787598429.729  event6   TOUCH_MOTION              3  +28.339s	1 (1) 58.30/23.87 (186.67/43.00mm)
1787598429.729  event6   TOUCH_FRAME                  +28.339s	
1787598429.738  event6   TOUCH_MOTION              2  +28.348s	0 (0) 44.82/82.42 (143.50/148.50mm)
1787598429.738  event6   TOUCH_MOTION              3  +28.348s	1 (1) 58.30/23.77 (186.67/42.83mm)
1787598429.738  event6   TOUCH_FRAME                  +28.348s	
1787598429.747  event6   TOUCH_MOTION              2  +28.357s	0 (0) 44.72/82.61 (143.17/148.83mm)
1787598429.747  event6   TOUCH_MOTION              3  +28.357s	1 (1) 58.30/23.68 (186.67/42.67mm)
1787598429.747  event6   TOUCH_FRAME                  +28.357s	
1787598429.757  event6   TOUCH_MOTION              2  +28.367s	0 (0) 44.61/82.79 (142.83/149.17mm)
1787598429.757  event6   TOUCH_MOTION              3  +28.367s	1 (1) 58.36/23.68 (186.83/42.67mm)
1787598429.757  event6   TOUCH_FRAME                  +28.367s	
1787598429.766  event6   TOUCH_MOTION              2  +28.376s	0 (0) 44.61/82.89 (142.83/149.33mm)
1787598429.766  event6   TOUCH_MOTION              3  +28.376s	1 (1) 58.36/23.59 (186.83/42.50mm)
1787598429.766  event6   TOUCH_FRAME                  +28.376s	
1787598429.775  event6   TOUCH_MOTION              2  +28.385s	0 (0) 44.56/82.98 (142.67/149.50mm)
1787598429.775  event6   TOUCH_FRAME                  +28.385s	
1787598429.784  event6   TOUCH_MOTION              2  +28.394s	0 (0) 44.51/83.07 (142.50/149.67mm)
1787598429.784  event6   TOUCH_FRAME                  +28.394s	
1787598429.793  event6   TOUCH_MOTION              2  +28.403s	0 (0) 44.51/83.16 (142.50/149.83mm)
1787598429.793  event6   TOUCH_FRAME                  +28.403s	
1787598429.802  event6   TOUCH_MOTION              2  +28.412s	0 (0) 44.46/83.26 (142.33/150.00mm)
1787598429.802  event6   TOUCH_FRAME                  +28.412s	
1787598429.921  event6   TOUCH_MOTION              2  +28.531s	1 (1) 58.36/23.68 (186.83/42.67mm)
1787598429.921  event6   TOUCH_FRAME                  +28.531s	
1787598429.930  event6   TOUCH_MOTION              2  +28.540s	1 (1) 58.36/23.77 (186.83/42.83mm)
1787598429.930  event6   TOUCH_FRAME                  +28.540s	
1787598429.960  event6   TOUCH_UP                     +28.570s	0 (0)
1787598429.960  event6   TOUCH_FRAME                  +28.570s	
1787598429.987  event6   TOUCH_UP                     +28.597s	1 (1)
1787598429.987  event6   TOUCH_FRAME                  +28.597s	
1787598430.269  event6   TOUCH_DOWN                   +28.879s	0 (0) 46.59/57.63 (149.17/103.83mm)
1787598430.269  event6   TOUCH_FRAME                  +28.879s	
1787598430.337  event6   TOUCH_DOWN                   +28.947s	1 (1) 48.88/43.66 (156.50/78.67mm)
1787598430.337  event6   TOUCH_FRAME                  +28.947s	
1787598430.357  event6   TOUCH_MOTION                 +28.967s	0 (0) 46.54/58.37 (149.00/105.17mm)
1787598430.357  event6   TOUCH_FRAME                  +28.967s	
1787598430.367  event6   TOUCH_MOTION              2  +28.977s	0 (0) 46.49/58.65 (148.83/105.67mm)
1787598430.367  event6   TOUCH_FRAME                  +28.977s	
1787598430.377  event6   TOUCH_MOTION              2  +28.987s	0 (0) 46.43/58.83 (148.67/106.00mm)
1787598430.377  event6   TOUCH_MOTION              3  +28.987s	1 (1) 48.93/43.02 (156.67/77.50mm)
1787598430.377  event6   TOUCH_FRAME                  +28.987s	
1787598430.386  event6   TOUCH_MOTION              2  +28.996s	0 (0) 46.38/59.11 (148.50/106.50mm)
1787598430.386  event6   TOUCH_MOTION              3  +28.996s	1 (1) 48.98/42.74 (156.83/77.00mm)
1787598430.386  event6   TOUCH_FRAME                  +28.996s	
1787598430.396  event6   TOUCH_MOTION              2  +29.006s	0 (0) 46.38/59.39 (148.50/107.00mm)
1787598430.396  event6   TOUCH_MOTION              3  +29.006s	1 (1) 49.04/42.46 (157.00/76.50mm)
1787598430.396  event6   TOUCH_FRAME                  +29.006s	
1787598430.406  event6   TOUCH_MOTION              2  +29.016s	0 (0) 46.33/59.57 (148.33/107.33mm)
1787598430.406  event6   TOUCH_MOTION              3  +29.016s	1 (1) 49.09/42.18 (157.17/76.00mm)
1787598430.406  event6   TOUCH_FRAME                  +29.016s	
1787598430.416  event6   TOUCH_MOTION              2  +29.026s	0 (0) 46.28/59.85 (148.17/107.83mm)
1787598430.416  event6   TOUCH_MOTION              3  +29.026s	1 (1) 49.25/41.81 (157.67/75.33mm)
1787598430.416  event6   TOUCH_FRAME                  +29.026s	
1787598430.426  event6   TOUCH_MOTION              2  +29.036s	0 (0) 46.23/60.13 (148.00/108.33mm)
1787598430.426  event6   TOUCH_MOTION              3  +29.036s	1 (1) 49.40/41.44 (158.17/74.67mm)
1787598430.426  event6   TOUCH_FRAME                  +29.036s	
1787598430.436  event6   TOUCH_MOTION              2  +29.046s	0 (0) 46.17/60.31 (147.83/108.67mm)
1787598430.436  event6   TOUCH_MOTION              3  +29.046s	1 (1) 49.56/40.98 (158.67/73.83mm)
1787598430.436  event6   TOUCH_FRAME                  +29.046s	
1787598430.446  event6   TOUCH_MOTION              2  +29.056s	0 (0) 46.17/60.59 (147.83/109.17mm)
1787598430.446  event6   TOUCH_MOTION              3  +29.056s	1 (1) 49.71/40.52 (159.17/73.00mm)
1787598430.446  event6   TOUCH_FRAME                  +29.056s	
1787598430.456  event6   TOUCH_MOTION              2  +29.066s	0 (0) 46.12/60.87 (147.67/109.67mm)
1787598430.456  event6   TOUCH_MOTION              3  +29.066s	1 (1) 49.92/40.06 (159.83/72.17mm)
1787598430.456  event6   TOUCH_FRAME                  +29.066s	
1787598430.465  event6   TOUCH_MOTION              2  +29.075s	0 (0) 46.02/61.24 (147.33/110.33mm)
1787598430.465  event6   TOUCH_MOTION              3  +29.075s	1 (1) 50.08/39.50 (160.33/71.17mm)
1787598430.465  event6   TOUCH_FRAME                  +29.075s	
1787598430.475  event6   TOUCH_MOTION              2  +29.085s	0 (0) 45.91/61.52 (147.00/110.83mm)
1787598430.475  event6   TOUCH_MOTION              3  +29.085s	1 (1) 50.23/38.95 (160.83/70.17mm)
1787598430.475  event6   TOUCH_FRAME                  +29.085s	
1787598430.485  event6   TOUCH_MOTION              2  +29.095s	0 (0) 45.76/62.16 (146.50/112.00mm)
1787598430.485  event6   TOUCH_MOTION              3  +29.095s	1 (1) 50.60/37.93 (162.00/68.33mm)
1787598430.485  event6   TOUCH_FRAME                  +29.095s	
1787598430.495  event6   TOUCH_MOTION              2  +29.105s	0 (0) 45.60/62.81 (146.00/113.17mm)
1787598430.495  event6   TOUCH_MOTION              3  +29.105s	1 (1) 50.86/37.10 (162.83/66.83mm)
1787598430.495  event6   TOUCH_FRAME                  +29.105s	
1787598430.505  event6   TOUCH_MOTION              2  +29.115s	0 (0) 45.45/63.55 (145.50/114.50mm)
1787598430.505  event6   TOUCH_MOTION              3  +29.115s	1 (1) 51.07/36.36 (163.50/65.50mm)
1787598430.505  event6   TOUCH_FRAME                  +29.115s	
1787598430.514  event6   TOUCH_MOTION              2  +29.125s	0 (0) 45.29/64.11 (145.00/115.50mm)
1787598430.515  event6   TOUCH_MOTION              3  +29.125s	1 (1) 51.28/35.80 (164.17/64.50mm)
1787598430.515  event6   TOUCH_FRAME                  +29.125s	
1787598430.524  event6   TOUCH_MOTION              2  +29.135s	0 (0) 45.08/64.66 (144.33/116.50mm)
1787598430.525  event6   TOUCH_MOTION              3  +29.135s	1 (1) 51.43/35.25 (164.67/63.50mm)
1787598430.525  event6   TOUCH_FRAME                  +29.135s	
1787598430.534  event6   TOUCH_MOTION              2  +29.144s	0 (0) 44.92/65.31 (143.83/117.67mm)
1787598430.534  event6   TOUCH_MOTION              3  +29.144s	1 (1) 51.54/34.88 (165.00/62.83mm)
1787598430.534  event6   TOUCH_FRAME                  +29.144s	
1787598430.543  event6   TOUCH_MOTION              2  +29.154s	0 (0) 44.82/65.86 (143.50/118.67mm)
1787598430.544  event6   TOUCH_MOTION              3  +29.154s	1 (1) 51.64/34.60 (165.33/62.33mm)
1787598430.544  event6   TOUCH_FRAME                  +29.154s	
1787598430.554  event6   TOUCH_MOTION              2  +29.164s	0 (0) 44.66/66.42 (143.00/119.67mm)
1787598430.554  event6   TOUCH_MOTION              3  +29.164s	1 (1) 51.74/34.41 (165.67/62.00mm)
1787598430.554  event6   TOUCH_FRAME                  +29.164s	
1787598430.564  event6   TOUCH_MOTION              2  +29.174s	0 (0) 44.56/66.98 (142.67/120.67mm)
1787598430.564  event6   TOUCH_MOTION              3  +29.174s	1 (1) 51.74/34.14 (165.67/61.50mm)
1787598430.564  event6   TOUCH_FRAME                  +29.174s	
1787598430.573  event6   TOUCH_MOTION              2  +29.184s	0 (0) 44.46/67.44 (142.33/121.50mm)
1787598430.573  event6   TOUCH_MOTION              3  +29.184s	1 (1) 51.80/34.04 (165.83/61.33mm)
1787598430.574  event6   TOUCH_FRAME                  +29.184s	
1787598430.584  event6   TOUCH_MOTION              2  +29.194s	0 (0) 44.35/67.99 (142.00/122.50mm)
1787598430.584  event6   TOUCH_MOTION              3  +29.194s	1 (1) 51.85/33.86 (166.00/61.00mm)
1787598430.584  event6   TOUCH_FRAME                  +29.194s	
1787598430.593  event6   TOUCH_MOTION              2  +29.204s	0 (0) 44.30/68.46 (141.83/123.33mm)
1787598430.594  event6   TOUCH_MOTION              3  +29.204s	1 (1) 51.90/33.67 (166.17/60.67mm)
1787598430.594  event6   TOUCH_FRAME                  +29.204s	
1787598430.603  event6   TOUCH_MOTION              2  +29.214s	0 (0) 44.20/69.01 (141.50/124.33mm)
1787598430.604  event6   TOUCH_MOTION              3  +29.214s	1 (1) 51.95/33.58 (166.33/60.50mm)
1787598430.604  event6   TOUCH_FRAME                  +29.214s	
1787598430.613  event6   TOUCH_MOTION              2  +29.223s	0 (0) 44.14/69.47 (141.33/125.17mm)
1787598430.613  event6   TOUCH_MOTION              3  +29.223s	1 (1) 51.95/33.40 (166.33/60.17mm)
1787598430.613  event6   TOUCH_FRAME                  +29.223s	
1787598430.623  event6   TOUCH_MOTION              2  +29.233s	0 (0) 44.09/69.94 (141.17/126.00mm)
1787598430.623  event6   TOUCH_MOTION              3  +29.233s	1 (1) 51.95/33.30 (166.33/60.00mm)
1787598430.623  event6   TOUCH_FRAME                  +29.233s	
1787598430.633  event6   TOUCH_MOTION              2  +29.243s	0 (0) 44.04/70.31 (141.00/126.67mm)
1787598430.633  event6   TOUCH_MOTION              3  +29.243s	1 (1) 52.00/33.30 (166.50/60.00mm)
1787598430.633  event6   TOUCH_FRAME                  +29.243s	
1787598430.643  event6   TOUCH_MOTION              2  +29.253s	0 (0) 43.99/70.58 (140.83/127.17mm)
1787598430.643  event6   TOUCH_MOTION              3  +29.253s	1 (1) 52.06/33.21 (166.67/59.83mm)
1787598430.643  event6   TOUCH_FRAME                  +29.253s	
1787598430.653  event6   TOUCH_MOTION              2  +29.263s	0 (0) 43.94/70.86 (140.67/127.67mm)
1787598430.653  event6   TOUCH_MOTION              3  +29.263s	1 (1) 52.11/33.12 (166.83/59.67mm)
1787598430.653  event6   TOUCH_FRAME                  +29.263s	
1787598430.663  event6   TOUCH_MOTION              2  +29.273s	0 (0) 43.94/71.14 (140.67/128.17mm)
1787598430.663  event6   TOUCH_MOTION              3  +29.273s	1 (1) 52.16/33.02 (167.00/59.50mm)
1787598430.663  event6   TOUCH_FRAME                  +29.273s	
1787598430.673  event6   TOUCH_MOTION              2  +29.283s	0 (0) 43.94/71.42 (140.67/128.67mm)
1787598430.673  event6   TOUCH_MOTION              3  +29.283s	1 (1) 52.16/32.93 (167.00/59.33mm)
1787598430.673  event6   TOUCH_FRAME                  +29.283s	
1787598430.683  event6   TOUCH_MOTION              2  +29.293s	0 (0) 43.88/71.60 (140.50/129.00mm)
1787598430.683  event6   TOUCH_MOTION              3  +29.293s	1 (1) 52.21/32.84 (167.17/59.17mm)
1787598430.683  event6   TOUCH_FRAME                  +29.293s	
1787598430.692  event6   TOUCH_MOTION              2  +29.302s	0 (0) 43.83/71.88 (140.33/129.50mm)
1787598430.692  event6   TOUCH_MOTION              3  +29.302s	1 (1) 52.26/32.65 (167.33/58.83mm)
1787598430.692  event6   TOUCH_FRAME                  +29.302s	
1787598430.702  event6   TOUCH_MOTION              2  +29.312s	0 (0) 43.78/72.06 (140.17/129.83mm)
1787598430.702  event6   TOUCH_MOTION              3  +29.312s	1 (1) 52.32/32.47 (167.50/58.50mm)
1787598430.702  event6   TOUCH_FRAME                  +29.312s	
1787598430.712  event6   TOUCH_MOTION              2  +29.322s	0 (0) 43.73/72.25 (140.00/130.17mm)
1787598430.712  event6   TOUCH_MOTION              3  +29.322s	1 (1) 52.42/32.28 (167.83/58.17mm)
1787598430.712  event6   TOUCH_FRAME                  +29.322s	
1787598430.722  event6   TOUCH_MOTION              2  +29.332s	0 (0) 43.73/72.53 (140.00/130.67mm)
1787598430.722  event6   TOUCH_MOTION              3  +29.332s	1 (1) 52.52/32.01 (168.17/57.67mm)
1787598430.722  event6   TOUCH_FRAME                  +29.332s	
1787598430.731  event6   TOUCH_MOTION              2  +29.341s	0 (0) 43.68/72.71 (139.83/131.00mm)
1787598430.731  event6   TOUCH_MOTION              3  +29.341s	1 (1) 52.68/31.64 (168.67/57.00mm)
1787598430.731  event6   TOUCH_FRAME                  +29.341s	
1787598430.740  event6   TOUCH_MOTION              2  +29.350s	0 (0) 43.62/72.99 (139.67/131.50mm)
1787598430.740  event6   TOUCH_MOTION              3  +29.350s	1 (1) 52.94/31.17 (169.50/56.17mm)
1787598430.740  event6   TOUCH_FRAME                  +29.350s	
1787598430.749  event6   TOUCH_MOTION              2  +29.359s	0 (0) 43.62/73.08 (139.67/131.67mm)
1787598430.749  event6   TOUCH_MOTION              3  +29.359s	1 (1) 53.20/30.71 (170.33/55.33mm)
1787598430.749  event6   TOUCH_FRAME                  +29.359s	
1787598430.758  event6   TOUCH_MOTION              2  +29.368s	0 (0) 43.62/73.27 (139.67/132.00mm)
1787598430.758  event6   TOUCH_MOTION              3  +29.368s	1 (1) 53.41/30.34 (171.00/54.67mm)
1787598430.758  event6   TOUCH_FRAME                  +29.368s	
1787598430.768  event6   TOUCH_MOTION              2  +29.378s	0 (0) 43.62/73.36 (139.67/132.17mm)
1787598430.768  event6   TOUCH_MOTION              3  +29.378s	1 (1) 53.57/30.06 (171.50/54.17mm)
1787598430.768  event6   TOUCH_FRAME                  +29.378s	
1787598430.777  event6   TOUCH_MOTION              2  +29.387s	0 (0) 43.57/73.64 (139.50/132.67mm)
1787598430.777  event6   TOUCH_MOTION              3  +29.387s	1 (1) 53.72/29.79 (172.00/53.67mm)
1787598430.777  event6   TOUCH_FRAME                  +29.387s	
1787598430.786  event6   TOUCH_MOTION              2  +29.396s	0 (0) 43.52/73.82 (139.33/133.00mm)
1787598430.786  event6   TOUCH_MOTION              3  +29.396s	1 (1) 53.83/29.51 (172.33/53.17mm)
1787598430.786  event6   TOUCH_FRAME                  +29.396s	
1787598430.795  event6   TOUCH_MOTION              2  +29.405s	0 (0) 43.47/74.01 (139.17/133.33mm)
1787598430.795  event6   TOUCH_MOTION              3  +29.405s	1 (1) 53.93/29.42 (172.67/53.00mm)
1787598430.795  event6   TOUCH_FRAME                  +29.405s	
1787598430.804  event6   TOUCH_MOTION              2  +29.414s	0 (0) 43.47/74.19 (139.17/133.67mm)
1787598430.804  event6   TOUCH_MOTION              3  +29.414s	1 (1) 53.98/29.23 (172.83/52.67mm)
1787598430.804  event6   TOUCH_FRAME                  +29.414s	
1787598430.813  event6   TOUCH_MOTION              2  +29.423s	0 (0) 43.41/74.47 (139.00/134.17mm)
1787598430.813  event6   TOUCH_MOTION              3  +29.423s	1 (1) 53.98/29.14 (172.83/52.50mm)
1787598430.813  event6   TOUCH_FRAME                  +29.423s	
1787598430.822  event6   TOUCH_MOTION              2  +29.432s	0 (0) 43.31/74.75 (138.67/134.67mm)
1787598430.822  event6   TOUCH_MOTION              3  +29.432s	1 (1) 54.03/29.14 (173.00/52.50mm)
1787598430.822  event6   TOUCH_FRAME                  +29.432s	
1787598430.832  event6   TOUCH_MOTION              2  +29.442s	0 (0) 43.26/75.02 (138.50/135.17mm)
1787598430.832  event6   TOUCH_MOTION              3  +29.442s	1 (1) 54.03/29.05 (173.00/52.33mm)
1787598430.832  event6   TOUCH_FRAME                  +29.442s	
1787598430.841  event6   TOUCH_MOTION              2  +29.451s	0 (0) 43.15/75.30 (138.17/135.67mm)
1787598430.841  event6   TOUCH_MOTION              3  +29.451s	1 (1) 54.09/28.95 (173.17/52.17mm)
1787598430.841  event6   TOUCH_FRAME                  +29.451s	
1787598430.850  event6   TOUCH_MOTION              2  +29.460s	0 (0) 43.05/75.58 (137.83/136.17mm)
1787598430.850  event6   TOUCH_MOTION              3  +29.460s	1 (1) 54.19/28.68 (173.50/51.67mm)
1787598430.850  event6   TOUCH_FRAME                  +29.460s	
1787598430.859  event6   TOUCH_MOTION              2  +29.469s	0 (0) 43.05/75.86 (137.83/136.67mm)
1787598430.859  event6   TOUCH_MOTION              3  +29.469s	1 (1) 54.35/28.31 (174.00/51.00mm)
1787598430.859  event6   TOUCH_FRAME                  +29.469s	
1787598430.868  event6   TOUCH_MOTION              2  +29.478s	0 (0) 42.95/76.13 (137.50/137.17mm)
1787598430.868  event6   TOUCH_MOTION              3  +29.478s	1 (1) 54.55/27.94 (174.67/50.33mm)
1787598430.868  event6   TOUCH_FRAME                  +29.478s	
1787598430.877  event6   TOUCH_MOTION              2  +29.487s	0 (0) 42.89/76.41 (137.33/137.67mm)
1787598430.877  event6   TOUCH_MOTION              3  +29.487s	1 (1) 54.82/27.47 (175.50/49.50mm)
1787598430.877  event6   TOUCH_FRAME                  +29.487s	
1787598430.886  event6   TOUCH_MOTION              2  +29.496s	0 (0) 42.84/76.60 (137.17/138.00mm)
1787598430.886  event6   TOUCH_MOTION              3  +29.496s	1 (1) 55.08/26.92 (176.33/48.50mm)
1787598430.886  event6   TOUCH_FRAME                  +29.496s	
1787598430.895  event6   TOUCH_MOTION              2  +29.505s	0 (0) 42.79/76.78 (137.00/138.33mm)
1787598430.895  event6   TOUCH_MOTION              3  +29.505s	1 (1) 55.34/26.46 (177.17/47.67mm)
1787598430.895  event6   TOUCH_FRAME                  +29.505s	
1787598430.905  event6   TOUCH_MOTION              2  +29.515s	0 (0) 42.79/76.87 (137.00/138.50mm)
1787598430.905  event6   TOUCH_MOTION              3  +29.515s	1 (1) 55.65/26.09 (178.17/47.00mm)
1787598430.905  event6   TOUCH_FRAME                  +29.515s	
1787598430.914  event6   TOUCH_MOTION              2  +29.524s	0 (0) 42.74/77.06 (136.83/138.83mm)
1787598430.914  event6   TOUCH_MOTION              3  +29.524s	1 (1) 55.91/25.72 (179.00/46.33mm)
1787598430.914  event6   TOUCH_FRAME                  +29.524s	
1787598430.923  event6   TOUCH_MOTION              2  +29.533s	0 (0) 42.69/77.24 (136.67/139.17mm)
1787598430.923  event6   TOUCH_MOTION              3  +29.533s	1 (1) 56.22/25.35 (180.00/45.67mm)
1787598430.923  event6   TOUCH_FRAME                  +29.533s	
1787598430.932  event6   TOUCH_MOTION              2  +29.542s	0 (0) 42.63/77.52 (136.50/139.67mm)
1787598430.932  event6   TOUCH_MOTION              3  +29.542s	1 (1) 56.43/25.07 (180.67/45.17mm)
1787598430.932  event6   TOUCH_FRAME                  +29.542s	
1787598430.941  event6   TOUCH_MOTION              2  +29.551s	0 (0) 42.58/77.71 (136.33/140.00mm)
1787598430.941  event6   TOUCH_MOTION              3  +29.551s	1 (1) 56.59/24.88 (181.17/44.83mm)
1787598430.941  event6   TOUCH_FRAME                  +29.551s	
1787598430.950  event6   TOUCH_MOTION              2  +29.560s	0 (0) 42.58/77.89 (136.33/140.33mm)
1787598430.950  event6   TOUCH_MOTION              3  +29.560s	1 (1) 56.74/24.61 (181.67/44.33mm)
1787598430.950  event6   TOUCH_FRAME                  +29.560s	
1787598430.959  event6   TOUCH_MOTION              2  +29.569s	0 (0) 42.53/78.26 (136.17/141.00mm)
1787598430.959  event6   TOUCH_MOTION              3  +29.569s	1 (1) 56.95/24.42 (182.33/44.00mm)
1787598430.959  event6   TOUCH_FRAME                  +29.569s	
1787598430.969  event6   TOUCH_MOTION              2  +29.579s	0 (0) 42.48/78.63 (136.00/141.67mm)
1787598430.969  event6   TOUCH_MOTION              3  +29.579s	1 (1) 57.21/24.14 (183.17/43.50mm)
1787598430.969  event6   TOUCH_FRAME                  +29.579s	
1787598430.978  event6   TOUCH_MOTION              2  +29.588s	0 (0) 42.37/79.00 (135.67/142.33mm)
1787598430.978  event6   TOUCH_MOTION              3  +29.588s	1 (1) 57.47/23.87 (184.00/43.00mm)
1787598430.978  event6   TOUCH_FRAME                  +29.588s	
1787598430.987  event6   TOUCH_MOTION              2  +29.597s	0 (0) 42.37/79.37 (135.67/143.00mm)
1787598430.987  event6   TOUCH_MOTION              3  +29.597s	1 (1) 57.73/23.68 (184.83/42.67mm)
1787598430.987  event6   TOUCH_FRAME                  +29.597s	
1787598430.996  event6   TOUCH_MOTION              2  +29.606s	0 (0) 42.17/79.74 (135.00/143.67mm)
1787598430.996  event6   TOUCH_MOTION              3  +29.606s	1 (1) 57.99/23.40 (185.67/42.17mm)
1787598430.996  event6   TOUCH_FRAME                  +29.606s	
1787598431.005  event6   TOUCH_MOTION              2  +29.615s	0 (0) 42.06/80.20 (134.67/144.50mm)
1787598431.005  event6   TOUCH_MOTION              3  +29.615s	1 (1) 58.20/23.22 (186.33/41.83mm)
1787598431.005  event6   TOUCH_FRAME                  +29.615s	
1787598431.014  event6   TOUCH_MOTION              2  +29.624s	0 (0) 42.01/80.57 (134.50/145.17mm)
1787598431.014  event6   TOUCH_MOTION              3  +29.624s	1 (1) 58.41/23.03 (187.00/41.50mm)
1787598431.014  event6   TOUCH_FRAME                  +29.624s	
1787598431.023  event6   TOUCH_MOTION              2  +29.633s	0 (0) 41.91/81.04 (134.17/146.00mm)
1787598431.023  event6   TOUCH_MOTION              3  +29.633s	1 (1) 58.56/22.85 (187.50/41.17mm)
1787598431.023  event6   TOUCH_FRAME                  +29.633s	
1787598431.032  event6   TOUCH_MOTION              2  +29.642s	0 (0) 41.75/81.50 (133.67/146.83mm)
1787598431.032  event6   TOUCH_MOTION              3  +29.642s	1 (1) 58.67/22.66 (187.83/40.83mm)
1787598431.032  event6   TOUCH_FRAME                  +29.642s	
1787598431.042  event6   TOUCH_MOTION              2  +29.652s	0 (0) 41.64/81.96 (133.33/147.67mm)
1787598431.042  event6   TOUCH_MOTION              3  +29.652s	1 (1) 58.77/22.66 (188.17/40.83mm)
1787598431.042  event6   TOUCH_FRAME                  +29.652s	
1787598431.051  event6   TOUCH_MOTION              2  +29.661s	0 (0) 41.49/82.33 (132.83/148.33mm)
1787598431.051  event6   TOUCH_MOTION              3  +29.661s	1 (1) 58.88/22.57 (188.50/40.67mm)
1787598431.051  event6   TOUCH_FRAME                  +29.661s	
1787598431.060  event6   TOUCH_MOTION              2  +29.670s	0 (0) 41.38/82.79 (132.50/149.17mm)
1787598431.060  event6   TOUCH_MOTION              3  +29.670s	1 (1) 58.88/22.48 (188.50/40.50mm)
1787598431.060  event6   TOUCH_FRAME                  +29.670s	
1787598431.069  event6   TOUCH_MOTION              2  +29.679s	0 (0) 41.23/83.26 (132.00/150.00mm)
1787598431.069  event6   TOUCH_MOTION              3  +29.679s	1 (1) 58.93/22.48 (188.67/40.50mm)
1787598431.069  event6   TOUCH_FRAME                  +29.679s	
1787598431.078  event6   TOUCH_MOTION              2  +29.688s	0 (0) 41.18/83.63 (131.83/150.67mm)
1787598431.078  event6   TOUCH_MOTION              3  +29.688s	1 (1) 58.98/22.48 (188.83/40.50mm)
1787598431.078  event6   TOUCH_FRAME                  +29.688s	
1787598431.087  event6   TOUCH_MOTION              2  +29.697s	0 (0) 40.97/84.09 (131.17/151.50mm)
1787598431.087  event6   TOUCH_MOTION              3  +29.697s	1 (1) 59.03/22.48 (189.00/40.50mm)
1787598431.087  event6   TOUCH_FRAME                  +29.697s	
1787598431.096  event6   TOUCH_MOTION              2  +29.706s	0 (0) 40.81/84.55 (130.67/152.33mm)
1787598431.096  event6   TOUCH_MOTION              3  +29.706s	1 (1) 59.08/22.39 (189.17/40.33mm)
1787598431.096  event6   TOUCH_FRAME                  +29.706s	
1787598431.106  event6   TOUCH_MOTION              2  +29.716s	0 (0) 40.60/85.01 (130.00/153.17mm)
1787598431.106  event6   TOUCH_MOTION              3  +29.716s	1 (1) 59.14/22.29 (189.33/40.17mm)
1787598431.106  event6   TOUCH_FRAME                  +29.716s	
1787598431.115  event6   TOUCH_MOTION              2  +29.725s	0 (0) 40.50/85.48 (129.67/154.00mm)
1787598431.115  event6   TOUCH_MOTION              3  +29.725s	1 (1) 59.19/22.29 (189.50/40.17mm)
1787598431.115  event6   TOUCH_FRAME                  +29.725s	
1787598431.124  event6   TOUCH_MOTION              2  +29.734s	0 (0) 40.34/85.85 (129.17/154.67mm)
1787598431.124  event6   TOUCH_MOTION              3  +29.734s	1 (1) 59.29/22.11 (189.83/39.83mm)
1787598431.124  event6   TOUCH_FRAME                  +29.734s	
1787598431.133  event6   TOUCH_MOTION              2  +29.743s	0 (0) 40.24/86.22 (128.83/155.33mm)
1787598431.133  event6   TOUCH_MOTION              3  +29.743s	1 (1) 59.34/22.02 (190.00/39.67mm)
1787598431.133  event6   TOUCH_FRAME                  +29.743s	
1787598431.142  event6   TOUCH_MOTION              2  +29.752s	0 (0) 40.14/86.59 (128.50/156.00mm)
1787598431.142  event6   TOUCH_MOTION              3  +29.752s	1 (1) 59.40/21.92 (190.17/39.50mm)
1787598431.142  event6   TOUCH_FRAME                  +29.752s	
1787598431.151  event6   TOUCH_MOTION              2  +29.761s	0 (0) 40.08/86.86 (128.33/156.50mm)
1787598431.151  event6   TOUCH_MOTION              3  +29.761s	1 (1) 59.45/21.92 (190.33/39.50mm)
1787598431.151  event6   TOUCH_FRAME                  +29.761s	
1787598431.160  event6   TOUCH_MOTION              2  +29.770s	0 (0) 39.98/87.14 (128.00/157.00mm)
1787598431.160  event6   TOUCH_MOTION              3  +29.770s	1 (1) 59.50/21.83 (190.50/39.33mm)
1787598431.160  event6   TOUCH_FRAME                  +29.770s	
1787598431.169  event6   TOUCH_MOTION              2  +29.779s	0 (0) 39.93/87.42 (127.83/157.50mm)
1787598431.169  event6   TOUCH_MOTION              3  +29.779s	1 (1) 59.55/21.74 (190.67/39.17mm)
1787598431.169  event6   TOUCH_FRAME                  +29.779s	
1787598431.179  event6   TOUCH_MOTION              2  +29.789s	0 (0) 39.93/87.60 (127.83/157.83mm)
1787598431.179  event6   TOUCH_FRAME                  +29.789s	
1787598431.188  event6   TOUCH_MOTION              2  +29.798s	0 (0) 39.88/87.79 (127.67/158.17mm)
1787598431.188  event6   TOUCH_MOTION              3  +29.798s	1 (1) 59.55/21.65 (190.67/39.00mm)
1787598431.188  event6   TOUCH_FRAME                  +29.798s	
1787598431.197  event6   TOUCH_MOTION              2  +29.807s	0 (0) 39.82/87.88 (127.50/158.33mm)
1787598431.197  event6   TOUCH_FRAME                  +29.807s	
1787598431.206  event6   TOUCH_MOTION              2  +29.816s	0 (0) 39.77/88.16 (127.33/158.83mm)
1787598431.206  event6   TOUCH_FRAME                  +29.816s	
1787598431.215  event6   TOUCH_MOTION              2  +29.825s	0 (0) 39.72/88.34 (127.17/159.17mm)
1787598431.215  event6   TOUCH_FRAME                  +29.825s	
1787598431.223  event6   TOUCH_MOTION              2  +29.834s	0 (0) 39.67/88.53 (127.00/159.50mm)
1787598431.223  event6   TOUCH_FRAME                  +29.834s	
1787598431.233  event6   TOUCH_MOTION              2  +29.843s	0 (0) 39.67/88.62 (127.00/159.67mm)
1787598431.233  event6   TOUCH_FRAME                  +29.843s	
1787598431.242  event6   TOUCH_MOTION              2  +29.853s	0 (0) 39.46/89.27 (126.33/160.83mm)
1787598431.243  event6   TOUCH_MOTION              3  +29.853s	1 (1) 59.60/21.55 (190.83/38.83mm)
1787598431.243  event6   TOUCH_FRAME                  +29.853s	
1787598431.262  event6   TOUCH_MOTION              2  +29.872s	0 (0) 39.46/89.36 (126.33/161.00mm)
1787598431.262  event6   TOUCH_FRAME                  +29.872s	
1787598431.270  event6   TOUCH_MOTION              2  +29.880s	0 (0) 39.41/89.45 (126.17/161.17mm)
1787598431.270  event6   TOUCH_FRAME                  +29.880s	
1787598431.279  event6   TOUCH_MOTION              2  +29.889s	0 (0) 39.25/89.55 (125.67/161.33mm)
1787598431.279  event6   TOUCH_FRAME                  +29.889s	
1787598431.288  event6   TOUCH_MOTION              2  +29.898s	0 (0) 39.20/89.64 (125.50/161.50mm)
1787598431.288  event6   TOUCH_FRAME                  +29.898s	
1787598431.298  event6   TOUCH_MOTION              2  +29.908s	0 (0) 39.09/89.64 (125.17/161.50mm)
1787598431.298  event6   TOUCH_DOWN                   +29.908s	2 (2) 65.85/52.73 (210.83/95.00mm)
1787598431.298  event6   TOUCH_FRAME                  +29.908s	
1787598431.307  event6   TOUCH_MOTION                 +29.917s	0 (0) 39.04/89.73 (125.00/161.67mm)
1787598431.307  event6   TOUCH_FRAME                  +29.917s	
1787598431.316  event6   TOUCH_MOTION              2  +29.926s	0 (0) 39.04/89.82 (125.00/161.83mm)
1787598431.316  event6   TOUCH_FRAME                  +29.926s	
1787598431.325  event6   TOUCH_MOTION              2  +29.935s	0 (0) 38.99/89.92 (124.83/162.00mm)
1787598431.325  event6   TOUCH_FRAME                  +29.935s	
1787598431.334  event6   TOUCH_MOTION              2  +29.944s	0 (0) 38.94/90.01 (124.67/162.17mm)
1787598431.334  event6   TOUCH_FRAME                  +29.944s	
1787598431.343  event6   TOUCH_MOTION              2  +29.953s	0 (0) 38.89/90.01 (124.50/162.17mm)
1787598431.343  event6   TOUCH_FRAME                  +29.953s	
1787598431.352  event6   TOUCH_MOTION              2  +29.962s	0 (0) 38.83/90.10 (124.33/162.33mm)
1787598431.352  event6   TOUCH_FRAME                  +29.962s	
1787598431.362  event6   TOUCH_MOTION              2  +29.972s	0 (0) 38.78/90.10 (124.17/162.33mm)
1787598431.362  event6   TOUCH_FRAME                  +29.972s	
1787598431.370  event6   TOUCH_MOTION              2  +29.980s	0 (0) 38.78/90.19 (124.17/162.50mm)
1787598431.370  event6   TOUCH_FRAME                  +29.980s	
1787598431.398  event6   TOUCH_MOTION              2  +30.008s	0 (0) 38.78/90.29 (124.17/162.67mm)
1787598431.398  event6   TOUCH_FRAME                  +30.008s	
1787598431.407  event6   TOUCH_UP                     +30.017s	2 (2)
1787598431.407  event6   TOUCH_FRAME                  +30.017s	
1787598431.416  event6   TOUCH_MOTION                 +30.026s	0 (0) 38.57/90.56 (123.50/163.17mm)
1787598431.416  event6   TOUCH_MOTION              2  +30.026s	1 (1) 59.60/21.74 (190.83/39.17mm)
1787598431.416  event6   TOUCH_FRAME                  +30.026s	
1787598431.462  event6   TOUCH_MOTION              2  +30.072s	1 (1) 59.60/21.83 (190.83/39.33mm)
1787598431.462  event6   TOUCH_FRAME                  +30.072s	
1787598431.471  event6   TOUCH_MOTION              2  +30.081s	1 (1) 59.60/21.92 (190.83/39.50mm)
1787598431.471  event6   TOUCH_FRAME                  +30.081s	
1787598431.489  event6   TOUCH_MOTION              2  +30.099s	1 (1) 59.60/22.02 (190.83/39.67mm)
1787598431.489  event6   TOUCH_FRAME                  +30.099s	
1787598431.498  event6   TOUCH_MOTION              2  +30.108s	1 (1) 59.60/22.11 (190.83/39.83mm)
1787598431.498  event6   TOUCH_FRAME                  +30.108s	
1787598431.507  event6   TOUCH_MOTION              2  +30.117s	1 (1) 59.60/22.20 (190.83/40.00mm)
1787598431.507  event6   TOUCH_FRAME                  +30.117s	
1787598431.517  event6   TOUCH_MOTION              2  +30.127s	1 (1) 59.60/22.29 (190.83/40.17mm)
1787598431.517  event6   TOUCH_FRAME                  +30.127s	
1787598431.544  event6   TOUCH_MOTION              2  +30.154s	1 (1) 59.60/22.39 (190.83/40.33mm)
1787598431.544  event6   TOUCH_FRAME                  +30.154s	
1787598431.553  event6   TOUCH_MOTION              2  +30.163s	1 (1) 59.60/22.48 (190.83/40.50mm)
1787598431.553  event6   TOUCH_FRAME                  +30.163s	
1787598431.562  event6   TOUCH_MOTION              2  +30.172s	1 (1) 59.60/22.57 (190.83/40.67mm)
1787598431.562  event6   TOUCH_FRAME                  +30.172s	
1787598431.571  event6   TOUCH_MOTION              2  +30.181s	0 (0) 38.57/90.47 (123.50/163.00mm)
1787598431.571  event6   TOUCH_MOTION              3  +30.181s	1 (1) 59.60/22.66 (190.83/40.83mm)
1787598431.571  event6   TOUCH_FRAME                  +30.181s	
1787598431.580  event6   TOUCH_MOTION              2  +30.190s	0 (0) 38.57/90.38 (123.50/162.83mm)
1787598431.580  event6   TOUCH_MOTION              3  +30.190s	1 (1) 59.60/22.76 (190.83/41.00mm)
1787598431.580  event6   TOUCH_FRAME                  +30.190s	
1787598431.590  event6   TOUCH_MOTION              2  +30.200s	0 (0) 38.57/90.29 (123.50/162.67mm)
1787598431.590  event6   TOUCH_MOTION              3  +30.200s	1 (1) 59.55/23.03 (190.67/41.50mm)
1787598431.590  event6   TOUCH_FRAME                  +30.200s	
1787598431.599  event6   TOUCH_MOTION              2  +30.209s	0 (0) 38.57/90.10 (123.50/162.33mm)
1787598431.599  event6   TOUCH_MOTION              3  +30.209s	1 (1) 59.55/23.40 (190.67/42.17mm)
1787598431.599  event6   TOUCH_FRAME                  +30.209s	
1787598431.608  event6   TOUCH_MOTION              2  +30.218s	0 (0) 38.57/90.01 (123.50/162.17mm)
1787598431.608  event6   TOUCH_MOTION              3  +30.218s	1 (1) 59.45/23.59 (190.33/42.50mm)
1787598431.608  event6   TOUCH_FRAME                  +30.218s	
1787598431.617  event6   TOUCH_MOTION              2  +30.227s	0 (0) 38.63/89.73 (123.67/161.67mm)
1787598431.617  event6   TOUCH_MOTION              3  +30.227s	1 (1) 59.34/23.77 (190.00/42.83mm)
1787598431.617  event6   TOUCH_FRAME                  +30.227s	
1787598431.626  event6   TOUCH_MOTION              2  +30.236s	0 (0) 38.68/89.55 (123.83/161.33mm)
1787598431.626  event6   TOUCH_MOTION              3  +30.236s	1 (1) 59.29/24.05 (189.83/43.33mm)
1787598431.626  event6   TOUCH_FRAME                  +30.236s	
1787598431.635  event6   TOUCH_MOTION              2  +30.245s	0 (0) 38.73/89.18 (124.00/160.67mm)
1787598431.635  event6   TOUCH_MOTION              3  +30.245s	1 (1) 59.19/24.14 (189.50/43.50mm)
1787598431.635  event6   TOUCH_FRAME                  +30.245s	
1787598431.644  event6   TOUCH_MOTION              2  +30.254s	0 (0) 38.89/88.71 (124.50/159.83mm)
1787598431.644  event6   TOUCH_MOTION              3  +30.254s	1 (1) 59.08/24.24 (189.17/43.67mm)
1787598431.644  event6   TOUCH_FRAME                  +30.254s	
1787598431.654  event6   TOUCH_MOTION              2  +30.264s	0 (0) 39.04/88.16 (125.00/158.83mm)
1787598431.654  event6   TOUCH_MOTION              3  +30.264s	1 (1) 58.98/24.42 (188.83/44.00mm)
1787598431.654  event6   TOUCH_FRAME                  +30.264s	
1787598431.663  event6   TOUCH_MOTION              2  +30.273s	0 (0) 39.09/87.51 (125.17/157.67mm)
1787598431.663  event6   TOUCH_MOTION              3  +30.273s	1 (1) 58.88/24.61 (188.50/44.33mm)
1787598431.663  event6   TOUCH_FRAME                  +30.273s	
1787598431.672  event6   TOUCH_MOTION              2  +30.282s	0 (0) 39.25/86.96 (125.67/156.67mm)
1787598431.672  event6   TOUCH_MOTION              3  +30.282s	1 (1) 58.72/24.88 (188.00/44.83mm)
1787598431.672  event6   TOUCH_FRAME                  +30.282s	
1787598431.681  event6   TOUCH_MOTION              2  +30.291s	0 (0) 39.46/86.22 (126.33/155.33mm)
1787598431.681  event6   TOUCH_MOTION              3  +30.291s	1 (1) 58.56/25.07 (187.50/45.17mm)
1787598431.681  event6   TOUCH_FRAME                  +30.291s	
1787598431.690  event6   TOUCH_MOTION              2  +30.300s	0 (0) 39.61/85.66 (126.83/154.33mm)
1787598431.690  event6   TOUCH_MOTION              3  +30.300s	1 (1) 58.36/25.35 (186.83/45.67mm)
1787598431.690  event6   TOUCH_FRAME                  +30.300s	
1787598431.699  event6   TOUCH_MOTION              2  +30.309s	0 (0) 39.77/85.01 (127.33/153.17mm)
1787598431.699  event6   TOUCH_MOTION              3  +30.309s	1 (1) 58.09/25.72 (186.00/46.33mm)
1787598431.699  event6   TOUCH_FRAME                  +30.309s	
1787598431.708  event6   TOUCH_MOTION              2  +30.318s	0 (0) 40.03/84.37 (128.17/152.00mm)
1787598431.708  event6   TOUCH_MOTION              3  +30.318s	1 (1) 57.83/26.09 (185.17/47.00mm)
1787598431.708  event6   TOUCH_FRAME                  +30.318s	
1787598431.717  event6   TOUCH_MOTION              2  +30.327s	0 (0) 40.24/83.63 (128.83/150.67mm)
1787598431.717  event6   TOUCH_MOTION              3  +30.327s	1 (1) 57.52/26.46 (184.17/47.67mm)
1787598431.717  event6   TOUCH_FRAME                  +30.327s	
1787598431.727  event6   TOUCH_MOTION              2  +30.337s	0 (0) 40.40/82.98 (129.33/149.50mm)
1787598431.727  event6   TOUCH_MOTION              3  +30.337s	1 (1) 57.26/26.83 (183.33/48.33mm)
1787598431.727  event6   TOUCH_FRAME                  +30.337s	
1787598431.736  event6   TOUCH_MOTION              2  +30.346s	0 (0) 40.60/82.33 (130.00/148.33mm)
1787598431.736  event6   TOUCH_MOTION              3  +30.346s	1 (1) 56.95/27.10 (182.33/48.83mm)
1787598431.736  event6   TOUCH_FRAME                  +30.346s	
1787598431.745  event6   TOUCH_MOTION              2  +30.355s	0 (0) 40.76/81.68 (130.50/147.17mm)
1787598431.745  event6   TOUCH_MOTION              3  +30.355s	1 (1) 56.64/27.57 (181.33/49.67mm)
1787598431.745  event6   TOUCH_FRAME                  +30.355s	
1787598431.754  event6   TOUCH_MOTION              2  +30.364s	0 (0) 40.92/81.04 (131.00/146.00mm)
1787598431.754  event6   TOUCH_MOTION              3  +30.364s	1 (1) 56.38/27.94 (180.50/50.33mm)
1787598431.754  event6   TOUCH_FRAME                  +30.364s	
1787598431.763  event6   TOUCH_MOTION              2  +30.373s	0 (0) 41.07/80.39 (131.50/144.83mm)
1787598431.763  event6   TOUCH_MOTION              3  +30.373s	1 (1) 56.12/28.31 (179.67/51.00mm)
1787598431.763  event6   TOUCH_FRAME                  +30.373s	
1787598431.772  event6   TOUCH_MOTION              2  +30.382s	0 (0) 41.23/79.83 (132.00/143.83mm)
1787598431.772  event6   TOUCH_MOTION              3  +30.382s	1 (1) 55.86/28.68 (178.83/51.67mm)
1787598431.772  event6   TOUCH_FRAME                  +30.382s	
1787598431.781  event6   TOUCH_MOTION              2  +30.391s	0 (0) 41.49/79.19 (132.83/142.67mm)
1787598431.781  event6   TOUCH_MOTION              3  +30.391s	1 (1) 55.60/29.14 (178.00/52.50mm)
1787598431.781  event6   TOUCH_FRAME                  +30.391s	
1787598431.791  event6   TOUCH_MOTION              2  +30.401s	0 (0) 41.64/78.63 (133.33/141.67mm)
1787598431.791  event6   TOUCH_MOTION              3  +30.401s	1 (1) 55.34/29.69 (177.17/53.50mm)
1787598431.791  event6   TOUCH_FRAME                  +30.401s	
1787598431.800  event6   TOUCH_MOTION              2  +30.410s	0 (0) 41.80/78.08 (133.83/140.67mm)
1787598431.800  event6   TOUCH_MOTION              3  +30.410s	1 (1) 55.08/30.25 (176.33/54.50mm)
1787598431.800  event6   TOUCH_FRAME                  +30.410s	
1787598431.809  event6   TOUCH_MOTION              2  +30.419s	0 (0) 41.96/77.61 (134.33/139.83mm)
1787598431.809  event6   TOUCH_MOTION              3  +30.419s	1 (1) 54.87/30.80 (175.67/55.50mm)
1787598431.809  event6   TOUCH_FRAME                  +30.419s	
1787598431.818  event6   TOUCH_MOTION              2  +30.428s	0 (0) 42.11/77.15 (134.83/139.00mm)
1787598431.818  event6   TOUCH_MOTION              3  +30.428s	1 (1) 54.66/31.36 (175.00/56.50mm)
1787598431.818  event6   TOUCH_FRAME                  +30.428s	
1787598431.827  event6   TOUCH_MOTION              2  +30.437s	0 (0) 42.22/76.78 (135.17/138.33mm)
1787598431.827  event6   TOUCH_MOTION              3  +30.437s	1 (1) 54.40/32.01 (174.17/57.67mm)
1787598431.827  event6   TOUCH_FRAME                  +30.437s	
1787598431.836  event6   TOUCH_MOTION              2  +30.446s	0 (0) 42.37/76.41 (135.67/137.67mm)
1787598431.836  event6   TOUCH_MOTION              3  +30.446s	1 (1) 54.19/32.56 (173.50/58.67mm)
1787598431.836  event6   TOUCH_FRAME                  +30.446s	
1787598431.845  event6   TOUCH_MOTION              2  +30.455s	0 (0) 42.48/76.04 (136.00/137.00mm)
1787598431.845  event6   TOUCH_MOTION              3  +30.455s	1 (1) 53.98/33.21 (172.83/59.83mm)
1787598431.845  event6   TOUCH_FRAME                  +30.455s	
1787598431.854  event6   TOUCH_MOTION              2  +30.464s	0 (0) 42.58/75.67 (136.33/136.33mm)
1787598431.854  event6   TOUCH_MOTION              3  +30.464s	1 (1) 53.72/33.67 (172.00/60.67mm)
1787598431.854  event6   TOUCH_FRAME                  +30.464s	
1787598431.864  event6   TOUCH_MOTION              2  +30.474s	0 (0) 42.74/75.30 (136.83/135.67mm)
1787598431.864  event6   TOUCH_MOTION              3  +30.474s	1 (1) 53.57/34.32 (171.50/61.83mm)
1787598431.864  event6   TOUCH_FRAME                  +30.474s	
1787598431.873  event6   TOUCH_MOTION              2  +30.483s	0 (0) 42.79/75.02 (137.00/135.17mm)
1787598431.873  event6   TOUCH_MOTION              3  +30.483s	1 (1) 53.41/34.88 (171.00/62.83mm)
1787598431.873  event6   TOUCH_FRAME                  +30.483s	
1787598431.882  event6   TOUCH_MOTION              2  +30.492s	0 (0) 42.89/74.75 (137.33/134.67mm)
1787598431.882  event6   TOUCH_MOTION              3  +30.492s	1 (1) 53.25/35.43 (170.50/63.83mm)
1787598431.882  event6   TOUCH_FRAME                  +30.492s	
1787598431.891  event6   TOUCH_MOTION              2  +30.501s	0 (0) 43.05/74.47 (137.83/134.17mm)
1787598431.891  event6   TOUCH_MOTION              3  +30.501s	1 (1) 53.10/35.99 (170.00/64.83mm)
1787598431.891  event6   TOUCH_FRAME                  +30.501s	
1787598431.900  event6   TOUCH_MOTION              2  +30.510s	0 (0) 43.15/74.10 (138.17/133.50mm)
1787598431.900  event6   TOUCH_MOTION              3  +30.510s	1 (1) 52.89/36.63 (169.33/66.00mm)
1787598431.900  event6   TOUCH_FRAME                  +30.510s	
1787598431.909  event6   TOUCH_MOTION              2  +30.519s	0 (0) 43.26/73.73 (138.50/132.83mm)
1787598431.909  event6   TOUCH_MOTION              3  +30.519s	1 (1) 52.68/37.28 (168.67/67.17mm)
1787598431.909  event6   TOUCH_FRAME                  +30.519s	
1787598431.918  event6   TOUCH_MOTION              2  +30.528s	0 (0) 43.36/73.36 (138.83/132.17mm)
1787598431.918  event6   TOUCH_MOTION              3  +30.528s	1 (1) 52.52/37.84 (168.17/68.17mm)
1787598431.918  event6   TOUCH_FRAME                  +30.528s	
1787598431.927  event6   TOUCH_MOTION              2  +30.537s	0 (0) 43.47/72.99 (139.17/131.50mm)
1787598431.927  event6   TOUCH_MOTION              3  +30.537s	1 (1) 52.37/38.39 (167.67/69.17mm)
1787598431.927  event6   TOUCH_FRAME                  +30.537s	
1787598431.937  event6   TOUCH_MOTION              2  +30.547s	0 (0) 43.57/72.71 (139.50/131.00mm)
1787598431.937  event6   TOUCH_MOTION              3  +30.547s	1 (1) 52.16/38.85 (167.00/70.00mm)
1787598431.937  event6   TOUCH_FRAME                  +30.547s	
1787598431.946  event6   TOUCH_MOTION              2  +30.556s	0 (0) 43.68/72.53 (139.83/130.67mm)
1787598431.946  event6   TOUCH_MOTION              3  +30.556s	1 (1) 52.06/39.32 (166.67/70.83mm)
1787598431.946  event6   TOUCH_FRAME                  +30.556s	
1787598431.955  event6   TOUCH_MOTION              2  +30.565s	0 (0) 43.73/72.25 (140.00/130.17mm)
1787598431.955  event6   TOUCH_MOTION              3  +30.565s	1 (1) 51.95/39.69 (166.33/71.50mm)
1787598431.955  event6   TOUCH_FRAME                  +30.565s	
1787598431.964  event6   TOUCH_MOTION              2  +30.574s	0 (0) 43.78/72.06 (140.17/129.83mm)
1787598431.964  event6   TOUCH_MOTION              3  +30.574s	1 (1) 51.80/40.06 (165.83/72.17mm)
1787598431.964  event6   TOUCH_FRAME                  +30.574s	
1787598431.973  event6   TOUCH_MOTION              2  +30.583s	0 (0) 43.88/71.79 (140.50/129.33mm)
1787598431.973  event6   TOUCH_MOTION              3  +30.583s	1 (1) 51.69/40.43 (165.50/72.83mm)
1787598431.973  event6   TOUCH_FRAME                  +30.583s	
1787598431.982  event6   TOUCH_MOTION              2  +30.592s	0 (0) 43.94/71.51 (140.67/128.83mm)
1787598431.982  event6   TOUCH_MOTION              3  +30.592s	1 (1) 51.54/40.80 (165.00/73.50mm)
1787598431.982  event6   TOUCH_FRAME                  +30.592s	
1787598431.991  event6   TOUCH_MOTION              2  +30.601s	0 (0) 44.04/71.14 (141.00/128.17mm)
1787598431.991  event6   TOUCH_MOTION              3  +30.601s	1 (1) 51.48/41.17 (164.83/74.17mm)
1787598431.991  event6   TOUCH_FRAME                  +30.601s	
1787598432.001  event6   TOUCH_MOTION              2  +30.611s	0 (0) 44.14/70.86 (141.33/127.67mm)
1787598432.001  event6   TOUCH_MOTION              3  +30.611s	1 (1) 51.33/41.63 (164.33/75.00mm)
1787598432.001  event6   TOUCH_FRAME                  +30.611s	
1787598432.010  event6   TOUCH_MOTION              2  +30.620s	0 (0) 44.20/70.58 (141.50/127.17mm)
1787598432.010  event6   TOUCH_MOTION              3  +30.620s	1 (1) 51.22/42.00 (164.00/75.67mm)
1787598432.010  event6   TOUCH_FRAME                  +30.620s	
1787598432.019  event6   TOUCH_MOTION              2  +30.629s	0 (0) 44.35/70.31 (142.00/126.67mm)
1787598432.019  event6   TOUCH_MOTION              3  +30.629s	1 (1) 51.07/42.37 (163.50/76.33mm)
1787598432.019  event6   TOUCH_FRAME                  +30.629s	
1787598432.029  event6   TOUCH_MOTION              2  +30.639s	0 (0) 44.35/70.12 (142.00/126.33mm)
1787598432.029  event6   TOUCH_MOTION              3  +30.639s	1 (1) 51.07/42.55 (163.50/76.67mm)
1787598432.029  event6   TOUCH_FRAME                  +30.639s	
1787598432.039  event6   TOUCH_MOTION              2  +30.649s	0 (0) 44.51/69.75 (142.50/125.67mm)
1787598432.039  event6   TOUCH_MOTION              3  +30.649s	1 (1) 50.91/42.92 (163.00/77.33mm)
1787598432.039  event6   TOUCH_FRAME                  +30.649s	
1787598432.049  event6   TOUCH_MOTION              2  +30.659s	0 (0) 44.56/69.57 (142.67/125.33mm)
1787598432.049  event6   TOUCH_MOTION              3  +30.659s	1 (1) 50.86/43.11 (162.83/77.67mm)
1787598432.049  event6   TOUCH_FRAME                  +30.659s	
1787598432.058  event6   TOUCH_MOTION              2  +30.668s	0 (0) 44.61/69.38 (142.83/125.00mm)
1787598432.058  event6   TOUCH_MOTION              3  +30.668s	1 (1) 50.86/43.29 (162.83/78.00mm)
1787598432.058  event6   TOUCH_FRAME                  +30.668s	
1787598432.068  event6   TOUCH_MOTION              2  +30.678s	0 (0) 44.66/69.20 (143.00/124.67mm)
1787598432.068  event6   TOUCH_MOTION              3  +30.678s	1 (1) 50.81/43.48 (162.67/78.33mm)
1787598432.068  event6   TOUCH_FRAME                  +30.678s	
1787598432.078  event6   TOUCH_MOTION              2  +30.688s	0 (0) 44.77/68.92 (143.33/124.17mm)
1787598432.078  event6   TOUCH_MOTION              3  +30.688s	1 (1) 50.75/43.66 (162.50/78.67mm)
1787598432.078  event6   TOUCH_FRAME                  +30.688s	
1787598432.088  event6   TOUCH_MOTION              2  +30.698s	0 (0) 44.82/68.73 (143.50/123.83mm)
1787598432.088  event6   TOUCH_MOTION              3  +30.698s	1 (1) 50.70/43.85 (162.33/79.00mm)
1787598432.088  event6   TOUCH_FRAME                  +30.698s	
1787598432.098  event6   TOUCH_MOTION              2  +30.708s	0 (0) 44.92/68.46 (143.83/123.33mm)
1787598432.098  event6   TOUCH_MOTION              3  +30.708s	1 (1) 50.65/44.22 (162.17/79.67mm)
1787598432.098  event6   TOUCH_FRAME                  +30.708s	
1787598432.108  event6   TOUCH_MOTION              2  +30.718s	0 (0) 45.03/68.27 (144.17/123.00mm)
1787598432.108  event6   TOUCH_MOTION              3  +30.718s	1 (1) 50.60/44.50 (162.00/80.17mm)
1787598432.108  event6   TOUCH_FRAME                  +30.718s	
1787598432.118  event6   TOUCH_MOTION              2  +30.728s	0 (0) 45.08/67.99 (144.33/122.50mm)
1787598432.118  event6   TOUCH_MOTION              3  +30.728s	1 (1) 50.60/44.77 (162.00/80.67mm)
1787598432.118  event6   TOUCH_FRAME                  +30.728s	
1787598432.128  event6   TOUCH_MOTION              2  +30.738s	0 (0) 45.18/67.72 (144.67/122.00mm)
1787598432.128  event6   TOUCH_MOTION              3  +30.738s	1 (1) 50.55/45.05 (161.83/81.17mm)
1787598432.128  event6   TOUCH_FRAME                  +30.738s	
1787598432.137  event6   TOUCH_MOTION              2  +30.747s	0 (0) 45.29/67.35 (145.00/121.33mm)
1787598432.137  event6   TOUCH_MOTION              3  +30.747s	1 (1) 50.49/45.33 (161.67/81.67mm)
1787598432.137  event6   TOUCH_FRAME                  +30.747s	
1787598432.147  event6   TOUCH_MOTION              2  +30.757s	0 (0) 45.45/67.07 (145.50/120.83mm)
1787598432.147  event6   TOUCH_MOTION              3  +30.757s	1 (1) 50.39/45.70 (161.33/82.33mm)
1787598432.147  event6   TOUCH_FRAME                  +30.757s	
1787598432.157  event6   TOUCH_MOTION              2  +30.767s	0 (0) 45.55/66.88 (145.83/120.50mm)
1787598432.157  event6   TOUCH_MOTION              3  +30.767s	1 (1) 50.34/46.07 (161.17/83.00mm)
1787598432.157  event6   TOUCH_FRAME                  +30.767s	
1787598432.167  event6   TOUCH_MOTION              2  +30.777s	0 (0) 45.71/66.60 (146.33/120.00mm)
1787598432.167  event6   TOUCH_MOTION              3  +30.777s	1 (1) 50.23/46.44 (160.83/83.67mm)
1787598432.167  event6   TOUCH_FRAME                  +30.777s	
1787598432.177  event6   TOUCH_MOTION              2  +30.787s	0 (0) 45.81/66.42 (146.67/119.67mm)
1787598432.177  event6   TOUCH_MOTION              3  +30.787s	1 (1) 50.18/46.90 (160.67/84.50mm)
1787598432.177  event6   TOUCH_FRAME                  +30.787s	
1787598432.187  event6   TOUCH_MOTION              2  +30.797s	0 (0) 45.91/66.14 (147.00/119.17mm)
1787598432.187  event6   TOUCH_MOTION              3  +30.797s	1 (1) 50.08/47.46 (160.33/85.50mm)
1787598432.187  event6   TOUCH_FRAME                  +30.797s	
1787598432.197  event6   TOUCH_MOTION              2  +30.807s	0 (0) 46.07/65.86 (147.50/118.67mm)
1787598432.197  event6   TOUCH_MOTION              3  +30.807s	1 (1) 49.97/48.01 (160.00/86.50mm)
1787598432.197  event6   TOUCH_FRAME                  +30.807s	
1787598432.206  event6   TOUCH_MOTION              2  +30.816s	1 (1) 49.92/48.38 (159.83/87.17mm)
1787598432.206  event6   TOUCH_FRAME                  +30.816s	
1787598432.216  event6   TOUCH_MOTION              2  +30.826s	1 (1) 49.77/49.21 (159.33/88.67mm)
1787598432.216  event6   TOUCH_FRAME                  +30.826s	
1787598432.248  event6   TOUCH_UP                     +30.858s	0 (0)
1787598432.248  event6   TOUCH_FRAME                  +30.858s	
1787598432.268  event6   TOUCH_UP                     +30.878s	1 (1)
1787598432.268  event6   TOUCH_FRAME                  +30.878s	
1787598432.831  event6   TOUCH_DOWN                   +31.441s	0 (0) 76.52/35.71 (245.00/64.33mm)
1787598432.831  event6   TOUCH_FRAME                  +31.441s	
1787598432.949  event6   TOUCH_MOTION                 +31.559s	0 (0) 76.11/35.89 (243.67/64.67mm)
1787598432.949  event6   TOUCH_FRAME                  +31.559s	
1787598432.959  event6   TOUCH_MOTION              2  +31.569s	0 (0) 75.48/36.26 (241.67/65.33mm)
1787598432.959  event6   TOUCH_FRAME                  +31.569s	
1787598432.969  event6   TOUCH_MOTION              2  +31.579s	0 (0) 75.38/36.26 (241.33/65.33mm)
1787598432.969  event6   TOUCH_FRAME                  +31.579s	
1787598432.978  event6   TOUCH_MOTION              2  +31.588s	0 (0) 75.17/36.45 (240.67/65.67mm)
1787598432.978  event6   TOUCH_FRAME                  +31.588s	
1787598432.986  event6   TOUCH_MOTION              2  +31.596s	0 (0) 74.96/36.63 (240.00/66.00mm)
1787598432.986  event6   TOUCH_FRAME                  +31.596s	
1787598432.995  event6   TOUCH_MOTION              2  +31.605s	0 (0) 74.65/36.82 (239.00/66.33mm)
1787598432.995  event6   TOUCH_FRAME                  +31.605s	
1787598433.005  event6   TOUCH_MOTION              2  +31.615s	0 (0) 74.34/37.10 (238.00/66.83mm)
1787598433.005  event6   TOUCH_DOWN                   +31.615s	1 (1) 28.47/72.25 (91.17/130.17mm)
1787598433.005  event6   TOUCH_FRAME                  +31.615s	
1787598433.014  event6   TOUCH_MOTION                 +31.624s	0 (0) 74.02/37.47 (237.00/67.50mm)
1787598433.014  event6   TOUCH_MOTION              2  +31.624s	1 (1) 28.58/72.16 (91.50/130.00mm)
1787598433.014  event6   TOUCH_FRAME                  +31.624s	
1787598433.023  event6   TOUCH_MOTION              2  +31.633s	0 (0) 73.82/37.74 (236.33/68.00mm)
1787598433.023  event6   TOUCH_MOTION              3  +31.633s	1 (1) 28.74/71.97 (92.00/129.67mm)
1787598433.023  event6   TOUCH_FRAME                  +31.633s	
1787598433.032  event6   TOUCH_MOTION              2  +31.642s	0 (0) 73.56/38.02 (235.50/68.50mm)
1787598433.032  event6   TOUCH_MOTION              3  +31.642s	1 (1) 28.94/71.79 (92.67/129.33mm)
1787598433.032  event6   TOUCH_FRAME                  +31.642s	
1787598433.041  event6   TOUCH_MOTION              2  +31.651s	0 (0) 73.30/38.21 (234.67/68.83mm)
1787598433.041  event6   TOUCH_MOTION              3  +31.651s	1 (1) 29.15/71.51 (93.33/128.83mm)
1787598433.041  event6   TOUCH_FRAME                  +31.651s	
1787598433.050  event6   TOUCH_MOTION              2  +31.660s	0 (0) 73.03/38.48 (233.83/69.33mm)
1787598433.050  event6   TOUCH_MOTION              3  +31.660s	1 (1) 29.31/71.32 (93.83/128.50mm)
1787598433.050  event6   TOUCH_FRAME                  +31.660s	
1787598433.059  event6   TOUCH_MOTION              2  +31.669s	0 (0) 72.77/38.58 (233.00/69.50mm)
1787598433.059  event6   TOUCH_MOTION              3  +31.669s	1 (1) 29.52/71.05 (94.50/128.00mm)
1787598433.059  event6   TOUCH_FRAME                  +31.669s	
1787598433.069  event6   TOUCH_MOTION              2  +31.679s	0 (0) 72.51/38.76 (232.17/69.83mm)
1787598433.069  event6   TOUCH_MOTION              3  +31.679s	1 (1) 29.67/70.77 (95.00/127.50mm)
1787598433.069  event6   TOUCH_FRAME                  +31.679s	
1787598433.078  event6   TOUCH_MOTION              2  +31.688s	0 (0) 72.25/38.95 (231.33/70.17mm)
1787598433.078  event6   TOUCH_MOTION              3  +31.688s	1 (1) 29.88/70.58 (95.67/127.17mm)
1787598433.078  event6   TOUCH_FRAME                  +31.688s	
1787598433.087  event6   TOUCH_MOTION              2  +31.697s	0 (0) 72.05/39.04 (230.67/70.33mm)
1787598433.087  event6   TOUCH_MOTION              3  +31.697s	1 (1) 30.09/70.31 (96.33/126.67mm)
1787598433.087  event6   TOUCH_FRAME                  +31.697s	
1787598433.096  event6   TOUCH_MOTION              2  +31.706s	0 (0) 71.84/39.22 (230.00/70.67mm)
1787598433.096  event6   TOUCH_MOTION              3  +31.706s	1 (1) 30.24/70.03 (96.83/126.17mm)
1787598433.096  event6   TOUCH_FRAME                  +31.706s	
1787598433.105  event6   TOUCH_MOTION              2  +31.715s	0 (0) 71.58/39.32 (229.17/70.83mm)
1787598433.105  event6   TOUCH_MOTION              3  +31.715s	1 (1) 30.40/69.84 (97.33/125.83mm)
1787598433.105  event6   TOUCH_FRAME                  +31.715s	
1787598433.114  event6   TOUCH_MOTION              2  +31.724s	0 (0) 71.32/39.50 (228.33/71.17mm)
1787598433.114  event6   TOUCH_MOTION              3  +31.724s	1 (1) 30.56/69.57 (97.83/125.33mm)
1787598433.114  event6   TOUCH_FRAME                  +31.724s	
1787598433.123  event6   TOUCH_MOTION              2  +31.733s	0 (0) 71.11/39.59 (227.67/71.33mm)
1787598433.123  event6   TOUCH_MOTION              3  +31.733s	1 (1) 30.71/69.38 (98.33/125.00mm)
1787598433.123  event6   TOUCH_FRAME                  +31.733s	
1787598433.133  event6   TOUCH_MOTION              2  +31.743s	0 (0) 70.90/39.69 (227.00/71.50mm)
1787598433.133  event6   TOUCH_MOTION              3  +31.743s	1 (1) 30.87/69.20 (98.83/124.67mm)
1787598433.133  event6   TOUCH_FRAME                  +31.743s	
1787598433.142  event6   TOUCH_MOTION              2  +31.752s	0 (0) 70.69/39.87 (226.33/71.83mm)
1787598433.142  event6   TOUCH_MOTION              3  +31.752s	1 (1) 31.03/68.92 (99.33/124.17mm)
1787598433.142  event6   TOUCH_FRAME                  +31.752s	
1787598433.151  event6   TOUCH_MOTION              2  +31.761s	0 (0) 70.43/40.06 (225.50/72.17mm)
1787598433.151  event6   TOUCH_MOTION              3  +31.761s	1 (1) 31.23/68.73 (100.00/123.83mm)
1787598433.151  event6   TOUCH_FRAME                  +31.761s	
1787598433.160  event6   TOUCH_MOTION              2  +31.770s	0 (0) 70.22/40.24 (224.83/72.50mm)
1787598433.160  event6   TOUCH_MOTION              3  +31.770s	1 (1) 31.39/68.55 (100.50/123.50mm)
1787598433.160  event6   TOUCH_FRAME                  +31.770s	
1787598433.169  event6   TOUCH_MOTION              2  +31.779s	0 (0) 70.02/40.43 (224.17/72.83mm)
1787598433.169  event6   TOUCH_MOTION              3  +31.779s	1 (1) 31.55/68.36 (101.00/123.17mm)
1787598433.169  event6   TOUCH_FRAME                  +31.779s	
1787598433.178  event6   TOUCH_MOTION              2  +31.788s	0 (0) 69.81/40.52 (223.50/73.00mm)
1787598433.178  event6   TOUCH_MOTION              3  +31.788s	1 (1) 31.70/68.09 (101.50/122.67mm)
1787598433.178  event6   TOUCH_FRAME                  +31.788s	
1787598433.187  event6   TOUCH_MOTION              2  +31.797s	0 (0) 69.60/40.70 (222.83/73.33mm)
1787598433.187  event6   TOUCH_MOTION              3  +31.797s	1 (1) 31.91/67.99 (102.17/122.50mm)
1787598433.187  event6   TOUCH_FRAME                  +31.797s	
1787598433.196  event6   TOUCH_MOTION              2  +31.806s	0 (0) 69.39/40.80 (222.17/73.50mm)
1787598433.196  event6   TOUCH_MOTION              3  +31.806s	1 (1) 32.12/67.81 (102.83/122.17mm)
1787598433.196  event6   TOUCH_FRAME                  +31.806s	
1787598433.206  event6   TOUCH_MOTION              2  +31.816s	0 (0) 69.18/40.98 (221.50/73.83mm)
1787598433.206  event6   TOUCH_MOTION              3  +31.816s	1 (1) 32.27/67.72 (103.33/122.00mm)
1787598433.206  event6   TOUCH_FRAME                  +31.816s	
1787598433.215  event6   TOUCH_MOTION              2  +31.825s	0 (0) 68.97/41.17 (220.83/74.17mm)
1787598433.215  event6   TOUCH_MOTION              3  +31.825s	1 (1) 32.43/67.53 (103.83/121.67mm)
1787598433.215  event6   TOUCH_FRAME                  +31.825s	
1787598433.224  event6   TOUCH_MOTION              2  +31.834s	0 (0) 68.77/41.26 (220.17/74.33mm)
1787598433.224  event6   TOUCH_MOTION              3  +31.834s	1 (1) 32.64/67.35 (104.50/121.33mm)
1787598433.224  event6   TOUCH_FRAME                  +31.834s	
1787598433.233  event6   TOUCH_MOTION              2  +31.843s	0 (0) 68.56/41.44 (219.50/74.67mm)
1787598433.233  event6   TOUCH_MOTION              3  +31.843s	1 (1) 32.85/67.16 (105.17/121.00mm)
1787598433.233  event6   TOUCH_FRAME                  +31.843s	
1787598433.242  event6   TOUCH_MOTION              2  +31.852s	0 (0) 68.40/41.63 (219.00/75.00mm)
1787598433.242  event6   TOUCH_MOTION              3  +31.852s	1 (1) 33.00/66.98 (105.67/120.67mm)
1787598433.242  event6   TOUCH_FRAME                  +31.852s	
1787598433.251  event6   TOUCH_MOTION              2  +31.861s	0 (0) 68.19/41.81 (218.33/75.33mm)
1787598433.251  event6   TOUCH_MOTION              3  +31.861s	1 (1) 33.21/66.88 (106.33/120.50mm)
1787598433.251  event6   TOUCH_FRAME                  +31.861s	
1787598433.260  event6   TOUCH_MOTION              2  +31.870s	0 (0) 67.99/42.00 (217.67/75.67mm)
1787598433.260  event6   TOUCH_MOTION              3  +31.870s	1 (1) 33.42/66.70 (107.00/120.17mm)
1787598433.260  event6   TOUCH_FRAME                  +31.870s	
1787598433.270  event6   TOUCH_MOTION              2  +31.880s	0 (0) 67.78/42.09 (217.00/75.83mm)
1787598433.270  event6   TOUCH_MOTION              3  +31.880s	1 (1) 33.68/66.60 (107.83/120.00mm)
1787598433.270  event6   TOUCH_FRAME                  +31.880s	
1787598433.279  event6   TOUCH_MOTION              2  +31.889s	0 (0) 67.52/42.37 (216.17/76.33mm)
1787598433.279  event6   TOUCH_MOTION              3  +31.889s	1 (1) 33.89/66.51 (108.50/119.83mm)
1787598433.279  event6   TOUCH_FRAME                  +31.889s	
1787598433.288  event6   TOUCH_MOTION              2  +31.898s	0 (0) 67.31/42.55 (215.50/76.67mm)
1787598433.288  event6   TOUCH_MOTION              3  +31.898s	1 (1) 34.10/66.42 (109.17/119.67mm)
1787598433.288  event6   TOUCH_FRAME                  +31.898s	
1787598433.297  event6   TOUCH_MOTION              2  +31.907s	0 (0) 67.10/42.74 (214.83/77.00mm)
1787598433.297  event6   TOUCH_MOTION              3  +31.907s	1 (1) 34.31/66.23 (109.83/119.33mm)
1787598433.297  event6   TOUCH_FRAME                  +31.907s	
1787598433.306  event6   TOUCH_MOTION              2  +31.916s	0 (0) 66.89/43.02 (214.17/77.50mm)
1787598433.306  event6   TOUCH_MOTION              3  +31.916s	1 (1) 34.51/66.14 (110.50/119.17mm)
1787598433.306  event6   TOUCH_FRAME                  +31.916s	
1787598433.315  event6   TOUCH_MOTION              2  +31.925s	0 (0) 66.68/43.20 (213.50/77.83mm)
1787598433.315  event6   TOUCH_MOTION              3  +31.925s	1 (1) 34.72/66.05 (111.17/119.00mm)
1787598433.315  event6   TOUCH_FRAME                  +31.925s	
1787598433.324  event6   TOUCH_MOTION              2  +31.934s	0 (0) 66.48/43.48 (212.83/78.33mm)
1787598433.324  event6   TOUCH_MOTION              3  +31.934s	1 (1) 34.93/65.96 (111.83/118.83mm)
1787598433.324  event6   TOUCH_FRAME                  +31.934s	
1787598433.333  event6   TOUCH_MOTION              2  +31.943s	0 (0) 66.22/43.66 (212.00/78.67mm)
1787598433.333  event6   TOUCH_MOTION              3  +31.943s	1 (1) 35.14/65.86 (112.50/118.67mm)
1787598433.333  event6   TOUCH_FRAME                  +31.943s	
1787598433.343  event6   TOUCH_MOTION              2  +31.953s	0 (0) 65.96/43.85 (211.17/79.00mm)
1787598433.343  event6   TOUCH_MOTION              3  +31.953s	1 (1) 35.35/65.77 (113.17/118.50mm)
1787598433.343  event6   TOUCH_FRAME                  +31.953s	
1787598433.352  event6   TOUCH_MOTION              2  +31.962s	0 (0) 65.69/44.13 (210.33/79.50mm)
1787598433.352  event6   TOUCH_MOTION              3  +31.962s	1 (1) 35.55/65.77 (113.83/118.50mm)
1787598433.352  event6   TOUCH_FRAME                  +31.962s	
1787598433.361  event6   TOUCH_MOTION              2  +31.971s	0 (0) 65.43/44.31 (209.50/79.83mm)
1787598433.361  event6   TOUCH_MOTION              3  +31.971s	1 (1) 35.71/65.68 (114.33/118.33mm)
1787598433.361  event6   TOUCH_FRAME                  +31.971s	
1787598433.370  event6   TOUCH_MOTION              2  +31.980s	0 (0) 65.17/44.59 (208.67/80.33mm)
1787598433.370  event6   TOUCH_MOTION              3  +31.980s	1 (1) 35.92/65.68 (115.00/118.33mm)
1787598433.370  event6   TOUCH_FRAME                  +31.980s	
1787598433.379  event6   TOUCH_MOTION              2  +31.989s	0 (0) 64.91/44.96 (207.83/81.00mm)
1787598433.379  event6   TOUCH_MOTION              3  +31.989s	1 (1) 36.13/65.59 (115.67/118.17mm)
1787598433.379  event6   TOUCH_FRAME                  +31.989s	
1787598433.388  event6   TOUCH_MOTION              2  +31.998s	0 (0) 64.65/45.14 (207.00/81.33mm)
1787598433.388  event6   TOUCH_MOTION              3  +31.998s	1 (1) 36.28/65.49 (116.17/118.00mm)
1787598433.388  event6   TOUCH_FRAME                  +31.998s	
1787598433.397  event6   TOUCH_MOTION              2  +32.007s	0 (0) 64.45/45.33 (206.33/81.67mm)
1787598433.397  event6   TOUCH_MOTION              3  +32.007s	1 (1) 36.49/65.40 (116.83/117.83mm)
1787598433.397  event6   TOUCH_FRAME                  +32.007s	
1787598433.407  event6   TOUCH_MOTION              2  +32.017s	0 (0) 64.24/45.61 (205.67/82.17mm)
1787598433.407  event6   TOUCH_MOTION              3  +32.017s	1 (1) 36.70/65.40 (117.50/117.83mm)
1787598433.407  event6   TOUCH_FRAME                  +32.017s	
1787598433.416  event6   TOUCH_MOTION              2  +32.026s	0 (0) 64.03/45.79 (205.00/82.50mm)
1787598433.416  event6   TOUCH_MOTION              3  +32.026s	1 (1) 36.91/65.40 (118.17/117.83mm)
1787598433.416  event6   TOUCH_FRAME                  +32.026s	
1787598433.425  event6   TOUCH_MOTION              2  +32.035s	0 (0) 63.87/46.07 (204.50/83.00mm)
1787598433.425  event6   TOUCH_MOTION              3  +32.035s	1 (1) 37.12/65.31 (118.83/117.67mm)
1787598433.425  event6   TOUCH_FRAME                  +32.035s	
1787598433.434  event6   TOUCH_MOTION              2  +32.044s	0 (0) 63.66/46.25 (203.83/83.33mm)
1787598433.434  event6   TOUCH_MOTION              3  +32.044s	1 (1) 37.32/65.22 (119.50/117.50mm)
1787598433.434  event6   TOUCH_FRAME                  +32.044s	
1787598433.443  event6   TOUCH_MOTION              2  +32.053s	0 (0) 63.46/46.53 (203.17/83.83mm)
1787598433.443  event6   TOUCH_MOTION              3  +32.053s	1 (1) 37.48/65.12 (120.00/117.33mm)
1787598433.443  event6   TOUCH_FRAME                  +32.053s	
1787598433.452  event6   TOUCH_MOTION              2  +32.062s	0 (0) 63.25/46.62 (202.50/84.00mm)
1787598433.452  event6   TOUCH_MOTION              3  +32.062s	1 (1) 37.69/65.03 (120.67/117.17mm)
1787598433.452  event6   TOUCH_FRAME                  +32.062s	
1787598433.461  event6   TOUCH_MOTION              2  +32.071s	0 (0) 63.04/46.81 (201.83/84.33mm)
1787598433.461  event6   TOUCH_MOTION              3  +32.071s	1 (1) 37.84/64.94 (121.17/117.00mm)
1787598433.461  event6   TOUCH_FRAME                  +32.071s	
1787598433.470  event6   TOUCH_MOTION              2  +32.080s	0 (0) 62.88/46.90 (201.33/84.50mm)
1787598433.470  event6   TOUCH_MOTION              3  +32.080s	1 (1) 38.00/64.75 (121.67/116.67mm)
1787598433.470  event6   TOUCH_FRAME                  +32.080s	
1787598433.480  event6   TOUCH_MOTION              2  +32.090s	0 (0) 62.68/47.18 (200.67/85.00mm)
1787598433.480  event6   TOUCH_MOTION              3  +32.090s	1 (1) 38.16/64.66 (122.17/116.50mm)
1787598433.480  event6   TOUCH_FRAME                  +32.090s	
1787598433.489  event6   TOUCH_MOTION              2  +32.099s	0 (0) 62.52/47.36 (200.17/85.33mm)
1787598433.489  event6   TOUCH_MOTION              3  +32.099s	1 (1) 38.37/64.48 (122.83/116.17mm)
1787598433.489  event6   TOUCH_FRAME                  +32.099s	
1787598433.498  event6   TOUCH_MOTION              2  +32.108s	0 (0) 62.36/47.55 (199.67/85.67mm)
1787598433.498  event6   TOUCH_MOTION              3  +32.108s	1 (1) 38.52/64.29 (123.33/115.83mm)
1787598433.498  event6   TOUCH_FRAME                  +32.108s	
1787598433.507  event6   TOUCH_MOTION              2  +32.117s	0 (0) 62.21/47.64 (199.17/85.83mm)
1787598433.507  event6   TOUCH_MOTION              3  +32.117s	1 (1) 38.68/64.20 (123.83/115.67mm)
1787598433.507  event6   TOUCH_FRAME                  +32.117s	
1787598433.516  event6   TOUCH_MOTION              2  +32.126s	0 (0) 62.00/47.92 (198.50/86.33mm)
1787598433.516  event6   TOUCH_MOTION              3  +32.126s	1 (1) 38.83/64.01 (124.33/115.33mm)
1787598433.516  event6   TOUCH_FRAME                  +32.126s	
1787598433.525  event6   TOUCH_MOTION              2  +32.135s	0 (0) 61.79/48.01 (197.83/86.50mm)
1787598433.525  event6   TOUCH_MOTION              3  +32.135s	1 (1) 39.04/63.92 (125.00/115.17mm)
1787598433.525  event6   TOUCH_FRAME                  +32.135s	
1787598433.534  event6   TOUCH_MOTION              2  +32.144s	0 (0) 61.58/48.20 (197.17/86.83mm)
1787598433.534  event6   TOUCH_MOTION              3  +32.144s	1 (1) 39.25/63.74 (125.67/114.83mm)
1787598433.534  event6   TOUCH_FRAME                  +32.144s	
1787598433.544  event6   TOUCH_MOTION              2  +32.154s	0 (0) 61.37/48.38 (196.50/87.17mm)
1787598433.544  event6   TOUCH_MOTION              3  +32.154s	1 (1) 39.46/63.55 (126.33/114.50mm)
1787598433.544  event6   TOUCH_FRAME                  +32.154s	
1787598433.553  event6   TOUCH_MOTION              2  +32.163s	0 (0) 61.22/48.66 (196.00/87.67mm)
1787598433.553  event6   TOUCH_MOTION              3  +32.163s	1 (1) 39.67/63.46 (127.00/114.33mm)
1787598433.553  event6   TOUCH_FRAME                  +32.163s	
1787598433.562  event6   TOUCH_MOTION              2  +32.172s	0 (0) 61.01/48.75 (195.33/87.83mm)
1787598433.562  event6   TOUCH_MOTION              3  +32.172s	1 (1) 39.88/63.27 (127.67/114.00mm)
1787598433.562  event6   TOUCH_FRAME                  +32.172s	
1787598433.571  event6   TOUCH_MOTION              2  +32.181s	0 (0) 60.80/49.03 (194.67/88.33mm)
1787598433.571  event6   TOUCH_MOTION              3  +32.181s	1 (1) 40.08/63.18 (128.33/113.83mm)
1787598433.571  event6   TOUCH_FRAME                  +32.181s	
1787598433.580  event6   TOUCH_MOTION              2  +32.190s	0 (0) 60.54/49.12 (193.83/88.50mm)
1787598433.580  event6   TOUCH_MOTION              3  +32.190s	1 (1) 40.24/63.00 (128.83/113.50mm)
1787598433.580  event6   TOUCH_FRAME                  +32.190s	
1787598433.589  event6   TOUCH_MOTION              2  +32.199s	0 (0) 60.28/49.40 (193.00/89.00mm)
1787598433.589  event6   TOUCH_MOTION              3  +32.199s	1 (1) 40.40/62.81 (129.33/113.17mm)
1787598433.589  event6   TOUCH_FRAME                  +32.199s	
1787598433.598  event6   TOUCH_MOTION              2  +32.208s	0 (0) 60.07/49.58 (192.33/89.33mm)
1787598433.598  event6   TOUCH_MOTION              3  +32.208s	1 (1) 40.60/62.72 (130.00/113.00mm)
1787598433.598  event6   TOUCH_FRAME                  +32.208s	
1787598433.607  event6   TOUCH_MOTION              2  +32.217s	0 (0) 59.86/49.86 (191.67/89.83mm)
1787598433.607  event6   TOUCH_MOTION              3  +32.217s	1 (1) 40.76/62.44 (130.50/112.50mm)
1787598433.607  event6   TOUCH_FRAME                  +32.217s	
1787598433.617  event6   TOUCH_MOTION              2  +32.227s	0 (0) 59.60/50.05 (190.83/90.17mm)
1787598433.617  event6   TOUCH_MOTION              3  +32.227s	1 (1) 40.92/62.35 (131.00/112.33mm)
1787598433.617  event6   TOUCH_FRAME                  +32.227s	
1787598433.625  event6   TOUCH_MOTION              2  +32.236s	0 (0) 59.34/50.32 (190.00/90.67mm)
1787598433.626  event6   TOUCH_MOTION              3  +32.236s	1 (1) 41.07/62.16 (131.50/112.00mm)
1787598433.626  event6   TOUCH_FRAME                  +32.236s	
1787598433.635  event6   TOUCH_MOTION              2  +32.245s	0 (0) 59.14/50.51 (189.33/91.00mm)
1787598433.635  event6   TOUCH_MOTION              3  +32.245s	1 (1) 41.23/62.07 (132.00/111.83mm)
1787598433.635  event6   TOUCH_FRAME                  +32.245s	
1787598433.644  event6   TOUCH_MOTION              2  +32.254s	0 (0) 58.93/50.69 (188.67/91.33mm)
1787598433.644  event6   TOUCH_MOTION              3  +32.254s	1 (1) 41.33/61.98 (132.33/111.67mm)
1787598433.644  event6   TOUCH_FRAME                  +32.254s	
1787598433.653  event6   TOUCH_MOTION              2  +32.263s	0 (0) 58.77/50.97 (188.17/91.83mm)
1787598433.653  event6   TOUCH_MOTION              3  +32.263s	1 (1) 41.49/61.89 (132.83/111.50mm)
1787598433.653  event6   TOUCH_FRAME                  +32.263s	
1787598433.662  event6   TOUCH_MOTION              2  +32.272s	0 (0) 58.62/51.16 (187.67/92.17mm)
1787598433.662  event6   TOUCH_MOTION              3  +32.272s	1 (1) 41.59/61.70 (133.17/111.17mm)
1787598433.662  event6   TOUCH_FRAME                  +32.272s	
1787598433.671  event6   TOUCH_MOTION              2  +32.281s	0 (0) 58.41/51.34 (187.00/92.50mm)
1787598433.671  event6   TOUCH_MOTION              3  +32.281s	1 (1) 41.70/61.61 (133.50/111.00mm)
1787598433.671  event6   TOUCH_FRAME                  +32.281s	
1787598433.681  event6   TOUCH_MOTION              2  +32.291s	0 (0) 58.25/51.43 (186.50/92.67mm)
1787598433.681  event6   TOUCH_MOTION              3  +32.291s	1 (1) 41.85/61.52 (134.00/110.83mm)
1787598433.681  event6   TOUCH_FRAME                  +32.291s	
1787598433.690  event6   TOUCH_MOTION              2  +32.300s	0 (0) 58.09/51.62 (186.00/93.00mm)
1787598433.690  event6   TOUCH_MOTION              3  +32.300s	1 (1) 41.96/61.33 (134.33/110.50mm)
1787598433.690  event6   TOUCH_FRAME                  +32.300s	
1787598433.699  event6   TOUCH_MOTION              2  +32.309s	0 (0) 57.94/51.71 (185.50/93.17mm)
1787598433.699  event6   TOUCH_MOTION              3  +32.309s	1 (1) 42.11/61.24 (134.83/110.33mm)
1787598433.699  event6   TOUCH_FRAME                  +32.309s	
1787598433.708  event6   TOUCH_MOTION              2  +32.318s	0 (0) 57.78/51.80 (185.00/93.33mm)
1787598433.708  event6   TOUCH_MOTION              3  +32.318s	1 (1) 42.22/61.24 (135.17/110.33mm)
1787598433.708  event6   TOUCH_FRAME                  +32.318s	
1787598433.717  event6   TOUCH_MOTION              2  +32.327s	0 (0) 57.63/51.80 (184.50/93.33mm)
1787598433.717  event6   TOUCH_MOTION              3  +32.327s	1 (1) 42.37/61.15 (135.67/110.17mm)
1787598433.717  event6   TOUCH_FRAME                  +32.327s	
1787598433.726  event6   TOUCH_MOTION              2  +32.336s	0 (0) 57.47/51.90 (184.00/93.50mm)
1787598433.726  event6   TOUCH_MOTION              3  +32.336s	1 (1) 42.53/61.05 (136.17/110.00mm)
1787598433.726  event6   TOUCH_FRAME                  +32.336s	
1787598433.735  event6   TOUCH_MOTION              2  +32.345s	0 (0) 57.31/52.08 (183.50/93.83mm)
1787598433.735  event6   TOUCH_MOTION              3  +32.345s	1 (1) 42.63/60.96 (136.50/109.83mm)
1787598433.735  event6   TOUCH_FRAME                  +32.345s	
1787598433.744  event6   TOUCH_MOTION              2  +32.354s	0 (0) 57.21/52.17 (183.17/94.00mm)
1787598433.744  event6   TOUCH_MOTION              3  +32.354s	1 (1) 42.79/60.87 (137.00/109.67mm)
1787598433.744  event6   TOUCH_FRAME                  +32.354s	
1787598433.754  event6   TOUCH_MOTION              2  +32.364s	0 (0) 57.11/52.36 (182.83/94.33mm)
1787598433.754  event6   TOUCH_MOTION              3  +32.364s	1 (1) 42.89/60.87 (137.33/109.67mm)
1787598433.754  event6   TOUCH_FRAME                  +32.364s	
1787598433.763  event6   TOUCH_MOTION              2  +32.373s	0 (0) 56.95/52.45 (182.33/94.50mm)
1787598433.763  event6   TOUCH_MOTION              3  +32.373s	1 (1) 43.05/60.78 (137.83/109.50mm)
1787598433.763  event6   TOUCH_FRAME                  +32.373s	
1787598433.772  event6   TOUCH_MOTION              2  +32.382s	0 (0) 56.85/52.54 (182.00/94.67mm)
1787598433.772  event6   TOUCH_MOTION              3  +32.382s	1 (1) 43.15/60.68 (138.17/109.33mm)
1787598433.772  event6   TOUCH_FRAME                  +32.382s	
1787598433.781  event6   TOUCH_MOTION              2  +32.391s	0 (0) 56.64/52.73 (181.33/95.00mm)
1787598433.781  event6   TOUCH_MOTION              3  +32.391s	1 (1) 43.26/60.59 (138.50/109.17mm)
1787598433.781  event6   TOUCH_FRAME                  +32.391s	
1787598433.790  event6   TOUCH_MOTION              2  +32.400s	0 (0) 56.53/52.82 (181.00/95.17mm)
1787598433.790  event6   TOUCH_MOTION              3  +32.400s	1 (1) 43.41/60.50 (139.00/109.00mm)
1787598433.790  event6   TOUCH_FRAME                  +32.400s	
1787598433.799  event6   TOUCH_MOTION              2  +32.409s	0 (0) 56.38/52.91 (180.50/95.33mm)
1787598433.799  event6   TOUCH_MOTION              3  +32.409s	1 (1) 43.52/60.50 (139.33/109.00mm)
1787598433.799  event6   TOUCH_FRAME                  +32.409s	
1787598433.808  event6   TOUCH_MOTION              2  +32.418s	0 (0) 56.22/53.01 (180.00/95.50mm)
1787598433.808  event6   TOUCH_MOTION              3  +32.418s	1 (1) 43.73/60.41 (140.00/108.83mm)
1787598433.808  event6   TOUCH_FRAME                  +32.418s	
1787598433.818  event6   TOUCH_MOTION              2  +32.428s	0 (0) 56.12/53.19 (179.67/95.83mm)
1787598433.818  event6   TOUCH_MOTION              3  +32.428s	1 (1) 43.88/60.31 (140.50/108.67mm)
1787598433.818  event6   TOUCH_FRAME                  +32.428s	
1787598433.827  event6   TOUCH_MOTION              2  +32.437s	0 (0) 55.96/53.28 (179.17/96.00mm)
1787598433.827  event6   TOUCH_MOTION              3  +32.437s	1 (1) 43.99/60.22 (140.83/108.50mm)
1787598433.827  event6   TOUCH_FRAME                  +32.437s	
1787598433.836  event6   TOUCH_MOTION              2  +32.446s	0 (0) 55.80/53.38 (178.67/96.17mm)
1787598433.836  event6   TOUCH_MOTION              3  +32.446s	1 (1) 44.14/60.13 (141.33/108.33mm)
1787598433.836  event6   TOUCH_FRAME                  +32.446s	
1787598433.845  event6   TOUCH_MOTION              2  +32.455s	0 (0) 55.70/53.47 (178.33/96.33mm)
1787598433.845  event6   TOUCH_MOTION              3  +32.455s	1 (1) 44.25/60.13 (141.67/108.33mm)
1787598433.845  event6   TOUCH_FRAME                  +32.455s	
1787598433.854  event6   TOUCH_MOTION              2  +32.464s	0 (0) 55.54/53.65 (177.83/96.67mm)
1787598433.854  event6   TOUCH_MOTION              3  +32.464s	1 (1) 44.35/60.13 (142.00/108.33mm)
1787598433.854  event6   TOUCH_FRAME                  +32.464s	
1787598433.863  event6   TOUCH_MOTION              2  +32.473s	0 (0) 55.44/53.75 (177.50/96.83mm)
1787598433.863  event6   TOUCH_MOTION              3  +32.473s	1 (1) 44.51/60.13 (142.50/108.33mm)
1787598433.863  event6   TOUCH_FRAME                  +32.473s	
1787598433.872  event6   TOUCH_MOTION              2  +32.482s	0 (0) 55.28/53.93 (177.00/97.17mm)
1787598433.872  event6   TOUCH_MOTION              3  +32.482s	1 (1) 44.61/60.04 (142.83/108.17mm)
1787598433.872  event6   TOUCH_FRAME                  +32.482s	
1787598433.881  event6   TOUCH_MOTION              2  +32.491s	0 (0) 55.18/54.02 (176.67/97.33mm)
1787598433.881  event6   TOUCH_MOTION              3  +32.491s	1 (1) 44.77/60.04 (143.33/108.17mm)
1787598433.881  event6   TOUCH_FRAME                  +32.491s	
1787598433.891  event6   TOUCH_MOTION              2  +32.501s	0 (0) 55.02/54.12 (176.17/97.50mm)
1787598433.891  event6   TOUCH_MOTION              3  +32.501s	1 (1) 44.87/60.04 (143.67/108.17mm)
1787598433.891  event6   TOUCH_FRAME                  +32.501s	
1787598433.900  event6   TOUCH_MOTION              2  +32.510s	0 (0) 54.87/54.12 (175.67/97.50mm)
1787598433.900  event6   TOUCH_MOTION              3  +32.510s	1 (1) 45.03/60.04 (144.17/108.17mm)
1787598433.900  event6   TOUCH_FRAME                  +32.510s	
1787598433.909  event6   TOUCH_MOTION              2  +32.519s	0 (0) 54.76/54.21 (175.33/97.67mm)
1787598433.909  event6   TOUCH_MOTION              3  +32.519s	1 (1) 45.13/60.04 (144.50/108.17mm)
1787598433.909  event6   TOUCH_FRAME                  +32.519s	
1787598433.918  event6   TOUCH_MOTION              2  +32.528s	0 (0) 54.66/54.30 (175.00/97.83mm)
1787598433.918  event6   TOUCH_MOTION              3  +32.528s	1 (1) 45.29/59.94 (145.00/108.00mm)
1787598433.918  event6   TOUCH_FRAME                  +32.528s	
1787598433.927  event6   TOUCH_MOTION              2  +32.537s	0 (0) 54.55/54.49 (174.67/98.17mm)
1787598433.927  event6   TOUCH_MOTION              3  +32.537s	1 (1) 45.39/59.94 (145.33/108.00mm)
1787598433.927  event6   TOUCH_FRAME                  +32.537s	
1787598433.936  event6   TOUCH_MOTION              2  +32.546s	0 (0) 54.45/54.49 (174.33/98.17mm)
1787598433.936  event6   TOUCH_MOTION              3  +32.546s	1 (1) 45.50/59.94 (145.67/108.00mm)
1787598433.936  event6   TOUCH_FRAME                  +32.546s	
1787598433.945  event6   TOUCH_MOTION              2  +32.555s	0 (0) 54.40/54.58 (174.17/98.33mm)
1787598433.945  event6   TOUCH_MOTION              3  +32.555s	1 (1) 45.55/59.85 (145.83/107.83mm)
1787598433.945  event6   TOUCH_FRAME                  +32.555s	
1787598433.955  event6   TOUCH_MOTION              2  +32.565s	0 (0) 54.29/54.67 (173.83/98.50mm)
1787598433.955  event6   TOUCH_MOTION              3  +32.565s	1 (1) 45.71/59.76 (146.33/107.67mm)
1787598433.955  event6   TOUCH_FRAME                  +32.565s	
1787598433.964  event6   TOUCH_MOTION              2  +32.574s	0 (0) 54.19/54.76 (173.50/98.67mm)
1787598433.964  event6   TOUCH_MOTION              3  +32.574s	1 (1) 45.76/59.76 (146.50/107.67mm)
1787598433.964  event6   TOUCH_FRAME                  +32.574s	
1787598433.973  event6   TOUCH_MOTION              2  +32.583s	0 (0) 54.14/54.86 (173.33/98.83mm)
1787598433.973  event6   TOUCH_MOTION              3  +32.583s	1 (1) 45.91/59.67 (147.00/107.50mm)
1787598433.976  event6   TOUCH_FRAME                  +32.583s	
1787598433.982  event6   TOUCH_MOTION              2  +32.592s	0 (0) 54.03/54.86 (173.00/98.83mm)
1787598433.982  event6   TOUCH_MOTION              3  +32.592s	1 (1) 46.02/59.57 (147.33/107.33mm)
1787598433.982  event6   TOUCH_FRAME                  +32.592s	
1787598433.991  event6   TOUCH_MOTION              2  +32.601s	0 (0) 53.93/54.95 (172.67/99.00mm)
1787598433.991  event6   TOUCH_MOTION              3  +32.601s	1 (1) 46.17/59.48 (147.83/107.17mm)
1787598433.991  event6   TOUCH_FRAME                  +32.601s	
1787598434.000  event6   TOUCH_MOTION              2  +32.610s	0 (0) 53.77/55.04 (172.17/99.17mm)
1787598434.000  event6   TOUCH_MOTION              3  +32.610s	1 (1) 46.28/59.48 (148.17/107.17mm)
1787598434.000  event6   TOUCH_FRAME                  +32.610s	
1787598434.009  event6   TOUCH_MOTION              2  +32.619s	0 (0) 53.67/55.23 (171.83/99.50mm)
1787598434.009  event6   TOUCH_MOTION              3  +32.619s	1 (1) 46.38/59.48 (148.50/107.17mm)
1787598434.009  event6   TOUCH_FRAME                  +32.619s	
1787598434.018  event6   TOUCH_MOTION              2  +32.628s	0 (0) 53.51/55.23 (171.33/99.50mm)
1787598434.018  event6   TOUCH_MOTION              3  +32.628s	1 (1) 46.54/59.48 (149.00/107.17mm)
1787598434.018  event6   TOUCH_FRAME                  +32.628s	
1787598434.028  event6   TOUCH_MOTION              2  +32.638s	0 (0) 53.41/55.32 (171.00/99.67mm)
1787598434.028  event6   TOUCH_MOTION              3  +32.638s	1 (1) 46.64/59.48 (149.33/107.17mm)
1787598434.028  event6   TOUCH_FRAME                  +32.638s	
1787598434.037  event6   TOUCH_MOTION              2  +32.647s	0 (0) 53.31/55.50 (170.67/100.00mm)
1787598434.037  event6   TOUCH_MOTION              3  +32.647s	1 (1) 46.80/59.48 (149.83/107.17mm)
1787598434.037  event6   TOUCH_FRAME                  +32.647s	
1787598434.046  event6   TOUCH_MOTION              2  +32.656s	0 (0) 53.25/55.60 (170.50/100.17mm)
1787598434.046  event6   TOUCH_MOTION              3  +32.656s	1 (1) 46.90/59.48 (150.17/107.17mm)
1787598434.046  event6   TOUCH_FRAME                  +32.656s	
1787598434.055  event6   TOUCH_MOTION              2  +32.665s	0 (0) 53.15/55.69 (170.17/100.33mm)
1787598434.055  event6   TOUCH_MOTION              3  +32.665s	1 (1) 47.01/59.48 (150.50/107.17mm)
1787598434.055  event6   TOUCH_FRAME                  +32.665s	
1787598434.064  event6   TOUCH_MOTION              2  +32.674s	0 (0) 53.05/55.87 (169.83/100.67mm)
1787598434.064  event6   TOUCH_MOTION              3  +32.674s	1 (1) 47.11/59.48 (150.83/107.17mm)
1787598434.064  event6   TOUCH_FRAME                  +32.674s	
1787598434.073  event6   TOUCH_MOTION              2  +32.683s	0 (0) 52.94/55.97 (169.50/100.83mm)
1787598434.073  event6   TOUCH_MOTION              3  +32.683s	1 (1) 47.21/59.48 (151.17/107.17mm)
1787598434.073  event6   TOUCH_FRAME                  +32.683s	
1787598434.082  event6   TOUCH_MOTION              2  +32.692s	0 (0) 52.84/55.97 (169.17/100.83mm)
1787598434.082  event6   TOUCH_MOTION              3  +32.692s	1 (1) 47.27/59.48 (151.33/107.17mm)
1787598434.082  event6   TOUCH_FRAME                  +32.692s	
1787598434.092  event6   TOUCH_MOTION              2  +32.702s	0 (0) 52.79/56.06 (169.00/101.00mm)
1787598434.092  event6   TOUCH_MOTION              3  +32.702s	1 (1) 47.37/59.48 (151.67/107.17mm)
1787598434.092  event6   TOUCH_FRAME                  +32.702s	
1787598434.101  event6   TOUCH_MOTION              2  +32.711s	0 (0) 52.68/56.15 (168.67/101.17mm)
1787598434.101  event6   TOUCH_MOTION              3  +32.711s	1 (1) 47.42/59.48 (151.83/107.17mm)
1787598434.101  event6   TOUCH_FRAME                  +32.711s	
1787598434.110  event6   TOUCH_MOTION              2  +32.720s	0 (0) 52.63/56.24 (168.50/101.33mm)
1787598434.110  event6   TOUCH_MOTION              3  +32.720s	1 (1) 47.48/59.48 (152.00/107.17mm)
1787598434.110  event6   TOUCH_FRAME                  +32.720s	
1787598434.119  event6   TOUCH_MOTION              2  +32.729s	0 (0) 52.63/56.34 (168.50/101.50mm)
1787598434.119  event6   TOUCH_FRAME                  +32.729s	
1787598434.128  event6   TOUCH_MOTION              2  +32.738s	0 (0) 52.58/56.34 (168.33/101.50mm)
1787598434.128  event6   TOUCH_MOTION              3  +32.738s	1 (1) 47.53/59.48 (152.17/107.17mm)
1787598434.128  event6   TOUCH_FRAME                  +32.738s	
1787598434.137  event6   TOUCH_MOTION              2  +32.747s	0 (0) 52.52/56.43 (168.17/101.67mm)
1787598434.137  event6   TOUCH_MOTION              3  +32.747s	1 (1) 47.58/59.48 (152.33/107.17mm)
1787598434.137  event6   TOUCH_FRAME                  +32.747s	
1787598434.146  event6   TOUCH_MOTION              2  +32.756s	0 (0) 52.47/56.43 (168.00/101.67mm)
1787598434.146  event6   TOUCH_MOTION              3  +32.756s	1 (1) 47.63/59.48 (152.50/107.17mm)
1787598434.146  event6   TOUCH_FRAME                  +32.756s	
1787598434.155  event6   TOUCH_MOTION              2  +32.765s	0 (0) 52.42/56.43 (167.83/101.67mm)
1787598434.155  event6   TOUCH_MOTION              3  +32.765s	1 (1) 47.63/59.39 (152.50/107.00mm)
1787598434.155  event6   TOUCH_FRAME                  +32.765s	
1787598434.265  event6   TOUCH_MOTION              2  +32.875s	0 (0) 52.37/56.34 (167.67/101.50mm)
1787598434.265  event6   TOUCH_FRAME                  +32.875s	
1787598434.295  event6   TOUCH_UP                     +32.905s	1 (1)
1787598434.295  event6   TOUCH_FRAME                  +32.905s	
1787598434.313  event6   TOUCH_UP                     +32.923s	0 (0)
1787598434.313  event6   TOUCH_FRAME                  +32.923s	
1787598434.677  event6   TOUCH_DOWN                   +33.287s	0 (0) 51.90/57.54 (166.17/103.67mm)
1787598434.677  event6   TOUCH_FRAME                  +33.287s	
1787598434.777  event6   TOUCH_DOWN                   +33.387s	1 (1) 46.17/60.96 (147.83/109.83mm)
1787598434.777  event6   TOUCH_FRAME                  +33.387s	
1787598434.814  event6   TOUCH_MOTION                 +33.424s	0 (0) 52.37/57.26 (167.67/103.17mm)
1787598434.814  event6   TOUCH_FRAME                  +33.424s	
1787598434.823  event6   TOUCH_MOTION              2  +33.433s	0 (0) 52.52/57.08 (168.17/102.83mm)
1787598434.823  event6   TOUCH_MOTION              3  +33.433s	1 (1) 45.65/60.96 (146.17/109.83mm)
1787598434.823  event6   TOUCH_FRAME                  +33.433s	
1787598434.832  event6   TOUCH_MOTION              2  +33.442s	0 (0) 52.68/56.89 (168.67/102.50mm)
1787598434.832  event6   TOUCH_MOTION              3  +33.442s	1 (1) 45.50/60.96 (145.67/109.83mm)
1787598434.832  event6   TOUCH_FRAME                  +33.442s	
1787598434.841  event6   TOUCH_MOTION              2  +33.451s	0 (0) 52.89/56.71 (169.33/102.17mm)
1787598434.841  event6   TOUCH_MOTION              3  +33.451s	1 (1) 45.29/60.96 (145.00/109.83mm)
1787598434.841  event6   TOUCH_FRAME                  +33.451s	
1787598434.851  event6   TOUCH_MOTION              2  +33.461s	0 (0) 53.10/56.43 (170.00/101.67mm)
1787598434.851  event6   TOUCH_MOTION              3  +33.461s	1 (1) 45.08/60.96 (144.33/109.83mm)
1787598434.851  event6   TOUCH_FRAME                  +33.461s	
1787598434.860  event6   TOUCH_MOTION              2  +33.470s	0 (0) 53.36/56.24 (170.83/101.33mm)
1787598434.860  event6   TOUCH_MOTION              3  +33.470s	1 (1) 44.87/60.96 (143.67/109.83mm)
1787598434.860  event6   TOUCH_FRAME                  +33.470s	
1787598434.869  event6   TOUCH_MOTION              2  +33.479s	0 (0) 53.62/55.97 (171.67/100.83mm)
1787598434.869  event6   TOUCH_MOTION              3  +33.479s	1 (1) 44.61/60.96 (142.83/109.83mm)
1787598434.869  event6   TOUCH_FRAME                  +33.479s	
1787598434.878  event6   TOUCH_MOTION              2  +33.488s	0 (0) 53.88/55.78 (172.50/100.50mm)
1787598434.878  event6   TOUCH_MOTION              3  +33.488s	1 (1) 44.35/61.05 (142.00/110.00mm)
1787598434.878  event6   TOUCH_FRAME                  +33.488s	
1787598434.887  event6   TOUCH_MOTION              2  +33.497s	0 (0) 54.19/55.50 (173.50/100.00mm)
1787598434.887  event6   TOUCH_MOTION              3  +33.497s	1 (1) 44.09/61.05 (141.17/110.00mm)
1787598434.887  event6   TOUCH_FRAME                  +33.497s	
1787598434.896  event6   TOUCH_MOTION              2  +33.506s	0 (0) 54.45/55.23 (174.33/99.50mm)
1787598434.896  event6   TOUCH_MOTION              3  +33.506s	1 (1) 43.83/61.05 (140.33/110.00mm)
1787598434.896  event6   TOUCH_FRAME                  +33.506s	
1787598434.905  event6   TOUCH_MOTION              2  +33.515s	0 (0) 54.82/54.86 (175.50/98.83mm)
1787598434.905  event6   TOUCH_MOTION              3  +33.515s	1 (1) 43.57/61.15 (139.50/110.17mm)
1787598434.905  event6   TOUCH_FRAME                  +33.515s	
1787598434.914  event6   TOUCH_MOTION              2  +33.524s	0 (0) 55.13/54.58 (176.50/98.33mm)
1787598434.914  event6   TOUCH_MOTION              3  +33.524s	1 (1) 43.26/61.15 (138.50/110.17mm)
1787598434.914  event6   TOUCH_FRAME                  +33.524s	
1787598434.924  event6   TOUCH_MOTION              2  +33.534s	0 (0) 55.54/54.30 (177.83/97.83mm)
1787598434.924  event6   TOUCH_MOTION              3  +33.534s	1 (1) 43.00/61.24 (137.67/110.33mm)
1787598434.924  event6   TOUCH_FRAME                  +33.534s	
1787598434.933  event6   TOUCH_MOTION              2  +33.543s	0 (0) 55.91/54.02 (179.00/97.33mm)
1787598434.933  event6   TOUCH_MOTION              3  +33.543s	1 (1) 42.74/61.24 (136.83/110.33mm)
1787598434.933  event6   TOUCH_FRAME                  +33.543s	
1787598434.942  event6   TOUCH_MOTION              2  +33.552s	0 (0) 56.27/53.65 (180.17/96.67mm)
1787598434.942  event6   TOUCH_MOTION              3  +33.552s	1 (1) 42.48/61.33 (136.00/110.50mm)
1787598434.942  event6   TOUCH_FRAME                  +33.552s	
1787598434.951  event6   TOUCH_MOTION              2  +33.561s	0 (0) 56.64/53.38 (181.33/96.17mm)
1787598434.951  event6   TOUCH_MOTION              3  +33.561s	1 (1) 42.22/61.42 (135.17/110.67mm)
1787598434.951  event6   TOUCH_FRAME                  +33.561s	
1787598434.960  event6   TOUCH_MOTION              2  +33.570s	0 (0) 57.05/53.10 (182.67/95.67mm)
1787598434.960  event6   TOUCH_MOTION              3  +33.570s	1 (1) 41.96/61.52 (134.33/110.83mm)
1787598434.960  event6   TOUCH_FRAME                  +33.570s	
1787598434.969  event6   TOUCH_MOTION              2  +33.579s	0 (0) 57.37/52.82 (183.67/95.17mm)
1787598434.969  event6   TOUCH_MOTION              3  +33.579s	1 (1) 41.70/61.61 (133.50/111.00mm)
1787598434.969  event6   TOUCH_FRAME                  +33.579s	
1787598434.978  event6   TOUCH_MOTION              2  +33.588s	0 (0) 57.73/52.54 (184.83/94.67mm)
1787598434.978  event6   TOUCH_MOTION              3  +33.588s	1 (1) 41.33/61.70 (132.33/111.17mm)
1787598434.978  event6   TOUCH_FRAME                  +33.588s	
1787598434.988  event6   TOUCH_MOTION              2  +33.598s	0 (0) 58.09/52.17 (186.00/94.00mm)
1787598434.988  event6   TOUCH_MOTION              3  +33.598s	1 (1) 41.02/61.79 (131.33/111.33mm)
1787598434.988  event6   TOUCH_FRAME                  +33.598s	
1787598434.997  event6   TOUCH_MOTION              2  +33.607s	0 (0) 58.51/51.80 (187.33/93.33mm)
1787598434.997  event6   TOUCH_MOTION              3  +33.607s	1 (1) 40.76/61.98 (130.50/111.67mm)
1787598434.997  event6   TOUCH_FRAME                  +33.607s	
1787598435.006  event6   TOUCH_MOTION              2  +33.616s	0 (0) 58.93/51.43 (188.67/92.67mm)
1787598435.006  event6   TOUCH_MOTION              3  +33.616s	1 (1) 40.40/62.07 (129.33/111.83mm)
1787598435.006  event6   TOUCH_FRAME                  +33.616s	
1787598435.015  event6   TOUCH_MOTION              2  +33.625s	0 (0) 59.40/51.06 (190.17/92.00mm)
1787598435.015  event6   TOUCH_MOTION              3  +33.625s	1 (1) 40.08/62.16 (128.33/112.00mm)
1787598435.015  event6   TOUCH_FRAME                  +33.625s	
1787598435.024  event6   TOUCH_MOTION              2  +33.634s	0 (0) 59.86/50.69 (191.67/91.33mm)
1787598435.024  event6   TOUCH_MOTION              3  +33.634s	1 (1) 39.72/62.26 (127.17/112.17mm)
1787598435.024  event6   TOUCH_FRAME                  +33.634s	
1787598435.033  event6   TOUCH_MOTION              2  +33.643s	0 (0) 60.33/50.32 (193.17/90.67mm)
1787598435.033  event6   TOUCH_MOTION              3  +33.643s	1 (1) 39.41/62.35 (126.17/112.33mm)
1787598435.033  event6   TOUCH_FRAME                  +33.643s	
1787598435.042  event6   TOUCH_MOTION              2  +33.652s	0 (0) 60.80/49.95 (194.67/90.00mm)
1787598435.042  event6   TOUCH_MOTION              3  +33.652s	1 (1) 39.04/62.44 (125.00/112.50mm)
1787598435.042  event6   TOUCH_FRAME                  +33.652s	
1787598435.051  event6   TOUCH_MOTION              2  +33.661s	0 (0) 61.27/49.49 (196.17/89.17mm)
1787598435.051  event6   TOUCH_MOTION              3  +33.661s	1 (1) 38.63/62.44 (123.67/112.50mm)
1787598435.051  event6   TOUCH_FRAME                  +33.661s	
1787598435.061  event6   TOUCH_MOTION              2  +33.671s	0 (0) 61.74/49.21 (197.67/88.67mm)
1787598435.061  event6   TOUCH_MOTION              3  +33.671s	1 (1) 38.26/62.53 (122.50/112.67mm)
1787598435.061  event6   TOUCH_FRAME                  +33.671s	
1787598435.070  event6   TOUCH_MOTION              2  +33.680s	0 (0) 62.21/48.94 (199.17/88.17mm)
1787598435.070  event6   TOUCH_MOTION              3  +33.680s	1 (1) 37.90/62.53 (121.33/112.67mm)
1787598435.070  event6   TOUCH_FRAME                  +33.680s	
1787598435.079  event6   TOUCH_MOTION              2  +33.689s	0 (0) 62.62/48.66 (200.50/87.67mm)
1787598435.079  event6   TOUCH_MOTION              3  +33.689s	1 (1) 37.48/62.63 (120.00/112.83mm)
1787598435.079  event6   TOUCH_FRAME                  +33.689s	
1787598435.088  event6   TOUCH_MOTION              2  +33.698s	0 (0) 63.04/48.38 (201.83/87.17mm)
1787598435.088  event6   TOUCH_MOTION              3  +33.698s	1 (1) 37.06/62.63 (118.67/112.83mm)
1787598435.088  event6   TOUCH_FRAME                  +33.698s	
1787598435.097  event6   TOUCH_MOTION              2  +33.707s	0 (0) 63.46/48.01 (203.17/86.50mm)
1787598435.097  event6   TOUCH_MOTION              3  +33.707s	1 (1) 36.70/62.72 (117.50/113.00mm)
1787598435.097  event6   TOUCH_FRAME                  +33.707s	
1787598435.106  event6   TOUCH_MOTION              2  +33.716s	0 (0) 63.87/47.73 (204.50/86.00mm)
1787598435.106  event6   TOUCH_MOTION              3  +33.716s	1 (1) 36.34/62.72 (116.33/113.00mm)
1787598435.106  event6   TOUCH_FRAME                  +33.716s	
1787598435.115  event6   TOUCH_MOTION              2  +33.725s	0 (0) 64.24/47.46 (205.67/85.50mm)
1787598435.115  event6   TOUCH_MOTION              3  +33.725s	1 (1) 35.92/62.81 (115.00/113.17mm)
1787598435.115  event6   TOUCH_FRAME                  +33.725s	
1787598435.125  event6   TOUCH_MOTION              2  +33.735s	0 (0) 64.65/47.18 (207.00/85.00mm)
1787598435.125  event6   TOUCH_MOTION              3  +33.735s	1 (1) 35.50/62.81 (113.67/113.17mm)
1787598435.125  event6   TOUCH_FRAME                  +33.735s	
1787598435.134  event6   TOUCH_MOTION              2  +33.744s	0 (0) 65.02/46.90 (208.17/84.50mm)
1787598435.134  event6   TOUCH_MOTION              3  +33.744s	1 (1) 35.14/62.90 (112.50/113.33mm)
1787598435.134  event6   TOUCH_FRAME                  +33.744s	
1787598435.143  event6   TOUCH_MOTION              2  +33.753s	0 (0) 65.38/46.53 (209.33/83.83mm)
1787598435.143  event6   TOUCH_MOTION              3  +33.753s	1 (1) 34.77/63.00 (111.33/113.50mm)
1787598435.143  event6   TOUCH_FRAME                  +33.753s	
1787598435.152  event6   TOUCH_MOTION              2  +33.762s	0 (0) 65.75/46.25 (210.50/83.33mm)
1787598435.152  event6   TOUCH_MOTION              3  +33.762s	1 (1) 34.36/63.18 (110.00/113.83mm)
1787598435.152  event6   TOUCH_FRAME                  +33.762s	
1787598435.161  event6   TOUCH_MOTION              2  +33.771s	0 (0) 66.11/45.98 (211.67/82.83mm)
1787598435.161  event6   TOUCH_MOTION              3  +33.771s	1 (1) 34.04/63.27 (109.00/114.00mm)
1787598435.161  event6   TOUCH_FRAME                  +33.771s	
1787598435.170  event6   TOUCH_MOTION              2  +33.780s	0 (0) 66.48/45.70 (212.83/82.33mm)
1787598435.170  event6   TOUCH_MOTION              3  +33.780s	1 (1) 33.68/63.37 (107.83/114.17mm)
1787598435.170  event6   TOUCH_FRAME                  +33.780s	
1787598435.179  event6   TOUCH_MOTION              2  +33.789s	0 (0) 66.84/45.42 (214.00/81.83mm)
1787598435.179  event6   TOUCH_MOTION              3  +33.789s	1 (1) 33.32/63.55 (106.67/114.50mm)
1787598435.179  event6   TOUCH_FRAME                  +33.789s	
1787598435.188  event6   TOUCH_MOTION              2  +33.798s	0 (0) 67.15/45.24 (215.00/81.50mm)
1787598435.188  event6   TOUCH_MOTION              3  +33.798s	1 (1) 33.00/63.64 (105.67/114.67mm)
1787598435.188  event6   TOUCH_FRAME                  +33.798s	
1787598435.198  event6   TOUCH_MOTION              2  +33.808s	0 (0) 67.41/44.96 (215.83/81.00mm)
1787598435.198  event6   TOUCH_MOTION              3  +33.808s	1 (1) 32.64/63.83 (104.50/115.00mm)
1787598435.198  event6   TOUCH_FRAME                  +33.808s	
1787598435.207  event6   TOUCH_MOTION              2  +33.817s	0 (0) 67.78/44.77 (217.00/80.67mm)
1787598435.207  event6   TOUCH_MOTION              3  +33.817s	1 (1) 32.33/63.92 (103.50/115.17mm)
1787598435.207  event6   TOUCH_FRAME                  +33.817s	
1787598435.216  event6   TOUCH_MOTION              2  +33.826s	0 (0) 68.04/44.59 (217.83/80.33mm)
1787598435.216  event6   TOUCH_MOTION              3  +33.826s	1 (1) 31.96/64.11 (102.33/115.50mm)
1787598435.216  event6   TOUCH_FRAME                  +33.826s	
1787598435.225  event6   TOUCH_MOTION              2  +33.835s	0 (0) 68.35/44.31 (218.83/79.83mm)
1787598435.225  event6   TOUCH_MOTION              3  +33.835s	1 (1) 31.65/64.29 (101.33/115.83mm)
1787598435.225  event6   TOUCH_FRAME                  +33.835s	
1787598435.234  event6   TOUCH_MOTION              2  +33.844s	0 (0) 68.71/44.03 (220.00/79.33mm)
1787598435.234  event6   TOUCH_MOTION              3  +33.844s	1 (1) 31.29/64.38 (100.17/116.00mm)
1787598435.234  event6   TOUCH_FRAME                  +33.844s	
1787598435.243  event6   TOUCH_MOTION              2  +33.853s	0 (0) 69.08/43.85 (221.17/79.00mm)
1787598435.243  event6   TOUCH_MOTION              3  +33.853s	1 (1) 30.97/64.57 (99.17/116.33mm)
1787598435.243  event6   TOUCH_FRAME                  +33.853s	
1787598435.252  event6   TOUCH_MOTION              2  +33.862s	0 (0) 69.39/43.48 (222.17/78.33mm)
1787598435.252  event6   TOUCH_MOTION              3  +33.862s	1 (1) 30.61/64.66 (98.00/116.50mm)
1787598435.252  event6   TOUCH_FRAME                  +33.862s	
1787598435.261  event6   TOUCH_MOTION              2  +33.871s	0 (0) 69.76/43.20 (223.33/77.83mm)
1787598435.261  event6   TOUCH_MOTION              3  +33.871s	1 (1) 30.30/64.85 (97.00/116.83mm)
1787598435.261  event6   TOUCH_FRAME                  +33.871s	
1787598435.271  event6   TOUCH_MOTION              2  +33.881s	0 (0) 70.07/42.92 (224.33/77.33mm)
1787598435.271  event6   TOUCH_MOTION              3  +33.881s	1 (1) 29.98/65.03 (96.00/117.17mm)
1787598435.271  event6   TOUCH_FRAME                  +33.881s	
1787598435.280  event6   TOUCH_MOTION              2  +33.890s	0 (0) 70.43/42.65 (225.50/76.83mm)
1787598435.280  event6   TOUCH_MOTION              3  +33.890s	1 (1) 29.67/65.12 (95.00/117.33mm)
1787598435.280  event6   TOUCH_FRAME                  +33.890s	
1787598435.289  event6   TOUCH_MOTION              2  +33.899s	0 (0) 70.80/42.37 (226.67/76.33mm)
1787598435.289  event6   TOUCH_MOTION              3  +33.899s	1 (1) 29.41/65.31 (94.17/117.67mm)
1787598435.289  event6   TOUCH_FRAME                  +33.899s	
1787598435.298  event6   TOUCH_MOTION              2  +33.908s	0 (0) 71.16/42.00 (227.83/75.67mm)
1787598435.298  event6   TOUCH_MOTION              3  +33.908s	1 (1) 29.15/65.40 (93.33/117.83mm)
1787598435.298  event6   TOUCH_FRAME                  +33.908s	
1787598435.307  event6   TOUCH_MOTION              2  +33.917s	0 (0) 71.47/41.81 (228.83/75.33mm)
1787598435.307  event6   TOUCH_MOTION              3  +33.917s	1 (1) 28.89/65.59 (92.50/118.17mm)
1787598435.307  event6   TOUCH_FRAME                  +33.917s	
1787598435.316  event6   TOUCH_MOTION              2  +33.926s	0 (0) 71.84/41.63 (230.00/75.00mm)
1787598435.316  event6   TOUCH_MOTION              3  +33.926s	1 (1) 28.63/65.77 (91.67/118.50mm)
1787598435.316  event6   TOUCH_FRAME                  +33.926s	
1787598435.325  event6   TOUCH_MOTION              2  +33.935s	0 (0) 72.25/41.17 (231.33/74.17mm)
1787598435.325  event6   TOUCH_MOTION              3  +33.935s	1 (1) 28.37/65.86 (90.83/118.67mm)
1787598435.325  event6   TOUCH_FRAME                  +33.935s	
1787598435.335  event6   TOUCH_MOTION              2  +33.945s	0 (0) 72.51/40.89 (232.17/73.67mm)
1787598435.335  event6   TOUCH_MOTION              3  +33.945s	1 (1) 28.11/66.05 (90.00/119.00mm)
1787598435.335  event6   TOUCH_FRAME                  +33.945s	
1787598435.344  event6   TOUCH_MOTION              2  +33.954s	0 (0) 72.93/40.70 (233.50/73.33mm)
1787598435.344  event6   TOUCH_MOTION              3  +33.954s	1 (1) 27.80/66.14 (89.00/119.17mm)
1787598435.344  event6   TOUCH_FRAME                  +33.954s	
1787598435.353  event6   TOUCH_MOTION              2  +33.963s	0 (0) 73.30/40.43 (234.67/72.83mm)
1787598435.353  event6   TOUCH_MOTION              3  +33.963s	1 (1) 27.49/66.33 (88.00/119.50mm)
1787598435.353  event6   TOUCH_FRAME                  +33.963s	
1787598435.362  event6   TOUCH_MOTION              2  +33.972s	0 (0) 73.66/40.15 (235.83/72.33mm)
1787598435.362  event6   TOUCH_MOTION              3  +33.972s	1 (1) 27.17/66.60 (87.00/120.00mm)
1787598435.362  event6   TOUCH_FRAME                  +33.972s	
1787598435.371  event6   TOUCH_MOTION              2  +33.981s	0 (0) 74.02/39.96 (237.00/72.00mm)
1787598435.371  event6   TOUCH_MOTION              3  +33.981s	1 (1) 26.91/66.70 (86.17/120.17mm)
1787598435.371  event6   TOUCH_FRAME                  +33.981s	
1787598435.380  event6   TOUCH_MOTION              2  +33.990s	0 (0) 74.49/39.69 (238.50/71.50mm)
1787598435.380  event6   TOUCH_MOTION              3  +33.990s	1 (1) 26.65/66.88 (85.33/120.50mm)
1787598435.380  event6   TOUCH_FRAME                  +33.990s	
1787598435.389  event6   TOUCH_MOTION              2  +33.999s	0 (0) 74.91/39.32 (239.83/70.83mm)
1787598435.389  event6   TOUCH_MOTION              3  +33.999s	1 (1) 26.39/66.98 (84.50/120.67mm)
1787598435.389  event6   TOUCH_FRAME                  +33.999s	
1787598435.398  event6   TOUCH_MOTION              2  +34.008s	0 (0) 75.33/39.13 (241.17/70.50mm)
1787598435.398  event6   TOUCH_MOTION              3  +34.008s	1 (1) 26.13/67.16 (83.67/121.00mm)
1787598435.398  event6   TOUCH_FRAME                  +34.008s	
1787598435.408  event6   TOUCH_MOTION              2  +34.018s	0 (0) 75.69/38.85 (242.33/70.00mm)
1787598435.408  event6   TOUCH_MOTION              3  +34.018s	1 (1) 25.87/67.35 (82.83/121.33mm)
1787598435.408  event6   TOUCH_FRAME                  +34.018s	
1787598435.417  event6   TOUCH_MOTION              2  +34.027s	0 (0) 76.05/38.58 (243.50/69.50mm)
1787598435.417  event6   TOUCH_MOTION              3  +34.027s	1 (1) 25.61/67.44 (82.00/121.50mm)
1787598435.417  event6   TOUCH_FRAME                  +34.027s	
1787598435.426  event6   TOUCH_MOTION              2  +34.036s	0 (0) 76.42/38.21 (244.67/68.83mm)
1787598435.426  event6   TOUCH_MOTION              3  +34.036s	1 (1) 25.40/67.53 (81.33/121.67mm)
1787598435.426  event6   TOUCH_FRAME                  +34.036s	
1787598435.435  event6   TOUCH_MOTION              2  +34.045s	0 (0) 76.73/38.02 (245.67/68.50mm)
1787598435.435  event6   TOUCH_MOTION              3  +34.045s	1 (1) 25.20/67.62 (80.67/121.83mm)
1787598435.435  event6   TOUCH_FRAME                  +34.045s	
1787598435.444  event6   TOUCH_MOTION              2  +34.054s	0 (0) 77.10/37.84 (246.83/68.17mm)
1787598435.444  event6   TOUCH_MOTION              3  +34.054s	1 (1) 24.99/67.72 (80.00/122.00mm)
1787598435.444  event6   TOUCH_FRAME                  +34.054s	
1787598435.453  event6   TOUCH_MOTION              2  +34.063s	0 (0) 77.41/37.65 (247.83/67.83mm)
1787598435.453  event6   TOUCH_MOTION              3  +34.063s	1 (1) 24.78/67.72 (79.33/122.00mm)
1787598435.453  event6   TOUCH_FRAME                  +34.063s	
1787598435.462  event6   TOUCH_MOTION              2  +34.072s	0 (0) 77.67/37.47 (248.67/67.50mm)
1787598435.462  event6   TOUCH_MOTION              3  +34.072s	1 (1) 24.57/67.81 (78.67/122.17mm)
1787598435.462  event6   TOUCH_FRAME                  +34.072s	
1787598435.472  event6   TOUCH_MOTION              2  +34.082s	0 (0) 77.93/37.37 (249.50/67.33mm)
1787598435.472  event6   TOUCH_MOTION              3  +34.082s	1 (1) 24.41/67.90 (78.17/122.33mm)
1787598435.472  event6   TOUCH_FRAME                  +34.082s	
1787598435.481  event6   TOUCH_MOTION              2  +34.091s	0 (0) 78.14/37.28 (250.17/67.17mm)
1787598435.481  event6   TOUCH_MOTION              3  +34.091s	1 (1) 24.26/67.90 (77.67/122.33mm)
1787598435.481  event6   TOUCH_FRAME                  +34.091s	
1787598435.490  event6   TOUCH_MOTION              2  +34.100s	0 (0) 78.29/37.19 (250.67/67.00mm)
1787598435.490  event6   TOUCH_MOTION              3  +34.100s	1 (1) 24.05/67.99 (77.00/122.50mm)
1787598435.490  event6   TOUCH_FRAME                  +34.100s	
1787598435.499  event6   TOUCH_MOTION              2  +34.109s	0 (0) 78.45/37.10 (251.17/66.83mm)
1787598435.499  event6   TOUCH_MOTION              3  +34.109s	1 (1) 23.95/67.99 (76.67/122.50mm)
1787598435.499  event6   TOUCH_FRAME                  +34.109s	
1787598435.508  event6   TOUCH_MOTION              2  +34.118s	0 (0) 78.55/37.10 (251.50/66.83mm)
1787598435.508  event6   TOUCH_MOTION              3  +34.118s	1 (1) 23.84/67.99 (76.33/122.50mm)
1787598435.508  event6   TOUCH_FRAME                  +34.118s	
1787598435.517  event6   TOUCH_MOTION              2  +34.127s	0 (0) 78.66/37.10 (251.83/66.83mm)
1787598435.517  event6   TOUCH_MOTION              3  +34.127s	1 (1) 23.74/67.99 (76.00/122.50mm)
1787598435.517  event6   TOUCH_FRAME                  +34.127s	
1787598435.526  event6   TOUCH_MOTION              2  +34.136s	0 (0) 78.71/37.10 (252.00/66.83mm)
1787598435.526  event6   TOUCH_MOTION              3  +34.136s	1 (1) 23.69/67.99 (75.83/122.50mm)
1787598435.526  event6   TOUCH_FRAME                  +34.136s	
1787598435.535  event6   TOUCH_MOTION              2  +34.145s	1 (1) 23.63/67.99 (75.67/122.50mm)
1787598435.535  event6   TOUCH_FRAME                  +34.145s	
1787598435.572  event6   TOUCH_MOTION              2  +34.182s	0 (0) 78.66/37.10 (251.83/66.83mm)
1787598435.572  event6   TOUCH_FRAME                  +34.182s	
1787598435.581  event6   TOUCH_MOTION              2  +34.191s	0 (0) 78.50/37.19 (251.33/67.00mm)
1787598435.581  event6   TOUCH_MOTION              3  +34.191s	1 (1) 23.74/67.99 (76.00/122.50mm)
1787598435.581  event6   TOUCH_FRAME                  +34.191s	
1787598435.590  event6   TOUCH_MOTION              2  +34.200s	0 (0) 78.19/37.28 (250.33/67.17mm)
1787598435.590  event6   TOUCH_MOTION              3  +34.200s	1 (1) 23.84/67.99 (76.33/122.50mm)
1787598435.590  event6   TOUCH_FRAME                  +34.200s	
1787598435.599  event6   TOUCH_MOTION              2  +34.209s	0 (0) 77.88/37.47 (249.33/67.50mm)
1787598435.599  event6   TOUCH_MOTION              3  +34.209s	1 (1) 24.00/67.90 (76.83/122.33mm)
1787598435.599  event6   TOUCH_FRAME                  +34.209s	
1787598435.609  event6   TOUCH_MOTION              2  +34.219s	0 (0) 77.56/37.65 (248.33/67.83mm)
1787598435.609  event6   TOUCH_MOTION              3  +34.219s	1 (1) 24.10/67.81 (77.17/122.17mm)
1787598435.609  event6   TOUCH_FRAME                  +34.219s	
1787598435.618  event6   TOUCH_MOTION              2  +34.228s	0 (0) 77.15/37.84 (247.00/68.17mm)
1787598435.618  event6   TOUCH_MOTION              3  +34.228s	1 (1) 24.31/67.72 (77.83/122.00mm)
1787598435.618  event6   TOUCH_FRAME                  +34.228s	
1787598435.627  event6   TOUCH_MOTION              2  +34.237s	0 (0) 76.78/38.11 (245.83/68.67mm)
1787598435.627  event6   TOUCH_MOTION              3  +34.237s	1 (1) 24.52/67.62 (78.50/121.83mm)
1787598435.627  event6   TOUCH_FRAME                  +34.237s	
1787598435.636  event6   TOUCH_MOTION              2  +34.246s	0 (0) 76.42/38.30 (244.67/69.00mm)
1787598435.636  event6   TOUCH_MOTION              3  +34.246s	1 (1) 24.73/67.44 (79.17/121.50mm)
1787598435.636  event6   TOUCH_FRAME                  +34.246s	
1787598435.645  event6   TOUCH_MOTION              2  +34.255s	0 (0) 76.00/38.58 (243.33/69.50mm)
1787598435.645  event6   TOUCH_MOTION              3  +34.255s	1 (1) 24.99/67.25 (80.00/121.17mm)
1787598435.645  event6   TOUCH_FRAME                  +34.255s	
1787598435.654  event6   TOUCH_MOTION              2  +34.264s	0 (0) 75.59/38.76 (242.00/69.83mm)
1787598435.654  event6   TOUCH_MOTION              3  +34.264s	1 (1) 25.20/66.98 (80.67/120.67mm)
1787598435.654  event6   TOUCH_FRAME                  +34.264s	
1787598435.663  event6   TOUCH_MOTION              2  +34.273s	0 (0) 75.17/38.95 (240.67/70.17mm)
1787598435.663  event6   TOUCH_MOTION              3  +34.273s	1 (1) 25.46/66.79 (81.50/120.33mm)
1787598435.663  event6   TOUCH_FRAME                  +34.273s	
1787598435.672  event6   TOUCH_MOTION              2  +34.282s	0 (0) 74.75/39.22 (239.33/70.67mm)
1787598435.672  event6   TOUCH_MOTION              3  +34.282s	1 (1) 25.77/66.60 (82.50/120.00mm)
1787598435.672  event6   TOUCH_FRAME                  +34.282s	
1787598435.682  event6   TOUCH_MOTION              2  +34.292s	0 (0) 74.34/39.41 (238.00/71.00mm)
1787598435.682  event6   TOUCH_MOTION              3  +34.292s	1 (1) 26.03/66.33 (83.33/119.50mm)
1787598435.682  event6   TOUCH_FRAME                  +34.292s	
1787598435.691  event6   TOUCH_MOTION              2  +34.301s	0 (0) 73.97/39.69 (236.83/71.50mm)
1787598435.691  event6   TOUCH_MOTION              3  +34.301s	1 (1) 26.29/66.14 (84.17/119.17mm)
1787598435.691  event6   TOUCH_FRAME                  +34.301s	
1787598435.700  event6   TOUCH_MOTION              2  +34.310s	0 (0) 73.50/39.96 (235.33/72.00mm)
1787598435.700  event6   TOUCH_MOTION              3  +34.310s	1 (1) 26.55/65.96 (85.00/118.83mm)
1787598435.700  event6   TOUCH_FRAME                  +34.310s	
1787598435.709  event6   TOUCH_MOTION              2  +34.319s	0 (0) 73.03/40.24 (233.83/72.50mm)
1787598435.709  event6   TOUCH_MOTION              3  +34.319s	1 (1) 26.81/65.77 (85.83/118.50mm)
1787598435.709  event6   TOUCH_FRAME                  +34.319s	
1787598435.718  event6   TOUCH_MOTION              2  +34.328s	0 (0) 72.51/40.52 (232.17/73.00mm)
1787598435.718  event6   TOUCH_MOTION              3  +34.328s	1 (1) 27.17/65.59 (87.00/118.17mm)
1787598435.718  event6   TOUCH_FRAME                  +34.328s	
1787598435.727  event6   TOUCH_MOTION              2  +34.337s	0 (0) 72.05/40.80 (230.67/73.50mm)
1787598435.727  event6   TOUCH_MOTION              3  +34.337s	1 (1) 27.43/65.40 (87.83/117.83mm)
1787598435.727  event6   TOUCH_FRAME                  +34.337s	
1787598435.736  event6   TOUCH_MOTION              2  +34.346s	0 (0) 71.53/41.17 (229.00/74.17mm)
1787598435.736  event6   TOUCH_MOTION              3  +34.346s	1 (1) 27.75/65.31 (88.83/117.67mm)
1787598435.736  event6   TOUCH_FRAME                  +34.346s	
1787598435.746  event6   TOUCH_MOTION              2  +34.356s	0 (0) 71.00/41.44 (227.33/74.67mm)
1787598435.746  event6   TOUCH_MOTION              3  +34.356s	1 (1) 28.11/65.12 (90.00/117.33mm)
1787598435.746  event6   TOUCH_FRAME                  +34.356s	
1787598435.755  event6   TOUCH_MOTION              2  +34.365s	0 (0) 70.48/41.63 (225.67/75.00mm)
1787598435.755  event6   TOUCH_MOTION              3  +34.365s	1 (1) 28.42/64.94 (91.00/117.00mm)
1787598435.755  event6   TOUCH_FRAME                  +34.365s	
1787598435.764  event6   TOUCH_MOTION              2  +34.374s	0 (0) 70.02/41.91 (224.17/75.50mm)
1787598435.764  event6   TOUCH_MOTION              3  +34.374s	1 (1) 28.74/64.75 (92.00/116.67mm)
1787598435.764  event6   TOUCH_FRAME                  +34.374s	
1787598435.773  event6   TOUCH_MOTION              2  +34.383s	0 (0) 69.60/42.18 (222.83/76.00mm)
1787598435.773  event6   TOUCH_MOTION              3  +34.383s	1 (1) 29.15/64.66 (93.33/116.50mm)
1787598435.773  event6   TOUCH_FRAME                  +34.383s	
1787598435.782  event6   TOUCH_MOTION              2  +34.392s	0 (0) 69.13/42.46 (221.33/76.50mm)
1787598435.782  event6   TOUCH_MOTION              3  +34.392s	1 (1) 29.52/64.48 (94.50/116.17mm)
1787598435.782  event6   TOUCH_FRAME                  +34.392s	
1787598435.791  event6   TOUCH_MOTION              2  +34.401s	0 (0) 68.71/42.74 (220.00/77.00mm)
1787598435.791  event6   TOUCH_MOTION              3  +34.401s	1 (1) 29.88/64.29 (95.67/115.83mm)
1787598435.791  event6   TOUCH_FRAME                  +34.401s	
1787598435.800  event6   TOUCH_MOTION              2  +34.410s	0 (0) 68.25/43.11 (218.50/77.67mm)
1787598435.800  event6   TOUCH_MOTION              3  +34.410s	1 (1) 30.24/64.11 (96.83/115.50mm)
1787598435.800  event6   TOUCH_FRAME                  +34.410s	
1787598435.809  event6   TOUCH_MOTION              2  +34.419s	0 (0) 67.83/43.29 (217.17/78.00mm)
1787598435.809  event6   TOUCH_MOTION              3  +34.419s	1 (1) 30.61/63.92 (98.00/115.17mm)
1787598435.809  event6   TOUCH_FRAME                  +34.419s	
1787598435.819  event6   TOUCH_MOTION              2  +34.429s	0 (0) 67.46/43.57 (216.00/78.50mm)
1787598435.819  event6   TOUCH_MOTION              3  +34.429s	1 (1) 30.97/63.74 (99.17/114.83mm)
1787598435.819  event6   TOUCH_FRAME                  +34.429s	
1787598435.828  event6   TOUCH_MOTION              2  +34.438s	0 (0) 67.10/43.85 (214.83/79.00mm)
1787598435.828  event6   TOUCH_MOTION              3  +34.438s	1 (1) 31.39/63.55 (100.50/114.50mm)
1787598435.828  event6   TOUCH_FRAME                  +34.438s	
1787598435.837  event6   TOUCH_MOTION              2  +34.447s	0 (0) 66.68/44.13 (213.50/79.50mm)
1787598435.837  event6   TOUCH_MOTION              3  +34.447s	1 (1) 31.75/63.37 (101.67/114.17mm)
1787598435.837  event6   TOUCH_FRAME                  +34.447s	
1787598435.846  event6   TOUCH_MOTION              2  +34.456s	0 (0) 66.22/44.40 (212.00/80.00mm)
1787598435.846  event6   TOUCH_MOTION              3  +34.456s	1 (1) 32.12/63.18 (102.83/113.83mm)
1787598435.846  event6   TOUCH_FRAME                  +34.456s	
1787598435.855  event6   TOUCH_MOTION              2  +34.465s	0 (0) 65.80/44.68 (210.67/80.50mm)
1787598435.855  event6   TOUCH_MOTION              3  +34.465s	1 (1) 32.54/63.00 (104.17/113.50mm)
1787598435.855  event6   TOUCH_FRAME                  +34.465s	
1787598435.864  event6   TOUCH_MOTION              2  +34.474s	0 (0) 65.38/44.96 (209.33/81.00mm)
1787598435.864  event6   TOUCH_MOTION              3  +34.474s	1 (1) 32.85/62.81 (105.17/113.17mm)
1787598435.864  event6   TOUCH_FRAME                  +34.474s	
1787598435.873  event6   TOUCH_MOTION              2  +34.483s	0 (0) 64.97/45.33 (208.00/81.67mm)
1787598435.873  event6   TOUCH_MOTION              3  +34.483s	1 (1) 33.21/62.53 (106.33/112.67mm)
1787598435.873  event6   TOUCH_FRAME                  +34.483s	
1787598435.883  event6   TOUCH_MOTION              2  +34.493s	0 (0) 64.55/45.61 (206.67/82.17mm)
1787598435.883  event6   TOUCH_MOTION              3  +34.493s	1 (1) 33.52/62.44 (107.33/112.50mm)
1787598435.883  event6   TOUCH_FRAME                  +34.493s	
1787598435.892  event6   TOUCH_MOTION              2  +34.502s	0 (0) 64.13/45.79 (205.33/82.50mm)
1787598435.892  event6   TOUCH_MOTION              3  +34.502s	1 (1) 33.89/62.26 (108.50/112.17mm)
1787598435.892  event6   TOUCH_FRAME                  +34.502s	
1787598435.901  event6   TOUCH_MOTION              2  +34.511s	0 (0) 63.66/46.07 (203.83/83.00mm)
1787598435.901  event6   TOUCH_MOTION              3  +34.511s	1 (1) 34.25/62.07 (109.67/111.83mm)
1787598435.901  event6   TOUCH_FRAME                  +34.511s	
1787598435.910  event6   TOUCH_MOTION              2  +34.520s	0 (0) 63.25/46.25 (202.50/83.33mm)
1787598435.910  event6   TOUCH_MOTION              3  +34.520s	1 (1) 34.62/61.98 (110.83/111.67mm)
1787598435.910  event6   TOUCH_FRAME                  +34.520s	
1787598435.919  event6   TOUCH_MOTION              2  +34.529s	0 (0) 62.88/46.53 (201.33/83.83mm)
1787598435.919  event6   TOUCH_MOTION              3  +34.529s	1 (1) 34.98/61.79 (112.00/111.33mm)
1787598435.919  event6   TOUCH_FRAME                  +34.529s	
1787598435.928  event6   TOUCH_MOTION              2  +34.538s	0 (0) 62.47/46.72 (200.00/84.17mm)
1787598435.928  event6   TOUCH_MOTION              3  +34.538s	1 (1) 35.40/61.70 (113.33/111.17mm)
1787598435.928  event6   TOUCH_FRAME                  +34.538s	
1787598435.937  event6   TOUCH_MOTION              2  +34.547s	0 (0) 62.05/46.90 (198.67/84.50mm)
1787598435.937  event6   TOUCH_MOTION              3  +34.547s	1 (1) 35.76/61.61 (114.50/111.00mm)
1787598435.937  event6   TOUCH_FRAME                  +34.547s	
1787598435.946  event6   TOUCH_MOTION              2  +34.556s	0 (0) 61.69/47.09 (197.50/84.83mm)
1787598435.946  event6   TOUCH_MOTION              3  +34.556s	1 (1) 36.13/61.52 (115.67/110.83mm)
1787598435.946  event6   TOUCH_FRAME                  +34.556s	
1787598435.956  event6   TOUCH_MOTION              2  +34.566s	0 (0) 61.32/47.27 (196.33/85.17mm)
1787598435.956  event6   TOUCH_MOTION              3  +34.566s	1 (1) 36.54/61.33 (117.00/110.50mm)
1787598435.956  event6   TOUCH_FRAME                  +34.566s	
1787598435.965  event6   TOUCH_MOTION              2  +34.575s	0 (0) 60.91/47.55 (195.00/85.67mm)
1787598435.965  event6   TOUCH_MOTION              3  +34.575s	1 (1) 36.86/61.24 (118.00/110.33mm)
1787598435.965  event6   TOUCH_FRAME                  +34.575s	
1787598435.974  event6   TOUCH_MOTION              2  +34.584s	0 (0) 60.54/47.73 (193.83/86.00mm)
1787598435.974  event6   TOUCH_MOTION              3  +34.584s	1 (1) 37.17/61.24 (119.00/110.33mm)
1787598435.974  event6   TOUCH_FRAME                  +34.584s	
1787598435.983  event6   TOUCH_MOTION              2  +34.593s	0 (0) 60.18/48.01 (192.67/86.50mm)
1787598435.983  event6   TOUCH_MOTION              3  +34.593s	1 (1) 37.48/61.15 (120.00/110.17mm)
1787598435.983  event6   TOUCH_FRAME                  +34.593s	
1787598435.992  event6   TOUCH_MOTION              2  +34.602s	0 (0) 59.76/48.20 (191.33/86.83mm)
1787598435.992  event6   TOUCH_MOTION              3  +34.602s	1 (1) 37.74/61.05 (120.83/110.00mm)
1787598435.992  event6   TOUCH_FRAME                  +34.602s	
1787598436.001  event6   TOUCH_MOTION              2  +34.611s	0 (0) 59.40/48.38 (190.17/87.17mm)
1787598436.001  event6   TOUCH_MOTION              3  +34.611s	1 (1) 38.05/60.87 (121.83/109.67mm)
1787598436.001  event6   TOUCH_FRAME                  +34.611s	
1787598436.010  event6   TOUCH_MOTION              2  +34.620s	0 (0) 59.03/48.66 (189.00/87.67mm)
1787598436.010  event6   TOUCH_MOTION              3  +34.620s	1 (1) 38.31/60.87 (122.67/109.67mm)
1787598436.010  event6   TOUCH_FRAME                  +34.620s	
1787598436.019  event6   TOUCH_MOTION              2  +34.629s	0 (0) 58.67/48.84 (187.83/88.00mm)
1787598436.019  event6   TOUCH_MOTION              3  +34.629s	1 (1) 38.57/60.68 (123.50/109.33mm)
1787598436.019  event6   TOUCH_FRAME                  +34.629s	
1787598436.029  event6   TOUCH_MOTION              2  +34.639s	0 (0) 58.30/49.12 (186.67/88.50mm)
1787598436.029  event6   TOUCH_MOTION              3  +34.639s	1 (1) 38.89/60.50 (124.50/109.00mm)
1787598436.029  event6   TOUCH_FRAME                  +34.639s	
1787598436.038  event6   TOUCH_MOTION              2  +34.648s	0 (0) 57.99/49.31 (185.67/88.83mm)
1787598436.038  event6   TOUCH_MOTION              3  +34.648s	1 (1) 39.20/60.50 (125.50/109.00mm)
1787598436.038  event6   TOUCH_FRAME                  +34.648s	
1787598436.047  event6   TOUCH_MOTION              2  +34.657s	0 (0) 57.68/49.49 (184.67/89.17mm)
1787598436.047  event6   TOUCH_MOTION              3  +34.657s	1 (1) 39.46/60.41 (126.33/108.83mm)
1787598436.047  event6   TOUCH_FRAME                  +34.657s	
1787598436.056  event6   TOUCH_MOTION              2  +34.666s	0 (0) 57.37/49.77 (183.67/89.67mm)
1787598436.056  event6   TOUCH_MOTION              3  +34.666s	1 (1) 39.67/60.31 (127.00/108.67mm)
1787598436.056  event6   TOUCH_FRAME                  +34.666s	
1787598436.065  event6   TOUCH_MOTION              2  +34.675s	0 (0) 57.11/49.95 (182.83/90.00mm)
1787598436.065  event6   TOUCH_MOTION              3  +34.675s	1 (1) 39.93/60.22 (127.83/108.50mm)
1787598436.065  event6   TOUCH_FRAME                  +34.675s	
1787598436.074  event6   TOUCH_MOTION              2  +34.684s	0 (0) 56.79/50.05 (181.83/90.17mm)
1787598436.074  event6   TOUCH_MOTION              3  +34.684s	1 (1) 40.19/60.13 (128.67/108.33mm)
1787598436.074  event6   TOUCH_FRAME                  +34.684s	
1787598436.083  event6   TOUCH_MOTION              2  +34.693s	0 (0) 56.48/50.23 (180.83/90.50mm)
1787598436.083  event6   TOUCH_MOTION              3  +34.693s	1 (1) 40.45/60.13 (129.50/108.33mm)
1787598436.083  event6   TOUCH_FRAME                  +34.693s	
1787598436.093  event6   TOUCH_MOTION              2  +34.703s	0 (0) 56.22/50.32 (180.00/90.67mm)
1787598436.093  event6   TOUCH_MOTION              3  +34.703s	1 (1) 40.71/60.04 (130.33/108.17mm)
1787598436.093  event6   TOUCH_FRAME                  +34.703s	
1787598436.102  event6   TOUCH_MOTION              2  +34.712s	0 (0) 55.96/50.51 (179.17/91.00mm)
1787598436.102  event6   TOUCH_MOTION              3  +34.712s	1 (1) 40.97/59.94 (131.17/108.00mm)
1787598436.102  event6   TOUCH_FRAME                  +34.712s	
1787598436.111  event6   TOUCH_MOTION              2  +34.721s	0 (0) 55.70/50.69 (178.33/91.33mm)
1787598436.111  event6   TOUCH_MOTION              3  +34.721s	1 (1) 41.18/59.94 (131.83/108.00mm)
1787598436.111  event6   TOUCH_FRAME                  +34.721s	
1787598436.120  event6   TOUCH_MOTION              2  +34.730s	0 (0) 55.39/50.88 (177.33/91.67mm)
1787598436.120  event6   TOUCH_MOTION              3  +34.730s	1 (1) 41.38/59.94 (132.50/108.00mm)
1787598436.120  event6   TOUCH_FRAME                  +34.730s	
1787598436.129  event6   TOUCH_MOTION              2  +34.739s	0 (0) 55.08/51.06 (176.33/92.00mm)
1787598436.129  event6   TOUCH_MOTION              3  +34.739s	1 (1) 41.54/59.94 (133.00/108.00mm)
1787598436.129  event6   TOUCH_FRAME                  +34.739s	
1787598436.138  event6   TOUCH_MOTION              2  +34.748s	0 (0) 54.87/51.25 (175.67/92.33mm)
1787598436.138  event6   TOUCH_MOTION              3  +34.748s	1 (1) 41.75/59.94 (133.67/108.00mm)
1787598436.138  event6   TOUCH_FRAME                  +34.748s	
1787598436.147  event6   TOUCH_MOTION              2  +34.757s	0 (0) 54.61/51.43 (174.83/92.67mm)
1787598436.147  event6   TOUCH_MOTION              3  +34.757s	1 (1) 41.96/59.85 (134.33/107.83mm)
1787598436.147  event6   TOUCH_FRAME                  +34.757s	
1787598436.157  event6   TOUCH_MOTION              2  +34.767s	0 (0) 54.35/51.53 (174.00/92.83mm)
1787598436.157  event6   TOUCH_MOTION              3  +34.767s	1 (1) 42.17/59.76 (135.00/107.67mm)
1787598436.157  event6   TOUCH_FRAME                  +34.767s	
1787598436.167  event6   TOUCH_MOTION              2  +34.776s	0 (0) 54.09/51.71 (173.17/93.17mm)
1787598436.167  event6   TOUCH_MOTION              3  +34.776s	1 (1) 42.37/59.76 (135.67/107.67mm)
1787598436.167  event6   TOUCH_FRAME                  +34.776s	
1787598436.175  event6   TOUCH_MOTION              2  +34.785s	0 (0) 53.88/51.80 (172.50/93.33mm)
1787598436.175  event6   TOUCH_MOTION              3  +34.785s	1 (1) 42.58/59.76 (136.33/107.67mm)
1787598436.175  event6   TOUCH_FRAME                  +34.785s	
1787598436.184  event6   TOUCH_MOTION              2  +34.794s	0 (0) 53.67/51.99 (171.83/93.67mm)
1787598436.184  event6   TOUCH_MOTION              3  +34.794s	1 (1) 42.74/59.76 (136.83/107.67mm)
1787598436.184  event6   TOUCH_FRAME                  +34.794s	
1787598436.193  event6   TOUCH_MOTION              2  +34.803s	0 (0) 53.51/52.17 (171.33/94.00mm)
1787598436.193  event6   TOUCH_MOTION              3  +34.803s	1 (1) 42.89/59.76 (137.33/107.67mm)
1787598436.193  event6   TOUCH_FRAME                  +34.803s	
1787598436.202  event6   TOUCH_MOTION              2  +34.812s	0 (0) 53.31/52.27 (170.67/94.17mm)
1787598436.202  event6   TOUCH_MOTION              3  +34.812s	1 (1) 43.05/59.67 (137.83/107.50mm)
1787598436.202  event6   TOUCH_FRAME                  +34.812s	
1787598436.211  event6   TOUCH_MOTION              2  +34.821s	0 (0) 53.20/52.36 (170.33/94.33mm)
1787598436.211  event6   TOUCH_MOTION              3  +34.821s	1 (1) 43.26/59.67 (138.50/107.50mm)
1787598436.211  event6   TOUCH_FRAME                  +34.821s	
1787598436.220  event6   TOUCH_MOTION              2  +34.830s	0 (0) 53.10/52.45 (170.00/94.50mm)
1787598436.220  event6   TOUCH_MOTION              3  +34.830s	1 (1) 43.47/59.67 (139.17/107.50mm)
1787598436.220  event6   TOUCH_FRAME                  +34.830s	
1787598436.230  event6   TOUCH_MOTION              2  +34.840s	0 (0) 52.94/52.54 (169.50/94.67mm)
1787598436.230  event6   TOUCH_MOTION              3  +34.840s	1 (1) 43.68/59.67 (139.83/107.50mm)
1787598436.230  event6   TOUCH_FRAME                  +34.840s	
1787598436.239  event6   TOUCH_MOTION              2  +34.849s	0 (0) 52.84/52.54 (169.17/94.67mm)
1787598436.239  event6   TOUCH_MOTION              3  +34.849s	1 (1) 43.83/59.67 (140.33/107.50mm)
1787598436.239  event6   TOUCH_FRAME                  +34.849s	
1787598436.248  event6   TOUCH_MOTION              2  +34.858s	0 (0) 52.68/52.64 (168.67/94.83mm)
1787598436.248  event6   TOUCH_MOTION              3  +34.858s	1 (1) 43.99/59.67 (140.83/107.50mm)
1787598436.248  event6   TOUCH_FRAME                  +34.858s	
1787598436.257  event6   TOUCH_MOTION              2  +34.867s	0 (0) 52.58/52.73 (168.33/95.00mm)
1787598436.257  event6   TOUCH_MOTION              3  +34.867s	1 (1) 44.14/59.67 (141.33/107.50mm)
1787598436.257  event6   TOUCH_FRAME                  +34.867s	
1787598436.266  event6   TOUCH_MOTION              2  +34.876s	0 (0) 52.42/52.82 (167.83/95.17mm)
1787598436.266  event6   TOUCH_MOTION              3  +34.876s	1 (1) 44.35/59.67 (142.00/107.50mm)
1787598436.266  event6   TOUCH_FRAME                  +34.876s	
1787598436.275  event6   TOUCH_MOTION              2  +34.885s	0 (0) 52.32/52.91 (167.50/95.33mm)
1787598436.275  event6   TOUCH_MOTION              3  +34.885s	1 (1) 44.56/59.67 (142.67/107.50mm)
1787598436.275  event6   TOUCH_FRAME                  +34.885s	
1787598436.284  event6   TOUCH_MOTION              2  +34.894s	0 (0) 52.16/52.91 (167.00/95.33mm)
1787598436.284  event6   TOUCH_MOTION              3  +34.894s	1 (1) 44.72/59.67 (143.17/107.50mm)
1787598436.284  event6   TOUCH_FRAME                  +34.894s	
1787598436.294  event6   TOUCH_MOTION              2  +34.904s	0 (0) 52.06/53.01 (166.67/95.50mm)
1787598436.294  event6   TOUCH_MOTION              3  +34.904s	1 (1) 44.92/59.67 (143.83/107.50mm)
1787598436.294  event6   TOUCH_FRAME                  +34.904s	
1787598436.303  event6   TOUCH_MOTION              2  +34.913s	0 (0) 51.95/53.10 (166.33/95.67mm)
1787598436.303  event6   TOUCH_MOTION              3  +34.913s	1 (1) 45.13/59.67 (144.50/107.50mm)
1787598436.303  event6   TOUCH_FRAME                  +34.913s	
1787598436.312  event6   TOUCH_MOTION              2  +34.922s	0 (0) 51.90/53.19 (166.17/95.83mm)
1787598436.312  event6   TOUCH_MOTION              3  +34.922s	1 (1) 45.29/59.67 (145.00/107.50mm)
1787598436.312  event6   TOUCH_FRAME                  +34.922s	
1787598436.321  event6   TOUCH_MOTION              2  +34.931s	0 (0) 51.74/53.28 (165.67/96.00mm)
1787598436.321  event6   TOUCH_MOTION              3  +34.931s	1 (1) 45.45/59.67 (145.50/107.50mm)
1787598436.321  event6   TOUCH_FRAME                  +34.931s	
1787598436.330  event6   TOUCH_MOTION              2  +34.940s	0 (0) 51.64/53.28 (165.33/96.00mm)
1787598436.330  event6   TOUCH_MOTION              3  +34.940s	1 (1) 45.60/59.67 (146.00/107.50mm)
1787598436.330  event6   TOUCH_FRAME                  +34.940s	
1787598436.340  event6   TOUCH_MOTION              2  +34.950s	0 (0) 51.59/53.28 (165.17/96.00mm)
1787598436.340  event6   TOUCH_MOTION              3  +34.950s	1 (1) 45.65/59.67 (146.17/107.50mm)
1787598436.340  event6   TOUCH_FRAME                  +34.950s	
1787598436.350  event6   TOUCH_MOTION              2  +34.960s	0 (0) 51.54/53.28 (165.00/96.00mm)
1787598436.350  event6   TOUCH_MOTION              3  +34.960s	1 (1) 45.71/59.67 (146.33/107.50mm)
1787598436.350  event6   TOUCH_FRAME                  +34.960s	
1787598436.360  event6   TOUCH_MOTION              2  +34.970s	0 (0) 51.43/53.28 (164.67/96.00mm)
1787598436.360  event6   TOUCH_MOTION              3  +34.970s	1 (1) 45.81/59.67 (146.67/107.50mm)
1787598436.360  event6   TOUCH_FRAME                  +34.970s	
1787598436.370  event6   TOUCH_MOTION              2  +34.980s	0 (0) 51.33/53.28 (164.33/96.00mm)
1787598436.370  event6   TOUCH_MOTION              3  +34.980s	1 (1) 45.91/59.67 (147.00/107.50mm)
1787598436.370  event6   TOUCH_FRAME                  +34.980s	
1787598436.380  event6   TOUCH_MOTION              2  +34.990s	0 (0) 51.28/53.38 (164.17/96.17mm)
1787598436.380  event6   TOUCH_MOTION              3  +34.990s	1 (1) 45.97/59.67 (147.17/107.50mm)
1787598436.380  event6   TOUCH_FRAME                  +34.990s	
1787598436.389  event6   TOUCH_MOTION              2  +34.999s	0 (0) 51.22/53.38 (164.00/96.17mm)
1787598436.389  event6   TOUCH_MOTION              3  +34.999s	1 (1) 46.07/59.67 (147.50/107.50mm)
1787598436.389  event6   TOUCH_FRAME                  +34.999s	
1787598436.399  event6   TOUCH_MOTION              2  +35.009s	0 (0) 51.12/53.47 (163.67/96.33mm)
1787598436.399  event6   TOUCH_MOTION              3  +35.009s	1 (1) 46.17/59.67 (147.83/107.50mm)
1787598436.399  event6   TOUCH_FRAME                  +35.009s	
1787598436.409  event6   TOUCH_MOTION              2  +35.019s	0 (0) 51.07/53.56 (163.50/96.50mm)
1787598436.409  event6   TOUCH_MOTION              3  +35.019s	1 (1) 46.23/59.67 (148.00/107.50mm)
1787598436.409  event6   TOUCH_FRAME                  +35.019s	
1787598436.419  event6   TOUCH_MOTION              2  +35.029s	0 (0) 50.96/53.65 (163.17/96.67mm)
1787598436.419  event6   TOUCH_MOTION              3  +35.029s	1 (1) 46.33/59.67 (148.33/107.50mm)
1787598436.419  event6   TOUCH_FRAME                  +35.029s	
1787598436.429  event6   TOUCH_MOTION              2  +35.039s	0 (0) 50.86/53.65 (162.83/96.67mm)
1787598436.429  event6   TOUCH_MOTION              3  +35.039s	1 (1) 46.38/59.67 (148.50/107.50mm)
1787598436.429  event6   TOUCH_FRAME                  +35.039s	
1787598436.439  event6   TOUCH_MOTION              2  +35.049s	0 (0) 50.81/53.75 (162.67/96.83mm)
1787598436.439  event6   TOUCH_MOTION              3  +35.049s	1 (1) 46.49/59.67 (148.83/107.50mm)
1787598436.439  event6   TOUCH_FRAME                  +35.049s	
1787598436.449  event6   TOUCH_MOTION              2  +35.059s	0 (0) 50.70/53.84 (162.33/97.00mm)
1787598436.449  event6   TOUCH_MOTION              3  +35.059s	1 (1) 46.59/59.67 (149.17/107.50mm)
1787598436.449  event6   TOUCH_FRAME                  +35.059s	
1787598436.459  event6   TOUCH_MOTION              2  +35.069s	0 (0) 50.60/53.93 (162.00/97.17mm)
1787598436.459  event6   TOUCH_FRAME                  +35.069s	
1787598436.468  event6   TOUCH_MOTION              2  +35.078s	1 (1) 46.64/59.67 (149.33/107.50mm)
1787598436.468  event6   TOUCH_FRAME                  +35.078s	
1787598436.478  event6   TOUCH_MOTION              2  +35.088s	0 (0) 50.55/53.93 (161.83/97.17mm)
1787598436.478  event6   TOUCH_MOTION              3  +35.088s	1 (1) 46.69/59.67 (149.50/107.50mm)
1787598436.478  event6   TOUCH_FRAME                  +35.088s	
1787598436.488  event6   TOUCH_MOTION              2  +35.098s	0 (0) 50.49/53.93 (161.67/97.17mm)
1787598436.488  event6   TOUCH_MOTION              3  +35.098s	1 (1) 46.75/59.67 (149.67/107.50mm)
1787598436.488  event6   TOUCH_FRAME                  +35.098s	
1787598436.498  event6   TOUCH_MOTION              2  +35.108s	0 (0) 50.44/53.93 (161.50/97.17mm)
1787598436.498  event6   TOUCH_MOTION              3  +35.108s	1 (1) 46.80/59.67 (149.83/107.50mm)
1787598436.498  event6   TOUCH_FRAME                  +35.108s	
1787598436.508  event6   TOUCH_MOTION              2  +35.118s	0 (0) 50.39/53.93 (161.33/97.17mm)
1787598436.508  event6   TOUCH_MOTION              3  +35.118s	1 (1) 46.85/59.67 (150.00/107.50mm)
1787598436.508  event6   TOUCH_FRAME                  +35.118s	
1787598436.528  event6   TOUCH_MOTION              2  +35.138s	0 (0) 50.34/53.93 (161.17/97.17mm)
1787598436.528  event6   TOUCH_FRAME                  +35.138s	
1787598436.538  event6   TOUCH_MOTION              2  +35.148s	0 (0) 50.29/53.93 (161.00/97.17mm)
1787598436.538  event6   TOUCH_FRAME                  +35.148s	
1787598436.567  event6   TOUCH_MOTION              2  +35.177s	1 (1) 46.85/59.76 (150.00/107.67mm)
1787598436.567  event6   TOUCH_FRAME                  +35.177s	
1787598436.599  event6   TOUCH_UP                     +35.209s	0 (0)
1787598436.599  event6   TOUCH_FRAME                  +35.209s	
1787598436.619  event6   TOUCH_UP                     +35.229s	1 (1)
1787598436.619  event6   TOUCH_FRAME                  +35.229s	
1787598437.545  event6   TOUCH_DOWN                   +36.155s	0 (0) 48.05/73.08 (153.83/131.67mm)
1787598437.545  event6   TOUCH_FRAME                  +36.155s	
1787598437.564  event6   TOUCH_DOWN                   +36.174s	1 (1) 40.29/78.35 (129.00/141.17mm)
1787598437.564  event6   TOUCH_DOWN                   +36.174s	2 (2) 55.75/77.06 (178.50/138.83mm)
1787598437.564  event6   TOUCH_DOWN                   +36.174s	3 (3) 64.03/82.15 (205.00/148.00mm)
1787598437.564  event6   TOUCH_FRAME                  +36.174s	
1787598437.609  event6   TOUCH_MOTION                 +36.219s	2 (2) 55.86/76.23 (178.83/137.33mm)
1787598437.609  event6   TOUCH_MOTION              2  +36.219s	3 (3) 64.24/81.68 (205.67/147.17mm)
1787598437.609  event6   TOUCH_FRAME                  +36.219s	
1787598437.619  event6   TOUCH_MOTION              2  +36.229s	0 (0) 48.05/72.34 (153.83/130.33mm)
1787598437.619  event6   TOUCH_MOTION              3  +36.229s	2 (2) 55.91/75.86 (179.00/136.67mm)
1787598437.619  event6   TOUCH_MOTION              4  +36.229s	3 (3) 64.29/81.41 (205.83/146.67mm)
1787598437.619  event6   TOUCH_FRAME                  +36.229s	
1787598437.628  event6   TOUCH_MOTION              2  +36.238s	0 (0) 48.05/72.06 (153.83/129.83mm)
1787598437.628  event6   TOUCH_MOTION              3  +36.238s	2 (2) 55.96/75.49 (179.17/136.00mm)
1787598437.628  event6   TOUCH_MOTION              4  +36.238s	3 (3) 64.39/81.13 (206.17/146.17mm)
1787598437.628  event6   TOUCH_FRAME                  +36.238s	
1787598437.637  event6   TOUCH_MOTION              2  +36.247s	0 (0) 48.05/71.79 (153.83/129.33mm)
1787598437.637  event6   TOUCH_MOTION              3  +36.247s	1 (1) 40.29/77.52 (129.00/139.67mm)
1787598437.637  event6   TOUCH_MOTION              4  +36.247s	2 (2) 55.96/75.21 (179.17/135.50mm)
1787598437.637  event6   TOUCH_MOTION              5  +36.247s	3 (3) 64.45/80.85 (206.33/145.67mm)
1787598437.637  event6   TOUCH_FRAME                  +36.247s	
1787598437.646  event6   TOUCH_MOTION              2  +36.256s	0 (0) 48.10/71.42 (154.00/128.67mm)
1787598437.646  event6   TOUCH_MOTION              3  +36.256s	1 (1) 40.29/77.15 (129.00/139.00mm)
1787598437.646  event6   TOUCH_MOTION              4  +36.256s	2 (2) 56.01/74.93 (179.33/135.00mm)
1787598437.646  event6   TOUCH_MOTION              5  +36.256s	3 (3) 64.50/80.48 (206.50/145.00mm)
1787598437.646  event6   TOUCH_FRAME                  +36.256s	
1787598437.655  event6   TOUCH_MOTION              2  +36.265s	0 (0) 48.15/71.05 (154.17/128.00mm)
1787598437.655  event6   TOUCH_MOTION              3  +36.265s	1 (1) 40.29/76.78 (129.00/138.33mm)
1787598437.655  event6   TOUCH_MOTION              4  +36.265s	2 (2) 56.06/74.56 (179.50/134.33mm)
1787598437.655  event6   TOUCH_MOTION              5  +36.265s	3 (3) 64.55/80.11 (206.67/144.33mm)
1787598437.655  event6   TOUCH_FRAME                  +36.265s	
1787598437.664  event6   TOUCH_MOTION              2  +36.274s	0 (0) 48.15/70.58 (154.17/127.17mm)
1787598437.664  event6   TOUCH_MOTION              3  +36.274s	1 (1) 40.29/76.32 (129.00/137.50mm)
1787598437.664  event6   TOUCH_MOTION              4  +36.274s	2 (2) 56.12/74.19 (179.67/133.67mm)
1787598437.664  event6   TOUCH_MOTION              5  +36.274s	3 (3) 64.65/79.74 (207.00/143.67mm)
1787598437.664  event6   TOUCH_FRAME                  +36.274s	
1787598437.673  event6   TOUCH_MOTION              2  +36.283s	0 (0) 48.20/70.03 (154.33/126.17mm)
1787598437.673  event6   TOUCH_MOTION              3  +36.283s	1 (1) 40.29/75.76 (129.00/136.50mm)
1787598437.673  event6   TOUCH_MOTION              4  +36.283s	2 (2) 56.17/73.73 (179.83/132.83mm)
1787598437.673  event6   TOUCH_MOTION              5  +36.283s	3 (3) 64.65/79.28 (207.00/142.83mm)
1787598437.673  event6   TOUCH_FRAME                  +36.283s	
1787598437.683  event6   TOUCH_MOTION              2  +36.293s	0 (0) 48.26/69.47 (154.50/125.17mm)
1787598437.683  event6   TOUCH_MOTION              3  +36.293s	1 (1) 40.29/75.30 (129.00/135.67mm)
1787598437.683  event6   TOUCH_MOTION              4  +36.293s	2 (2) 56.22/73.27 (180.00/132.00mm)
1787598437.683  event6   TOUCH_MOTION              5  +36.293s	3 (3) 64.71/78.72 (207.17/141.83mm)
1787598437.683  event6   TOUCH_FRAME                  +36.293s	
1787598437.692  event6   TOUCH_MOTION              2  +36.302s	0 (0) 48.31/68.83 (154.67/124.00mm)
1787598437.692  event6   TOUCH_MOTION              3  +36.302s	1 (1) 40.29/74.65 (129.00/134.50mm)
1787598437.692  event6   TOUCH_MOTION              4  +36.302s	2 (2) 56.22/72.62 (180.00/130.83mm)
1787598437.692  event6   TOUCH_MOTION              5  +36.302s	3 (3) 64.76/78.17 (207.33/140.83mm)
1787598437.692  event6   TOUCH_FRAME                  +36.302s	
1787598437.701  event6   TOUCH_MOTION              2  +36.311s	0 (0) 48.36/68.09 (154.83/122.67mm)
1787598437.701  event6   TOUCH_MOTION              3  +36.311s	1 (1) 40.24/74.01 (128.83/133.33mm)
1787598437.701  event6   TOUCH_MOTION              4  +36.311s	2 (2) 56.27/71.88 (180.17/129.50mm)
1787598437.701  event6   TOUCH_MOTION              5  +36.311s	3 (3) 64.81/77.52 (207.50/139.67mm)
1787598437.701  event6   TOUCH_FRAME                  +36.311s	
1787598437.710  event6   TOUCH_MOTION              2  +36.320s	0 (0) 48.41/67.25 (155.00/121.17mm)
1787598437.710  event6   TOUCH_MOTION              3  +36.320s	1 (1) 40.19/73.36 (128.67/132.17mm)
1787598437.710  event6   TOUCH_MOTION              4  +36.320s	2 (2) 56.38/71.14 (180.50/128.17mm)
1787598437.710  event6   TOUCH_MOTION              5  +36.320s	3 (3) 64.86/76.78 (207.67/138.33mm)
1787598437.710  event6   TOUCH_FRAME                  +36.320s	
1787598437.719  event6   TOUCH_MOTION              2  +36.329s	0 (0) 48.46/66.33 (155.17/119.50mm)
1787598437.719  event6   TOUCH_MOTION              3  +36.329s	1 (1) 40.14/72.62 (128.50/130.83mm)
1787598437.719  event6   TOUCH_MOTION              4  +36.329s	2 (2) 56.43/70.31 (180.67/126.67mm)
1787598437.719  event6   TOUCH_MOTION              5  +36.329s	3 (3) 64.91/75.95 (207.83/136.83mm)
1787598437.719  event6   TOUCH_FRAME                  +36.329s	
1787598437.728  event6   TOUCH_MOTION              2  +36.338s	0 (0) 48.57/65.40 (155.50/117.83mm)
1787598437.728  event6   TOUCH_MOTION              3  +36.338s	1 (1) 40.14/71.79 (128.50/129.33mm)
1787598437.728  event6   TOUCH_MOTION              4  +36.338s	2 (2) 56.53/69.29 (181.00/124.83mm)
1787598437.728  event6   TOUCH_MOTION              5  +36.338s	3 (3) 64.91/75.02 (207.83/135.17mm)
1787598437.728  event6   TOUCH_FRAME                  +36.338s	
1787598437.737  event6   TOUCH_MOTION              2  +36.347s	0 (0) 48.62/64.29 (155.67/115.83mm)
1787598437.737  event6   TOUCH_MOTION              3  +36.347s	1 (1) 40.08/70.86 (128.33/127.67mm)
1787598437.737  event6   TOUCH_MOTION              4  +36.347s	2 (2) 56.64/68.36 (181.33/123.17mm)
1787598437.737  event6   TOUCH_MOTION              5  +36.347s	3 (3) 65.02/74.10 (208.17/133.50mm)
1787598437.737  event6   TOUCH_FRAME                  +36.347s	
1787598437.746  event6   TOUCH_MOTION              2  +36.356s	0 (0) 48.72/63.18 (156.00/113.83mm)
1787598437.746  event6   TOUCH_MOTION              3  +36.356s	1 (1) 40.03/69.94 (128.17/126.00mm)
1787598437.746  event6   TOUCH_MOTION              4  +36.356s	2 (2) 56.69/67.25 (181.50/121.17mm)
1787598437.746  event6   TOUCH_MOTION              5  +36.356s	3 (3) 65.12/72.99 (208.50/131.50mm)
1787598437.746  event6   TOUCH_FRAME                  +36.356s	
1787598437.756  event6   TOUCH_MOTION              2  +36.366s	0 (0) 48.83/61.98 (156.33/111.67mm)
1787598437.756  event6   TOUCH_MOTION              3  +36.366s	1 (1) 40.03/68.83 (128.17/124.00mm)
1787598437.756  event6   TOUCH_MOTION              4  +36.366s	2 (2) 56.79/66.14 (181.83/119.17mm)
1787598437.756  event6   TOUCH_MOTION              5  +36.366s	3 (3) 65.17/71.88 (208.67/129.50mm)
1787598437.756  event6   TOUCH_FRAME                  +36.366s	
1787598437.765  event6   TOUCH_MOTION              2  +36.375s	0 (0) 48.98/60.78 (156.83/109.50mm)
1787598437.765  event6   TOUCH_MOTION              3  +36.375s	1 (1) 40.03/67.72 (128.17/122.00mm)
1787598437.765  event6   TOUCH_MOTION              4  +36.375s	2 (2) 56.90/64.94 (182.17/117.00mm)
1787598437.765  event6   TOUCH_MOTION              5  +36.375s	3 (3) 65.33/70.77 (209.17/127.50mm)
1787598437.765  event6   TOUCH_FRAME                  +36.375s	
1787598437.774  event6   TOUCH_MOTION              2  +36.384s	0 (0) 49.14/59.39 (157.33/107.00mm)
1787598437.774  event6   TOUCH_MOTION              3  +36.384s	1 (1) 40.03/66.51 (128.17/119.83mm)
1787598437.774  event6   TOUCH_MOTION              4  +36.384s	2 (2) 57.05/63.64 (182.67/114.67mm)
1787598437.774  event6   TOUCH_MOTION              5  +36.384s	3 (3) 65.49/69.29 (209.67/124.83mm)
1787598437.774  event6   TOUCH_FRAME                  +36.384s	
1787598437.783  event6   TOUCH_MOTION              2  +36.393s	0 (0) 49.30/58.09 (157.83/104.67mm)
1787598437.783  event6   TOUCH_MOTION              3  +36.393s	1 (1) 40.03/65.22 (128.17/117.50mm)
1787598437.783  event6   TOUCH_MOTION              4  +36.393s	2 (2) 57.16/62.44 (183.00/112.50mm)
1787598437.783  event6   TOUCH_FRAME                  +36.393s	
1787598437.792  event6   TOUCH_MOTION              2  +36.402s	0 (0) 49.51/56.71 (158.50/102.17mm)
1787598437.792  event6   TOUCH_MOTION              3  +36.402s	1 (1) 40.08/63.92 (128.33/115.17mm)
1787598437.792  event6   TOUCH_MOTION              4  +36.402s	2 (2) 57.31/61.05 (183.50/110.00mm)
1787598437.792  event6   TOUCH_FRAME                  +36.402s	
1787598437.801  event6   TOUCH_MOTION              2  +36.411s	0 (0) 49.66/55.23 (159.00/99.50mm)
1787598437.801  event6   TOUCH_MOTION              3  +36.411s	1 (1) 40.14/62.44 (128.50/112.50mm)
1787598437.801  event6   TOUCH_MOTION              4  +36.411s	2 (2) 57.47/59.67 (184.00/107.50mm)
1787598437.801  event6   TOUCH_FRAME                  +36.411s	
1787598437.810  event6   TOUCH_MOTION              2  +36.420s	0 (0) 49.82/53.65 (159.50/96.67mm)
1787598437.810  event6   TOUCH_MOTION              3  +36.420s	1 (1) 40.24/61.05 (128.83/110.00mm)
1787598437.810  event6   TOUCH_MOTION              4  +36.420s	2 (2) 57.57/58.28 (184.33/105.00mm)
1787598437.810  event6   TOUCH_FRAME                  +36.420s	
1787598437.819  event6   TOUCH_MOTION              2  +36.429s	0 (0) 49.97/52.17 (160.00/94.00mm)
1787598437.819  event6   TOUCH_MOTION              3  +36.429s	1 (1) 40.34/59.57 (129.17/107.33mm)
1787598437.819  event6   TOUCH_MOTION              4  +36.429s	2 (2) 57.73/56.80 (184.83/102.33mm)
1787598437.819  event6   TOUCH_UP                     +36.429s	3 (3)
1787598437.819  event6   TOUCH_FRAME                  +36.429s	
1787598437.828  event6   TOUCH_MOTION                 +36.438s	0 (0) 51.07/43.57 (163.50/78.50mm)
1787598437.828  event6   TOUCH_MOTION              2  +36.438s	1 (1) 41.12/51.06 (131.67/92.00mm)
1787598437.828  event6   TOUCH_MOTION              3  +36.438s	2 (2) 58.56/48.57 (187.50/87.50mm)
1787598437.828  event6   TOUCH_FRAME                  +36.438s	
1787598437.838  event6   TOUCH_MOTION              2  +36.448s	0 (0) 51.12/42.74 (163.67/77.00mm)
1787598437.838  event6   TOUCH_MOTION              3  +36.448s	1 (1) 41.23/50.32 (132.00/90.67mm)
1787598437.838  event6   TOUCH_MOTION              4  +36.448s	2 (2) 58.62/47.83 (187.67/86.17mm)
1787598437.838  event6   TOUCH_FRAME                  +36.448s	
1787598437.847  event6   TOUCH_MOTION              2  +36.457s	0 (0) 51.17/42.37 (163.83/76.33mm)
1787598437.847  event6   TOUCH_MOTION              3  +36.457s	1 (1) 41.23/49.77 (132.00/89.67mm)
1787598437.847  event6   TOUCH_MOTION              4  +36.457s	2 (2) 58.67/47.27 (187.83/85.17mm)
1787598437.847  event6   TOUCH_FRAME                  +36.457s	
1787598437.855  event6   TOUCH_MOTION              2  +36.465s	0 (0) 51.28/41.63 (164.17/75.00mm)
1787598437.855  event6   TOUCH_FRAME                  +36.465s	
1787598437.892  event6   TOUCH_UP                     +36.502s	1 (1)
1787598437.892  event6   TOUCH_UP                     +36.502s	2 (2)
1787598437.892  event6   TOUCH_FRAME                  +36.502s	
1787598437.910  event6   TOUCH_UP                     +36.520s	0 (0)
1787598437.910  event6   TOUCH_FRAME                  +36.520s	
1787598439.872  event6   TOUCH_DOWN                   +38.482s	0 (0) 48.83/45.33 (156.33/81.67mm)
1787598439.872  event6   TOUCH_FRAME                  +38.482s	
1787598439.890  event6   TOUCH_DOWN                   +38.500s	1 (1) 39.88/51.25 (127.67/92.33mm)
1787598439.890  event6   TOUCH_DOWN                   +38.500s	2 (2) 55.70/50.32 (178.33/90.67mm)
1787598439.890  event6   TOUCH_DOWN                   +38.500s	3 (3) 64.24/55.97 (205.67/100.83mm)
1787598439.890  event6   TOUCH_FRAME                  +38.500s	
1787598439.936  event6   TOUCH_MOTION                 +38.546s	2 (2) 55.60/49.58 (178.00/89.33mm)
1787598439.936  event6   TOUCH_FRAME                  +38.546s	
1787598439.945  event6   TOUCH_MOTION              2  +38.555s	2 (2) 55.60/49.31 (178.00/88.83mm)
1787598439.945  event6   TOUCH_FRAME                  +38.555s	
1787598439.955  event6   TOUCH_MOTION              2  +38.565s	0 (0) 48.72/44.59 (156.00/80.33mm)
1787598439.955  event6   TOUCH_MOTION              3  +38.565s	1 (1) 39.77/50.51 (127.33/91.00mm)
1787598439.955  event6   TOUCH_MOTION              4  +38.565s	2 (2) 55.54/49.03 (177.83/88.33mm)
1787598439.955  event6   TOUCH_MOTION              5  +38.565s	3 (3) 64.24/55.13 (205.67/99.33mm)
1787598439.955  event6   TOUCH_FRAME                  +38.565s	
1787598439.964  event6   TOUCH_MOTION              2  +38.574s	0 (0) 48.67/44.22 (155.83/79.67mm)
1787598439.964  event6   TOUCH_MOTION              3  +38.574s	1 (1) 39.72/50.23 (127.17/90.50mm)
1787598439.964  event6   TOUCH_MOTION              4  +38.574s	2 (2) 55.54/48.75 (177.83/87.83mm)
1787598439.964  event6   TOUCH_MOTION              5  +38.574s	3 (3) 64.24/54.67 (205.67/98.50mm)
1787598439.964  event6   TOUCH_FRAME                  +38.574s	
1787598439.973  event6   TOUCH_MOTION              2  +38.583s	0 (0) 48.62/43.85 (155.67/79.00mm)
1787598439.973  event6   TOUCH_MOTION              3  +38.583s	1 (1) 39.67/49.86 (127.00/89.83mm)
1787598439.973  event6   TOUCH_MOTION              4  +38.583s	2 (2) 55.54/48.38 (177.83/87.17mm)
1787598439.973  event6   TOUCH_MOTION              5  +38.583s	3 (3) 64.24/54.12 (205.67/97.50mm)
1787598439.973  event6   TOUCH_FRAME                  +38.583s	
1787598439.982  event6   TOUCH_MOTION              2  +38.592s	0 (0) 48.62/43.48 (155.67/78.33mm)
1787598439.982  event6   TOUCH_MOTION              3  +38.592s	1 (1) 39.67/49.49 (127.00/89.17mm)
1787598439.982  event6   TOUCH_MOTION              4  +38.592s	2 (2) 55.49/48.01 (177.67/86.50mm)
1787598439.982  event6   TOUCH_MOTION              5  +38.592s	3 (3) 64.24/53.65 (205.67/96.67mm)
1787598439.982  event6   TOUCH_FRAME                  +38.592s	
1787598439.991  event6   TOUCH_MOTION              2  +38.601s	0 (0) 48.57/43.02 (155.50/77.50mm)
1787598439.991  event6   TOUCH_MOTION              3  +38.601s	1 (1) 39.61/49.03 (126.83/88.33mm)
1787598439.991  event6   TOUCH_MOTION              4  +38.601s	2 (2) 55.44/47.64 (177.50/85.83mm)
1787598439.991  event6   TOUCH_MOTION              5  +38.601s	3 (3) 64.24/53.10 (205.67/95.67mm)
1787598439.991  event6   TOUCH_FRAME                  +38.601s	
1787598440.000  event6   TOUCH_MOTION              2  +38.610s	0 (0) 48.57/42.46 (155.50/76.50mm)
1787598440.000  event6   TOUCH_MOTION              3  +38.610s	1 (1) 39.56/48.57 (126.67/87.50mm)
1787598440.000  event6   TOUCH_MOTION              4  +38.610s	2 (2) 55.39/47.27 (177.33/85.17mm)
1787598440.000  event6   TOUCH_MOTION              5  +38.610s	3 (3) 64.24/52.45 (205.67/94.50mm)
1787598440.000  event6   TOUCH_FRAME                  +38.610s	
1787598440.009  event6   TOUCH_MOTION              2  +38.619s	0 (0) 48.57/41.91 (155.50/75.50mm)
1787598440.009  event6   TOUCH_MOTION              3  +38.619s	1 (1) 39.51/48.01 (126.50/86.50mm)
1787598440.009  event6   TOUCH_MOTION              4  +38.619s	2 (2) 55.34/46.72 (177.17/84.17mm)
1787598440.009  event6   TOUCH_MOTION              5  +38.619s	3 (3) 64.24/51.80 (205.67/93.33mm)
1787598440.009  event6   TOUCH_FRAME                  +38.619s	
1787598440.018  event6   TOUCH_MOTION              2  +38.628s	0 (0) 48.57/41.17 (155.50/74.17mm)
1787598440.018  event6   TOUCH_MOTION              3  +38.628s	1 (1) 39.51/47.46 (126.50/85.50mm)
1787598440.018  event6   TOUCH_MOTION              4  +38.628s	2 (2) 55.34/46.16 (177.17/83.17mm)
1787598440.018  event6   TOUCH_MOTION              5  +38.628s	3 (3) 64.24/51.16 (205.67/92.17mm)
1787598440.018  event6   TOUCH_FRAME                  +38.628s	
1787598440.028  event6   TOUCH_MOTION              2  +38.638s	0 (0) 48.57/40.52 (155.50/73.00mm)
1787598440.028  event6   TOUCH_MOTION              3  +38.638s	1 (1) 39.46/46.90 (126.33/84.50mm)
1787598440.028  event6   TOUCH_MOTION              4  +38.638s	2 (2) 55.34/45.51 (177.17/82.00mm)
1787598440.028  event6   TOUCH_MOTION              5  +38.638s	3 (3) 64.24/50.51 (205.67/91.00mm)
1787598440.028  event6   TOUCH_FRAME                  +38.638s	
1787598440.037  event6   TOUCH_MOTION              2  +38.647s	0 (0) 48.57/39.78 (155.50/71.67mm)
1787598440.037  event6   TOUCH_MOTION              3  +38.647s	1 (1) 39.46/46.16 (126.33/83.17mm)
1787598440.037  event6   TOUCH_MOTION              4  +38.647s	2 (2) 55.34/44.87 (177.17/80.83mm)
1787598440.037  event6   TOUCH_MOTION              5  +38.647s	3 (3) 64.24/49.86 (205.67/89.83mm)
1787598440.037  event6   TOUCH_FRAME                  +38.647s	
1787598440.046  event6   TOUCH_MOTION              2  +38.656s	0 (0) 48.57/38.95 (155.50/70.17mm)
1787598440.046  event6   TOUCH_MOTION              3  +38.656s	1 (1) 39.46/45.42 (126.33/81.83mm)
1787598440.046  event6   TOUCH_MOTION              4  +38.656s	2 (2) 55.34/44.13 (177.17/79.50mm)
1787598440.046  event6   TOUCH_MOTION              5  +38.656s	3 (3) 64.24/49.12 (205.67/88.50mm)
1787598440.046  event6   TOUCH_FRAME                  +38.656s	
1787598440.055  event6   TOUCH_MOTION              2  +38.665s	0 (0) 48.57/38.11 (155.50/68.67mm)
1787598440.055  event6   TOUCH_MOTION              3  +38.665s	1 (1) 39.46/44.68 (126.33/80.50mm)
1787598440.055  event6   TOUCH_MOTION              4  +38.665s	2 (2) 55.28/43.39 (177.00/78.17mm)
1787598440.055  event6   TOUCH_MOTION              5  +38.665s	3 (3) 64.24/48.38 (205.67/87.17mm)
1787598440.055  event6   TOUCH_FRAME                  +38.665s	
1787598440.064  event6   TOUCH_MOTION              2  +38.674s	0 (0) 48.57/37.19 (155.50/67.00mm)
1787598440.064  event6   TOUCH_MOTION              3  +38.674s	1 (1) 39.46/43.85 (126.33/79.00mm)
1787598440.064  event6   TOUCH_MOTION              4  +38.674s	2 (2) 55.28/42.55 (177.00/76.67mm)
1787598440.064  event6   TOUCH_MOTION              5  +38.674s	3 (3) 64.24/47.55 (205.67/85.67mm)
1787598440.064  event6   TOUCH_FRAME                  +38.674s	
1787598440.073  event6   TOUCH_MOTION              2  +38.683s	0 (0) 48.57/36.26 (155.50/65.33mm)
1787598440.073  event6   TOUCH_MOTION              3  +38.683s	1 (1) 39.46/43.02 (126.33/77.50mm)
1787598440.073  event6   TOUCH_MOTION              4  +38.683s	2 (2) 55.28/41.63 (177.00/75.00mm)
1787598440.073  event6   TOUCH_MOTION              5  +38.683s	3 (3) 64.24/46.72 (205.67/84.17mm)
1787598440.073  event6   TOUCH_FRAME                  +38.683s	
1787598440.082  event6   TOUCH_MOTION              2  +38.692s	0 (0) 48.57/35.34 (155.50/63.67mm)
1787598440.082  event6   TOUCH_MOTION              3  +38.692s	1 (1) 39.46/42.09 (126.33/75.83mm)
1787598440.082  event6   TOUCH_MOTION              4  +38.692s	2 (2) 55.28/40.70 (177.00/73.33mm)
1787598440.082  event6   TOUCH_MOTION              5  +38.692s	3 (3) 64.24/45.79 (205.67/82.50mm)
1787598440.082  event6   TOUCH_FRAME                  +38.692s	
1787598440.092  event6   TOUCH_MOTION              2  +38.702s	0 (0) 48.57/34.41 (155.50/62.00mm)
1787598440.092  event6   TOUCH_MOTION              3  +38.702s	1 (1) 39.46/41.17 (126.33/74.17mm)
1787598440.092  event6   TOUCH_MOTION              4  +38.702s	2 (2) 55.28/39.69 (177.00/71.50mm)
1787598440.092  event6   TOUCH_MOTION              5  +38.702s	3 (3) 64.24/44.87 (205.67/80.83mm)
1787598440.092  event6   TOUCH_FRAME                  +38.702s	
1787598440.101  event6   TOUCH_MOTION              2  +38.711s	0 (0) 48.57/33.30 (155.50/60.00mm)
1787598440.101  event6   TOUCH_MOTION              3  +38.711s	1 (1) 39.46/40.15 (126.33/72.33mm)
1787598440.101  event6   TOUCH_MOTION              4  +38.711s	2 (2) 55.23/38.67 (176.83/69.67mm)
1787598440.101  event6   TOUCH_MOTION              5  +38.711s	3 (3) 64.24/43.85 (205.67/79.00mm)
1787598440.101  event6   TOUCH_FRAME                  +38.711s	
1787598440.110  event6   TOUCH_MOTION              2  +38.720s	0 (0) 48.57/32.28 (155.50/58.17mm)
1787598440.110  event6   TOUCH_MOTION              3  +38.720s	1 (1) 39.46/39.22 (126.33/70.67mm)
1787598440.110  event6   TOUCH_MOTION              4  +38.720s	2 (2) 55.23/37.65 (176.83/67.83mm)
1787598440.110  event6   TOUCH_MOTION              5  +38.720s	3 (3) 64.24/42.83 (205.67/77.17mm)
1787598440.110  event6   TOUCH_FRAME                  +38.720s	
1787598440.119  event6   TOUCH_MOTION              2  +38.729s	0 (0) 48.57/31.17 (155.50/56.17mm)
1787598440.119  event6   TOUCH_MOTION              3  +38.729s	1 (1) 39.41/38.21 (126.17/68.83mm)
1787598440.119  event6   TOUCH_MOTION              4  +38.729s	2 (2) 55.18/36.45 (176.67/65.67mm)
1787598440.119  event6   TOUCH_MOTION              5  +38.729s	3 (3) 64.24/41.81 (205.67/75.33mm)
1787598440.119  event6   TOUCH_FRAME                  +38.729s	
1787598440.128  event6   TOUCH_MOTION              2  +38.738s	0 (0) 48.57/30.06 (155.50/54.17mm)
1787598440.128  event6   TOUCH_MOTION              3  +38.738s	1 (1) 39.41/37.10 (126.17/66.83mm)
1787598440.128  event6   TOUCH_MOTION              4  +38.738s	2 (2) 55.13/35.25 (176.50/63.50mm)
1787598440.128  event6   TOUCH_MOTION              5  +38.738s	3 (3) 64.24/40.70 (205.67/73.33mm)
1787598440.128  event6   TOUCH_FRAME                  +38.738s	
1787598440.137  event6   TOUCH_MOTION              2  +38.747s	0 (0) 48.57/28.95 (155.50/52.17mm)
1787598440.137  event6   TOUCH_MOTION              3  +38.747s	1 (1) 39.41/35.99 (126.17/64.83mm)
1787598440.137  event6   TOUCH_MOTION              4  +38.747s	2 (2) 55.08/34.04 (176.33/61.33mm)
1787598440.137  event6   TOUCH_MOTION              5  +38.747s	3 (3) 64.24/39.59 (205.67/71.33mm)
1787598440.137  event6   TOUCH_FRAME                  +38.747s	
1787598440.146  event6   TOUCH_MOTION              2  +38.756s	0 (0) 48.57/27.84 (155.50/50.17mm)
1787598440.146  event6   TOUCH_MOTION              3  +38.756s	1 (1) 39.41/34.88 (126.17/62.83mm)
1787598440.146  event6   TOUCH_MOTION              4  +38.756s	3 (3) 64.24/38.48 (205.67/69.33mm)
1787598440.146  event6   TOUCH_FRAME                  +38.756s	
1787598440.155  event6   TOUCH_MOTION              2  +38.765s	0 (0) 48.57/26.73 (155.50/48.17mm)
1787598440.155  event6   TOUCH_MOTION              3  +38.765s	1 (1) 39.41/33.77 (126.17/60.83mm)
1787598440.155  event6   TOUCH_FRAME                  +38.765s	
1787598440.165  event6   TOUCH_MOTION              2  +38.775s	1 (1) 39.46/32.65 (126.33/58.83mm)
1787598440.165  event6   TOUCH_FRAME                  +38.775s	
1787598440.184  event6   TOUCH_UP                     +38.794s	2 (2)
1787598440.184  event6   TOUCH_FRAME                  +38.794s	
1787598440.194  event6   TOUCH_UP                     +38.804s	3 (3)
1787598440.194  event6   TOUCH_FRAME                  +38.804s	
1787598440.204  event6   TOUCH_UP                     +38.814s	0 (0)
1787598440.204  event6   TOUCH_FRAME                  +38.814s	
1787598440.227  event6   TOUCH_UP                     +38.837s	1 (1)
1787598440.227  event6   TOUCH_FRAME                  +38.837s	
1787598441.284  event6   TOUCH_DOWN                   +39.894s	0 (0) 58.20/32.47 (186.33/58.50mm)
1787598441.284  event6   TOUCH_FRAME                  +39.894s	
1787598441.333  event6   TOUCH_MOTION                 +39.943s	0 (0) 58.15/33.49 (186.17/60.33mm)
1787598441.333  event6   TOUCH_FRAME                  +39.943s	
1787598441.342  event6   TOUCH_MOTION              2  +39.952s	0 (0) 58.09/33.95 (186.00/61.17mm)
1787598441.342  event6   TOUCH_FRAME                  +39.952s	
1787598441.352  event6   TOUCH_MOTION              2  +39.962s	0 (0) 58.04/34.41 (185.83/62.00mm)
1787598441.352  event6   TOUCH_FRAME                  +39.962s	
1787598441.362  event6   TOUCH_MOTION              2  +39.972s	0 (0) 58.04/34.97 (185.83/63.00mm)
1787598441.362  event6   TOUCH_FRAME                  +39.972s	
1787598441.372  event6   TOUCH_MOTION              2  +39.982s	0 (0) 58.04/35.52 (185.83/64.00mm)
1787598441.372  event6   TOUCH_FRAME                  +39.982s	
1787598441.382  event6   TOUCH_MOTION              2  +39.992s	0 (0) 58.04/36.26 (185.83/65.33mm)
1787598441.382  event6   TOUCH_FRAME                  +39.992s	
1787598441.392  event6   TOUCH_MOTION              2  +40.002s	0 (0) 58.04/36.91 (185.83/66.50mm)
1787598441.392  event6   TOUCH_FRAME                  +40.002s	
1787598441.402  event6   TOUCH_MOTION              2  +40.012s	0 (0) 58.04/37.65 (185.83/67.83mm)
1787598441.402  event6   TOUCH_FRAME                  +40.012s	
1787598441.412  event6   TOUCH_MOTION              2  +40.022s	0 (0) 58.04/38.39 (185.83/69.17mm)
1787598441.412  event6   TOUCH_FRAME                  +40.022s	
1787598441.421  event6   TOUCH_MOTION              2  +40.031s	0 (0) 58.04/39.22 (185.83/70.67mm)
1787598441.421  event6   TOUCH_FRAME                  +40.031s	
1787598441.431  event6   TOUCH_MOTION              2  +40.041s	0 (0) 58.04/40.06 (185.83/72.17mm)
1787598441.431  event6   TOUCH_FRAME                  +40.041s	
1787598441.441  event6   TOUCH_MOTION              2  +40.051s	0 (0) 58.04/40.89 (185.83/73.67mm)
1787598441.441  event6   TOUCH_FRAME                  +40.051s	
1787598441.451  event6   TOUCH_MOTION              2  +40.061s	0 (0) 58.04/41.81 (185.83/75.33mm)
1787598441.451  event6   TOUCH_FRAME                  +40.061s	
1787598441.461  event6   TOUCH_MOTION              2  +40.071s	0 (0) 58.04/42.74 (185.83/77.00mm)
1787598441.461  event6   TOUCH_FRAME                  +40.071s	
1787598441.471  event6   TOUCH_MOTION              2  +40.081s	0 (0) 58.04/43.76 (185.83/78.83mm)
1787598441.471  event6   TOUCH_FRAME                  +40.081s	
1787598441.481  event6   TOUCH_MOTION              2  +40.091s	0 (0) 58.04/44.77 (185.83/80.67mm)
1787598441.481  event6   TOUCH_FRAME                  +40.091s	
1787598441.491  event6   TOUCH_MOTION              2  +40.101s	0 (0) 58.04/45.79 (185.83/82.50mm)
1787598441.491  event6   TOUCH_FRAME                  +40.101s	
1787598441.500  event6   TOUCH_MOTION              2  +40.110s	0 (0) 58.04/46.90 (185.83/84.50mm)
1787598441.500  event6   TOUCH_FRAME                  +40.110s	
1787598441.510  event6   TOUCH_MOTION              2  +40.120s	0 (0) 58.04/48.01 (185.83/86.50mm)
1787598441.511  event6   TOUCH_FRAME                  +40.120s	
1787598441.520  event6   TOUCH_MOTION              2  +40.130s	0 (0) 58.04/49.12 (185.83/88.50mm)
1787598441.520  event6   TOUCH_FRAME                  +40.130s	
1787598441.530  event6   TOUCH_MOTION              2  +40.140s	0 (0) 58.04/50.32 (185.83/90.67mm)
1787598441.530  event6   TOUCH_FRAME                  +40.140s	
1787598441.540  event6   TOUCH_MOTION              2  +40.150s	0 (0) 58.04/51.53 (185.83/92.83mm)
1787598441.540  event6   TOUCH_FRAME                  +40.150s	
1787598441.550  event6   TOUCH_MOTION              2  +40.160s	0 (0) 58.04/52.82 (185.83/95.17mm)
1787598441.550  event6   TOUCH_FRAME                  +40.160s	
1787598441.560  event6   TOUCH_MOTION              2  +40.170s	0 (0) 58.04/54.02 (185.83/97.33mm)
1787598441.560  event6   TOUCH_FRAME                  +40.170s	
1787598441.570  event6   TOUCH_MOTION              2  +40.180s	0 (0) 58.04/55.23 (185.83/99.50mm)
1787598441.570  event6   TOUCH_FRAME                  +40.180s	
1787598441.579  event6   TOUCH_MOTION              2  +40.189s	0 (0) 58.04/56.43 (185.83/101.67mm)
1787598441.579  event6   TOUCH_FRAME                  +40.189s	
1787598441.589  event6   TOUCH_MOTION              2  +40.199s	0 (0) 58.04/57.63 (185.83/103.83mm)
1787598441.589  event6   TOUCH_FRAME                  +40.199s	
1787598441.599  event6   TOUCH_MOTION              2  +40.209s	0 (0) 58.04/58.83 (185.83/106.00mm)
1787598441.599  event6   TOUCH_FRAME                  +40.209s	
1787598441.609  event6   TOUCH_MOTION              2  +40.219s	0 (0) 58.04/59.94 (185.83/108.00mm)
1787598441.609  event6   TOUCH_FRAME                  +40.219s	
1787598441.619  event6   TOUCH_MOTION              2  +40.229s	0 (0) 58.04/61.05 (185.83/110.00mm)
1787598441.619  event6   TOUCH_FRAME                  +40.229s	
1787598441.629  event6   TOUCH_MOTION              2  +40.239s	0 (0) 58.04/62.07 (185.83/111.83mm)
1787598441.629  event6   TOUCH_FRAME                  +40.239s	
1787598441.639  event6   TOUCH_MOTION              2  +40.249s	0 (0) 58.04/63.18 (185.83/113.83mm)
1787598441.639  event6   TOUCH_FRAME                  +40.249s	
1787598441.649  event6   TOUCH_MOTION              2  +40.259s	0 (0) 58.04/64.11 (185.83/115.50mm)
1787598441.649  event6   TOUCH_FRAME                  +40.259s	
1787598441.658  event6   TOUCH_MOTION              2  +40.268s	0 (0) 58.04/65.03 (185.83/117.17mm)
1787598441.658  event6   TOUCH_FRAME                  +40.268s	
1787598441.668  event6   TOUCH_MOTION              2  +40.278s	0 (0) 58.04/66.05 (185.83/119.00mm)
1787598441.668  event6   TOUCH_FRAME                  +40.278s	
1787598441.678  event6   TOUCH_MOTION              2  +40.288s	0 (0) 58.04/66.98 (185.83/120.67mm)
1787598441.678  event6   TOUCH_FRAME                  +40.288s	
1787598441.688  event6   TOUCH_MOTION              2  +40.298s	0 (0) 58.04/67.99 (185.83/122.50mm)
1787598441.688  event6   TOUCH_FRAME                  +40.298s	
1787598441.698  event6   TOUCH_MOTION              2  +40.308s	0 (0) 58.04/68.92 (185.83/124.17mm)
1787598441.698  event6   TOUCH_FRAME                  +40.308s	
1787598441.708  event6   TOUCH_MOTION              2  +40.318s	0 (0) 58.04/69.94 (185.83/126.00mm)
1787598441.708  event6   TOUCH_FRAME                  +40.318s	
1787598441.718  event6   TOUCH_MOTION              2  +40.328s	0 (0) 58.04/70.77 (185.83/127.50mm)
1787598441.718  event6   TOUCH_FRAME                  +40.328s	
1787598441.728  event6   TOUCH_MOTION              2  +40.338s	0 (0) 58.04/71.69 (185.83/129.17mm)
1787598441.728  event6   TOUCH_FRAME                  +40.338s	
1787598441.737  event6   TOUCH_MOTION              2  +40.347s	0 (0) 58.04/72.62 (185.83/130.83mm)
1787598441.737  event6   TOUCH_FRAME                  +40.347s	
1787598441.747  event6   TOUCH_MOTION              2  +40.357s	0 (0) 58.04/73.36 (185.83/132.17mm)
1787598441.747  event6   TOUCH_FRAME                  +40.357s	
1787598441.757  event6   TOUCH_MOTION              2  +40.367s	0 (0) 58.04/74.10 (185.83/133.50mm)
1787598441.757  event6   TOUCH_FRAME                  +40.367s	
1787598441.767  event6   TOUCH_MOTION              2  +40.377s	0 (0) 58.04/74.93 (185.83/135.00mm)
1787598441.767  event6   TOUCH_FRAME                  +40.377s	
1787598441.777  event6   TOUCH_MOTION              2  +40.387s	0 (0) 58.04/75.67 (185.83/136.33mm)
1787598441.777  event6   TOUCH_FRAME                  +40.387s	
1787598441.787  event6   TOUCH_MOTION              2  +40.397s	0 (0) 58.04/76.32 (185.83/137.50mm)
1787598441.787  event6   TOUCH_FRAME                  +40.397s	
1787598441.797  event6   TOUCH_MOTION              2  +40.407s	0 (0) 58.04/76.97 (185.83/138.67mm)
1787598441.797  event6   TOUCH_FRAME                  +40.407s	
1787598441.806  event6   TOUCH_MOTION              2  +40.416s	0 (0) 58.04/77.61 (185.83/139.83mm)
1787598441.806  event6   TOUCH_FRAME                  +40.416s	
1787598441.816  event6   TOUCH_MOTION              2  +40.426s	0 (0) 57.99/78.26 (185.67/141.00mm)
1787598441.816  event6   TOUCH_FRAME                  +40.426s	
1787598441.826  event6   TOUCH_MOTION              2  +40.436s	0 (0) 57.99/78.91 (185.67/142.17mm)
1787598441.826  event6   TOUCH_FRAME                  +40.436s	
1787598441.836  event6   TOUCH_MOTION              2  +40.446s	0 (0) 57.94/79.46 (185.50/143.17mm)
1787598441.836  event6   TOUCH_FRAME                  +40.446s	
1787598441.846  event6   TOUCH_MOTION              2  +40.456s	0 (0) 57.89/79.93 (185.33/144.00mm)
1787598441.846  event6   TOUCH_FRAME                  +40.456s	
1787598441.856  event6   TOUCH_MOTION              2  +40.466s	0 (0) 57.89/80.30 (185.33/144.67mm)
1787598441.856  event6   TOUCH_FRAME                  +40.466s	
1787598441.866  event6   TOUCH_MOTION              2  +40.476s	0 (0) 57.89/80.67 (185.33/145.33mm)
1787598441.866  event6   TOUCH_FRAME                  +40.476s	
1787598441.876  event6   TOUCH_MOTION              2  +40.486s	0 (0) 57.89/80.94 (185.33/145.83mm)
1787598441.876  event6   TOUCH_FRAME                  +40.486s	
1787598441.885  event6   TOUCH_MOTION              2  +40.495s	0 (0) 57.89/81.22 (185.33/146.33mm)
1787598441.885  event6   TOUCH_FRAME                  +40.495s	
1787598441.895  event6   TOUCH_MOTION              2  +40.505s	0 (0) 57.89/81.31 (185.33/146.50mm)
1787598441.895  event6   TOUCH_FRAME                  +40.505s	
1787598441.905  event6   TOUCH_MOTION              2  +40.515s	0 (0) 57.89/81.50 (185.33/146.83mm)
1787598441.905  event6   TOUCH_FRAME                  +40.515s	
1787598441.915  event6   TOUCH_MOTION              2  +40.525s	0 (0) 57.83/81.68 (185.17/147.17mm)
1787598441.915  event6   TOUCH_FRAME                  +40.525s	
1787598441.935  event6   TOUCH_MOTION              2  +40.545s	0 (0) 57.83/81.78 (185.17/147.33mm)
1787598441.935  event6   TOUCH_FRAME                  +40.545s	
1787598441.945  event6   TOUCH_MOTION              2  +40.555s	0 (0) 57.78/81.78 (185.00/147.33mm)
1787598441.945  event6   TOUCH_FRAME                  +40.555s	
1787598441.955  event6   TOUCH_MOTION              2  +40.565s	0 (0) 57.78/81.68 (185.00/147.17mm)
1787598441.955  event6   TOUCH_FRAME                  +40.565s	
1787598441.964  event6   TOUCH_MOTION              2  +40.574s	0 (0) 57.73/81.41 (184.83/146.67mm)
1787598441.964  event6   TOUCH_FRAME                  +40.574s	
1787598441.974  event6   TOUCH_MOTION              2  +40.584s	0 (0) 57.68/81.13 (184.67/146.17mm)
1787598441.974  event6   TOUCH_FRAME                  +40.584s	
1787598441.984  event6   TOUCH_MOTION              2  +40.594s	0 (0) 57.63/80.67 (184.50/145.33mm)
1787598441.984  event6   TOUCH_FRAME                  +40.594s	
1787598441.994  event6   TOUCH_MOTION              2  +40.604s	0 (0) 57.57/80.20 (184.33/144.50mm)
1787598441.994  event6   TOUCH_FRAME                  +40.604s	
1787598442.004  event6   TOUCH_MOTION              2  +40.614s	0 (0) 57.52/79.56 (184.17/143.33mm)
1787598442.004  event6   TOUCH_FRAME                  +40.614s	
1787598442.014  event6   TOUCH_MOTION              2  +40.624s	0 (0) 57.52/78.91 (184.17/142.17mm)
1787598442.014  event6   TOUCH_FRAME                  +40.624s	
1787598442.024  event6   TOUCH_MOTION              2  +40.634s	0 (0) 57.52/78.08 (184.17/140.67mm)
1787598442.024  event6   TOUCH_FRAME                  +40.634s	
1787598442.034  event6   TOUCH_MOTION              2  +40.644s	0 (0) 57.47/77.24 (184.00/139.17mm)
1787598442.034  event6   TOUCH_FRAME                  +40.644s	
1787598442.043  event6   TOUCH_MOTION              2  +40.653s	0 (0) 57.47/76.32 (184.00/137.50mm)
1787598442.043  event6   TOUCH_FRAME                  +40.653s	
1787598442.053  event6   TOUCH_MOTION              2  +40.663s	0 (0) 57.47/75.30 (184.00/135.67mm)
1787598442.053  event6   TOUCH_FRAME                  +40.663s	
1787598442.063  event6   TOUCH_MOTION              2  +40.673s	0 (0) 57.42/74.10 (183.83/133.50mm)
1787598442.063  event6   TOUCH_FRAME                  +40.673s	
1787598442.073  event6   TOUCH_MOTION              2  +40.683s	0 (0) 57.42/72.90 (183.83/131.33mm)
1787598442.073  event6   TOUCH_FRAME                  +40.683s	
1787598442.083  event6   TOUCH_MOTION              2  +40.693s	0 (0) 57.42/71.51 (183.83/128.83mm)
1787598442.083  event6   TOUCH_FRAME                  +40.693s	
1787598442.093  event6   TOUCH_MOTION              2  +40.703s	0 (0) 57.37/70.21 (183.67/126.50mm)
1787598442.093  event6   TOUCH_FRAME                  +40.703s	
1787598442.103  event6   TOUCH_MOTION              2  +40.713s	0 (0) 57.37/68.83 (183.67/124.00mm)
1787598442.103  event6   TOUCH_FRAME                  +40.713s	
1787598442.113  event6   TOUCH_MOTION              2  +40.723s	0 (0) 57.31/67.35 (183.50/121.33mm)
1787598442.113  event6   TOUCH_FRAME                  +40.723s	
1787598442.122  event6   TOUCH_MOTION              2  +40.732s	0 (0) 57.31/65.96 (183.50/118.83mm)
1787598442.122  event6   TOUCH_FRAME                  +40.732s	
1787598442.132  event6   TOUCH_MOTION              2  +40.742s	0 (0) 57.31/64.57 (183.50/116.33mm)
1787598442.132  event6   TOUCH_FRAME                  +40.742s	
1787598442.142  event6   TOUCH_MOTION              2  +40.752s	0 (0) 57.31/63.18 (183.50/113.83mm)
1787598442.142  event6   TOUCH_FRAME                  +40.752s	
1787598442.152  event6   TOUCH_MOTION              2  +40.762s	0 (0) 57.26/61.79 (183.33/111.33mm)
1787598442.152  event6   TOUCH_FRAME                  +40.762s	
1787598442.162  event6   TOUCH_MOTION              2  +40.772s	0 (0) 57.21/60.50 (183.17/109.00mm)
1787598442.162  event6   TOUCH_FRAME                  +40.772s	
1787598442.172  event6   TOUCH_MOTION              2  +40.782s	0 (0) 57.21/59.11 (183.17/106.50mm)
1787598442.172  event6   TOUCH_FRAME                  +40.782s	
1787598442.182  event6   TOUCH_MOTION              2  +40.792s	0 (0) 57.21/57.72 (183.17/104.00mm)
1787598442.182  event6   TOUCH_FRAME                  +40.792s	
1787598442.192  event6   TOUCH_MOTION              2  +40.802s	0 (0) 57.21/56.34 (183.17/101.50mm)
1787598442.192  event6   TOUCH_FRAME                  +40.802s	
1787598442.201  event6   TOUCH_MOTION              2  +40.811s	0 (0) 57.21/54.86 (183.17/98.83mm)
1787598442.201  event6   TOUCH_FRAME                  +40.811s	
1787598442.211  event6   TOUCH_MOTION              2  +40.821s	0 (0) 57.21/53.28 (183.17/96.00mm)
1787598442.211  event6   TOUCH_FRAME                  +40.821s	
1787598442.221  event6   TOUCH_MOTION              2  +40.831s	0 (0) 57.21/51.80 (183.17/93.33mm)
1787598442.221  event6   TOUCH_FRAME                  +40.831s	
1787598442.231  event6   TOUCH_MOTION              2  +40.841s	0 (0) 57.21/50.32 (183.17/90.67mm)
1787598442.231  event6   TOUCH_FRAME                  +40.841s	
1787598442.241  event6   TOUCH_MOTION              2  +40.851s	0 (0) 57.21/48.84 (183.17/88.00mm)
1787598442.241  event6   TOUCH_FRAME                  +40.851s	
1787598442.251  event6   TOUCH_MOTION              2  +40.861s	0 (0) 57.21/47.36 (183.17/85.33mm)
1787598442.251  event6   TOUCH_FRAME                  +40.861s	
1787598442.261  event6   TOUCH_MOTION              2  +40.871s	0 (0) 57.21/45.88 (183.17/82.67mm)
1787598442.261  event6   TOUCH_FRAME                  +40.871s	
1787598442.271  event6   TOUCH_MOTION              2  +40.881s	0 (0) 57.21/44.50 (183.17/80.17mm)
1787598442.271  event6   TOUCH_FRAME                  +40.881s	
1787598442.280  event6   TOUCH_MOTION              2  +40.890s	0 (0) 57.21/43.11 (183.17/77.67mm)
1787598442.280  event6   TOUCH_FRAME                  +40.890s	
1787598442.290  event6   TOUCH_MOTION              2  +40.900s	0 (0) 57.21/41.81 (183.17/75.33mm)
1787598442.290  event6   TOUCH_FRAME                  +40.900s	
1787598442.300  event6   TOUCH_MOTION              2  +40.910s	0 (0) 57.21/40.43 (183.17/72.83mm)
1787598442.300  event6   TOUCH_FRAME                  +40.910s	
1787598442.310  event6   TOUCH_MOTION              2  +40.920s	0 (0) 57.21/39.22 (183.17/70.67mm)
1787598442.310  event6   TOUCH_FRAME                  +40.920s	
1787598442.320  event6   TOUCH_MOTION              2  +40.930s	0 (0) 57.21/37.93 (183.17/68.33mm)
1787598442.320  event6   TOUCH_FRAME                  +40.930s	
1787598442.330  event6   TOUCH_MOTION              2  +40.940s	0 (0) 57.21/36.63 (183.17/66.00mm)
1787598442.330  event6   TOUCH_FRAME                  +40.940s	
1787598442.340  event6   TOUCH_MOTION              2  +40.950s	0 (0) 57.21/35.43 (183.17/63.83mm)
1787598442.340  event6   TOUCH_FRAME                  +40.950s	
1787598442.350  event6   TOUCH_MOTION              2  +40.960s	0 (0) 57.26/34.23 (183.33/61.67mm)
1787598442.350  event6   TOUCH_FRAME                  +40.960s	
1787598442.359  event6   TOUCH_MOTION              2  +40.969s	0 (0) 57.31/33.02 (183.50/59.50mm)
1787598442.359  event6   TOUCH_FRAME                  +40.969s	
1787598442.369  event6   TOUCH_MOTION              2  +40.979s	0 (0) 57.31/31.82 (183.50/57.33mm)
1787598442.369  event6   TOUCH_FRAME                  +40.979s	
1787598442.379  event6   TOUCH_MOTION              2  +40.989s	0 (0) 57.37/30.62 (183.67/55.17mm)
1787598442.379  event6   TOUCH_FRAME                  +40.989s	
1787598442.389  event6   TOUCH_MOTION              2  +40.999s	0 (0) 57.42/29.51 (183.83/53.17mm)
1787598442.389  event6   TOUCH_FRAME                  +40.999s	
1787598442.399  event6   TOUCH_MOTION              2  +41.009s	0 (0) 57.47/28.49 (184.00/51.33mm)
1787598442.399  event6   TOUCH_FRAME                  +41.009s	
1787598442.409  event6   TOUCH_MOTION              2  +41.019s	0 (0) 57.52/27.57 (184.17/49.67mm)
1787598442.409  event6   TOUCH_FRAME                  +41.019s	
1787598442.419  event6   TOUCH_MOTION              2  +41.029s	0 (0) 57.52/26.83 (184.17/48.33mm)
1787598442.419  event6   TOUCH_FRAME                  +41.029s	
1787598442.429  event6   TOUCH_MOTION              2  +41.039s	0 (0) 57.57/26.09 (184.33/47.00mm)
1787598442.429  event6   TOUCH_FRAME                  +41.039s	
1787598442.438  event6   TOUCH_MOTION              2  +41.048s	0 (0) 57.57/25.44 (184.33/45.83mm)
1787598442.438  event6   TOUCH_FRAME                  +41.048s	
1787598442.448  event6   TOUCH_MOTION              2  +41.058s	0 (0) 57.57/24.98 (184.33/45.00mm)
1787598442.448  event6   TOUCH_FRAME                  +41.058s	
1787598442.458  event6   TOUCH_MOTION              2  +41.068s	0 (0) 57.57/24.51 (184.33/44.17mm)
1787598442.458  event6   TOUCH_FRAME                  +41.068s	
1787598442.468  event6   TOUCH_MOTION              2  +41.078s	0 (0) 57.57/24.14 (184.33/43.50mm)
1787598442.468  event6   TOUCH_FRAME                  +41.078s	
1787598442.478  event6   TOUCH_MOTION              2  +41.088s	0 (0) 57.57/23.77 (184.33/42.83mm)
1787598442.478  event6   TOUCH_FRAME                  +41.088s	
1787598442.488  event6   TOUCH_MOTION              2  +41.098s	0 (0) 57.57/23.59 (184.33/42.50mm)
1787598442.488  event6   TOUCH_FRAME                  +41.098s	
1787598442.499  event6   TOUCH_MOTION              2  +41.108s	0 (0) 57.57/23.40 (184.33/42.17mm)
1787598442.499  event6   TOUCH_FRAME                  +41.108s	
1787598442.508  event6   TOUCH_MOTION              2  +41.118s	0 (0) 57.57/23.31 (184.33/42.00mm)
1787598442.508  event6   TOUCH_FRAME                  +41.118s	
1787598442.519  event6   TOUCH_MOTION              2  +41.127s	0 (0) 57.57/23.22 (184.33/41.83mm)
1787598442.519  event6   TOUCH_FRAME                  +41.127s	
1787598442.537  event6   TOUCH_MOTION              2  +41.147s	0 (0) 57.57/23.31 (184.33/42.00mm)
1787598442.537  event6   TOUCH_FRAME                  +41.147s	
1787598442.547  event6   TOUCH_MOTION              2  +41.157s	0 (0) 57.57/23.40 (184.33/42.17mm)
1787598442.547  event6   TOUCH_FRAME                  +41.157s	
1787598442.557  event6   TOUCH_MOTION              2  +41.167s	0 (0) 57.57/23.77 (184.33/42.83mm)
1787598442.557  event6   TOUCH_FRAME                  +41.167s	
1787598442.567  event6   TOUCH_MOTION              2  +41.177s	0 (0) 57.57/24.14 (184.33/43.50mm)
1787598442.567  event6   TOUCH_FRAME                  +41.177s	
1787598442.577  event6   TOUCH_MOTION              2  +41.187s	0 (0) 57.57/24.51 (184.33/44.17mm)
1787598442.577  event6   TOUCH_FRAME                  +41.187s	
1787598442.587  event6   TOUCH_MOTION              2  +41.197s	0 (0) 57.57/24.98 (184.33/45.00mm)
1787598442.587  event6   TOUCH_FRAME                  +41.197s	
1787598442.596  event6   TOUCH_MOTION              2  +41.206s	0 (0) 57.57/25.62 (184.33/46.17mm)
1787598442.596  event6   TOUCH_FRAME                  +41.206s	
1787598442.606  event6   TOUCH_MOTION              2  +41.216s	0 (0) 57.57/26.27 (184.33/47.33mm)
1787598442.606  event6   TOUCH_FRAME                  +41.216s	
1787598442.616  event6   TOUCH_MOTION              2  +41.226s	0 (0) 57.52/27.10 (184.17/48.83mm)
1787598442.616  event6   TOUCH_FRAME                  +41.226s	
1787598442.626  event6   TOUCH_MOTION              2  +41.236s	0 (0) 57.52/28.03 (184.17/50.50mm)
1787598442.626  event6   TOUCH_FRAME                  +41.236s	
1787598442.636  event6   TOUCH_MOTION              2  +41.246s	0 (0) 57.47/29.14 (184.00/52.50mm)
1787598442.636  event6   TOUCH_FRAME                  +41.246s	
1787598442.646  event6   TOUCH_MOTION              2  +41.256s	0 (0) 57.37/30.25 (183.67/54.50mm)
1787598442.646  event6   TOUCH_FRAME                  +41.256s	
1787598442.656  event6   TOUCH_MOTION              2  +41.266s	0 (0) 57.31/31.54 (183.50/56.83mm)
1787598442.656  event6   TOUCH_FRAME                  +41.266s	
1787598442.666  event6   TOUCH_MOTION              2  +41.276s	0 (0) 57.21/32.84 (183.17/59.17mm)
1787598442.666  event6   TOUCH_FRAME                  +41.276s	
1787598442.675  event6   TOUCH_MOTION              2  +41.285s	0 (0) 57.11/34.04 (182.83/61.33mm)
1787598442.675  event6   TOUCH_FRAME                  +41.285s	
1787598442.685  event6   TOUCH_MOTION              2  +41.295s	0 (0) 57.05/35.43 (182.67/63.83mm)
1787598442.685  event6   TOUCH_FRAME                  +41.295s	
1787598442.695  event6   TOUCH_MOTION              2  +41.305s	0 (0) 56.95/36.73 (182.33/66.17mm)
1787598442.695  event6   TOUCH_FRAME                  +41.305s	
1787598442.705  event6   TOUCH_MOTION              2  +41.315s	0 (0) 56.85/38.11 (182.00/68.67mm)
1787598442.705  event6   TOUCH_FRAME                  +41.315s	
1787598442.715  event6   TOUCH_MOTION              2  +41.325s	0 (0) 56.85/39.32 (182.00/70.83mm)
1787598442.715  event6   TOUCH_FRAME                  +41.325s	
1787598442.725  event6   TOUCH_MOTION              2  +41.335s	0 (0) 56.79/40.61 (181.83/73.17mm)
1787598442.725  event6   TOUCH_FRAME                  +41.335s	
1787598442.735  event6   TOUCH_MOTION              2  +41.345s	0 (0) 56.74/41.91 (181.67/75.50mm)
1787598442.735  event6   TOUCH_FRAME                  +41.345s	
1787598442.744  event6   TOUCH_MOTION              2  +41.354s	0 (0) 56.69/43.11 (181.50/77.67mm)
1787598442.744  event6   TOUCH_FRAME                  +41.354s	
1787598442.754  event6   TOUCH_MOTION              2  +41.364s	0 (0) 56.64/44.31 (181.33/79.83mm)
1787598442.754  event6   TOUCH_FRAME                  +41.364s	
1787598442.764  event6   TOUCH_MOTION              2  +41.374s	0 (0) 56.64/45.61 (181.33/82.17mm)
1787598442.764  event6   TOUCH_FRAME                  +41.374s	
1787598442.774  event6   TOUCH_MOTION              2  +41.384s	0 (0) 56.53/46.81 (181.00/84.33mm)
1787598442.774  event6   TOUCH_FRAME                  +41.384s	
1787598442.784  event6   TOUCH_MOTION              2  +41.394s	0 (0) 56.43/48.01 (180.67/86.50mm)
1787598442.784  event6   TOUCH_FRAME                  +41.394s	
1787598442.794  event6   TOUCH_MOTION              2  +41.404s	0 (0) 56.38/49.12 (180.50/88.50mm)
1787598442.794  event6   TOUCH_FRAME                  +41.404s	
1787598442.804  event6   TOUCH_MOTION              2  +41.414s	0 (0) 56.27/50.32 (180.17/90.67mm)
1787598442.804  event6   TOUCH_FRAME                  +41.414s	
1787598442.814  event6   TOUCH_MOTION              2  +41.424s	0 (0) 56.22/51.53 (180.00/92.83mm)
1787598442.814  event6   TOUCH_FRAME                  +41.424s	
1787598442.823  event6   TOUCH_MOTION              2  +41.433s	0 (0) 56.22/52.64 (180.00/94.83mm)
1787598442.823  event6   TOUCH_FRAME                  +41.433s	
1787598442.833  event6   TOUCH_MOTION              2  +41.443s	0 (0) 56.17/53.75 (179.83/96.83mm)
1787598442.833  event6   TOUCH_FRAME                  +41.443s	
1787598442.843  event6   TOUCH_MOTION              2  +41.453s	0 (0) 56.12/54.86 (179.67/98.83mm)
1787598442.843  event6   TOUCH_FRAME                  +41.453s	
1787598442.853  event6   TOUCH_MOTION              2  +41.463s	0 (0) 56.06/55.87 (179.50/100.67mm)
1787598442.853  event6   TOUCH_FRAME                  +41.463s	
1787598442.863  event6   TOUCH_MOTION              2  +41.473s	0 (0) 56.01/56.80 (179.33/102.33mm)
1787598442.863  event6   TOUCH_FRAME                  +41.473s	
1787598442.873  event6   TOUCH_MOTION              2  +41.483s	0 (0) 55.96/57.72 (179.17/104.00mm)
1787598442.873  event6   TOUCH_FRAME                  +41.483s	
1787598442.883  event6   TOUCH_MOTION              2  +41.493s	0 (0) 55.96/58.65 (179.17/105.67mm)
1787598442.883  event6   TOUCH_FRAME                  +41.493s	
1787598442.893  event6   TOUCH_MOTION              2  +41.503s	0 (0) 55.91/59.39 (179.00/107.00mm)
1787598442.893  event6   TOUCH_FRAME                  +41.503s	
1787598442.902  event6   TOUCH_MOTION              2  +41.512s	0 (0) 55.86/60.13 (178.83/108.33mm)
1787598442.902  event6   TOUCH_FRAME                  +41.512s	
1787598442.912  event6   TOUCH_MOTION              2  +41.522s	0 (0) 55.80/60.87 (178.67/109.67mm)
1787598442.912  event6   TOUCH_FRAME                  +41.522s	
1787598442.922  event6   TOUCH_MOTION              2  +41.532s	0 (0) 55.75/61.61 (178.50/111.00mm)
1787598442.922  event6   TOUCH_FRAME                  +41.532s	
1787598442.932  event6   TOUCH_MOTION              2  +41.542s	0 (0) 55.75/62.16 (178.50/112.00mm)
1787598442.932  event6   TOUCH_FRAME                  +41.542s	
1787598442.942  event6   TOUCH_MOTION              2  +41.552s	0 (0) 55.70/62.81 (178.33/113.17mm)
1787598442.942  event6   TOUCH_FRAME                  +41.552s	
1787598442.952  event6   TOUCH_MOTION              2  +41.562s	0 (0) 55.65/63.37 (178.17/114.17mm)
1787598442.952  event6   TOUCH_FRAME                  +41.562s	
1787598442.962  event6   TOUCH_MOTION              2  +41.572s	0 (0) 55.60/63.92 (178.00/115.17mm)
1787598442.962  event6   TOUCH_FRAME                  +41.572s	
1787598442.972  event6   TOUCH_MOTION              2  +41.582s	0 (0) 55.54/64.48 (177.83/116.17mm)
1787598442.972  event6   TOUCH_FRAME                  +41.582s	
1787598442.981  event6   TOUCH_MOTION              2  +41.591s	0 (0) 55.54/65.03 (177.83/117.17mm)
1787598442.981  event6   TOUCH_FRAME                  +41.591s	
1787598442.991  event6   TOUCH_MOTION              2  +41.601s	0 (0) 55.49/65.49 (177.67/118.00mm)
1787598442.991  event6   TOUCH_FRAME                  +41.601s	
1787598443.043  event6   TOUCH_UP                     +41.653s	0 (0)
1787598443.043  event6   TOUCH_FRAME                  +41.653s	
1787598443.348  event6   TOUCH_DOWN                   +41.958s	0 (0) 54.82/78.26 (175.50/141.00mm)
1787598443.348  event6   TOUCH_FRAME                  +41.958s	
1787598443.387  event6   TOUCH_MOTION                 +41.997s	0 (0) 54.82/77.52 (175.50/139.67mm)
1787598443.387  event6   TOUCH_FRAME                  +41.997s	
1787598443.397  event6   TOUCH_MOTION              2  +42.007s	0 (0) 54.87/77.15 (175.67/139.00mm)
1787598443.397  event6   TOUCH_FRAME                  +42.007s	
1787598443.407  event6   TOUCH_MOTION              2  +42.017s	0 (0) 54.87/76.69 (175.67/138.17mm)
1787598443.407  event6   TOUCH_FRAME                  +42.017s	
1787598443.416  event6   TOUCH_MOTION              2  +42.026s	0 (0) 54.92/76.04 (175.83/137.00mm)
1787598443.416  event6   TOUCH_FRAME                  +42.026s	
1787598443.426  event6   TOUCH_MOTION              2  +42.036s	0 (0) 55.02/75.39 (176.17/135.83mm)
1787598443.426  event6   TOUCH_FRAME                  +42.036s	
1787598443.437  event6   TOUCH_MOTION              2  +42.046s	0 (0) 55.08/74.56 (176.33/134.33mm)
1787598443.437  event6   TOUCH_FRAME                  +42.046s	
1787598443.446  event6   TOUCH_MOTION              2  +42.056s	0 (0) 55.18/73.73 (176.67/132.83mm)
1787598443.446  event6   TOUCH_FRAME                  +42.056s	
1787598443.456  event6   TOUCH_MOTION              2  +42.066s	0 (0) 55.28/72.71 (177.00/131.00mm)
1787598443.456  event6   TOUCH_FRAME                  +42.066s	
1787598443.466  event6   TOUCH_MOTION              2  +42.076s	0 (0) 55.28/71.79 (177.00/129.33mm)
1787598443.466  event6   TOUCH_FRAME                  +42.076s	
1787598443.476  event6   TOUCH_MOTION              2  +42.086s	0 (0) 55.39/70.77 (177.33/127.50mm)
1787598443.476  event6   TOUCH_FRAME                  +42.086s	
1787598443.486  event6   TOUCH_MOTION              2  +42.096s	0 (0) 55.44/69.66 (177.50/125.50mm)
1787598443.486  event6   TOUCH_FRAME                  +42.096s	
1787598443.495  event6   TOUCH_MOTION              2  +42.105s	0 (0) 55.54/68.73 (177.83/123.83mm)
1787598443.495  event6   TOUCH_FRAME                  +42.105s	
1787598443.505  event6   TOUCH_MOTION              2  +42.115s	0 (0) 55.60/67.72 (178.00/122.00mm)
1787598443.505  event6   TOUCH_FRAME                  +42.115s	
1787598443.515  event6   TOUCH_MOTION              2  +42.125s	0 (0) 55.65/66.79 (178.17/120.33mm)
1787598443.515  event6   TOUCH_FRAME                  +42.125s	
1787598443.525  event6   TOUCH_MOTION              2  +42.135s	0 (0) 55.70/65.86 (178.33/118.67mm)
1787598443.525  event6   TOUCH_FRAME                  +42.135s	
1787598443.535  event6   TOUCH_MOTION              2  +42.145s	0 (0) 55.75/65.03 (178.50/117.17mm)
1787598443.535  event6   TOUCH_FRAME                  +42.145s	
1787598443.545  event6   TOUCH_MOTION              2  +42.155s	0 (0) 55.75/64.20 (178.50/115.67mm)
1787598443.545  event6   TOUCH_FRAME                  +42.155s	
1787598443.555  event6   TOUCH_MOTION              2  +42.165s	0 (0) 55.80/63.46 (178.67/114.33mm)
1787598443.555  event6   TOUCH_FRAME                  +42.165s	
1787598443.565  event6   TOUCH_MOTION              2  +42.175s	0 (0) 55.86/62.72 (178.83/113.00mm)
1787598443.565  event6   TOUCH_FRAME                  +42.175s	
1787598443.574  event6   TOUCH_MOTION              2  +42.184s	0 (0) 55.91/61.98 (179.00/111.67mm)
1787598443.574  event6   TOUCH_FRAME                  +42.184s	
1787598443.584  event6   TOUCH_MOTION              2  +42.194s	0 (0) 55.96/61.33 (179.17/110.50mm)
1787598443.584  event6   TOUCH_FRAME                  +42.194s	
1787598443.594  event6   TOUCH_MOTION              2  +42.204s	0 (0) 55.96/60.68 (179.17/109.33mm)
1787598443.594  event6   TOUCH_FRAME                  +42.204s	
1787598443.604  event6   TOUCH_MOTION              2  +42.214s	0 (0) 56.01/60.13 (179.33/108.33mm)
1787598443.604  event6   TOUCH_FRAME                  +42.214s	
1787598443.614  event6   TOUCH_MOTION              2  +42.224s	0 (0) 56.06/59.57 (179.50/107.33mm)
1787598443.614  event6   TOUCH_FRAME                  +42.224s	
1787598443.624  event6   TOUCH_MOTION              2  +42.234s	0 (0) 56.12/59.02 (179.67/106.33mm)
1787598443.624  event6   TOUCH_FRAME                  +42.234s	
1787598443.634  event6   TOUCH_MOTION              2  +42.244s	0 (0) 56.12/58.65 (179.67/105.67mm)
1787598443.634  event6   TOUCH_FRAME                  +42.244s	
1787598443.644  event6   TOUCH_MOTION              2  +42.254s	0 (0) 56.12/58.19 (179.67/104.83mm)
1787598443.644  event6   TOUCH_FRAME                  +42.254s	
1787598443.653  event6   TOUCH_MOTION              2  +42.263s	0 (0) 56.12/57.82 (179.67/104.17mm)
1787598443.653  event6   TOUCH_FRAME                  +42.263s	
1787598443.663  event6   TOUCH_MOTION              2  +42.273s	0 (0) 56.12/57.45 (179.67/103.50mm)
1787598443.663  event6   TOUCH_FRAME                  +42.273s	
1787598443.673  event6   TOUCH_MOTION              2  +42.283s	0 (0) 56.12/57.17 (179.67/103.00mm)
1787598443.673  event6   TOUCH_FRAME                  +42.283s	
1787598443.683  event6   TOUCH_MOTION              2  +42.293s	0 (0) 56.12/56.89 (179.67/102.50mm)
1787598443.683  event6   TOUCH_FRAME                  +42.293s	
1787598443.693  event6   TOUCH_MOTION              2  +42.303s	0 (0) 56.12/56.71 (179.67/102.17mm)
1787598443.693  event6   TOUCH_FRAME                  +42.303s	
1787598443.703  event6   TOUCH_MOTION              2  +42.313s	0 (0) 56.12/56.43 (179.67/101.67mm)
1787598443.703  event6   TOUCH_FRAME                  +42.313s	
1787598443.713  event6   TOUCH_MOTION              2  +42.323s	0 (0) 56.12/56.34 (179.67/101.50mm)
1787598443.713  event6   TOUCH_FRAME                  +42.323s	
1787598443.723  event6   TOUCH_MOTION              2  +42.333s	0 (0) 56.12/56.15 (179.67/101.17mm)
1787598443.723  event6   TOUCH_FRAME                  +42.333s	
1787598443.732  event6   TOUCH_MOTION              2  +42.342s	0 (0) 56.12/55.97 (179.67/100.83mm)
1787598443.732  event6   TOUCH_FRAME                  +42.342s	
1787598443.752  event6   TOUCH_MOTION              2  +42.362s	0 (0) 56.12/55.87 (179.67/100.67mm)
1787598443.752  event6   TOUCH_FRAME                  +42.362s	
1787598443.762  event6   TOUCH_MOTION              2  +42.372s	0 (0) 56.12/55.78 (179.67/100.50mm)
1787598443.762  event6   TOUCH_FRAME                  +42.372s	
1787598443.772  event6   TOUCH_MOTION              2  +42.382s	0 (0) 56.12/55.69 (179.67/100.33mm)
1787598443.772  event6   TOUCH_FRAME                  +42.382s	
1787598443.782  event6   TOUCH_MOTION              2  +42.392s	0 (0) 56.12/55.60 (179.67/100.17mm)
1787598443.782  event6   TOUCH_FRAME                  +42.392s	
1787598443.920  event6   TOUCH_MOTION              2  +42.530s	0 (0) 56.12/55.50 (179.67/100.00mm)
1787598443.920  event6   TOUCH_FRAME                  +42.530s	
1787598443.930  event6   TOUCH_MOTION              2  +42.540s	0 (0) 56.17/55.41 (179.83/99.83mm)
1787598443.930  event6   TOUCH_FRAME                  +42.540s	
1787598443.940  event6   TOUCH_MOTION              2  +42.550s	0 (0) 56.22/55.23 (180.00/99.50mm)
1787598443.940  event6   TOUCH_FRAME                  +42.550s	
1787598443.950  event6   TOUCH_MOTION              2  +42.560s	0 (0) 56.22/55.13 (180.00/99.33mm)
1787598443.950  event6   TOUCH_FRAME                  +42.560s	
1787598443.960  event6   TOUCH_MOTION              2  +42.570s	0 (0) 56.27/54.95 (180.17/99.00mm)
1787598443.960  event6   TOUCH_FRAME                  +42.570s	
1787598443.969  event6   TOUCH_MOTION              2  +42.579s	0 (0) 56.27/54.76 (180.17/98.67mm)
1787598443.969  event6   TOUCH_FRAME                  +42.579s	
1787598443.979  event6   TOUCH_MOTION              2  +42.589s	0 (0) 56.32/54.49 (180.33/98.17mm)
1787598443.979  event6   TOUCH_FRAME                  +42.589s	
1787598443.989  event6   TOUCH_MOTION              2  +42.599s	0 (0) 56.32/54.30 (180.33/97.83mm)
1787598443.989  event6   TOUCH_FRAME                  +42.599s	
1787598443.999  event6   TOUCH_MOTION              2  +42.609s	0 (0) 56.38/54.12 (180.50/97.50mm)
1787598443.999  event6   TOUCH_FRAME                  +42.609s	
1787598444.009  event6   TOUCH_MOTION              2  +42.619s	0 (0) 56.38/53.84 (180.50/97.00mm)
1787598444.009  event6   TOUCH_FRAME                  +42.619s	
1787598444.019  event6   TOUCH_MOTION              2  +42.629s	0 (0) 56.38/53.65 (180.50/96.67mm)
1787598444.019  event6   TOUCH_FRAME                  +42.629s	
1787598444.029  event6   TOUCH_MOTION              2  +42.639s	0 (0) 56.38/53.38 (180.50/96.17mm)
1787598444.029  event6   TOUCH_FRAME                  +42.639s	
1787598444.039  event6   TOUCH_MOTION              2  +42.649s	0 (0) 56.38/53.28 (180.50/96.00mm)
1787598444.039  event6   TOUCH_FRAME                  +42.649s	
1787598444.048  event6   TOUCH_MOTION              2  +42.658s	0 (0) 56.38/53.10 (180.50/95.67mm)
1787598444.048  event6   TOUCH_FRAME                  +42.658s	
1787598444.058  event6   TOUCH_MOTION              2  +42.668s	0 (0) 56.38/52.91 (180.50/95.33mm)
1787598444.058  event6   TOUCH_FRAME                  +42.668s	
1787598444.078  event6   TOUCH_MOTION              2  +42.688s	0 (0) 56.38/52.82 (180.50/95.17mm)
1787598444.078  event6   TOUCH_FRAME                  +42.688s	
1787598444.088  event6   TOUCH_MOTION              2  +42.698s	0 (0) 56.38/52.73 (180.50/95.00mm)
1787598444.088  event6   TOUCH_FRAME                  +42.698s	
1787598444.098  event6   TOUCH_MOTION              2  +42.708s	0 (0) 56.38/52.64 (180.50/94.83mm)
1787598444.098  event6   TOUCH_FRAME                  +42.708s	
1787598444.108  event6   TOUCH_MOTION              2  +42.718s	0 (0) 56.38/52.54 (180.50/94.67mm)
1787598444.108  event6   TOUCH_FRAME                  +42.718s	
1787598444.127  event6   TOUCH_MOTION              2  +42.737s	0 (0) 56.38/52.45 (180.50/94.50mm)
1787598444.127  event6   TOUCH_FRAME                  +42.737s	
1787598444.288  event6   TOUCH_UP                     +42.898s	0 (0)
1787598444.288  event6   TOUCH_FRAME                  +42.898s	
1787598444.951  event6   TOUCH_DOWN                   +43.561s	0 (0) 56.64/56.15 (181.33/101.17mm)
1787598444.951  event6   TOUCH_FRAME                  +43.561s	
1787598445.017  event6   TOUCH_UP                     +43.627s	0 (0)
1787598445.017  event6   TOUCH_FRAME                  +43.627s	
1787598445.143  event6   TOUCH_DOWN                   +43.753s	0 (0) 56.85/54.67 (182.00/98.50mm)
1787598445.143  event6   TOUCH_FRAME                  +43.753s	
1787598445.209  event6   TOUCH_UP                     +43.819s	0 (0)
1787598445.209  event6   TOUCH_FRAME                  +43.819s	
1787598445.327  event6   TOUCH_DOWN                   +43.936s	0 (0) 56.53/54.12 (181.00/97.50mm)
1787598445.327  event6   TOUCH_FRAME                  +43.936s	
1787598445.419  event6   TOUCH_UP                     +44.029s	0 (0)
1787598445.419  event6   TOUCH_FRAME                  +44.029s	
1787598445.527  event6   TOUCH_DOWN                   +44.137s	0 (0) 55.75/54.21 (178.50/97.67mm)
1787598445.527  event6   TOUCH_FRAME                  +44.137s	
1787598445.620  event6   TOUCH_UP                     +44.230s	0 (0)
1787598445.620  event6   TOUCH_FRAME                  +44.230s	
1787598445.709  event6   TOUCH_DOWN                   +44.319s	0 (0) 55.60/54.49 (178.00/98.17mm)
1787598445.709  event6   TOUCH_FRAME                  +44.319s	
1787598445.793  event6   TOUCH_UP                     +44.403s	0 (0)
1787598445.793  event6   TOUCH_FRAME                  +44.403s	
1787598445.901  event6   TOUCH_DOWN                   +44.511s	0 (0) 55.75/55.78 (178.50/100.50mm)
1787598445.901  event6   TOUCH_FRAME                  +44.511s	
1787598445.967  event6   TOUCH_UP                     +44.577s	0 (0)
1787598445.967  event6   TOUCH_FRAME                  +44.577s	
1787598446.093  event6   TOUCH_DOWN                   +44.703s	0 (0) 55.96/55.04 (179.17/99.17mm)
1787598446.093  event6   TOUCH_FRAME                  +44.703s	
1787598446.122  event6   TOUCH_UP                     +44.732s	0 (0)
1787598446.122  event6   TOUCH_FRAME                  +44.732s	
1787598446.257  event6   TOUCH_DOWN                   +44.867s	0 (0) 56.43/54.67 (180.67/98.50mm)
1787598446.257  event6   TOUCH_FRAME                  +44.867s	
1787598446.323  event6   TOUCH_UP                     +44.933s	0 (0)
1787598446.323  event6   TOUCH_FRAME                  +44.933s	
1787598446.422  event6   TOUCH_DOWN                   +45.032s	0 (0) 56.59/55.87 (181.17/100.67mm)
1787598446.422  event6   TOUCH_FRAME                  +45.032s	
1787598446.506  event6   TOUCH_UP                     +45.116s	0 (0)
1787598446.506  event6   TOUCH_FRAME                  +45.116s	
1787598447.777  event6   TOUCH_DOWN                   +46.387s	0 (0) 54.76/55.41 (175.33/99.83mm)
1787598447.777  event6   TOUCH_FRAME                  +46.387s	
1787598447.861  event6   TOUCH_UP                     +46.471s	0 (0)
1787598447.861  event6   TOUCH_FRAME                  +46.471s	
1787598448.198  event6   TOUCH_DOWN                   +46.808s	0 (0) 55.75/55.23 (178.50/99.50mm)
1787598448.198  event6   TOUCH_FRAME                  +46.808s	
1787598448.264  event6   TOUCH_UP                     +46.874s	0 (0)
1787598448.264  event6   TOUCH_FRAME                  +46.874s	
1787598448.592  event6   TOUCH_DOWN                   +47.202s	0 (0) 56.79/54.12 (181.83/97.50mm)
1787598448.592  event6   TOUCH_FRAME                  +47.202s	
1787598448.658  event6   TOUCH_UP                     +47.268s	0 (0)
1787598448.658  event6   TOUCH_FRAME                  +47.268s	
1787598448.986  event6   TOUCH_DOWN                   +47.596s	0 (0) 56.74/54.76 (181.67/98.67mm)
1787598448.986  event6   TOUCH_FRAME                  +47.596s	
1787598449.070  event6   TOUCH_UP                     +47.680s	0 (0)
1787598449.070  event6   TOUCH_FRAME                  +47.680s	
1787598449.398  event6   TOUCH_DOWN                   +48.008s	0 (0) 55.91/56.71 (179.00/102.17mm)
1787598449.398  event6   TOUCH_FRAME                  +48.008s	
1787598449.482  event6   TOUCH_UP                     +48.092s	0 (0)
1787598449.482  event6   TOUCH_FRAME                  +48.092s	
